Num_Acc,place,catu,grav,sexe,trajet,secu,locp,actp,etatp,an_nais,num_veh,jour,mois,an,hrmn,lum,dep,com,agg,int,atm,col,adr,lat,long,gps,com_insee_temp,com_insee,departmentName,regionCode,regionName,vma,catr,circ,nbv,surf,Code,Region,Departement,Arrondissement,Code_Canton,Nom_Commune,Population_municipaLe,Population_comptee_a_part,Population_Totale
202300006352,1.0,1,1,2,0.0,1.0,-1.0, -1,-1.0,1934.0,A01,4,6,2023,11:45,1,76.0,76540,2,1,1.0,2.0,Route de Neufchâtel,"49,45260000","1,09977000",,76.076540,76540,Seine-Maritime,28.0,Normandie,50.0,7.0,2.0,2,1.0,28,Normandie,76,3,97,Rouen,114083,1556,115639.0
202300006357,1.0,1,1,2,1.0,1.0,-1.0, -1,-1.0,1980.0,A01,5,6,2023,18:05,1,76.0,76351,2,4,1.0,2.0,AUGUSTE BLANQUI (PONT),"49,50047000","0,16248000",,76.076351,76351,Seine-Maritime,28.0,Normandie,50.0,4.0,2.0,2,1.0,28,Normandie,76,2,96,LeHavre,166058,1780,167838.0
202300006357,1.0,1,4,1,0.0,2.0,-1.0, -1,-1.0,1961.0,B01,5,6,2023,18:05,1,76.0,76351,2,4,1.0,2.0,AUGUSTE BLANQUI (PONT),"49,50047000","0,16248000",,76.076351,76351,Seine-Maritime,28.0,Normandie,50.0,4.0,2.0,2,1.0,28,Normandie,76,2,96,LeHavre,166058,1780,167838.0
202300006362,1.0,1,4,1,5.0,8.0,-1.0, -1,-1.0,2007.0,B01,5,6,2023,18:30,1,76.0,76351,2,3,1.0,6.0,PIERRE FARCIS,"49,51712000","0,09783000",,76.076351,76351,Seine-Maritime,28.0,Normandie,50.0,4.0,2.0,2,1.0,28,Normandie,76,2,96,LeHavre,166058,1780,167838.0
202300006362,1.0,1,1,-1,-1.0,-1.0,-1.0, -1,-1.0,,A01,5,6,2023,18:30,1,76.0,76351,2,3,1.0,6.0,PIERRE FARCIS,"49,51712000","0,09783000",,76.076351,76351,Seine-Maritime,28.0,Normandie,50.0,4.0,2.0,2,1.0,28,Normandie,76,2,96,LeHavre,166058,1780,167838.0
202300006367,1.0,1,4,1,5.0,1.0,-1.0, -1,-1.0,2001.0,A01,3,6,2023,02:50,5,76.0,76351,2,1,1.0,2.0,REPUBLIQUE (COURS DE LA),"49,49123000","0,12111000",,76.076351,76351,Seine-Maritime,28.0,Normandie,50.0,4.0,2.0,4,1.0,28,Normandie,76,2,96,LeHavre,166058,1780,167838.0
202300006367,1.0,1,1,1,0.0,1.0,-1.0, -1,-1.0,1992.0,B01,3,6,2023,02:50,5,76.0,76351,2,1,1.0,2.0,REPUBLIQUE (COURS DE LA),"49,49123000","0,12111000",,76.076351,76351,Seine-Maritime,28.0,Normandie,50.0,4.0,2.0,4,1.0,28,Normandie,76,2,96,LeHavre,166058,1780,167838.0
202300006370,1.0,1,4,1,0.0,8.0,-1.0, -1,-1.0,2009.0,A01,2,6,2023,15:35,1,76.0,76351,2,1,1.0,7.0,JULES LECESNE (RUE),"49,49265133","0,11739492",,76.076351,76351,Seine-Maritime,28.0,Normandie,50.0,4.0,2.0,2,1.0,28,Normandie,76,2,96,LeHavre,166058,1780,167838.0
202300006376,1.0,1,1,1,0.0,1.0,-1.0, -1,-1.0,2002.0,C01,2,6,2023,20:20,2,76.0,76351,2,2,1.0,4.0,LENINGRAD (BD DE),"49,49707000","0,15077000",,76.076351,76351,Seine-Maritime,28.0,Normandie,50.0,4.0,2.0,2,1.0,28,Normandie,76,2,96,LeHavre,166058,1780,167838.0
202300006376,1.0,1,4,1,0.0,1.0,-1.0, -1,-1.0,1995.0,B01,2,6,2023,20:20,2,76.0,76351,2,2,1.0,4.0,LENINGRAD (BD DE),"49,49707000","0,15077000",,76.076351,76351,Seine-Maritime,28.0,Normandie,50.0,4.0,2.0,2,1.0,28,Normandie,76,2,96,LeHavre,166058,1780,167838.0
202300006376,2.0,2,4,2,0.0,1.0,-1.0, -1,-1.0,1995.0,B01,2,6,2023,20:20,2,76.0,76351,2,2,1.0,4.0,LENINGRAD (BD DE),"49,49707000","0,15077000",,76.076351,76351,Seine-Maritime,28.0,Normandie,50.0,4.0,2.0,2,1.0,28,Normandie,76,2,96,LeHavre,166058,1780,167838.0
202300006376,1.0,1,1,1,0.0,1.0,-1.0, -1,-1.0,1969.0,A01,2,6,2023,20:20,2,76.0,76351,2,2,1.0,4.0,LENINGRAD (BD DE),"49,49707000","0,15077000",,76.076351,76351,Seine-Maritime,28.0,Normandie,50.0,4.0,2.0,2,1.0,28,Normandie,76,2,96,LeHavre,166058,1780,167838.0
202300006383,2.0,2,4,2,5.0,1.0,-1.0, -1,-1.0,1974.0,A01,3,6,2023,23:30,5,76.0,76447,2,1,1.0,2.0,MARECHAL FOCH,"49,53270000","0,18912000",,76.076447,76447,Seine-Maritime,28.0,Normandie,50.0,3.0,2.0,3,1.0,28,Normandie,76,2,15,Montivilliers,15457,203,15660.0
202300006383,1.0,1,1,1,5.0,1.0,-1.0, -1,-1.0,1970.0,A01,3,6,2023,23:30,5,76.0,76447,2,1,1.0,2.0,MARECHAL FOCH,"49,53270000","0,18912000",,76.076447,76447,Seine-Maritime,28.0,Normandie,50.0,3.0,2.0,3,1.0,28,Normandie,76,2,15,Montivilliers,15457,203,15660.0
202300006383,1.0,1,1,2,5.0,1.0,-1.0, -1,-1.0,1998.0,B01,3,6,2023,23:30,5,76.0,76447,2,1,1.0,2.0,MARECHAL FOCH,"49,53270000","0,18912000",,76.076447,76447,Seine-Maritime,28.0,Normandie,50.0,3.0,2.0,3,1.0,28,Normandie,76,2,15,Montivilliers,15457,203,15660.0
202300006388,1.0,1,1,2,0.0,1.0,-1.0, -1,-1.0,2000.0,A01,30,5,2023,14:30,1,76.0,76351,2,2,1.0,6.0,GUSTAVE BRINDEAU (RUE),"49,49354000","0,13901000",,76.076351,76351,Seine-Maritime,28.0,Normandie,50.0,4.0,2.0,2,1.0,28,Normandie,76,2,96,LeHavre,166058,1780,167838.0
202300006388,1.0,1,4,1,0.0,2.0,-1.0, -1,-1.0,2003.0,B01,30,5,2023,14:30,1,76.0,76351,2,2,1.0,6.0,GUSTAVE BRINDEAU (RUE),"49,49354000","0,13901000",,76.076351,76351,Seine-Maritime,28.0,Normandie,50.0,4.0,2.0,2,1.0,28,Normandie,76,2,96,LeHavre,166058,1780,167838.0
202300006391,4.0,2,1,2,5.0,1.0,-1.0, -1,-1.0,2014.0,A01,3,6,2023,20:30,1,76.0,76351,2,9,1.0,3.0,VERDUN (RUE DE),"49,50223000","0,15802000",,76.076351,76351,Seine-Maritime,28.0,Normandie,50.0,3.0,2.0,2,1.0,28,Normandie,76,2,96,LeHavre,166058,1780,167838.0
202300006391,1.0,1,3,1,0.0,1.0,-1.0, -1,-1.0,1988.0,A01,3,6,2023,20:30,1,76.0,76351,2,9,1.0,3.0,VERDUN (RUE DE),"49,50223000","0,15802000",,76.076351,76351,Seine-Maritime,28.0,Normandie,50.0,3.0,2.0,2,1.0,28,Normandie,76,2,96,LeHavre,166058,1780,167838.0
202300006391,1.0,1,1,1,5.0,2.0,-1.0, -1,-1.0,2000.0,B01,3,6,2023,20:30,1,76.0,76351,2,9,1.0,3.0,VERDUN (RUE DE),"49,50223000","0,15802000",,76.076351,76351,Seine-Maritime,28.0,Normandie,50.0,3.0,2.0,2,1.0,28,Normandie,76,2,96,LeHavre,166058,1780,167838.0
202300006453,1.0,1,1,1,4.0,1.0,0.0,0,-1.0,1999.0,D01,28,2,2023,08:27,1,76.0,76484,1,1,1.0,2.0,A13,"49,34123700","1,06598500",,76.076484,76484,Seine-Maritime,28.0,Normandie,110.0,1.0,3.0,7,1.0,28,Normandie,76,3,31,Oissel,12367,83,12450.0
202300006453,1.0,1,4,1,1.0,1.0,0.0,0,-1.0,1993.0,B01,28,2,2023,08:27,1,76.0,76484,1,1,1.0,2.0,A13,"49,34123700","1,06598500",,76.076484,76484,Seine-Maritime,28.0,Normandie,110.0,1.0,3.0,7,1.0,28,Normandie,76,3,31,Oissel,12367,83,12450.0
202300006991,10.0,3,4,2,0.0,0.0,3.0,3,2.0,2017.0,A01,24,11,2023,17:45,5,76.0,76366,2,2,1.0,6.0,Rue du Général de Gaulle,"49,50857000","1,03934000",,76.076366,76366,Seine-Maritime,28.0,Normandie,50.0,7.0,2.0,2,1.0,28,Normandie,76,3,24,LeHoulme,4133,32,4165.0
202300006991,1.0,1,1,1,0.0,1.0,-1.0, -1,-1.0,1932.0,A01,24,11,2023,17:45,5,76.0,76366,2,2,1.0,6.0,Rue du Général de Gaulle,"49,50857000","1,03934000",,76.076366,76366,Seine-Maritime,28.0,Normandie,50.0,7.0,2.0,2,1.0,28,Normandie,76,3,24,LeHoulme,4133,32,4165.0
202300007238,1.0,1,3,1,4.0,1.0,0.0,0,-1.0,1999.0,A01,19,8,2023,05:45,3,76.0,76049,1,1,1.0,6.0,D1314,"49,91077700","1,42429600",,76.076049,76049,Seine-Maritime,28.0,Normandie,80.0,3.0,2.0,2,1.0,28,Normandie,76,1,23,Avesnes-en-Val,269,8,277.0
202300007292,1.0,1,3,1,1.0,2.0,0.0,0,-1.0,2007.0,B01,19,8,2023,12:45,1,76.0,76260,2,3,1.0,3.0,Promenade En Pays de Bray,"49,47866500","1,74017400",,76.076260,76260,Seine-Maritime,28.0,Normandie,-1.0,2.0,2.0, -1,1.0,28,Normandie,76,1,12,Ferrières-en-Bray,1675,15,1690.0
202300007292,1.0,1,1,1,5.0,1.0,0.0,0,-1.0,2001.0,A01,19,8,2023,12:45,1,76.0,76260,2,3,1.0,3.0,Promenade En Pays de Bray,"49,47866500","1,74017400",,76.076260,76260,Seine-Maritime,28.0,Normandie,-1.0,2.0,2.0, -1,1.0,28,Normandie,76,1,12,Ferrières-en-Bray,1675,15,1690.0
202300007293,1.0,1,1,1,4.0,1.0,0.0,0,-1.0,1977.0,A01,17,8,2023,22:16,3,76.0,76146,1,1,1.0,6.0,D919,"49,58806900","1,38768900",,76.076146,76146,Seine-Maritime,28.0,Normandie,80.0,3.0,-1.0,2,1.0,28,Normandie,76,3,21,Buchy,2805,108,2913.0
202300007293,10.0,3,2,1,5.0,0.0,1.0,1,1.0,1995.0,A01,17,8,2023,22:16,3,76.0,76146,1,1,1.0,6.0,D919,"49,58806900","1,38768900",,76.076146,76146,Seine-Maritime,28.0,Normandie,80.0,3.0,-1.0,2,1.0,28,Normandie,76,3,21,Buchy,2805,108,2913.0
202300007294,1.0,1,1,2,0.0,1.0,0.0,0,-1.0,2003.0,A01,18,8,2023,02:00,3,76.0,76123,2,3,1.0,3.0,D47,"49,54306300","1,11027600",,76.076123,76123,Seine-Maritime,28.0,Normandie,-1.0,3.0,2.0, -1,1.0,28,Normandie,76,3,2,Bosc-Guérard-Saint-Adrien,1070,30,1100.0
202300007294,1.0,1,2,1,0.0,2.0,0.0,0,-1.0,1972.0,B01,18,8,2023,02:00,3,76.0,76123,2,3,1.0,3.0,D47,"49,54306300","1,11027600",,76.076123,76123,Seine-Maritime,28.0,Normandie,-1.0,3.0,2.0, -1,1.0,28,Normandie,76,3,2,Bosc-Guérard-Saint-Adrien,1070,30,1100.0
202300007495,1.0,1,1,1,0.0,1.0,-1.0, -1,-1.0,1991.0,A01,20,9,2023,20:40,3,76.0,76540,2,3,1.0,3.0,Avenue de la Libération,"49,42573000","1,06861000",,76.076540,76540,Seine-Maritime,28.0,Normandie,50.0,7.0,2.0,2,1.0,28,Normandie,76,3,97,Rouen,114083,1556,115639.0
202300007495,1.0,1,3,1,0.0,2.0,-1.0, -1,-1.0,1972.0,B01,20,9,2023,20:40,3,76.0,76540,2,3,1.0,3.0,Avenue de la Libération,"49,42573000","1,06861000",,76.076540,76540,Seine-Maritime,28.0,Normandie,50.0,7.0,2.0,2,1.0,28,Normandie,76,3,97,Rouen,114083,1556,115639.0
202300007496,1.0,1,4,2,0.0,1.0,-1.0, -1,-1.0,1994.0,B01,20,9,2023,18:00,1,76.0,76497,1,1,1.0,2.0,D418 (Bretelle),"49,38409000","1,04945000",,76.076497,76497,Seine-Maritime,28.0,Normandie,90.0,7.0,1.0,2,1.0,28,Normandie,76,3,13,Petit-Couronne,8688,175,8863.0
202300007496,1.0,1,4,2,0.0,8.0,-1.0, -1,-1.0,1995.0,A01,20,9,2023,18:00,1,76.0,76497,1,1,1.0,2.0,D418 (Bretelle),"49,38409000","1,04945000",,76.076497,76497,Seine-Maritime,28.0,Normandie,90.0,7.0,1.0,2,1.0,28,Normandie,76,3,13,Petit-Couronne,8688,175,8863.0
202300007496,3.0,2,4,2,0.0,8.0,-1.0, -1,-1.0,2018.0,A01,20,9,2023,18:00,1,76.0,76497,1,1,1.0,2.0,D418 (Bretelle),"49,38409000","1,04945000",,76.076497,76497,Seine-Maritime,28.0,Normandie,90.0,7.0,1.0,2,1.0,28,Normandie,76,3,13,Petit-Couronne,8688,175,8863.0
202300007636,1.0,1,4,2,1.0,1.0,-1.0, -1,-1.0,1972.0,B01,21,10,2023,06:00,5,76.0,76498,2,2,2.0,3.0,Rue Leon Maletra,"49,42987400","1,06759400",,76.076498,76498,Seine-Maritime,28.0,Normandie,50.0,4.0,2.0,2,2.0,28,Normandie,76,3,27,LePetit-Quevilly,21782,274,22056.0
202300007636,1.0,1,1,-1,-1.0,-1.0,-1.0, -1,-1.0,,A01,21,10,2023,06:00,5,76.0,76498,2,2,2.0,3.0,Rue Leon Maletra,"49,42987400","1,06759400",,76.076498,76498,Seine-Maritime,28.0,Normandie,50.0,4.0,2.0,2,2.0,28,Normandie,76,3,27,LePetit-Quevilly,21782,274,22056.0
202300007637,1.0,1,1,2,1.0,1.0,-1.0, -1,-1.0,1999.0,A01,21,10,2023,06:10,3,76.0,76565,1,1,8.0,6.0,ROUEN (ROUTE DE),"49,88230000","1,06783000",,76.076565,76565,Seine-Maritime,28.0,Normandie,80.0,2.0,2.0,3,2.0,28,Normandie,76,1,7,Saint-Aubin-sur-Scie,1202,101,1303.0
202300007637,10.0,3,3,1,0.0,0.0,1.0,3,1.0,1974.0,A01,21,10,2023,06:10,3,76.0,76565,1,1,8.0,6.0,ROUEN (ROUTE DE),"49,88230000","1,06783000",,76.076565,76565,Seine-Maritime,28.0,Normandie,80.0,2.0,2.0,3,2.0,28,Normandie,76,1,7,Saint-Aubin-sur-Scie,1202,101,1303.0
202300007775,10.0,3,4,2,2.0,0.0,3.0,3,2.0,2015.0,A01,8,2,2023,09:30,1,76.0,76108,2,6,7.0,6.0,Chemin de la Breteque,"49,47877000","1,11294000",,76.076108,76108,Seine-Maritime,28.0,Normandie,30.0,4.0,2.0,2,1.0,28,Normandie,76,3,2,Bois-Guillaume,14262,361,14623.0
202300007775,1.0,1,1,1,0.0,1.0,-1.0, -1,-1.0,1947.0,A01,8,2,2023,09:30,1,76.0,76108,2,6,7.0,6.0,Chemin de la Breteque,"49,47877000","1,11294000",,76.076108,76108,Seine-Maritime,28.0,Normandie,30.0,4.0,2.0,2,1.0,28,Normandie,76,3,2,Bois-Guillaume,14262,361,14623.0
202300007775,10.0,3,4,2,2.0,0.0,3.0,3,2.0,2014.0,A01,8,2,2023,09:30,1,76.0,76108,2,6,7.0,6.0,Chemin de la Breteque,"49,47877000","1,11294000",,76.076108,76108,Seine-Maritime,28.0,Normandie,30.0,4.0,2.0,2,1.0,28,Normandie,76,3,2,Bois-Guillaume,14262,361,14623.0
202300007776,10.0,3,3,1,0.0,0.0,2.0,3,1.0,2013.0,A01,7,2,2023,13:25,1,76.0,76351,2,1,1.0,6.0,VERDUN (RUE DE),"49,50254000","0,17239000",,76.076351,76351,Seine-Maritime,28.0,Normandie,50.0,4.0,2.0,2,1.0,28,Normandie,76,2,96,LeHavre,166058,1780,167838.0
202300007776,1.0,1,1,1,5.0,1.0,-1.0, -1,-1.0,1947.0,A01,7,2,2023,13:25,1,76.0,76351,2,1,1.0,6.0,VERDUN (RUE DE),"49,50254000","0,17239000",,76.076351,76351,Seine-Maritime,28.0,Normandie,50.0,4.0,2.0,2,1.0,28,Normandie,76,2,96,LeHavre,166058,1780,167838.0
202300007777,1.0,1,4,1,5.0,1.0,-1.0, -1,-1.0,1970.0,A01,8,2,2023,09:50,1,76.0,76026,2,7,1.0,6.0,LEON BAUDELOT (PLACE),"49,88000000","1,12000000",,76.076026,76026,Seine-Maritime,28.0,Normandie,30.0,4.0,1.0,1,1.0,28,Normandie,76,1,8,Arques-la-BatailLe2480,44,2524,
202300007854,1.0,1,3,1,5.0,1.0,0.0,0,-1.0,1962.0,A01,9,2,2023,17:54,2,76.0,76136,2,1,1.0,6.0,route de la mer,"49,81467800","0,95076400",,76.076136,76136,Seine-Maritime,28.0,Normandie,50.0,3.0,2.0,2,1.0,28,Normandie,76,1,20,Brachy,687,12,699.0
202300008011,1.0,1,1,1,5.0,1.0,0.0,0,-1.0,1948.0,A01,30,4,2023,17:10,1,76.0,76001,2,1,1.0,6.0,9 Rue du Docteur Patenotre,"49,59630600","0,67633500",,76.076001,76001,Seine-Maritime,28.0,Normandie,50.0,3.0,2.0,2,1.0,28,Normandie,76,3,35,Allouville-Bellefosse,1150,19,1169.0
202300008011,10.0,3,4,1,5.0,0.0,6.0,A,2.0,1996.0,A01,30,4,2023,17:10,1,76.0,76001,2,1,1.0,6.0,9 Rue du Docteur Patenotre,"49,59630600","0,67633500",,76.076001,76001,Seine-Maritime,28.0,Normandie,50.0,3.0,2.0,2,1.0,28,Normandie,76,3,35,Allouville-Bellefosse,1150,19,1169.0
202300008149,7.0,2,4,2,5.0,1.0,0.0,0,-1.0,2005.0,A01,4,6,2023,19:00,1,76.0,76610,1,6,1.0,4.0,D131e,"49,62521438","0,78907907",,76.076610,76610,Seine-Maritime,28.0,Normandie,80.0,3.0,2.0,3,1.0,28,Normandie,76,3,35,Sainte-Marie-des-Champs,1579,13,1592.0
202300008149,2.0,2,4,2,5.0,1.0,0.0,0,-1.0,1979.0,A01,4,6,2023,19:00,1,76.0,76610,1,6,1.0,4.0,D131e,"49,62521438","0,78907907",,76.076610,76610,Seine-Maritime,28.0,Normandie,80.0,3.0,2.0,3,1.0,28,Normandie,76,3,35,Sainte-Marie-des-Champs,1579,13,1592.0
202300008149,1.0,1,1,1,5.0,1.0,0.0,0,-1.0,1966.0,A01,4,6,2023,19:00,1,76.0,76610,1,6,1.0,4.0,D131e,"49,62521438","0,78907907",,76.076610,76610,Seine-Maritime,28.0,Normandie,80.0,3.0,2.0,3,1.0,28,Normandie,76,3,35,Sainte-Marie-des-Champs,1579,13,1592.0
202300008149,1.0,1,3,2,5.0,1.0,0.0,0,-1.0,1976.0,C01,4,6,2023,19:00,1,76.0,76610,1,6,1.0,4.0,D131e,"49,62521438","0,78907907",,76.076610,76610,Seine-Maritime,28.0,Normandie,80.0,3.0,2.0,3,1.0,28,Normandie,76,3,35,Sainte-Marie-des-Champs,1579,13,1592.0
202300008149,1.0,1,1,1,5.0,1.0,0.0,0,-1.0,1972.0,B01,4,6,2023,19:00,1,76.0,76610,1,6,1.0,4.0,D131e,"49,62521438","0,78907907",,76.076610,76610,Seine-Maritime,28.0,Normandie,80.0,3.0,2.0,3,1.0,28,Normandie,76,3,35,Sainte-Marie-des-Champs,1579,13,1592.0
202300008357,1.0,1,4,1,5.0,2.0,0.0,0,-1.0,1958.0,A01,25,11,2023,15:30,1,76.0,76304,2,1,1.0,7.0,Route de Goderville,"49,65206600","0,43263200",,76.076304,76304,Seine-Maritime,28.0,Normandie,30.0,3.0,2.0,2,1.0,28,Normandie,76,2,32,Gonfreville-Caillot,390,6,396.0
202300008620,1.0,1,4,2,5.0,8.0,-1.0, -1,-1.0,1987.0,A01,30,12,2023,17:30,5,76.0,76351,2,6,3.0,7.0,MICHEL FERE (QUAI),"49,48928000","0,11114000",,76.076351,76351,Seine-Maritime,28.0,Normandie,50.0,4.0,2.0,1,2.0,28,Normandie,76,2,96,LeHavre,166058,1780,167838.0
202300008626,1.0,1,4,1,0.0,2.0,-1.0, -1,-1.0,1954.0,A01,31,12,2023,06:43,5,76.0,76341,2,6,3.0,7.0,BELLEVUE,"49,51192000","0,19938000",,76.076341,76341,Seine-Maritime,28.0,Normandie,50.0,3.0,2.0,2,2.0,28,Normandie,76,2,15,Harfleur,8315,53,8368.0
202300008634,1.0,1,1,1,0.0,1.0,-1.0, -1,-1.0,1938.0,A01,30,12,2023,08:00,2,76.0,76447,2,6,1.0,3.0,RD 31,"49,54715000","0,18896000",,76.076447,76447,Seine-Maritime,28.0,Normandie,50.0,3.0,-1.0,2,1.0,28,Normandie,76,2,15,Montivilliers,15457,203,15660.0
202300008634,1.0,1,4,1,0.0,2.0,-1.0, -1,-1.0,1965.0,B01,30,12,2023,08:00,2,76.0,76447,2,6,1.0,3.0,RD 31,"49,54715000","0,18896000",,76.076447,76447,Seine-Maritime,28.0,Normandie,50.0,3.0,-1.0,2,1.0,28,Normandie,76,2,15,Montivilliers,15457,203,15660.0
202300008641,1.0,1,1,1,0.0,1.0,-1.0, -1,-1.0,1974.0,A01,30,12,2023,17:30,5,76.0,76351,2,3,1.0,6.0,VOLTAIRE,"49,48999000","0,10355000",,76.076351,76351,Seine-Maritime,28.0,Normandie,50.0,4.0,2.0,1,1.0,28,Normandie,76,2,96,LeHavre,166058,1780,167838.0
202300008641,10.0,3,4,1,5.0,0.0,3.0,3,1.0,2009.0,A01,30,12,2023,17:30,5,76.0,76351,2,3,1.0,6.0,VOLTAIRE,"49,48999000","0,10355000",,76.076351,76351,Seine-Maritime,28.0,Normandie,50.0,4.0,2.0,1,1.0,28,Normandie,76,2,96,LeHavre,166058,1780,167838.0
202300008653,2.0,2,4,1,5.0,1.0,0.0,0,-1.0,2003.0,A01,11,7,2023,02:45,3,76.0,76360,1,1,1.0,6.0,Rue du Pont Rouge,"49,75136000","1,09905000",,76.076360,76360,Seine-Maritime,28.0,Normandie,80.0,3.0,2.0,2,1.0,28,Normandie,76,1,20,Heugleville-sur-Scie,648,9,657.0
202300008653,7.0,2,4,2,5.0,1.0,0.0,0,-1.0,2005.0,A01,11,7,2023,02:45,3,76.0,76360,1,1,1.0,6.0,Rue du Pont Rouge,"49,75136000","1,09905000",,76.076360,76360,Seine-Maritime,28.0,Normandie,80.0,3.0,2.0,2,1.0,28,Normandie,76,1,20,Heugleville-sur-Scie,648,9,657.0
202300008653,9.0,2,4,2,9.0,1.0,0.0,0,-1.0,2003.0,A01,11,7,2023,02:45,3,76.0,76360,1,1,1.0,6.0,Rue du Pont Rouge,"49,75136000","1,09905000",,76.076360,76360,Seine-Maritime,28.0,Normandie,80.0,3.0,2.0,2,1.0,28,Normandie,76,1,20,Heugleville-sur-Scie,648,9,657.0
202300008653,1.0,1,3,1,5.0,1.0,0.0,0,-1.0,2002.0,A01,11,7,2023,02:45,3,76.0,76360,1,1,1.0,6.0,Rue du Pont Rouge,"49,75136000","1,09905000",,76.076360,76360,Seine-Maritime,28.0,Normandie,80.0,3.0,2.0,2,1.0,28,Normandie,76,1,20,Heugleville-sur-Scie,648,9,657.0
202300008735,2.0,2,4,1,0.0,1.0,-1.0, -1,-1.0,1940.0,B01,21,11,2023,11:30,1,76.0,76447,2,2,2.0,3.0,FAUBOURG ASSIQUET,"49,54702900","0,19570500",,76.076447,76447,Seine-Maritime,28.0,Normandie,-1.0,3.0,1.0, -1,2.0,28,Normandie,76,2,15,Montivilliers,15457,203,15660.0
202300008735,1.0,1,4,2,0.0,1.0,-1.0, -1,-1.0,1948.0,B01,21,11,2023,11:30,1,76.0,76447,2,2,2.0,3.0,FAUBOURG ASSIQUET,"49,54702900","0,19570500",,76.076447,76447,Seine-Maritime,28.0,Normandie,-1.0,3.0,1.0, -1,2.0,28,Normandie,76,2,15,Montivilliers,15457,203,15660.0
202300008735,1.0,1,1,1,4.0,1.0,-1.0, -1,-1.0,2000.0,A01,21,11,2023,11:30,1,76.0,76447,2,2,2.0,3.0,FAUBOURG ASSIQUET,"49,54702900","0,19570500",,76.076447,76447,Seine-Maritime,28.0,Normandie,-1.0,3.0,1.0, -1,2.0,28,Normandie,76,2,15,Montivilliers,15457,203,15660.0
202300009032,1.0,1,1,2,5.0,1.0,-1.0, -1,-1.0,1947.0,A01,30,12,2023,20:15,5,76.0,76259,2,3,1.0,1.0,LEBORGNE ( RUE CHARLES),"49,75600000","0,37600000",,76.076259,76259,Seine-Maritime,28.0,Normandie,30.0,4.0,2.0,2,1.0,28,Normandie,76,2,11,Fécamp,18016,269,18285.0
202300009032,1.0,1,3,1,5.0,2.0,-1.0, -1,-1.0,2004.0,B01,30,12,2023,20:15,5,76.0,76259,2,3,1.0,1.0,LEBORGNE ( RUE CHARLES),"49,75600000","0,37600000",,76.076259,76259,Seine-Maritime,28.0,Normandie,30.0,4.0,2.0,2,1.0,28,Normandie,76,2,11,Fécamp,18016,269,18285.0
202300009051,1.0,1,3,1,5.0,2.0,0.0,0,-1.0,2002.0,A01,22,3,2023,13:00,1,76.0,76315,1,2,2.0,3.0,Départementale 71,"49,73882259","0,68840504",,76.076315,76315,Seine-Maritime,28.0,Normandie,80.0,3.0,2.0,2,2.0,28,Normandie,76,1,33,Grainville-la-Teinturière,1072,18,1090.0
202300009051,1.0,1,1,2,5.0,1.0,0.0,0,-1.0,1998.0,B01,22,3,2023,13:00,1,76.0,76315,1,2,2.0,3.0,Départementale 71,"49,73882259","0,68840504",,76.076315,76315,Seine-Maritime,28.0,Normandie,80.0,3.0,2.0,2,2.0,28,Normandie,76,1,33,Grainville-la-Teinturière,1072,18,1090.0
202300009232,1.0,1,1,2,0.0,1.0,-1.0, -1,-1.0,1981.0,A01,18,3,2023,07:40,2,76.0,76351,2,1,2.0,6.0,HUIT MAI 1945 (AVENUE DU),"49,51576000","0,17093000",,76.076351,76351,Seine-Maritime,28.0,Normandie,50.0,4.0,1.0,1,2.0,28,Normandie,76,2,96,LeHavre,166058,1780,167838.0
202300009232,10.0,3,4,1,5.0,0.0,3.0,3,1.0,1970.0,A01,18,3,2023,07:40,2,76.0,76351,2,1,2.0,6.0,HUIT MAI 1945 (AVENUE DU),"49,51576000","0,17093000",,76.076351,76351,Seine-Maritime,28.0,Normandie,50.0,4.0,1.0,1,2.0,28,Normandie,76,2,96,LeHavre,166058,1780,167838.0
202300009337,1.0,1,1,1,5.0,1.0,0.0,0,-1.0,1981.0,A01,14,9,2023,17:05,1,76.0,76034,1,3,1.0,1.0,Rue de Chamacourt,"49,72307500","1,15038900",,76.076034,76034,Seine-Maritime,28.0,Normandie,-1.0,3.0,2.0, -1,1.0,28,Normandie,76,1,20,Val-de-Scie,2526,25,2551.0
202300009337,2.0,2,3,2,3.0,1.0,0.0,0,-1.0,1933.0,B01,14,9,2023,17:05,1,76.0,76034,1,3,1.0,1.0,Rue de Chamacourt,"49,72307500","1,15038900",,76.076034,76034,Seine-Maritime,28.0,Normandie,-1.0,3.0,2.0, -1,1.0,28,Normandie,76,1,20,Val-de-Scie,2526,25,2551.0
202300009337,1.0,1,1,1,3.0,1.0,0.0,0,-1.0,1931.0,B01,14,9,2023,17:05,1,76.0,76034,1,3,1.0,1.0,Rue de Chamacourt,"49,72307500","1,15038900",,76.076034,76034,Seine-Maritime,28.0,Normandie,-1.0,3.0,2.0, -1,1.0,28,Normandie,76,1,20,Val-de-Scie,2526,25,2551.0