Num_Acc,place,catu,grav,sexe,trajet,secu,locp,actp,etatp,an_nais,num_veh,jour,mois,an,hrmn,lum,dep,com,agg,int,atm,col,adr,lat,long,gps,com_insee_temp,com_insee,departmentName,regionCode,regionName,vma,catr,circ,nbv,surf,Code,Region,Departement,Arrondissement,Code_Canton,Nom_Commune,Population_municipaLe,Population_comptee_a_part,Population_Totale
202300009404,1.0,1,3,1,4.0,1.0,-1.0, -1,-1.0,2003.0,A01,18,9,2023,14:00,1,76.0,76329,1,1,2.0,1.0,RD 487,"49,54495000","0,49486000",,76.076329,76329,Seine-Maritime,28.0,Normandie,80.0,3.0,2.0,2,2.0,28,Normandie,76,2,3,Gruchet-le-Valasse,3074,39,3113.0
202300009404,2.0,2,1,1,4.0,1.0,-1.0, -1,-1.0,2002.0,A01,18,9,2023,14:00,1,76.0,76329,1,1,2.0,1.0,RD 487,"49,54495000","0,49486000",,76.076329,76329,Seine-Maritime,28.0,Normandie,80.0,3.0,2.0,2,2.0,28,Normandie,76,2,3,Gruchet-le-Valasse,3074,39,3113.0
202300009404,1.0,1,1,1,0.0,1.0,-1.0, -1,-1.0,2004.0,B01,18,9,2023,14:00,1,76.0,76329,1,1,2.0,1.0,RD 487,"49,54495000","0,49486000",,76.076329,76329,Seine-Maritime,28.0,Normandie,80.0,3.0,2.0,2,2.0,28,Normandie,76,2,3,Gruchet-le-Valasse,3074,39,3113.0
202300009511,1.0,1,1,1,4.0,1.0,-1.0, -1,-1.0,1966.0,A01,19,10,2023,14:00,1,76.0,76351,2,2,1.0,6.0,INGOUVILLE (RUE),"49,49742000","0,10949000",,76.076351,76351,Seine-Maritime,28.0,Normandie,50.0,4.0,2.0,4,1.0,28,Normandie,76,2,96,LeHavre,166058,1780,167838.0
202300009511,10.0,3,4,2,0.0,0.0,4.0,3,2.0,1964.0,A01,19,10,2023,14:00,1,76.0,76351,2,2,1.0,6.0,INGOUVILLE (RUE),"49,49742000","0,10949000",,76.076351,76351,Seine-Maritime,28.0,Normandie,50.0,4.0,2.0,4,1.0,28,Normandie,76,2,96,LeHavre,166058,1780,167838.0
202300009511,10.0,3,4,2,0.0,0.0,4.0,3,2.0,1978.0,A01,19,10,2023,14:00,1,76.0,76351,2,2,1.0,6.0,INGOUVILLE (RUE),"49,49742000","0,10949000",,76.076351,76351,Seine-Maritime,28.0,Normandie,50.0,4.0,2.0,4,1.0,28,Normandie,76,2,96,LeHavre,166058,1780,167838.0
202300009589,1.0,1,3,1,1.0,2.0,-1.0, -1,-1.0,2000.0,B01,7,2,2023,05:50,5,76.0,76540,2,2,1.0,3.0,Route de Neufchâtel,"49,45110300","1,09845800",,76.076540,76540,Seine-Maritime,28.0,Normandie,30.0,7.0,2.0,2,1.0,28,Normandie,76,3,97,Rouen,114083,1556,115639.0
202300009589,1.0,1,1,1,1.0,1.0,-1.0, -1,-1.0,1968.0,A01,7,2,2023,05:50,5,76.0,76540,2,2,1.0,3.0,Route de Neufchâtel,"49,45110300","1,09845800",,76.076540,76540,Seine-Maritime,28.0,Normandie,30.0,7.0,2.0,2,1.0,28,Normandie,76,3,97,Rouen,114083,1556,115639.0
202300009742,1.0,1,1,1,0.0,1.0,-1.0, -1,-1.0,1995.0,B01,3,2,2023,14:00,1,76.0,76351,2,2,1.0,3.0,MONT GAILLARD (AVENUE DU),"49,52558000","0,11537000",,76.076351,76351,Seine-Maritime,28.0,Normandie,30.0,4.0,2.0,2,1.0,28,Normandie,76,2,96,LeHavre,166058,1780,167838.0
202300009742,1.0,1,3,1,5.0,2.0,-1.0, -1,-1.0,2007.0,A01,3,2,2023,14:00,1,76.0,76351,2,2,1.0,3.0,MONT GAILLARD (AVENUE DU),"49,52558000","0,11537000",,76.076351,76351,Seine-Maritime,28.0,Normandie,30.0,4.0,2.0,2,1.0,28,Normandie,76,2,96,LeHavre,166058,1780,167838.0
202300009744,1.0,1,1,1,4.0,1.0,-1.0, -1,-1.0,1973.0,A01,6,2,2023,11:50,1,76.0,76114,2,1,1.0,2.0,GAMBETTA LEON (RUE),"49,57081000","0,47046000",,76.076114,76114,Seine-Maritime,28.0,Normandie,50.0,3.0,1.0,1,1.0,28,Normandie,76,2,3,Bolbec,11635,147,11782.0
202300009744,1.0,1,4,1,3.0,8.0,-1.0, -1,-1.0,1959.0,B01,6,2,2023,11:50,1,76.0,76114,2,1,1.0,2.0,GAMBETTA LEON (RUE),"49,57081000","0,47046000",,76.076114,76114,Seine-Maritime,28.0,Normandie,50.0,3.0,1.0,1,1.0,28,Normandie,76,2,3,Bolbec,11635,147,11782.0
202300009851,1.0,1,4,1,0.0,1.0,-1.0, -1,-1.0,2003.0,A01,29,4,2023,23:45,4,76.0,76108,2,3,1.0,1.0,Route de Neufchâtel,"49,46410000","1,11404000",,76.076108,76108,Seine-Maritime,28.0,Normandie,50.0,7.0,1.0,1,1.0,28,Normandie,76,3,2,Bois-Guillaume,14262,361,14623.0
202300009851,1.0,1,4,1,0.0,2.0,-1.0, -1,-1.0,1992.0,B01,29,4,2023,23:45,4,76.0,76108,2,3,1.0,1.0,Route de Neufchâtel,"49,46410000","1,11404000",,76.076108,76108,Seine-Maritime,28.0,Normandie,50.0,7.0,1.0,1,1.0,28,Normandie,76,3,2,Bois-Guillaume,14262,361,14623.0
202300009852,2.0,2,1,2,0.0,1.0,-1.0, -1,-1.0,1957.0,D01,29,4,2023,19:00,1,76.0,76540,2,1,1.0,4.0,Quai du Havre,"49,44030000","1,08408000",,76.076540,76540,Seine-Maritime,28.0,Normandie,50.0,7.0,2.0,4,1.0,28,Normandie,76,3,97,Rouen,114083,1556,115639.0
202300009852,1.0,1,4,1,0.0,1.0,-1.0, -1,-1.0,1957.0,D01,29,4,2023,19:00,1,76.0,76540,2,1,1.0,4.0,Quai du Havre,"49,44030000","1,08408000",,76.076540,76540,Seine-Maritime,28.0,Normandie,50.0,7.0,2.0,4,1.0,28,Normandie,76,3,97,Rouen,114083,1556,115639.0
202300009852,1.0,1,1,2,1.0,1.0,-1.0, -1,-1.0,1999.0,A01,29,4,2023,19:00,1,76.0,76540,2,1,1.0,4.0,Quai du Havre,"49,44030000","1,08408000",,76.076540,76540,Seine-Maritime,28.0,Normandie,50.0,7.0,2.0,4,1.0,28,Normandie,76,3,97,Rouen,114083,1556,115639.0
202300009852,1.0,1,1,2,0.0,1.0,-1.0, -1,-1.0,1997.0,B01,29,4,2023,19:00,1,76.0,76540,2,1,1.0,4.0,Quai du Havre,"49,44030000","1,08408000",,76.076540,76540,Seine-Maritime,28.0,Normandie,50.0,7.0,2.0,4,1.0,28,Normandie,76,3,97,Rouen,114083,1556,115639.0
202300009852,1.0,1,1,1,0.0,1.0,-1.0, -1,-1.0,1994.0,C01,29,4,2023,19:00,1,76.0,76540,2,1,1.0,4.0,Quai du Havre,"49,44030000","1,08408000",,76.076540,76540,Seine-Maritime,28.0,Normandie,50.0,7.0,2.0,4,1.0,28,Normandie,76,3,97,Rouen,114083,1556,115639.0
202300009852,1.0,1,1,2,0.0,1.0,-1.0, -1,-1.0,1993.0,E01,29,4,2023,19:00,1,76.0,76540,2,1,1.0,4.0,Quai du Havre,"49,44030000","1,08408000",,76.076540,76540,Seine-Maritime,28.0,Normandie,50.0,7.0,2.0,4,1.0,28,Normandie,76,3,97,Rouen,114083,1556,115639.0
202300009853,1.0,1,4,2,0.0,2.0,-1.0, -1,-1.0,2000.0,B01,29,4,2023,18:15,1,76.0,76540,2,1,1.0,3.0,Rue des Faulx,"49,44173000","1,10095000",,76.076540,76540,Seine-Maritime,28.0,Normandie,50.0,4.0,2.0,2,1.0,28,Normandie,76,3,97,Rouen,114083,1556,115639.0
202300009853,4.0,2,1,1,5.0,1.0,-1.0, -1,-1.0,1976.0,A01,29,4,2023,18:15,1,76.0,76540,2,1,1.0,3.0,Rue des Faulx,"49,44173000","1,10095000",,76.076540,76540,Seine-Maritime,28.0,Normandie,50.0,4.0,2.0,2,1.0,28,Normandie,76,3,97,Rouen,114083,1556,115639.0
202300009854,1.0,1,3,1,5.0,2.0,-1.0, -1,-1.0,1976.0,B01,29,4,2023,10:40,1,76.0,76540,2,1,1.0,3.0,Quai de Boisguilbert,"49,44315400","1,07487800",,76.076540,76540,Seine-Maritime,28.0,Normandie,50.0,7.0,2.0,5,1.0,28,Normandie,76,3,97,Rouen,114083,1556,115639.0
202300009854,1.0,1,4,1,0.0,1.0,-1.0, -1,-1.0,1976.0,A01,29,4,2023,10:40,1,76.0,76540,2,1,1.0,3.0,Quai de Boisguilbert,"49,44315400","1,07487800",,76.076540,76540,Seine-Maritime,28.0,Normandie,50.0,7.0,2.0,5,1.0,28,Normandie,76,3,97,Rouen,114083,1556,115639.0
202300009908,2.0,2,3,1,5.0,1.0,0.0,0,-1.0,1961.0,A01,29,4,2023,11:30,1,76.0,76208,1,1,1.0,3.0,Route du Mont Louvet,"49,50661000","1,66868800",,76.076208,76208,Seine-Maritime,28.0,Normandie,80.0,3.0,2.0,2,1.0,28,Normandie,76,1,12,Cuy-Saint-Fiacre,642,9,651.0
202300009908,1.0,1,4,2,5.0,1.0,0.0,0,-1.0,1963.0,A01,29,4,2023,11:30,1,76.0,76208,1,1,1.0,3.0,Route du Mont Louvet,"49,50661000","1,66868800",,76.076208,76208,Seine-Maritime,28.0,Normandie,80.0,3.0,2.0,2,1.0,28,Normandie,76,1,12,Cuy-Saint-Fiacre,642,9,651.0
202300009908,1.0,1,4,2,5.0,1.0,0.0,0,-1.0,1966.0,B01,29,4,2023,11:30,1,76.0,76208,1,1,1.0,3.0,Route du Mont Louvet,"49,50661000","1,66868800",,76.076208,76208,Seine-Maritime,28.0,Normandie,80.0,3.0,2.0,2,1.0,28,Normandie,76,1,12,Cuy-Saint-Fiacre,642,9,651.0
202300009908,2.0,2,4,2,5.0,1.0,0.0,0,-1.0,1946.0,B01,29,4,2023,11:30,1,76.0,76208,1,1,1.0,3.0,Route du Mont Louvet,"49,50661000","1,66868800",,76.076208,76208,Seine-Maritime,28.0,Normandie,80.0,3.0,2.0,2,1.0,28,Normandie,76,1,12,Cuy-Saint-Fiacre,642,9,651.0
202300009908,7.0,2,1,1,5.0,1.0,0.0,0,-1.0,1944.0,B01,29,4,2023,11:30,1,76.0,76208,1,1,1.0,3.0,Route du Mont Louvet,"49,50661000","1,66868800",,76.076208,76208,Seine-Maritime,28.0,Normandie,80.0,3.0,2.0,2,1.0,28,Normandie,76,1,12,Cuy-Saint-Fiacre,642,9,651.0
202300009909,9.0,2,3,2,5.0,1.0,0.0,0,-1.0,2005.0,A01,30,4,2023,05:30,3,76.0,76067,2,1,1.0,7.0,Route du Camp Caillot,"49,48484100","1,61715700",,76.076067,76067,Seine-Maritime,28.0,Normandie,80.0,3.0,2.0,2,1.0,28,Normandie,76,1,12,Beauvoir-en-Lyons,598,15,613.0
202300009909,1.0,1,1,1,5.0,1.0,0.0,0,-1.0,2002.0,A01,30,4,2023,05:30,3,76.0,76067,2,1,1.0,7.0,Route du Camp Caillot,"49,48484100","1,61715700",,76.076067,76067,Seine-Maritime,28.0,Normandie,80.0,3.0,2.0,2,1.0,28,Normandie,76,1,12,Beauvoir-en-Lyons,598,15,613.0
202300009909,2.0,2,1,1,5.0,1.0,0.0,0,-1.0,2003.0,A01,30,4,2023,05:30,3,76.0,76067,2,1,1.0,7.0,Route du Camp Caillot,"49,48484100","1,61715700",,76.076067,76067,Seine-Maritime,28.0,Normandie,80.0,3.0,2.0,2,1.0,28,Normandie,76,1,12,Beauvoir-en-Lyons,598,15,613.0
202300009909,7.0,2,1,2,5.0,1.0,0.0,0,-1.0,2005.0,A01,30,4,2023,05:30,3,76.0,76067,2,1,1.0,7.0,Route du Camp Caillot,"49,48484100","1,61715700",,76.076067,76067,Seine-Maritime,28.0,Normandie,80.0,3.0,2.0,2,1.0,28,Normandie,76,1,12,Beauvoir-en-Lyons,598,15,613.0
202300009941,1.0,1,3,1,5.0,2.0,0.0,0,-1.0,1997.0,A01,30,4,2023,23:45,5,76.0,76533,1,9,1.0,7.0,parc logistique du pont de normandie,"49,47605800","0,26036700",,76.076533,76533,Seine-Maritime,28.0,Normandie,70.0,4.0,3.0,2,1.0,28,Normandie,76,2,16,RogervilLe1706,19,1725,
202300010174,1.0,1,1,1,9.0,1.0,0.0,0,-1.0,1970.0,C01,23,11,2023,16:45,1,76.0,76673,1,1,8.0,5.0,RN31,"49,46134368","1,27359366",,76.076673,76673,Seine-Maritime,28.0,Normandie,80.0,2.0,2.0,2,1.0,28,Normandie,76,3,21,Servaville-SalmonvilLe1125,14,1139,
202300010174,1.0,1,1,1,1.0,1.0,0.0,0,-1.0,1999.0,A01,23,11,2023,16:45,1,76.0,76673,1,1,8.0,5.0,RN31,"49,46134368","1,27359366",,76.076673,76673,Seine-Maritime,28.0,Normandie,80.0,2.0,2.0,2,1.0,28,Normandie,76,3,21,Servaville-SalmonvilLe1125,14,1139,
202300010174,2.0,2,3,1,1.0,1.0,0.0,0,-1.0,1971.0,A01,23,11,2023,16:45,1,76.0,76673,1,1,8.0,5.0,RN31,"49,46134368","1,27359366",,76.076673,76673,Seine-Maritime,28.0,Normandie,80.0,2.0,2.0,2,1.0,28,Normandie,76,3,21,Servaville-SalmonvilLe1125,14,1139,
202300010174,1.0,1,1,1,5.0,1.0,0.0,0,-1.0,1949.0,B01,23,11,2023,16:45,1,76.0,76673,1,1,8.0,5.0,RN31,"49,46134368","1,27359366",,76.076673,76673,Seine-Maritime,28.0,Normandie,80.0,2.0,2.0,2,1.0,28,Normandie,76,3,21,Servaville-SalmonvilLe1125,14,1139,
202300010215,1.0,1,3,2,5.0,0.0,0.0,0,-1.0,1939.0,A01,14,11,2023,09:30,1,76.0,76312,2,1,2.0,1.0,Route de Dieppe,"49,49216600","1,68909400",,76.076312,76312,Seine-Maritime,28.0,Normandie,50.0,3.0,2.0,2,2.0,28,Normandie,76,1,12,Gournay-en-Bray,5944,85,6029.0
202300010215,1.0,1,1,1,4.0,1.0,0.0,0,-1.0,1996.0,B01,14,11,2023,09:30,1,76.0,76312,2,1,2.0,1.0,Route de Dieppe,"49,49216600","1,68909400",,76.076312,76312,Seine-Maritime,28.0,Normandie,50.0,3.0,2.0,2,2.0,28,Normandie,76,1,12,Gournay-en-Bray,5944,85,6029.0
202300010241,1.0,1,3,1,5.0,2.0,0.0,0,-1.0,1970.0,A01,4,6,2023,12:30,1,76.0,76560,1,1,1.0,7.0,D7,"49,41238000","1,17345600",,76.076560,76560,Seine-Maritime,28.0,Normandie,80.0,7.0,2.0,2,1.0,28,Normandie,76,3,6,Saint-Aubin-Épinay,1019,18,1037.0
202300010242,1.0,1,1,1,5.0,1.0,0.0,0,-1.0,1947.0,A01,4,6,2023,16:15,1,76.0,76367,1,1,1.0,6.0,D90,"49,50846230","1,04616612",,76.076367,76367,Seine-Maritime,28.0,Normandie,80.0,7.0,2.0,2,1.0,28,Normandie,76,3,24,HouppevilLe2884,51,2935,
202300010242,10.0,3,4,1,5.0,0.0,1.0,1,2.0,1992.0,A01,4,6,2023,16:15,1,76.0,76367,1,1,1.0,6.0,D90,"49,50846230","1,04616612",,76.076367,76367,Seine-Maritime,28.0,Normandie,80.0,7.0,2.0,2,1.0,28,Normandie,76,3,24,HouppevilLe2884,51,2935,
202300010242,10.0,3,4,2,5.0,0.0,1.0,1,2.0,1993.0,A01,4,6,2023,16:15,1,76.0,76367,1,1,1.0,6.0,D90,"49,50846230","1,04616612",,76.076367,76367,Seine-Maritime,28.0,Normandie,80.0,7.0,2.0,2,1.0,28,Normandie,76,3,24,HouppevilLe2884,51,2935,
202300010246,1.0,1,3,1,5.0,2.0,0.0,0,-1.0,1958.0,A01,3,6,2023,19:10,1,76.0,76377,2,1,1.0,3.0,509 Route de Neufchatel,"49,49086300","1,14319000",,76.076377,76377,Seine-Maritime,28.0,Normandie,50.0,7.0,2.0,2,1.0,28,Normandie,76,3,2,IsneauvilLe3657,64,3721,
202300010246,1.0,1,1,2,5.0,1.0,0.0,0,-1.0,1978.0,B01,3,6,2023,19:10,1,76.0,76377,2,1,1.0,3.0,509 Route de Neufchatel,"49,49086300","1,14319000",,76.076377,76377,Seine-Maritime,28.0,Normandie,50.0,7.0,2.0,2,1.0,28,Normandie,76,3,2,IsneauvilLe3657,64,3721,
202300010246,2.0,2,1,2,5.0,1.0,0.0,0,-1.0,2009.0,B01,3,6,2023,19:10,1,76.0,76377,2,1,1.0,3.0,509 Route de Neufchatel,"49,49086300","1,14319000",,76.076377,76377,Seine-Maritime,28.0,Normandie,50.0,7.0,2.0,2,1.0,28,Normandie,76,3,2,IsneauvilLe3657,64,3721,
202300010246,7.0,2,1,2,5.0,1.0,0.0,0,-1.0,2014.0,B01,3,6,2023,19:10,1,76.0,76377,2,1,1.0,3.0,509 Route de Neufchatel,"49,49086300","1,14319000",,76.076377,76377,Seine-Maritime,28.0,Normandie,50.0,7.0,2.0,2,1.0,28,Normandie,76,3,2,IsneauvilLe3657,64,3721,
202300010328,1.0,1,1,1,0.0,1.0,0.0,0,-1.0,1963.0,A01,16,8,2023,21:45,5,76.0,76057,2,2,1.0,1.0,4 Rue Jules Ferry,"49,55060000","0,95775800",,76.076057,76057,Seine-Maritime,28.0,Normandie,-1.0,4.0,2.0, -1,1.0,28,Normandie,76,3,1,Barentin,12154,238,12392.0
202300010328,1.0,1,3,1,0.0,0.0,0.0,0,-1.0,1974.0,B01,16,8,2023,21:45,5,76.0,76057,2,2,1.0,1.0,4 Rue Jules Ferry,"49,55060000","0,95775800",,76.076057,76057,Seine-Maritime,28.0,Normandie,-1.0,4.0,2.0, -1,1.0,28,Normandie,76,3,1,Barentin,12154,238,12392.0
202300010334,1.0,1,1,1,0.0,1.0,0.0,0,-1.0,1985.0,A01,18,8,2023,20:15,1,76.0,76758,2,2,1.0,1.0,Rue du Colonel Trupel,"49,61953100","0,75911900",,76.076758,76758,Seine-Maritime,28.0,Normandie,-1.0,3.0,1.0, -1,1.0,28,Normandie,76,3,35,Yvetot,11385,208,11593.0
202300010334,2.0,2,1,2,0.0,2.0,0.0,0,-1.0,2001.0,B01,18,8,2023,20:15,1,76.0,76758,2,2,1.0,1.0,Rue du Colonel Trupel,"49,61953100","0,75911900",,76.076758,76758,Seine-Maritime,28.0,Normandie,-1.0,3.0,1.0, -1,1.0,28,Normandie,76,3,35,Yvetot,11385,208,11593.0
202300010334,1.0,1,3,1,0.0,2.0,0.0,0,-1.0,2004.0,B01,18,8,2023,20:15,1,76.0,76758,2,2,1.0,1.0,Rue du Colonel Trupel,"49,61953100","0,75911900",,76.076758,76758,Seine-Maritime,28.0,Normandie,-1.0,3.0,1.0, -1,1.0,28,Normandie,76,3,35,Yvetot,11385,208,11593.0
202300010338,1.0,1,4,1,1.0,2.0,0.0,0,-1.0,1990.0,A01,21,8,2023,07:05,2,76.0,76448,2,6,5.0,3.0,Rue de Bois l’Eveque,"49,40343400","1,24879900",,76.076448,76448,Seine-Maritime,28.0,Normandie,50.0,7.0,2.0,2,1.0,28,Normandie,76,3,21,Montmain,1448,36,1484.0
202300010338,1.0,1,1,2,1.0,1.0,0.0,0,-1.0,1992.0,B01,21,8,2023,07:05,2,76.0,76448,2,6,5.0,3.0,Rue de Bois l’Eveque,"49,40343400","1,24879900",,76.076448,76448,Seine-Maritime,28.0,Normandie,50.0,7.0,2.0,2,1.0,28,Normandie,76,3,21,Montmain,1448,36,1484.0
202300010485,1.0,1,4,1,5.0,0.0,0.0,0,-1.0,1990.0,A01,9,7,2023,06:30,2,76.0,76240,2,1,1.0,7.0,16 Route du Havre,"49,70714000","0,36475600",,76.076240,76240,Seine-Maritime,28.0,Normandie,50.0,3.0,2.0,2,1.0,28,Normandie,76,2,11,ÉprevilLe1052,28,1080,
202300010485,2.0,2,4,1,5.0,2.0,0.0,0,-1.0,2005.0,A01,9,7,2023,06:30,2,76.0,76240,2,1,1.0,7.0,16 Route du Havre,"49,70714000","0,36475600",,76.076240,76240,Seine-Maritime,28.0,Normandie,50.0,3.0,2.0,2,1.0,28,Normandie,76,2,11,ÉprevilLe1052,28,1080,
202300010537,1.0,1,3,1,0.0,8.0,0.0,0,-1.0,1986.0,A01,7,7,2023,05:00,2,76.0,76252,1,1,1.0,7.0,D22,"50,02269200","1,38496400",,76.076252,76252,Seine-Maritime,28.0,Normandie,80.0,3.0,2.0,2,1.0,28,Normandie,76,1,10,Étalondes,1059,30,1089.0
202300011002,1.0,1,2,1,5.0,2.0,-1.0, -1,-1.0,1997.0,A01,13,8,2023,23:50,5,76.0,76351,2,2,1.0,7.0,WINSTON CHURCHILL,"49,49401000","0,13839000",,76.076351,76351,Seine-Maritime,28.0,Normandie,50.0,4.0,3.0,7,1.0,28,Normandie,76,2,96,LeHavre,166058,1780,167838.0
202300011014,1.0,1,4,1,0.0,1.0,-1.0, -1,-1.0,1998.0,A01,19,3,2023,21:40,5,76.0,76366,2,3,1.0,6.0,Rue du Général de Gaulle,"49,50500000","1,04105000",,76.076366,76366,Seine-Maritime,28.0,Normandie,50.0,7.0,2.0,2,1.0,28,Normandie,76,3,24,LeHoulme,4133,32,4165.0
202300011014,10.0,3,4,1,0.0,0.0,5.0,1,1.0,2000.0,A01,19,3,2023,21:40,5,76.0,76366,2,3,1.0,6.0,Rue du Général de Gaulle,"49,50500000","1,04105000",,76.076366,76366,Seine-Maritime,28.0,Normandie,50.0,7.0,2.0,2,1.0,28,Normandie,76,3,24,LeHoulme,4133,32,4165.0
202300011030,1.0,1,1,1,0.0,8.0,-1.0, -1,-1.0,1976.0,A01,8,7,2023,20:00,1,76.0,76498,2,6,1.0,2.0,Rue Pablo Neruda,"49,42590000","1,05900000",,76.076498,76498,Seine-Maritime,28.0,Normandie,50.0,4.0,2.0,2,2.0,28,Normandie,76,3,27,LePetit-Quevilly,21782,274,22056.0
202300011030,1.0,1,1,2,9.0,1.0,-1.0, -1,-1.0,2004.0,B01,8,7,2023,20:00,1,76.0,76498,2,6,1.0,2.0,Rue Pablo Neruda,"49,42590000","1,05900000",,76.076498,76498,Seine-Maritime,28.0,Normandie,50.0,4.0,2.0,2,2.0,28,Normandie,76,3,27,LePetit-Quevilly,21782,274,22056.0
202300011030,10.0,3,4,2,9.0,0.0,9.0,B,1.0,1976.0,B01,8,7,2023,20:00,1,76.0,76498,2,6,1.0,2.0,Rue Pablo Neruda,"49,42590000","1,05900000",,76.076498,76498,Seine-Maritime,28.0,Normandie,50.0,4.0,2.0,2,2.0,28,Normandie,76,3,27,LePetit-Quevilly,21782,274,22056.0
202300011068,2.0,2,4,2,0.0,1.0,-1.0, -1,-1.0,1989.0,A01,27,12,2023,15:50,1,76.0,76351,2,3,1.0,6.0,ROMAIN ROLLAND (RUE),"49,50647000","0,11165000",,76.076351,76351,Seine-Maritime,28.0,Normandie,50.0,4.0,1.0,1,1.0,28,Normandie,76,2,96,LeHavre,166058,1780,167838.0
202300011068,1.0,1,1,1,0.0,1.0,-1.0, -1,-1.0,1990.0,A01,27,12,2023,15:50,1,76.0,76351,2,3,1.0,6.0,ROMAIN ROLLAND (RUE),"49,50647000","0,11165000",,76.076351,76351,Seine-Maritime,28.0,Normandie,50.0,4.0,1.0,1,1.0,28,Normandie,76,2,96,LeHavre,166058,1780,167838.0
202300011346,1.0,1,3,1,0.0,2.0,-1.0, -1,-1.0,1955.0,A01,17,9,2023,11:35,1,76.0,76351,2,3,1.0,7.0,FRISSARD (QUAI),"49,48967000","0,12468000",,76.076351,76351,Seine-Maritime,28.0,Normandie,50.0,4.0,2.0,2,2.0,28,Normandie,76,2,96,LeHavre,166058,1780,167838.0
202300011347,10.0,3,4,2,5.0,0.0,2.0,3,2.0,2018.0,A01,15,9,2023,17:40,1,76.0,76447,2,1,1.0,6.0,ANCIENNE HUILERIE (PLACE),"49,54451200","0,18786100",,76.076447,76447,Seine-Maritime,28.0,Normandie,-1.0,4.0,1.0,0,1.0,28,Normandie,76,2,15,Montivilliers,15457,203,15660.0
202300011347,1.0,1,1,1,5.0,1.0,-1.0, -1,-1.0,1960.0,A01,15,9,2023,17:40,1,76.0,76447,2,1,1.0,6.0,ANCIENNE HUILERIE (PLACE),"49,54451200","0,18786100",,76.076447,76447,Seine-Maritime,28.0,Normandie,-1.0,4.0,1.0,0,1.0,28,Normandie,76,2,15,Montivilliers,15457,203,15660.0
202300011348,1.0,1,1,1,0.0,1.0,-1.0, -1,-1.0,1989.0,B01,15,9,2023,16:45,1,76.0,76447,1,1,1.0,2.0,RD 489,"49,53966202","0,20851065",,76.076447,76447,Seine-Maritime,28.0,Normandie,90.0,3.0,3.0,4,1.0,28,Normandie,76,2,15,Montivilliers,15457,203,15660.0
202300011348,1.0,1,4,1,0.0,2.0,-1.0, -1,-1.0,2002.0,A01,15,9,2023,16:45,1,76.0,76447,1,1,1.0,2.0,RD 489,"49,53966202","0,20851065",,76.076447,76447,Seine-Maritime,28.0,Normandie,90.0,3.0,3.0,4,1.0,28,Normandie,76,2,15,Montivilliers,15457,203,15660.0
202300011560,1.0,1,1,1,5.0,1.0,-1.0, -1,-1.0,1935.0,A01,18,10,2023,14:50,1,76.0,76351,2,3,2.0,6.0,FRERE CONSTANCE,"49,49022105","0,10063836",,76.076351,76351,Seine-Maritime,28.0,Normandie,-1.0,4.0,3.0, -1,2.0,28,Normandie,76,2,96,LeHavre,166058,1780,167838.0
202300011560,10.0,3,4,2,3.0,0.0,3.0,3,1.0,1969.0,A01,18,10,2023,14:50,1,76.0,76351,2,3,2.0,6.0,FRERE CONSTANCE,"49,49022105","0,10063836",,76.076351,76351,Seine-Maritime,28.0,Normandie,-1.0,4.0,3.0, -1,2.0,28,Normandie,76,2,96,LeHavre,166058,1780,167838.0
202300011645,1.0,1,2,1,5.0,0.0,-1.0, -1,-1.0,1976.0,A01,5,2,2023,04:20,5,76.0,76484,1,6,1.0,6.0,D18 E,"49,34553641","1,07718945",,76.076484,76484,Seine-Maritime,28.0,Normandie,70.0,7.0,3.0,4,1.0,28,Normandie,76,3,31,Oissel,12367,83,12450.0
202300011647,1.0,1,1,2,5.0,1.0,-1.0, -1,-1.0,1991.0,B01,5,2,2023,02:15,5,76.0,76540,2,2,1.0,3.0,Avenue de Bretagne,"49,43329000","1,08529000",,76.076540,76540,Seine-Maritime,28.0,Normandie,30.0,7.0,2.0,2,1.0,28,Normandie,76,3,97,Rouen,114083,1556,115639.0
202300011647,3.0,2,1,1,0.0,1.0,-1.0, -1,-1.0,1995.0,B01,5,2,2023,02:15,5,76.0,76540,2,2,1.0,3.0,Avenue de Bretagne,"49,43329000","1,08529000",,76.076540,76540,Seine-Maritime,28.0,Normandie,30.0,7.0,2.0,2,1.0,28,Normandie,76,3,97,Rouen,114083,1556,115639.0
202300011647,2.0,2,4,2,5.0,1.0,-1.0, -1,-1.0,1990.0,B01,5,2,2023,02:15,5,76.0,76540,2,2,1.0,3.0,Avenue de Bretagne,"49,43329000","1,08529000",,76.076540,76540,Seine-Maritime,28.0,Normandie,30.0,7.0,2.0,2,1.0,28,Normandie,76,3,97,Rouen,114083,1556,115639.0
202300011647,1.0,1,4,1,0.0,1.0,-1.0, -1,-1.0,2000.0,A01,5,2,2023,02:15,5,76.0,76540,2,2,1.0,3.0,Avenue de Bretagne,"49,43329000","1,08529000",,76.076540,76540,Seine-Maritime,28.0,Normandie,30.0,7.0,2.0,2,1.0,28,Normandie,76,3,97,Rouen,114083,1556,115639.0