Num_Acc,place,catu,grav,sexe,trajet,secu,locp,actp,etatp,an_nais,num_veh,jour,mois,an,hrmn,lum,dep,com,agg,int,atm,col,adr,lat,long,gps,com_insee_temp,com_insee,departmentName,regionCode,regionName,vma,catr,circ,nbv,surf,Code,Region,Departement,Arrondissement,Code_Canton,Nom_Commune,Population_municipaLe,Population_comptee_a_part,Population_Totale
202300011853,1.0,1,4,1,5.0,2.0,-1.0, -1,-1.0,2005.0,A01,25,4,2023,23:10,5,76.0,76351,2,1,1.0,7.0,CLAUDE MONET,"49,50140000","0,08878000",,76.076351,76351,Seine-Maritime,28.0,Normandie,50.0,4.0,2.0,2,1.0,28,Normandie,76,2,96,LeHavre,166058,1780,167838.0
202300011854,2.0,2,4,1,0.0,3.0,-1.0, -1,-1.0,2020.0,B01,27,4,2023,15:40,1,76.0,76349,1,3,1.0,3.0,OUVILLE (ROUTE D'),"49,89246200","1,03999000",,76.076349,76349,Seine-Maritime,28.0,Normandie,80.0,3.0,2.0,2,1.0,28,Normandie,76,1,7,Hautot-sur-Mer,1887,46,1933.0
202300011854,1.0,1,4,2,0.0,1.0,-1.0, -1,-1.0,1993.0,B01,27,4,2023,15:40,1,76.0,76349,1,3,1.0,3.0,OUVILLE (ROUTE D'),"49,89246200","1,03999000",,76.076349,76349,Seine-Maritime,28.0,Normandie,80.0,3.0,2.0,2,1.0,28,Normandie,76,1,7,Hautot-sur-Mer,1887,46,1933.0
202300011854,4.0,2,4,1,0.0,1.0,-1.0, -1,-1.0,2018.0,B01,27,4,2023,15:40,1,76.0,76349,1,3,1.0,3.0,OUVILLE (ROUTE D'),"49,89246200","1,03999000",,76.076349,76349,Seine-Maritime,28.0,Normandie,80.0,3.0,2.0,2,1.0,28,Normandie,76,1,7,Hautot-sur-Mer,1887,46,1933.0
202300011854,2.0,2,3,2,5.0,1.0,-1.0, -1,-1.0,1937.0,A01,27,4,2023,15:40,1,76.0,76349,1,3,1.0,3.0,OUVILLE (ROUTE D'),"49,89246200","1,03999000",,76.076349,76349,Seine-Maritime,28.0,Normandie,80.0,3.0,2.0,2,1.0,28,Normandie,76,1,7,Hautot-sur-Mer,1887,46,1933.0
202300011854,1.0,1,3,1,5.0,1.0,-1.0, -1,-1.0,1936.0,A01,27,4,2023,15:40,1,76.0,76349,1,3,1.0,3.0,OUVILLE (ROUTE D'),"49,89246200","1,03999000",,76.076349,76349,Seine-Maritime,28.0,Normandie,80.0,3.0,2.0,2,1.0,28,Normandie,76,1,7,Hautot-sur-Mer,1887,46,1933.0
202300011855,1.0,1,4,2,0.0,1.0,-1.0, -1,-1.0,1966.0,A01,25,3,2023,17:15,1,76.0,76114,2,1,1.0,6.0,PASSAS JULES (BOULEVARD),"49,56755000","0,47260000",,76.076114,76114,Seine-Maritime,28.0,Normandie,50.0,4.0,-1.0,2,1.0,28,Normandie,76,2,3,Bolbec,11635,147,11782.0
202300011985,1.0,1,4,1,5.0,0.0,0.0,0,-1.0,1992.0,A01,22,11,2023,19:40,5,76.0,76655,2,7,1.0,3.0,Place de l'Hotel de Ville,"49,86887900","0,71316700",,76.076655,76655,Seine-Maritime,28.0,Normandie,50.0,6.0,-1.0, -1,1.0,28,Normandie,76,1,33,Saint-Valery-en-Caux,3915,162,4077.0
202300011985,1.0,1,1,1,5.0,1.0,0.0,0,-1.0,1992.0,B01,22,11,2023,19:40,5,76.0,76655,2,7,1.0,3.0,Place de l'Hotel de Ville,"49,86887900","0,71316700",,76.076655,76655,Seine-Maritime,28.0,Normandie,50.0,6.0,-1.0, -1,1.0,28,Normandie,76,1,33,Saint-Valery-en-Caux,3915,162,4077.0
202300012124,1.0,1,1,1,5.0,1.0,-1.0, -1,-1.0,1967.0,A01,3,6,2023,23:00,5,76.0,76681,2,3,1.0,1.0,Rue Pierre Corneille,"49,42334100","1,08977900",,76.076681,76681,Seine-Maritime,28.0,Normandie,30.0,7.0,2.0,2,1.0,28,Normandie,76,3,99,Sotteville-lès-Rouen,28965,475,29440.0
202300012124,1.0,1,4,2,5.0,1.0,-1.0, -1,-1.0,1963.0,B01,3,6,2023,23:00,5,76.0,76681,2,3,1.0,1.0,Rue Pierre Corneille,"49,42334100","1,08977900",,76.076681,76681,Seine-Maritime,28.0,Normandie,30.0,7.0,2.0,2,1.0,28,Normandie,76,3,99,Sotteville-lès-Rouen,28965,475,29440.0
202300012214,1.0,1,1,2,5.0,8.0,-1.0, -1,-1.0,1990.0,A01,12,8,2023,18:47,1,76.0,76114,2,1,1.0,6.0,MARTYRS DE LA RESISTANCE (RUE DES),"49,57349000","0,47737000",,76.076114,76114,Seine-Maritime,28.0,Normandie,30.0,3.0,2.0,2,1.0,28,Normandie,76,2,3,Bolbec,11635,147,11782.0
202300012214,10.0,3,4,1,5.0,0.0,3.0,3,2.0,2007.0,A01,12,8,2023,18:47,1,76.0,76114,2,1,1.0,6.0,MARTYRS DE LA RESISTANCE (RUE DES),"49,57349000","0,47737000",,76.076114,76114,Seine-Maritime,28.0,Normandie,30.0,3.0,2.0,2,1.0,28,Normandie,76,2,3,Bolbec,11635,147,11782.0
202300012321,1.0,1,1,1,0.0,1.0,-1.0, -1,-1.0,1933.0,A01,20,11,2023,12:00,1,76.0,76351,2,6,2.0,6.0,LOUIS BLANC,"49,50710100","0,12848300",,76.076351,76351,Seine-Maritime,28.0,Normandie,50.0,4.0,1.0,2,2.0,28,Normandie,76,2,96,LeHavre,166058,1780,167838.0
202300012321,10.0,3,4,2,1.0,0.0,3.0,3,1.0,1999.0,A01,20,11,2023,12:00,1,76.0,76351,2,6,2.0,6.0,LOUIS BLANC,"49,50710100","0,12848300",,76.076351,76351,Seine-Maritime,28.0,Normandie,50.0,4.0,1.0,2,2.0,28,Normandie,76,2,96,LeHavre,166058,1780,167838.0
202300012327,1.0,1,1,1,5.0,1.0,-1.0, -1,-1.0,1947.0,A01,21,11,2023,08:35,4,76.0,76217,2,9,3.0,6.0,BERIGNY (BOULEVARD),"49,92000000","1,08000000",,76.076217,76217,Seine-Maritime,28.0,Normandie,50.0,6.0,-1.0, -1,2.0,28,Normandie,76,1,95,Dieppe,28358,455,28813.0
202300012327,10.0,3,3,2,5.0,0.0,3.0,3,1.0,1967.0,A01,21,11,2023,08:35,4,76.0,76217,2,9,3.0,6.0,BERIGNY (BOULEVARD),"49,92000000","1,08000000",,76.076217,76217,Seine-Maritime,28.0,Normandie,50.0,6.0,-1.0, -1,2.0,28,Normandie,76,1,95,Dieppe,28358,455,28813.0
202300012408,1.0,1,1,1,0.0,1.0,-1.0, -1,-1.0,1967.0,A01,6,7,2023,11:50,1,76.0,76540,2,2,1.0,6.0,Rue de la Roche,"49,44514000","1,10337000",,76.076540,76540,Seine-Maritime,28.0,Normandie,30.0,4.0,1.0,1,1.0,28,Normandie,76,3,97,Rouen,114083,1556,115639.0
202300012408,10.0,3,3,2,0.0,0.0,9.0,B,1.0,1964.0,A01,6,7,2023,11:50,1,76.0,76540,2,2,1.0,6.0,Rue de la Roche,"49,44514000","1,10337000",,76.076540,76540,Seine-Maritime,28.0,Normandie,30.0,4.0,1.0,1,1.0,28,Normandie,76,3,97,Rouen,114083,1556,115639.0
202300012543,1.0,1,3,2,1.0,2.0,-1.0, -1,-1.0,1991.0,A01,7,7,2023,21:45,2,76.0,76484,1,1,1.0,6.0,Route des Essarts,"49,34318313","1,07347369",,76.076484,76484,Seine-Maritime,28.0,Normandie,80.0,7.0,2.0,2,1.0,28,Normandie,76,3,31,Oissel,12367,83,12450.0
202300012548,1.0,1,1,1,1.0,1.0,-1.0, -1,-1.0,1974.0,A01,7,7,2023,03:36,5,76.0,76540,2,2,1.0,3.0,Boulevard de l'Europe,"49,43456065","1,07646865",,76.076540,76540,Seine-Maritime,28.0,Normandie,50.0,7.0,2.0,4,1.0,28,Normandie,76,3,97,Rouen,114083,1556,115639.0
202300012548,1.0,1,2,1,1.0,8.0,0.0,0,-1.0,2000.0,B01,7,7,2023,03:36,5,76.0,76540,2,2,1.0,3.0,Boulevard de l'Europe,"49,43456065","1,07646865",,76.076540,76540,Seine-Maritime,28.0,Normandie,50.0,7.0,2.0,4,1.0,28,Normandie,76,3,97,Rouen,114083,1556,115639.0
202300012560,1.0,1,1,1,0.0,1.0,-1.0, -1,-1.0,1979.0,A01,26,12,2023,21:30,5,76.0,76351,2,3,1.0,3.0,ANDREI SAKHAROV (RUE),"49,50484000","0,17179000",,76.076351,76351,Seine-Maritime,28.0,Normandie,50.0,4.0,2.0,2,1.0,28,Normandie,76,2,96,LeHavre,166058,1780,167838.0
202300012560,1.0,1,4,2,0.0,1.0,-1.0, -1,-1.0,1983.0,B01,26,12,2023,21:30,5,76.0,76351,2,3,1.0,3.0,ANDREI SAKHAROV (RUE),"49,50484000","0,17179000",,76.076351,76351,Seine-Maritime,28.0,Normandie,50.0,4.0,2.0,2,1.0,28,Normandie,76,2,96,LeHavre,166058,1780,167838.0
202300012635,1.0,1,4,1,3.0,1.0,0.0,0,-1.0,1953.0,A01,14,8,2023,18:45,1,76.0,76057,2,1,1.0,3.0,avenue du président kennedy,"49,54959700","0,94240300",,76.076057,76057,Seine-Maritime,28.0,Normandie,50.0,3.0,2.0,1,1.0,28,Normandie,76,3,1,Barentin,12154,238,12392.0
202300012635,1.0,1,3,1,5.0,1.0,0.0,0,-1.0,2001.0,B01,14,8,2023,18:45,1,76.0,76057,2,1,1.0,3.0,avenue du président kennedy,"49,54959700","0,94240300",,76.076057,76057,Seine-Maritime,28.0,Normandie,50.0,3.0,2.0,1,1.0,28,Normandie,76,3,1,Barentin,12154,238,12392.0
202300012701,1.0,1,1,1,4.0,1.0,-1.0, -1,-1.0,1979.0,B01,2,6,2023,13:20,1,76.0,76540,2,3,1.0,3.0,Boulevard de l'Yser,"49,44769000","1,10206000",,76.076540,76540,Seine-Maritime,28.0,Normandie,50.0,7.0,2.0,2,1.0,28,Normandie,76,3,97,Rouen,114083,1556,115639.0
202300012701,1.0,1,3,1,4.0,2.0,-1.0, -1,-1.0,1982.0,A01,2,6,2023,13:20,1,76.0,76540,2,3,1.0,3.0,Boulevard de l'Yser,"49,44769000","1,10206000",,76.076540,76540,Seine-Maritime,28.0,Normandie,50.0,7.0,2.0,2,1.0,28,Normandie,76,3,97,Rouen,114083,1556,115639.0
202300012706,1.0,1,4,2,5.0,1.0,-1.0, -1,-1.0,2003.0,B01,1,6,2023,12:50,1,76.0,76351,2,3,1.0,2.0,Rue Socrate,"49,51656100","0,15603400",,76.076351,76351,Seine-Maritime,28.0,Normandie,50.0,4.0,2.0,2,1.0,28,Normandie,76,2,96,LeHavre,166058,1780,167838.0
202300012706,1.0,1,1,-1,-1.0,-1.0,-1.0, -1,-1.0,,A01,1,6,2023,12:50,1,76.0,76351,2,3,1.0,2.0,Rue Socrate,"49,51656100","0,15603400",,76.076351,76351,Seine-Maritime,28.0,Normandie,50.0,4.0,2.0,2,1.0,28,Normandie,76,2,96,LeHavre,166058,1780,167838.0
202300012729,1.0,1,1,2,5.0,1.0,-1.0, -1,-1.0,2000.0,A01,13,8,2023,01:40,5,76.0,76540,2,1,1.0,6.0,Avenue de Bretagne,"49,43383200","1,08548300",,76.076540,76540,Seine-Maritime,28.0,Normandie,50.0,7.0,2.0,3,1.0,28,Normandie,76,3,97,Rouen,114083,1556,115639.0
202300012729,2.0,2,1,2,0.0,1.0,-1.0, -1,-1.0,2002.0,A01,13,8,2023,01:40,5,76.0,76540,2,1,1.0,6.0,Avenue de Bretagne,"49,43383200","1,08548300",,76.076540,76540,Seine-Maritime,28.0,Normandie,50.0,7.0,2.0,3,1.0,28,Normandie,76,3,97,Rouen,114083,1556,115639.0
202300012729,10.0,3,4,1,0.0,0.0,9.0,B,1.0,1986.0,A01,13,8,2023,01:40,5,76.0,76540,2,1,1.0,6.0,Avenue de Bretagne,"49,43383200","1,08548300",,76.076540,76540,Seine-Maritime,28.0,Normandie,50.0,7.0,2.0,3,1.0,28,Normandie,76,3,97,Rouen,114083,1556,115639.0
202300012734,4.0,2,4,1,0.0,1.0,-1.0, -1,-1.0,2016.0,A01,12,8,2023,13:30,1,76.0,76410,1,1,1.0,7.0,A150,"49,46838669","1,03542253",,76.076410,76410,Seine-Maritime,28.0,Normandie,110.0,1.0,3.0,4,1.0,28,Normandie,76,3,4,Maromme,11024,122,11146.0
202300012734,1.0,1,4,2,5.0,1.0,-1.0, -1,-1.0,1989.0,A01,12,8,2023,13:30,1,76.0,76410,1,1,1.0,7.0,A150,"49,46838669","1,03542253",,76.076410,76410,Seine-Maritime,28.0,Normandie,110.0,1.0,3.0,4,1.0,28,Normandie,76,3,4,Maromme,11024,122,11146.0
202300012734,5.0,2,4,2,0.0,1.0,-1.0, -1,-1.0,2016.0,A01,12,8,2023,13:30,1,76.0,76410,1,1,1.0,7.0,A150,"49,46838669","1,03542253",,76.076410,76410,Seine-Maritime,28.0,Normandie,110.0,1.0,3.0,4,1.0,28,Normandie,76,3,4,Maromme,11024,122,11146.0
202300012734,3.0,2,4,2,0.0,1.0,-1.0, -1,-1.0,2021.0,A01,12,8,2023,13:30,1,76.0,76410,1,1,1.0,7.0,A150,"49,46838669","1,03542253",,76.076410,76410,Seine-Maritime,28.0,Normandie,110.0,1.0,3.0,4,1.0,28,Normandie,76,3,4,Maromme,11024,122,11146.0
202300012764,1.0,1,4,1,0.0,1.0,0.0,0,-1.0,2000.0,A01,27,12,2023,23:50,3,76.0,76584,1,1,1.0,7.0,A28,"49,74734800","1,47802600",,76.076584,76584,Seine-Maritime,28.0,Normandie,130.0,1.0,3.0,2,1.0,28,Normandie,76,1,23,Saint-Germain-sur-Eaulne,222,4,226.0
202300012819,1.0,1,4,1,0.0,0.0,2.0,3,1.0,1957.0,B01,18,3,2023,17:55,1,76.0,76540,2,3,2.0,3.0,Quai Cavelier de la Salle,"49,43804000","1,08293000",,76.076540,76540,Seine-Maritime,28.0,Normandie,50.0,4.0,2.0,2,2.0,28,Normandie,76,3,97,Rouen,114083,1556,115639.0
202300012819,1.0,1,1,2,5.0,1.0,-1.0, -1,-1.0,1986.0,A01,18,3,2023,17:55,1,76.0,76540,2,3,2.0,3.0,Quai Cavelier de la Salle,"49,43804000","1,08293000",,76.076540,76540,Seine-Maritime,28.0,Normandie,50.0,4.0,2.0,2,2.0,28,Normandie,76,3,97,Rouen,114083,1556,115639.0
202300012978,1.0,1,3,1,3.0,0.0,0.0,0,-1.0,2020.0,B01,18,3,2023,16:20,1,76.0,76302,2,1,1.0,1.0,Rue de la Voie Romaine,"49,64440200","0,37391100",,76.076302,76302,Seine-Maritime,28.0,Normandie,50.0,6.0,2.0,2,1.0,28,Normandie,76,2,32,GodervilLe2839,39,2878,
202300012978,1.0,1,1,1,3.0,1.0,0.0,0,-1.0,1951.0,A01,18,3,2023,16:20,1,76.0,76302,2,1,1.0,1.0,Rue de la Voie Romaine,"49,64440200","0,37391100",,76.076302,76302,Seine-Maritime,28.0,Normandie,50.0,6.0,2.0,2,1.0,28,Normandie,76,2,32,GodervilLe2839,39,2878,
202300012984,1.0,1,1,2,4.0,1.0,-1.0, -1,-1.0,1981.0,A01,26,12,2023,12:15,1,76.0,76351,2,3,1.0,3.0,CAVEE VERTE (RUE DE LA),"49,50588000","0,11680000",,76.076351,76351,Seine-Maritime,28.0,Normandie,50.0,4.0,2.0,4,1.0,28,Normandie,76,2,96,LeHavre,166058,1780,167838.0
202300012984,1.0,1,4,1,0.0,2.0,-1.0, -1,-1.0,1996.0,B01,26,12,2023,12:15,1,76.0,76351,2,3,1.0,3.0,CAVEE VERTE (RUE DE LA),"49,50588000","0,11680000",,76.076351,76351,Seine-Maritime,28.0,Normandie,50.0,4.0,2.0,4,1.0,28,Normandie,76,2,96,LeHavre,166058,1780,167838.0
202300012987,1.0,1,4,2,5.0,2.0,-1.0, -1,-1.0,1998.0,A01,26,12,2023,02:20,5,76.0,76351,2,1,1.0,7.0,GOBELINS (DES),"49,49783000","0,10456000",,76.076351,76351,Seine-Maritime,28.0,Normandie,50.0,4.0,2.0,2,1.0,28,Normandie,76,2,96,LeHavre,166058,1780,167838.0
202300012989,1.0,1,4,1,5.0,1.0,-1.0, -1,-1.0,2004.0,A01,22,12,2023,20:40,3,76.0,76270,1,1,1.0,6.0,RD 6382,"49,53031000","0,12958000",,76.076270,76270,Seine-Maritime,28.0,Normandie,90.0,3.0,3.0,2,1.0,28,Normandie,76,2,26,Fontaine-la-Mallet,2635,54,2689.0
202300012993,2.0,2,1,2,5.0,0.0,-1.0, -1,-1.0,2006.0,A01,22,12,2023,20:15,5,76.0,76305,2,6,2.0,3.0,Jacques EBERHARD (Avenue),"49,51098000","0,22932000",,76.076305,76305,Seine-Maritime,28.0,Normandie,50.0,4.0,2.0,2,2.0,28,Normandie,76,2,16,Gonfreville-l'Orcher,8961,44,9005.0
202300012993,1.0,1,4,1,0.0,2.0,-1.0, -1,-1.0,2006.0,A01,22,12,2023,20:15,5,76.0,76305,2,6,2.0,3.0,Jacques EBERHARD (Avenue),"49,51098000","0,22932000",,76.076305,76305,Seine-Maritime,28.0,Normandie,50.0,4.0,2.0,2,2.0,28,Normandie,76,2,16,Gonfreville-l'Orcher,8961,44,9005.0
202300012993,1.0,1,1,-1,-1.0,-1.0,-1.0, -1,-1.0,,Z01,22,12,2023,20:15,5,76.0,76305,2,6,2.0,3.0,Jacques EBERHARD (Avenue),"49,51098000","0,22932000",,76.076305,76305,Seine-Maritime,28.0,Normandie,50.0,4.0,2.0,2,2.0,28,Normandie,76,2,16,Gonfreville-l'Orcher,8961,44,9005.0
202300013129,1.0,1,1,1,5.0,1.0,-1.0, -1,-1.0,1993.0,B01,17,3,2023,19:00,2,76.0,76157,2,3,1.0,3.0,Cote de Canteleu,"49,44515000","1,04208000",,76.076157,76157,Seine-Maritime,28.0,Normandie,50.0,7.0,2.0,2,1.0,28,Normandie,76,3,4,Canteleu,13966,360,14326.0
202300013129,2.0,2,4,2,5.0,1.0,-1.0, -1,-1.0,1993.0,B01,17,3,2023,19:00,2,76.0,76157,2,3,1.0,3.0,Cote de Canteleu,"49,44515000","1,04208000",,76.076157,76157,Seine-Maritime,28.0,Normandie,50.0,7.0,2.0,2,1.0,28,Normandie,76,3,4,Canteleu,13966,360,14326.0
202300013129,1.0,1,1,2,5.0,1.0,-1.0, -1,-1.0,1995.0,A01,17,3,2023,19:00,2,76.0,76157,2,3,1.0,3.0,Cote de Canteleu,"49,44515000","1,04208000",,76.076157,76157,Seine-Maritime,28.0,Normandie,50.0,7.0,2.0,2,1.0,28,Normandie,76,3,4,Canteleu,13966,360,14326.0
202300013129,2.0,2,4,1,5.0,1.0,-1.0, -1,-1.0,1998.0,A01,17,3,2023,19:00,2,76.0,76157,2,3,1.0,3.0,Cote de Canteleu,"49,44515000","1,04208000",,76.076157,76157,Seine-Maritime,28.0,Normandie,50.0,7.0,2.0,2,1.0,28,Normandie,76,3,4,Canteleu,13966,360,14326.0
202300013131,1.0,1,4,1,5.0,2.0,-1.0, -1,-1.0,2006.0,B01,16,3,2023,16:25,1,76.0,76351,2,2,1.0,3.0,GABRIEL PERI,"49,49390000","0,11834000",,76.076351,76351,Seine-Maritime,28.0,Normandie,50.0,4.0,1.0,1,1.0,28,Normandie,76,2,96,LeHavre,166058,1780,167838.0
202300013131,1.0,1,1,2,0.0,1.0,-1.0, -1,-1.0,1981.0,A01,16,3,2023,16:25,1,76.0,76351,2,2,1.0,3.0,GABRIEL PERI,"49,49390000","0,11834000",,76.076351,76351,Seine-Maritime,28.0,Normandie,50.0,4.0,1.0,1,1.0,28,Normandie,76,2,96,LeHavre,166058,1780,167838.0
202300013267,10.0,3,4,2,3.0,0.0,3.0,3,2.0,1968.0,A01,12,9,2023,14:25,1,76.0,76272,2,9,1.0,6.0,Rue Edouard Loisel,"49,81308600","0,85028700",,76.076272,76272,Seine-Maritime,28.0,Normandie,50.0,3.0,2.0,2,1.0,28,Normandie,76,1,33,Fontaine-le-Dun,885,10,895.0
202300013267,1.0,1,1,2,9.0,1.0,0.0,0,-1.0,1955.0,A01,12,9,2023,14:25,1,76.0,76272,2,9,1.0,6.0,Rue Edouard Loisel,"49,81308600","0,85028700",,76.076272,76272,Seine-Maritime,28.0,Normandie,50.0,3.0,2.0,2,1.0,28,Normandie,76,1,33,Fontaine-le-Dun,885,10,895.0
202300013589,1.0,1,4,1,5.0,2.0,-1.0, -1,-1.0,1994.0,B01,18,10,2023,18:45,2,76.0,76498,2,1,6.0,3.0,Boulevard Charles de Gaulle,"49,42250000","1,06638000",,76.076498,76498,Seine-Maritime,28.0,Normandie,50.0,4.0,2.0,2,2.0,28,Normandie,76,3,27,LePetit-Quevilly,21782,274,22056.0
202300013589,1.0,1,1,1,5.0,1.0,-1.0, -1,-1.0,1999.0,A01,18,10,2023,18:45,2,76.0,76498,2,1,6.0,3.0,Boulevard Charles de Gaulle,"49,42250000","1,06638000",,76.076498,76498,Seine-Maritime,28.0,Normandie,50.0,4.0,2.0,2,2.0,28,Normandie,76,3,27,LePetit-Quevilly,21782,274,22056.0
202300013590,1.0,1,4,2,5.0,2.0,-1.0, -1,-1.0,1989.0,A01,18,10,2023,09:15,1,76.0,76351,2,2,2.0,7.0,JEAN CHARCOT,"49,49853000","0,10079000",,76.076351,76351,Seine-Maritime,28.0,Normandie,50.0,4.0,1.0,3,2.0,28,Normandie,76,2,96,LeHavre,166058,1780,167838.0
202300013590,2.0,2,4,2,0.0,2.0,-1.0, -1,-1.0,2021.0,A01,18,10,2023,09:15,1,76.0,76351,2,2,2.0,7.0,JEAN CHARCOT,"49,49853000","0,10079000",,76.076351,76351,Seine-Maritime,28.0,Normandie,50.0,4.0,1.0,3,2.0,28,Normandie,76,2,96,LeHavre,166058,1780,167838.0
202300013657,1.0,1,2,1,5.0,0.0,0.0,0,-1.0,1953.0,A01,28,4,2023,13:00,1,76.0,76232,2,1,8.0,7.0,Rue des Wagands,"49,79729200","0,47142500",,76.076232,76232,Seine-Maritime,28.0,Normandie,50.0,4.0,2.0,2,1.0,28,Normandie,76,2,11,Életot,634,8,642.0
202300013659,1.0,1,4,1,5.0,2.0,0.0,0,-1.0,2005.0,B01,29,4,2023,16:10,1,76.0,76524,2,2,1.0,3.0,D50,"49,75140200","0,86632400",,76.076524,76524,Seine-Maritime,28.0,Normandie,50.0,3.0,2.0,2,1.0,28,Normandie,76,3,35,ReuvilLe143,2,145,
202300013659,2.0,2,3,2,5.0,2.0,0.0,0,-1.0,2007.0,B01,29,4,2023,16:10,1,76.0,76524,2,2,1.0,3.0,D50,"49,75140200","0,86632400",,76.076524,76524,Seine-Maritime,28.0,Normandie,50.0,3.0,2.0,2,1.0,28,Normandie,76,3,35,ReuvilLe143,2,145,
202300013659,1.0,1,1,1,5.0,1.0,0.0,0,-1.0,2003.0,A01,29,4,2023,16:10,1,76.0,76524,2,2,1.0,3.0,D50,"49,75140200","0,86632400",,76.076524,76524,Seine-Maritime,28.0,Normandie,50.0,3.0,2.0,2,1.0,28,Normandie,76,3,35,ReuvilLe143,2,145,
202300013833,1.0,1,4,1,4.0,1.0,-1.0, -1,-1.0,1969.0,A01,26,4,2023,13:00,1,76.0,76575,2,1,1.0,5.0,Rue de l'Industrie,"49,37963000","1,10936000",,76.076575,76575,Seine-Maritime,28.0,Normandie,50.0,4.0,2.0,2,1.0,28,Normandie,76,3,98,Saint-Étienne-du-Rouvray,28508,225,28733.0
202300013833,3.0,2,1,1,4.0,1.0,-1.0, -1,-1.0,2010.0,C01,26,4,2023,13:00,1,76.0,76575,2,1,1.0,5.0,Rue de l'Industrie,"49,37963000","1,10936000",,76.076575,76575,Seine-Maritime,28.0,Normandie,50.0,4.0,2.0,2,1.0,28,Normandie,76,3,98,Saint-Étienne-du-Rouvray,28508,225,28733.0
202300013833,4.0,2,4,2,5.0,1.0,-1.0, -1,-1.0,2012.0,C01,26,4,2023,13:00,1,76.0,76575,2,1,1.0,5.0,Rue de l'Industrie,"49,37963000","1,10936000",,76.076575,76575,Seine-Maritime,28.0,Normandie,50.0,4.0,2.0,2,1.0,28,Normandie,76,3,98,Saint-Étienne-du-Rouvray,28508,225,28733.0
202300013833,2.0,2,1,2,5.0,1.0,-1.0, -1,-1.0,1971.0,C01,26,4,2023,13:00,1,76.0,76575,2,1,1.0,5.0,Rue de l'Industrie,"49,37963000","1,10936000",,76.076575,76575,Seine-Maritime,28.0,Normandie,50.0,4.0,2.0,2,1.0,28,Normandie,76,3,98,Saint-Étienne-du-Rouvray,28508,225,28733.0
202300013833,1.0,1,1,1,5.0,1.0,-1.0, -1,-1.0,1972.0,C01,26,4,2023,13:00,1,76.0,76575,2,1,1.0,5.0,Rue de l'Industrie,"49,37963000","1,10936000",,76.076575,76575,Seine-Maritime,28.0,Normandie,50.0,4.0,2.0,2,1.0,28,Normandie,76,3,98,Saint-Étienne-du-Rouvray,28508,225,28733.0
202300013833,2.0,2,4,2,0.0,1.0,-1.0, -1,-1.0,1971.0,B01,26,4,2023,13:00,1,76.0,76575,2,1,1.0,5.0,Rue de l'Industrie,"49,37963000","1,10936000",,76.076575,76575,Seine-Maritime,28.0,Normandie,50.0,4.0,2.0,2,1.0,28,Normandie,76,3,98,Saint-Étienne-du-Rouvray,28508,225,28733.0
202300013833,6.0,2,4,1,5.0,1.0,-1.0, -1,-1.0,2017.0,B01,26,4,2023,13:00,1,76.0,76575,2,1,1.0,5.0,Rue de l'Industrie,"49,37963000","1,10936000",,76.076575,76575,Seine-Maritime,28.0,Normandie,50.0,4.0,2.0,2,1.0,28,Normandie,76,3,98,Saint-Étienne-du-Rouvray,28508,225,28733.0
202300013833,1.0,1,4,1,9.0,1.0,-1.0, -1,-1.0,1972.0,B01,26,4,2023,13:00,1,76.0,76575,2,1,1.0,5.0,Rue de l'Industrie,"49,37963000","1,10936000",,76.076575,76575,Seine-Maritime,28.0,Normandie,50.0,4.0,2.0,2,1.0,28,Normandie,76,3,98,Saint-Étienne-du-Rouvray,28508,225,28733.0
202300013834,10.0,3,4,2,0.0,0.0,3.0,3,1.0,1956.0,A01,25,4,2023,17:00,1,76.0,76351,2,2,1.0,6.0,GUSTAVE FLAUBERT,"49,49792400","0,11158800",,76.076351,76351,Seine-Maritime,28.0,Normandie,50.0,4.0,1.0,1,1.0,28,Normandie,76,2,96,LeHavre,166058,1780,167838.0
202300013834,1.0,1,1,2,1.0,1.0,-1.0, -1,-1.0,1973.0,A01,25,4,2023,17:00,1,76.0,76351,2,2,1.0,6.0,GUSTAVE FLAUBERT,"49,49792400","0,11158800",,76.076351,76351,Seine-Maritime,28.0,Normandie,50.0,4.0,1.0,1,1.0,28,Normandie,76,2,96,LeHavre,166058,1780,167838.0
202300014270,1.0,1,4,1,1.0,1.0,0.0,0,-1.0,1963.0,B01,28,7,2023,18:35,1,76.0,76057,1,4,1.0,1.0,Route de Fresquiennes,"49,54489900","0,97208600",,76.076057,76057,Seine-Maritime,28.0,Normandie,-1.0,3.0,2.0, -1,1.0,28,Normandie,76,3,1,Barentin,12154,238,12392.0
202300014270,1.0,1,4,1,4.0,1.0,0.0,0,-1.0,1972.0,A01,28,7,2023,18:35,1,76.0,76057,1,4,1.0,1.0,Route de Fresquiennes,"49,54489900","0,97208600",,76.076057,76057,Seine-Maritime,28.0,Normandie,-1.0,3.0,2.0, -1,1.0,28,Normandie,76,3,1,Barentin,12154,238,12392.0