Num_Acc,place,catu,grav,sexe,trajet,secu,locp,actp,etatp,an_nais,num_veh,jour,mois,an,hrmn,lum,dep,com,agg,int,atm,col,adr,lat,long,gps,com_insee_temp,com_insee,departmentName,regionCode,regionName,vma,catr,circ,nbv,surf,Code,Region,Departement,Arrondissement,Code_Canton,Nom_Commune,Population_municipaLe,Population_comptee_a_part,Population_Totale
202300014339,1.0,1,3,2,1.0,2.0,0.0,0,-1.0,1995.0,A01,2,6,2023,19:00,1,76.0,76046,1,2,1.0,2.0,RD13,"49,44001700","1,29445600",,76.076046,76046,Seine-Maritime,28.0,Normandie,80.0,3.0,2.0, -1,1.0,28,Normandie,76,3,21,Auzouville-sur-Ry,689,13,702.0
202300014339,1.0,1,1,2,5.0,1.0,0.0,0,-1.0,1973.0,B01,2,6,2023,19:00,1,76.0,76046,1,2,1.0,2.0,RD13,"49,44001700","1,29445600",,76.076046,76046,Seine-Maritime,28.0,Normandie,80.0,3.0,2.0, -1,1.0,28,Normandie,76,3,21,Auzouville-sur-Ry,689,13,702.0
202300014339,7.0,2,1,1,5.0,1.0,0.0,0,-1.0,2005.0,B01,2,6,2023,19:00,1,76.0,76046,1,2,1.0,2.0,RD13,"49,44001700","1,29445600",,76.076046,76046,Seine-Maritime,28.0,Normandie,80.0,3.0,2.0, -1,1.0,28,Normandie,76,3,21,Auzouville-sur-Ry,689,13,702.0
202300014339,9.0,2,1,1,5.0,1.0,0.0,0,-1.0,1944.0,B01,2,6,2023,19:00,1,76.0,76046,1,2,1.0,2.0,RD13,"49,44001700","1,29445600",,76.076046,76046,Seine-Maritime,28.0,Normandie,80.0,3.0,2.0, -1,1.0,28,Normandie,76,3,21,Auzouville-sur-Ry,689,13,702.0
202300014339,2.0,2,1,2,5.0,1.0,0.0,0,-1.0,1945.0,B01,2,6,2023,19:00,1,76.0,76046,1,2,1.0,2.0,RD13,"49,44001700","1,29445600",,76.076046,76046,Seine-Maritime,28.0,Normandie,80.0,3.0,2.0, -1,1.0,28,Normandie,76,3,21,Auzouville-sur-Ry,689,13,702.0
202300014368,1.0,1,1,2,5.0,1.0,-1.0, -1,-1.0,1945.0,A01,10,8,2023,17:30,1,76.0,76351,2,2,1.0,6.0,LOUIS BRINDEAU,"49,49134000","0,10528000",,76.076351,76351,Seine-Maritime,28.0,Normandie,30.0,4.0,1.0,2,1.0,28,Normandie,76,2,96,LeHavre,166058,1780,167838.0
202300014368,10.0,3,3,2,5.0,0.0,3.0,3,1.0,1939.0,A01,10,8,2023,17:30,1,76.0,76351,2,2,1.0,6.0,LOUIS BRINDEAU,"49,49134000","0,10528000",,76.076351,76351,Seine-Maritime,28.0,Normandie,30.0,4.0,1.0,2,1.0,28,Normandie,76,2,96,LeHavre,166058,1780,167838.0
202300014374,1.0,1,1,1,0.0,8.0,-1.0, -1,-1.0,2004.0,A01,20,11,2023,12:50,1,76.0,76575,2,1,8.0,6.0,Avenue des Canadiens,"49,40137900","1,06471700",,76.076575,76575,Seine-Maritime,28.0,Normandie,50.0,7.0,2.0,2,2.0,28,Normandie,76,3,98,Saint-Étienne-du-Rouvray,28508,225,28733.0
202300014374,10.0,3,4,1,0.0,0.0,4.0,3,1.0,2008.0,A01,20,11,2023,12:50,1,76.0,76575,2,1,8.0,6.0,Avenue des Canadiens,"49,40137900","1,06471700",,76.076575,76575,Seine-Maritime,28.0,Normandie,50.0,7.0,2.0,2,2.0,28,Normandie,76,3,98,Saint-Étienne-du-Rouvray,28508,225,28733.0
202300014380,1.0,1,4,1,0.0,1.0,-1.0, -1,-1.0,1974.0,B01,19,11,2023,19:15,5,76.0,76540,2,3,1.0,3.0,Boulevard de l'Yser,"49,44774000","1,10208000",,76.076540,76540,Seine-Maritime,28.0,Normandie,50.0,7.0,2.0,2,2.0,28,Normandie,76,3,97,Rouen,114083,1556,115639.0
202300014380,1.0,1,1,1,9.0,1.0,-1.0, -1,-1.0,1977.0,A01,19,11,2023,19:15,5,76.0,76540,2,3,1.0,3.0,Boulevard de l'Yser,"49,44774000","1,10208000",,76.076540,76540,Seine-Maritime,28.0,Normandie,50.0,7.0,2.0,2,2.0,28,Normandie,76,3,97,Rouen,114083,1556,115639.0
202300014386,1.0,1,4,2,0.0,1.0,-1.0, -1,-1.0,2001.0,B01,19,11,2023,07:10,5,76.0,76351,2,1,1.0,2.0,GRAVILLE (BD DE),"49,49048000","0,14934000",,76.076351,76351,Seine-Maritime,28.0,Normandie,50.0,4.0,2.0,4,1.0,28,Normandie,76,2,96,LeHavre,166058,1780,167838.0
202300014386,1.0,1,1,1,0.0,1.0,-1.0, -1,-1.0,2004.0,A01,19,11,2023,07:10,5,76.0,76351,2,1,1.0,2.0,GRAVILLE (BD DE),"49,49048000","0,14934000",,76.076351,76351,Seine-Maritime,28.0,Normandie,50.0,4.0,2.0,4,1.0,28,Normandie,76,2,96,LeHavre,166058,1780,167838.0
202300014450,1.0,1,4,1,0.0,1.0,-1.0, -1,-1.0,1985.0,A01,6,7,2023,09:45,1,76.0,76540,2,2,1.0,3.0,Boulevard de l'Europe,"49,42816000","1,08100000",,76.076540,76540,Seine-Maritime,28.0,Normandie,50.0,4.0,2.0,4,1.0,28,Normandie,76,3,97,Rouen,114083,1556,115639.0
202300014450,1.0,1,1,1,0.0,1.0,-1.0, -1,-1.0,1978.0,B01,6,7,2023,09:45,1,76.0,76540,2,2,1.0,3.0,Boulevard de l'Europe,"49,42816000","1,08100000",,76.076540,76540,Seine-Maritime,28.0,Normandie,50.0,4.0,2.0,4,1.0,28,Normandie,76,3,97,Rouen,114083,1556,115639.0
202300014680,1.0,1,3,2,0.0,2.0,0.0,0,-1.0,2004.0,B01,27,12,2023,19:30,5,76.0,76476,2,2,9.0,3.0,Rue des Communes,"49,53648900","0,60172700",,76.076476,76476,Seine-Maritime,28.0,Normandie,50.0,4.0,2.0,2,2.0,28,Normandie,76,2,25,Port-Jérôme-sur-Seine,10387,172,10559.0
202300014680,1.0,1,1,1,0.0,2.0,0.0,0,-1.0,2008.0,A01,27,12,2023,19:30,5,76.0,76476,2,2,9.0,3.0,Rue des Communes,"49,53648900","0,60172700",,76.076476,76476,Seine-Maritime,28.0,Normandie,50.0,4.0,2.0,2,2.0,28,Normandie,76,2,25,Port-Jérôme-sur-Seine,10387,172,10559.0
202300014738,1.0,1,4,1,1.0,2.0,-1.0, -1,-1.0,1983.0,B01,16,3,2023,13:35,1,76.0,76351,2,4,1.0,3.0,JULES DELAMARE,"49,49144000","0,16120000",,76.076351,76351,Seine-Maritime,28.0,Normandie,50.0,3.0,2.0,3,1.0,28,Normandie,76,2,96,LeHavre,166058,1780,167838.0
202300014738,1.0,1,1,1,0.0,1.0,-1.0, -1,-1.0,1989.0,A01,16,3,2023,13:35,1,76.0,76351,2,4,1.0,3.0,JULES DELAMARE,"49,49144000","0,16120000",,76.076351,76351,Seine-Maritime,28.0,Normandie,50.0,3.0,2.0,3,1.0,28,Normandie,76,2,96,LeHavre,166058,1780,167838.0
202300014743,1.0,1,4,1,5.0,8.0,-1.0, -1,-1.0,2001.0,A01,15,3,2023,07:45,1,76.0,76351,2,2,2.0,3.0,FLEURUS (DE),"49,49262000","0,13750000",,76.076351,76351,Seine-Maritime,28.0,Normandie,50.0,4.0,2.0,2,2.0,28,Normandie,76,2,96,LeHavre,166058,1780,167838.0
202300014743,1.0,1,1,2,0.0,1.0,-1.0, -1,-1.0,1987.0,B01,15,3,2023,07:45,1,76.0,76351,2,2,2.0,3.0,FLEURUS (DE),"49,49262000","0,13750000",,76.076351,76351,Seine-Maritime,28.0,Normandie,50.0,4.0,2.0,2,2.0,28,Normandie,76,2,96,LeHavre,166058,1780,167838.0
202300014822,1.0,1,4,2,0.0,1.0,-1.0, -1,-1.0,2005.0,A01,1,6,2023,22:55,5,76.0,76484,2,2,1.0,6.0,Rue Jean Jacques Rousseau,"49,34537000","1,09345000",,76.076484,76484,Seine-Maritime,28.0,Normandie,30.0,7.0,2.0,2,1.0,28,Normandie,76,3,31,Oissel,12367,83,12450.0
202300014826,10.0,3,4,2,5.0,0.0,9.0,B,1.0,1982.0,A01,31,5,2023,17:15,1,76.0,76341,2,1,1.0,6.0,FRIEDRICH ENGELS,"49,51234900","0,19128000",,76.076341,76341,Seine-Maritime,28.0,Normandie,-1.0,4.0,2.0,1,1.0,28,Normandie,76,2,15,Harfleur,8315,53,8368.0
202300014826,1.0,1,1,1,2.0,2.0,-1.0, -1,-1.0,2007.0,A01,31,5,2023,17:15,1,76.0,76341,2,1,1.0,6.0,FRIEDRICH ENGELS,"49,51234900","0,19128000",,76.076341,76341,Seine-Maritime,28.0,Normandie,-1.0,4.0,2.0,1,1.0,28,Normandie,76,2,15,Harfleur,8315,53,8368.0
202300014887,1.0,1,1,1,5.0,1.0,-1.0, -1,-1.0,2000.0,A01,16,9,2023,06:15,5,76.0,76540,2,1,1.0,6.0,Avenue de la Libération,"49,42747000","1,07007000",,76.076540,76540,Seine-Maritime,28.0,Normandie,50.0,7.0,2.0,2,1.0,28,Normandie,76,3,97,Rouen,114083,1556,115639.0
202300014887,2.0,2,1,1,5.0,1.0,-1.0, -1,-1.0,1999.0,A01,16,9,2023,06:15,5,76.0,76540,2,1,1.0,6.0,Avenue de la Libération,"49,42747000","1,07007000",,76.076540,76540,Seine-Maritime,28.0,Normandie,50.0,7.0,2.0,2,1.0,28,Normandie,76,3,97,Rouen,114083,1556,115639.0
202300014887,4.0,2,1,1,5.0,1.0,-1.0, -1,-1.0,2000.0,A01,16,9,2023,06:15,5,76.0,76540,2,1,1.0,6.0,Avenue de la Libération,"49,42747000","1,07007000",,76.076540,76540,Seine-Maritime,28.0,Normandie,50.0,7.0,2.0,2,1.0,28,Normandie,76,3,97,Rouen,114083,1556,115639.0
202300014887,1.0,1,4,1,1.0,8.0,-1.0, -1,-1.0,2005.0,B01,16,9,2023,06:15,5,76.0,76540,2,1,1.0,6.0,Avenue de la Libération,"49,42747000","1,07007000",,76.076540,76540,Seine-Maritime,28.0,Normandie,50.0,7.0,2.0,2,1.0,28,Normandie,76,3,97,Rouen,114083,1556,115639.0
202300014889,1.0,1,4,1,1.0,1.0,0.0,0,-1.0,1980.0,A01,27,12,2023,06:30,3,76.0,76649,1,1,1.0,7.0,d1314,"49,68023600","1,50371100",,76.076649,76649,Seine-Maritime,28.0,Normandie,80.0,3.0,2.0,2,2.0,28,Normandie,76,1,23,Saint-Saire,573,11,584.0
202300014991,1.0,1,4,1,0.0,1.0,-1.0, -1,-1.0,2000.0,B01,14,3,2023,17:30,1,76.0,76351,2,2,1.0,3.0,SAULES (DES),"49,50859000","0,14984000",,76.076351,76351,Seine-Maritime,28.0,Normandie,50.0,4.0,1.0,1,1.0,28,Normandie,76,2,96,LeHavre,166058,1780,167838.0
202300014991,1.0,1,1,1,4.0,1.0,-1.0, -1,-1.0,1980.0,A01,14,3,2023,17:30,1,76.0,76351,2,2,1.0,3.0,SAULES (DES),"49,50859000","0,14984000",,76.076351,76351,Seine-Maritime,28.0,Normandie,50.0,4.0,1.0,1,1.0,28,Normandie,76,2,96,LeHavre,166058,1780,167838.0
202300015114,1.0,1,3,2,0.0,8.0,0.0,0,-1.0,2000.0,A01,17,9,2023,16:05,1,76.0,76367,1,1,2.0,6.0,D90,"49,51665600","1,06985800",,76.076367,76367,Seine-Maritime,28.0,Normandie,70.0,7.0,2.0,2,2.0,28,Normandie,76,3,24,HouppevilLe2884,51,2935,
202300015344,1.0,1,1,1,5.0,1.0,-1.0, -1,-1.0,1974.0,A01,2,2,2023,10:10,1,76.0,76351,2,1,1.0,6.0,HUIT MAI 1945 (AVENUE DU),"49,51362000","0,16370000",,76.076351,76351,Seine-Maritime,28.0,Normandie,50.0,4.0,2.0,2,1.0,28,Normandie,76,2,96,LeHavre,166058,1780,167838.0
202300015344,10.0,3,3,1,0.0,0.0,4.0,3,1.0,2006.0,A01,2,2,2023,10:10,1,76.0,76351,2,1,1.0,6.0,HUIT MAI 1945 (AVENUE DU),"49,51362000","0,16370000",,76.076351,76351,Seine-Maritime,28.0,Normandie,50.0,4.0,2.0,2,1.0,28,Normandie,76,2,96,LeHavre,166058,1780,167838.0
202300015367,1.0,1,1,2,9.0,1.0,-1.0, -1,-1.0,1993.0,C01,2,2,2023,18:20,5,76.0,76322,2,6,1.0,4.0,Boulevard de Verdun,"49,41567000","1,05305000",,76.076322,76322,Seine-Maritime,28.0,Normandie,50.0,7.0,2.0,2,1.0,28,Normandie,76,3,13,LeGrand-Quevilly,25975,225,26200.0
202300015367,1.0,1,4,2,1.0,1.0,-1.0, -1,-1.0,1997.0,A01,2,2,2023,18:20,5,76.0,76322,2,6,1.0,4.0,Boulevard de Verdun,"49,41567000","1,05305000",,76.076322,76322,Seine-Maritime,28.0,Normandie,50.0,7.0,2.0,2,1.0,28,Normandie,76,3,13,LeGrand-Quevilly,25975,225,26200.0
202300015367,1.0,1,4,1,5.0,1.0,-1.0, -1,-1.0,1962.0,B01,2,2,2023,18:20,5,76.0,76322,2,6,1.0,4.0,Boulevard de Verdun,"49,41567000","1,05305000",,76.076322,76322,Seine-Maritime,28.0,Normandie,50.0,7.0,2.0,2,1.0,28,Normandie,76,3,13,LeGrand-Quevilly,25975,225,26200.0
202300015368,1.0,1,4,1,0.0,8.0,-1.0, -1,-1.0,2001.0,A01,25,1,2023,12:25,1,76.0,76319,1,1,1.0,7.0,N138,"49,35095300","1,02458400",,76.076319,76319,Seine-Maritime,28.0,Normandie,90.0,2.0,3.0,4,1.0,28,Normandie,76,3,9,Grand-Couronne,9726,177,9903.0
202300015501,1.0,1,1,1,0.0,8.0,-1.0, -1,-1.0,1954.0,B01,17,10,2023,11:10,1,76.0,76640,2,2,1.0,1.0,Rue aux Saulniers,"49,28350000","1,03823000",,76.076640,76640,Seine-Maritime,28.0,Normandie,30.0,4.0,2.0,2,1.0,28,Normandie,76,3,5,Saint-Pierre-lès-Elbeuf,8285,87,8372.0
202300015501,1.0,1,4,1,0.0,2.0,-1.0, -1,-1.0,1990.0,A01,17,10,2023,11:10,1,76.0,76640,2,2,1.0,1.0,Rue aux Saulniers,"49,28350000","1,03823000",,76.076640,76640,Seine-Maritime,28.0,Normandie,30.0,4.0,2.0,2,1.0,28,Normandie,76,3,5,Saint-Pierre-lès-Elbeuf,8285,87,8372.0
202300015502,1.0,1,1,1,0.0,1.0,-1.0, -1,-1.0,1969.0,A01,10,10,2023,11:00,1,76.0,76540,2,2,1.0,6.0,Boulevard de l'Yser,"49,44837000","1,10050000",,76.076540,76540,Seine-Maritime,28.0,Normandie,50.0,7.0,2.0,2,1.0,28,Normandie,76,3,97,Rouen,114083,1556,115639.0
202300015502,10.0,3,4,1,2.0,0.0,1.0,3,1.0,2009.0,A01,10,10,2023,11:00,1,76.0,76540,2,2,1.0,6.0,Boulevard de l'Yser,"49,44837000","1,10050000",,76.076540,76540,Seine-Maritime,28.0,Normandie,50.0,7.0,2.0,2,1.0,28,Normandie,76,3,97,Rouen,114083,1556,115639.0
202300015503,1.0,1,3,1,0.0,2.0,-1.0, -1,-1.0,1988.0,B01,20,8,2023,21:30,2,76.0,76231,2,2,1.0,3.0,Rue de la République,"49,29072000","0,99989000",,76.076231,76231,Seine-Maritime,28.0,Normandie,50.0,7.0,2.0,2,1.0,28,Normandie,76,3,9,Elbeuf,15951,138,16089.0
202300015503,1.0,1,1,1,0.0,1.0,-1.0, -1,-1.0,1995.0,A01,20,8,2023,21:30,2,76.0,76231,2,2,1.0,3.0,Rue de la République,"49,29072000","0,99989000",,76.076231,76231,Seine-Maritime,28.0,Normandie,50.0,7.0,2.0,2,1.0,28,Normandie,76,3,9,Elbeuf,15951,138,16089.0
202300015503,2.0,2,1,2,0.0,1.0,-1.0, -1,-1.0,1983.0,A01,20,8,2023,21:30,2,76.0,76231,2,2,1.0,3.0,Rue de la République,"49,29072000","0,99989000",,76.076231,76231,Seine-Maritime,28.0,Normandie,50.0,7.0,2.0,2,1.0,28,Normandie,76,3,9,Elbeuf,15951,138,16089.0
202300015504,1.0,1,4,1,0.0,2.0,-1.0, -1,-1.0,1975.0,A01,10,10,2023,15:45,1,76.0,76552,2,1,1.0,7.0,CARROUSEL ( RUE DU ),"49,51448900","0,06850800",,76.076552,76552,Seine-Maritime,28.0,Normandie,50.0,4.0,2.0,2,1.0,28,Normandie,76,2,19,Sainte-Adresse,7116,188,7304.0
202300015505,1.0,1,4,1,0.0,8.0,-1.0, -1,-1.0,2009.0,A01,16,10,2023,16:15,1,76.0,76351,2,2,1.0,3.0,GUSTAVE NICOLLE,"49,49251700","0,14846300",,76.076351,76351,Seine-Maritime,28.0,Normandie,50.0,4.0,2.0,5,1.0,28,Normandie,76,2,96,LeHavre,166058,1780,167838.0
202300015505,1.0,1,1,1,0.0,1.0,-1.0, -1,-1.0,1956.0,B01,16,10,2023,16:15,1,76.0,76351,2,2,1.0,3.0,GUSTAVE NICOLLE,"49,49251700","0,14846300",,76.076351,76351,Seine-Maritime,28.0,Normandie,50.0,4.0,2.0,5,1.0,28,Normandie,76,2,96,LeHavre,166058,1780,167838.0
202300015628,1.0,1,1,1,4.0,1.0,0.0,0,-1.0,2000.0,A01,27,4,2023,17:15,1,76.0,76135,1,1,3.0,2.0,A150,"49,55458900","0,91538400",,76.076135,76135,Seine-Maritime,28.0,Normandie,130.0,1.0,1.0,2,2.0,28,Normandie,76,3,1,BouvilLe1013,12,1025,
202300015628,2.0,2,4,1,4.0,1.0,0.0,0,-1.0,2006.0,A01,27,4,2023,17:15,1,76.0,76135,1,1,3.0,2.0,A150,"49,55458900","0,91538400",,76.076135,76135,Seine-Maritime,28.0,Normandie,130.0,1.0,1.0,2,2.0,28,Normandie,76,3,1,BouvilLe1013,12,1025,
202300015628,1.0,1,1,1,4.0,1.0,0.0,0,-1.0,1995.0,B01,27,4,2023,17:15,1,76.0,76135,1,1,3.0,2.0,A150,"49,55458900","0,91538400",,76.076135,76135,Seine-Maritime,28.0,Normandie,130.0,1.0,1.0,2,2.0,28,Normandie,76,3,1,BouvilLe1013,12,1025,
202300015642,1.0,1,1,1,1.0,1.0,0.0,0,-1.0,1997.0,A01,25,4,2023,10:10,1,76.0,76307,1,4,1.0,3.0,Rue Gaston Delahais,"49,63672100","0,20956100",,76.076307,76307,Seine-Maritime,28.0,Normandie,-1.0,3.0,2.0, -1,1.0,28,Normandie,76,2,26,Gonneville-la-Mallet,1363,13,1376.0
202300015642,1.0,1,3,2,5.0,1.0,0.0,0,-1.0,1982.0,B01,25,4,2023,10:10,1,76.0,76307,1,4,1.0,3.0,Rue Gaston Delahais,"49,63672100","0,20956100",,76.076307,76307,Seine-Maritime,28.0,Normandie,-1.0,3.0,2.0, -1,1.0,28,Normandie,76,2,26,Gonneville-la-Mallet,1363,13,1376.0
202300015642,2.0,2,1,2,5.0,1.0,0.0,0,-1.0,2010.0,B01,25,4,2023,10:10,1,76.0,76307,1,4,1.0,3.0,Rue Gaston Delahais,"49,63672100","0,20956100",,76.076307,76307,Seine-Maritime,28.0,Normandie,-1.0,3.0,2.0, -1,1.0,28,Normandie,76,2,26,Gonneville-la-Mallet,1363,13,1376.0
202300015711,1.0,1,1,1,4.0,9.0,0.0,0,-1.0,1995.0,A01,27,4,2023,11:45,1,76.0,76057,2,1,1.0,6.0,Rue Jean-baptiste Lamarck,"49,53907200","0,95724300",,76.076057,76057,Seine-Maritime,28.0,Normandie,30.0,4.0,2.0,2,1.0,28,Normandie,76,3,1,Barentin,12154,238,12392.0
202300015711,10.0,3,3,1,5.0,0.0,1.0,3,1.0,1941.0,A01,27,4,2023,11:45,1,76.0,76057,2,1,1.0,6.0,Rue Jean-baptiste Lamarck,"49,53907200","0,95724300",,76.076057,76057,Seine-Maritime,28.0,Normandie,30.0,4.0,2.0,2,1.0,28,Normandie,76,3,1,Barentin,12154,238,12392.0
202300015736,1.0,1,1,2,0.0,1.0,-1.0, -1,-1.0,1968.0,B01,25,4,2023,09:07,1,76.0,76157,1,1,1.0,5.0,A150,"49,45808000","1,04709000",,76.076157,76157,Seine-Maritime,28.0,Normandie,90.0,1.0,3.0,4,1.0,28,Normandie,76,3,4,Canteleu,13966,360,14326.0
202300015736,1.0,1,3,1,0.0,2.0,-1.0, -1,-1.0,1972.0,A01,25,4,2023,09:07,1,76.0,76157,1,1,1.0,5.0,A150,"49,45808000","1,04709000",,76.076157,76157,Seine-Maritime,28.0,Normandie,90.0,1.0,3.0,4,1.0,28,Normandie,76,3,4,Canteleu,13966,360,14326.0
202300015736,1.0,1,1,1,0.0,1.0,-1.0, -1,-1.0,1964.0,D01,25,4,2023,09:07,1,76.0,76157,1,1,1.0,5.0,A150,"49,45808000","1,04709000",,76.076157,76157,Seine-Maritime,28.0,Normandie,90.0,1.0,3.0,4,1.0,28,Normandie,76,3,4,Canteleu,13966,360,14326.0
202300015736,1.0,1,1,1,0.0,1.0,-1.0, -1,-1.0,1964.0,C01,25,4,2023,09:07,1,76.0,76157,1,1,1.0,5.0,A150,"49,45808000","1,04709000",,76.076157,76157,Seine-Maritime,28.0,Normandie,90.0,1.0,3.0,4,1.0,28,Normandie,76,3,4,Canteleu,13966,360,14326.0
202300015737,1.0,1,3,2,0.0,8.0,-1.0, -1,-1.0,2003.0,A01,25,4,2023,09:35,1,76.0,76540,2,2,1.0,3.0,Rue du Renard,"49,45194000","1,06896000",,76.076540,76540,Seine-Maritime,28.0,Normandie,30.0,4.0,2.0,2,1.0,28,Normandie,76,3,97,Rouen,114083,1556,115639.0
202300015737,1.0,1,1,2,0.0,1.0,-1.0, -1,-1.0,2003.0,B01,25,4,2023,09:35,1,76.0,76540,2,2,1.0,3.0,Rue du Renard,"49,45194000","1,06896000",,76.076540,76540,Seine-Maritime,28.0,Normandie,30.0,4.0,2.0,2,1.0,28,Normandie,76,3,97,Rouen,114083,1556,115639.0
202300015912,1.0,1,1,2,3.0,1.0,0.0,0,-1.0,1981.0,B01,12,8,2023,15:00,1,76.0,76302,2,1,1.0,3.0,100 Route du Hameau de Versailles,"49,64455500","0,37897000",,76.076302,76302,Seine-Maritime,28.0,Normandie,-1.0,4.0,2.0,2,1.0,28,Normandie,76,2,32,GodervilLe2839,39,2878,
202300015912,1.0,1,3,1,5.0,2.0,0.0,0,-1.0,1998.0,A01,12,8,2023,15:00,1,76.0,76302,2,1,1.0,3.0,100 Route du Hameau de Versailles,"49,64455500","0,37897000",,76.076302,76302,Seine-Maritime,28.0,Normandie,-1.0,4.0,2.0,2,1.0,28,Normandie,76,2,32,GodervilLe2839,39,2878,
202300015955,1.0,1,3,1,3.0,1.0,0.0,0,-1.0,1988.0,A01,7,7,2023,16:34,1,76.0,76655,1,3,1.0,7.0,D79,"49,85930000","0,68583000",,76.076655,76655,Seine-Maritime,28.0,Normandie,-1.0,3.0,2.0, -1,1.0,28,Normandie,76,1,33,Saint-Valery-en-Caux,3915,162,4077.0
202300015988,1.0,1,3,2,5.0,1.0,-1.0, -1,-1.0,1995.0,A01,19,11,2023,06:35,2,76.0,76540,1,1,1.0,6.0,Route de Lyons la Foret,"49,43614000","1,13731000",,76.076540,76540,Seine-Maritime,28.0,Normandie,70.0,7.0,1.0,2,2.0,28,Normandie,76,3,97,Rouen,114083,1556,115639.0
202300016061,1.0,1,1,1,9.0,1.0,0.0,0,-1.0,1981.0,B01,12,8,2023,11:20,1,76.0,76753,1,3,1.0,4.0,D13,"49,35543300","1,17510800",,76.076753,76753,Seine-Maritime,28.0,Normandie,20.0,7.0,2.0,2,1.0,28,Normandie,76,3,6,Ymare,1212,22,1234.0
202300016061,3.0,2,1,1,9.0,1.0,0.0,0,-1.0,2014.0,B01,12,8,2023,11:20,1,76.0,76753,1,3,1.0,4.0,D13,"49,35543300","1,17510800",,76.076753,76753,Seine-Maritime,28.0,Normandie,20.0,7.0,2.0,2,1.0,28,Normandie,76,3,6,Ymare,1212,22,1234.0
202300016061,4.0,2,1,1,9.0,1.0,0.0,0,-1.0,2019.0,B01,12,8,2023,11:20,1,76.0,76753,1,3,1.0,4.0,D13,"49,35543300","1,17510800",,76.076753,76753,Seine-Maritime,28.0,Normandie,20.0,7.0,2.0,2,1.0,28,Normandie,76,3,6,Ymare,1212,22,1234.0
202300016061,5.0,2,1,2,9.0,1.0,0.0,0,-1.0,1964.0,C01,12,8,2023,11:20,1,76.0,76753,1,3,1.0,4.0,D13,"49,35543300","1,17510800",,76.076753,76753,Seine-Maritime,28.0,Normandie,20.0,7.0,2.0,2,1.0,28,Normandie,76,3,6,Ymare,1212,22,1234.0
202300016061,4.0,2,4,1,9.0,1.0,0.0,0,-1.0,1961.0,C01,12,8,2023,11:20,1,76.0,76753,1,3,1.0,4.0,D13,"49,35543300","1,17510800",,76.076753,76753,Seine-Maritime,28.0,Normandie,20.0,7.0,2.0,2,1.0,28,Normandie,76,3,6,Ymare,1212,22,1234.0
202300016061,2.0,2,1,1,9.0,1.0,0.0,0,-1.0,2003.0,C01,12,8,2023,11:20,1,76.0,76753,1,3,1.0,4.0,D13,"49,35543300","1,17510800",,76.076753,76753,Seine-Maritime,28.0,Normandie,20.0,7.0,2.0,2,1.0,28,Normandie,76,3,6,Ymare,1212,22,1234.0
202300016061,2.0,2,1,2,9.0,1.0,0.0,0,-1.0,1999.0,C01,12,8,2023,11:20,1,76.0,76753,1,3,1.0,4.0,D13,"49,35543300","1,17510800",,76.076753,76753,Seine-Maritime,28.0,Normandie,20.0,7.0,2.0,2,1.0,28,Normandie,76,3,6,Ymare,1212,22,1234.0
202300016061,1.0,1,1,2,9.0,1.0,0.0,0,-1.0,2003.0,C01,12,8,2023,11:20,1,76.0,76753,1,3,1.0,4.0,D13,"49,35543300","1,17510800",,76.076753,76753,Seine-Maritime,28.0,Normandie,20.0,7.0,2.0,2,1.0,28,Normandie,76,3,6,Ymare,1212,22,1234.0
202300016061,1.0,1,1,1,9.0,1.0,0.0,0,-1.0,1976.0,A01,12,8,2023,11:20,1,76.0,76753,1,3,1.0,4.0,D13,"49,35543300","1,17510800",,76.076753,76753,Seine-Maritime,28.0,Normandie,20.0,7.0,2.0,2,1.0,28,Normandie,76,3,6,Ymare,1212,22,1234.0
202300016061,1.0,1,1,1,9.0,1.0,0.0,0,-1.0,1989.0,D01,12,8,2023,11:20,1,76.0,76753,1,3,1.0,4.0,D13,"49,35543300","1,17510800",,76.076753,76753,Seine-Maritime,28.0,Normandie,20.0,7.0,2.0,2,1.0,28,Normandie,76,3,6,Ymare,1212,22,1234.0
202300016163,1.0,1,4,1,0.0,8.0,-1.0, -1,-1.0,1968.0,A01,10,8,2023,06:00,3,76.0,76486,1,1,1.0,6.0,D132,"49,31499087","0,98608625",,76.076486,76486,Seine-Maritime,28.0,Normandie,70.0,7.0,2.0,2,1.0,28,Normandie,76,3,9,Orival,860,5,865.0
202300016172,1.0,1,4,2,4.0,2.0,-1.0, -1,-1.0,1965.0,A01,9,8,2023,17:54,1,76.0,76351,2,5,1.0,7.0,RENE COTY,"49,49644167","0,11013454",,76.076351,76351,Seine-Maritime,28.0,Normandie,50.0,4.0,-1.0,4,1.0,28,Normandie,76,2,96,LeHavre,166058,1780,167838.0
202300016178,1.0,1,2,1,1.0,2.0,-1.0, -1,-1.0,1976.0,B01,8,8,2023,12:00,1,76.0,76351,2,3,1.0,3.0,GUSTAVE NICOLLE,"49,49167000","0,14635000",,76.076351,76351,Seine-Maritime,28.0,Normandie,30.0,4.0,2.0,1,1.0,28,Normandie,76,2,96,LeHavre,166058,1780,167838.0