Num_Acc,place,catu,grav,sexe,trajet,secu,locp,actp,etatp,an_nais,num_veh,jour,mois,an,hrmn,lum,dep,com,agg,int,atm,col,adr,lat,long,gps,com_insee_temp,com_insee,departmentName,regionCode,regionName,vma,catr,circ,nbv,surf,Code,Region,Departement,Arrondissement,Code_Canton,Nom_Commune,Population_municipaLe,Population_comptee_a_part,Population_Totale
202300016178,1.0,1,1,1,4.0,1.0,-1.0, -1,-1.0,1979.0,A01,8,8,2023,12:00,1,76.0,76351,2,3,1.0,3.0,GUSTAVE NICOLLE,"49,49167000","0,14635000",,76.076351,76351,Seine-Maritime,28.0,Normandie,30.0,4.0,2.0,1,1.0,28,Normandie,76,2,96,LeHavre,166058,1780,167838.0
202300016178,6.0,2,1,1,4.0,1.0,-1.0, -1,-1.0,2007.0,A01,8,8,2023,12:00,1,76.0,76351,2,3,1.0,3.0,GUSTAVE NICOLLE,"49,49167000","0,14635000",,76.076351,76351,Seine-Maritime,28.0,Normandie,30.0,4.0,2.0,1,1.0,28,Normandie,76,2,96,LeHavre,166058,1780,167838.0
202300016178,2.0,2,1,1,4.0,1.0,-1.0, -1,-1.0,1968.0,A01,8,8,2023,12:00,1,76.0,76351,2,3,1.0,3.0,GUSTAVE NICOLLE,"49,49167000","0,14635000",,76.076351,76351,Seine-Maritime,28.0,Normandie,30.0,4.0,2.0,1,1.0,28,Normandie,76,2,96,LeHavre,166058,1780,167838.0
202300016336,1.0,1,1,2,3.0,1.0,0.0,0,-1.0,1994.0,A01,20,11,2023,10:50,1,76.0,76489,1,1,2.0,6.0,RN 1029,"49,47414800","0,26946500",,76.076489,76489,Seine-Maritime,28.0,Normandie,90.0,2.0,3.0,2,2.0,28,Normandie,76,2,32,OudalLe479,12,491,
202300016336,10.0,3,2,1,9.0,9.0,9.0,3,1.0,1975.0,A01,20,11,2023,10:50,1,76.0,76489,1,1,2.0,6.0,RN 1029,"49,47414800","0,26946500",,76.076489,76489,Seine-Maritime,28.0,Normandie,90.0,2.0,3.0,2,2.0,28,Normandie,76,2,32,OudalLe479,12,491,
202300016349,1.0,1,4,1,4.0,1.0,-1.0, -1,-1.0,1982.0,A01,4,7,2023,21:40,3,76.0,76305,1,1,3.0,7.0,RD 6015,"49,51215000","0,22191000",,76.076305,76305,Seine-Maritime,28.0,Normandie,90.0,3.0,3.0,0,3.0,28,Normandie,76,2,16,Gonfreville-l'Orcher,8961,44,9005.0
202300016395,1.0,1,4,1,0.0,2.0,0.0,0,-1.0,1967.0,B01,1,6,2023,18:15,1,76.0,76540,2,1,1.0,3.0,Quai Gaston Boulet (Trémie),"49,44359600","1,07678900",,76.076540,76540,Seine-Maritime,28.0,Normandie,50.0,7.0,1.0,3,1.0,28,Normandie,76,3,97,Rouen,114083,1556,115639.0
202300016395,1.0,1,1,1,4.0,1.0,0.0,0,-1.0,1977.0,A01,1,6,2023,18:15,1,76.0,76540,2,1,1.0,3.0,Quai Gaston Boulet (Trémie),"49,44359600","1,07678900",,76.076540,76540,Seine-Maritime,28.0,Normandie,50.0,7.0,1.0,3,1.0,28,Normandie,76,3,97,Rouen,114083,1556,115639.0
202300016764,1.0,1,1,2,1.0,1.0,-1.0, -1,-1.0,1972.0,A01,15,9,2023,09:00,1,76.0,76114,2,1,1.0,1.0,MARTYRS DE LA RESISTANCE (RUE DES),"49,57339000","0,47499000",,76.076114,76114,Seine-Maritime,28.0,Normandie,30.0,6.0,-1.0, -1,1.0,28,Normandie,76,2,3,Bolbec,11635,147,11782.0
202300016764,1.0,1,4,1,0.0,2.0,-1.0, -1,-1.0,1977.0,B01,15,9,2023,09:00,1,76.0,76114,2,1,1.0,1.0,MARTYRS DE LA RESISTANCE (RUE DES),"49,57339000","0,47499000",,76.076114,76114,Seine-Maritime,28.0,Normandie,30.0,6.0,-1.0, -1,1.0,28,Normandie,76,2,3,Bolbec,11635,147,11782.0
202300016766,1.0,1,4,2,1.0,2.0,-1.0, -1,-1.0,1997.0,B01,15,9,2023,08:55,1,76.0,76476,2,9,1.0,1.0,Rue Claude Bernard,"49,48608700","0,57189600",,76.076476,76476,Seine-Maritime,28.0,Normandie,50.0,3.0,1.0,1,1.0,28,Normandie,76,2,25,Port-Jérôme-sur-Seine,10387,172,10559.0
202300016766,1.0,1,1,2,0.0,1.0,-1.0, -1,-1.0,1978.0,A01,15,9,2023,08:55,1,76.0,76476,2,9,1.0,1.0,Rue Claude Bernard,"49,48608700","0,57189600",,76.076476,76476,Seine-Maritime,28.0,Normandie,50.0,3.0,1.0,1,1.0,28,Normandie,76,2,25,Port-Jérôme-sur-Seine,10387,172,10559.0
202300016910,1.0,1,1,1,5.0,1.0,-1.0, -1,-1.0,1975.0,A01,23,12,2023,18:10,5,76.0,76231,2,6,8.0,6.0,Rue Jean Jaurès,"49,28724000","1,00907000",,76.076231,76231,Seine-Maritime,28.0,Normandie,50.0,7.0,2.0,2,1.0,28,Normandie,76,3,9,Elbeuf,15951,138,16089.0
202300016910,10.0,3,4,2,5.0,0.0,3.0,3,1.0,1965.0,A01,23,12,2023,18:10,5,76.0,76231,2,6,8.0,6.0,Rue Jean Jaurès,"49,28724000","1,00907000",,76.076231,76231,Seine-Maritime,28.0,Normandie,50.0,7.0,2.0,2,1.0,28,Normandie,76,3,9,Elbeuf,15951,138,16089.0
202300017020,1.0,1,3,2,5.0,1.0,0.0,0,-1.0,1953.0,A01,15,9,2023,17:45,1,76.0,76265,1,1,1.0,7.0,"A29, pk136.000","49,74195100","1,59418700",,76.076265,76265,Seine-Maritime,28.0,Normandie,130.0,1.0,3.0,2,1.0,28,Normandie,76,1,23,Flamets-Frétils,161,4,165.0
202300017041,1.0,1,3,2,5.0,1.0,0.0,0,-1.0,1984.0,A01,15,9,2023,23:15,3,76.0,76587,1,1,1.0,7.0,D925,"49,77577900","0,46172900",,76.076587,76587,Seine-Maritime,28.0,Normandie,70.0,3.0,2.0,2,1.0,28,Normandie,76,2,11,Sainte-Hélène-BondevilLe715,19,734,
202300017267,1.0,1,1,1,5.0,1.0,-1.0, -1,-1.0,2005.0,A01,1,2,2023,14:50,1,76.0,76540,2,1,1.0,2.0,Rue Louis Ricard,"49,44488000","1,09959000",,76.076540,76540,Seine-Maritime,28.0,Normandie,50.0,4.0,2.0,2,1.0,28,Normandie,76,3,97,Rouen,114083,1556,115639.0
202300017267,1.0,1,4,1,5.0,8.0,-1.0, -1,-1.0,1989.0,B01,1,2,2023,14:50,1,76.0,76540,2,1,1.0,2.0,Rue Louis Ricard,"49,44488000","1,09959000",,76.076540,76540,Seine-Maritime,28.0,Normandie,50.0,4.0,2.0,2,1.0,28,Normandie,76,3,97,Rouen,114083,1556,115639.0
202300017268,10.0,3,4,1,0.0,0.0,4.0,3,1.0,1956.0,A01,1,2,2023,14:25,1,76.0,76322,2,2,1.0,6.0,Avenue Léon Blum,"49,40663000","1,04984000",,76.076322,76322,Seine-Maritime,28.0,Normandie,20.0,4.0,2.0,2,1.0,28,Normandie,76,3,13,LeGrand-Quevilly,25975,225,26200.0
202300017268,1.0,1,1,1,0.0,1.0,-1.0, -1,-1.0,1929.0,A01,1,2,2023,14:25,1,76.0,76322,2,2,1.0,6.0,Avenue Léon Blum,"49,40663000","1,04984000",,76.076322,76322,Seine-Maritime,28.0,Normandie,20.0,4.0,2.0,2,1.0,28,Normandie,76,3,13,LeGrand-Quevilly,25975,225,26200.0
202300017269,10.0,3,3,2,0.0,0.0,3.0,3,1.0,1976.0,A01,30,1,2023,18:05,5,76.0,76540,2,3,8.0,6.0,Rue Edouard Fortier,"49,45399000","1,09386000",,76.076540,76540,Seine-Maritime,28.0,Normandie,50.0,4.0,2.0,2,1.0,28,Normandie,76,3,97,Rouen,114083,1556,115639.0
202300017269,1.0,1,1,1,0.0,8.0,-1.0, -1,-1.0,1964.0,A01,30,1,2023,18:05,5,76.0,76540,2,3,8.0,6.0,Rue Edouard Fortier,"49,45399000","1,09386000",,76.076540,76540,Seine-Maritime,28.0,Normandie,50.0,4.0,2.0,2,1.0,28,Normandie,76,3,97,Rouen,114083,1556,115639.0
202300017419,1.0,1,4,2,5.0,2.0,-1.0, -1,-1.0,1999.0,A01,14,10,2023,02:25,5,76.0,76351,2,3,1.0,6.0,JULES SIEGFRIED,"49,49226000","0,11026000",,76.076351,76351,Seine-Maritime,28.0,Normandie,50.0,4.0,2.0,2,1.0,28,Normandie,76,2,96,LeHavre,166058,1780,167838.0
202300017420,1.0,1,1,1,0.0,1.0,-1.0, -1,-1.0,2002.0,A01,9,10,2023,18:30,1,76.0,76351,2,1,1.0,6.0,JULES LECESNE (RUE),"49,49280000","0,12329000",,76.076351,76351,Seine-Maritime,28.0,Normandie,50.0,4.0,2.0,1,1.0,28,Normandie,76,2,96,LeHavre,166058,1780,167838.0
202300017420,10.0,3,4,1,0.0,0.0,5.0,2,1.0,1964.0,A01,9,10,2023,18:30,1,76.0,76351,2,1,1.0,6.0,JULES LECESNE (RUE),"49,49280000","0,12329000",,76.076351,76351,Seine-Maritime,28.0,Normandie,50.0,4.0,2.0,1,1.0,28,Normandie,76,2,96,LeHavre,166058,1780,167838.0
202300017421,1.0,1,1,1,1.0,1.0,-1.0, -1,-1.0,1987.0,A01,6,10,2023,21:20,5,76.0,76351,2,2,1.0,3.0,ARISTIDE BRIAND,"49,50088000","0,14443000",,76.076351,76351,Seine-Maritime,28.0,Normandie,50.0,4.0,2.0,2,1.0,28,Normandie,76,2,96,LeHavre,166058,1780,167838.0
202300017421,1.0,1,4,1,0.0,1.0,-1.0, -1,-1.0,2004.0,B01,6,10,2023,21:20,5,76.0,76351,2,2,1.0,3.0,ARISTIDE BRIAND,"49,50088000","0,14443000",,76.076351,76351,Seine-Maritime,28.0,Normandie,50.0,4.0,2.0,2,1.0,28,Normandie,76,2,96,LeHavre,166058,1780,167838.0
202300017422,10.0,3,4,1,0.0,0.0,9.0,B,1.0,1992.0,A01,6,10,2023,19:30,5,76.0,76351,2,1,1.0,6.0,MONT GAILLARD (AVENUE DU),"49,52509000","0,11461000",,76.076351,76351,Seine-Maritime,28.0,Normandie,30.0,4.0,1.0,1,1.0,28,Normandie,76,2,96,LeHavre,166058,1780,167838.0
202300017422,1.0,1,1,1,5.0,1.0,-1.0, -1,-1.0,1997.0,A01,6,10,2023,19:30,5,76.0,76351,2,1,1.0,6.0,MONT GAILLARD (AVENUE DU),"49,52509000","0,11461000",,76.076351,76351,Seine-Maritime,28.0,Normandie,30.0,4.0,1.0,1,1.0,28,Normandie,76,2,96,LeHavre,166058,1780,167838.0
202300017576,1.0,1,4,1,1.0,2.0,-1.0, -1,-1.0,1973.0,B01,23,4,2023,13:50,1,76.0,76351,2,4,2.0,3.0,WINSTON CHURCHILL,"49,49272799","0,13210952",,76.076351,76351,Seine-Maritime,28.0,Normandie,50.0,4.0,1.0,2,2.0,28,Normandie,76,2,96,LeHavre,166058,1780,167838.0
202300017576,1.0,1,1,1,5.0,1.0,-1.0, -1,-1.0,1970.0,A01,23,4,2023,13:50,1,76.0,76351,2,4,2.0,3.0,WINSTON CHURCHILL,"49,49272799","0,13210952",,76.076351,76351,Seine-Maritime,28.0,Normandie,50.0,4.0,1.0,2,2.0,28,Normandie,76,2,96,LeHavre,166058,1780,167838.0
202300017633,1.0,1,3,1,3.0,1.0,0.0,0,-1.0,1990.0,A01,25,4,2023,19:00,1,76.0,76320,1,4,1.0,6.0,La barronnerie,"49,92000115","1,48854822",,76.076320,76320,Seine-Maritime,28.0,Normandie,-1.0,3.0,2.0, -1,1.0,28,Normandie,76,1,23,Grandcourt,306,6,312.0
202300017636,1.0,1,4,1,5.0,1.0,0.0,0,-1.0,1952.0,B01,25,4,2023,12:30,1,76.0,76571,1,2,1.0,3.0,D98,"49,57059695","1,31692842",,76.076571,76571,Seine-Maritime,28.0,Normandie,80.0,3.0,2.0, -1,1.0,28,Normandie,76,3,21,Sainte-Croix-sur-Buchy,683,10,693.0
202300017636,2.0,2,3,2,5.0,1.0,0.0,0,-1.0,1957.0,B01,25,4,2023,12:30,1,76.0,76571,1,2,1.0,3.0,D98,"49,57059695","1,31692842",,76.076571,76571,Seine-Maritime,28.0,Normandie,80.0,3.0,2.0, -1,1.0,28,Normandie,76,3,21,Sainte-Croix-sur-Buchy,683,10,693.0
202300017636,1.0,1,4,2,9.0,1.0,0.0,0,-1.0,1971.0,A01,25,4,2023,12:30,1,76.0,76571,1,2,1.0,3.0,D98,"49,57059695","1,31692842",,76.076571,76571,Seine-Maritime,28.0,Normandie,80.0,3.0,2.0, -1,1.0,28,Normandie,76,3,21,Sainte-Croix-sur-Buchy,683,10,693.0
202300017662,1.0,1,3,1,1.0,2.0,0.0,0,-1.0,1983.0,A01,24,4,2023,22:30,3,76.0,76563,1,1,1.0,6.0,Route d'Oudalle,"49,51614400","0,32766400",,76.076563,76563,Seine-Maritime,28.0,Normandie,70.0,4.0,2.0,2,1.0,28,Normandie,76,2,32,Saint-Aubin-Routot,1954,20,1974.0
202300017826,1.0,1,3,1,5.0,8.0,0.0,0,-1.0,1963.0,A01,6,7,2023,20:00,1,76.0,76618,2,1,1.0,7.0,Rue Jeanne d?Arc,"49,95932010","1,18807149",,76.076618,76618,Seine-Maritime,28.0,Normandie,50.0,4.0,2.0,2,1.0,28,Normandie,76,1,8,Petit-Caux,9625,210,9835.0
202300017853,1.0,1,1,2,0.0,8.0,-1.0, -1,-1.0,1985.0,B01,9,8,2023,20:10,1,76.0,76231,2,2,1.0,6.0,Rue de la République,"49,29073000","0,99983000",,76.076231,76231,Seine-Maritime,28.0,Normandie,50.0,7.0,2.0,2,1.0,28,Normandie,76,3,9,Elbeuf,15951,138,16089.0
202300017853,1.0,1,3,1,0.0,8.0,-1.0, -1,-1.0,1991.0,A01,9,8,2023,20:10,1,76.0,76231,2,2,1.0,6.0,Rue de la République,"49,29073000","0,99983000",,76.076231,76231,Seine-Maritime,28.0,Normandie,50.0,7.0,2.0,2,1.0,28,Normandie,76,3,9,Elbeuf,15951,138,16089.0
202300017963,1.0,1,3,1,5.0,2.0,-1.0, -1,-1.0,1988.0,B01,31,5,2023,22:15,4,76.0,76575,1,1,1.0,3.0,Boulevard Lénine,"49,37903000","1,11135000",,76.076575,76575,Seine-Maritime,28.0,Normandie,70.0,7.0,3.0,4,1.0,28,Normandie,76,3,98,Saint-Étienne-du-Rouvray,28508,225,28733.0
202300017963,1.0,1,1,1,5.0,8.0,-1.0, -1,-1.0,1963.0,A01,31,5,2023,22:15,4,76.0,76575,1,1,1.0,3.0,Boulevard Lénine,"49,37903000","1,11135000",,76.076575,76575,Seine-Maritime,28.0,Normandie,70.0,7.0,3.0,4,1.0,28,Normandie,76,3,98,Saint-Étienne-du-Rouvray,28508,225,28733.0
202300017964,1.0,1,1,1,5.0,1.0,0.0,0,-1.0,1998.0,A01,9,8,2023,17:45,1,76.0,76167,1,2,1.0,1.0,Route de Montivilliers,"49,57332800","0,15561100",,76.076167,76167,Seine-Maritime,28.0,Normandie,80.0,3.0,2.0,2,1.0,28,Normandie,76,2,26,Cauville-sur-Mer,1618,29,1647.0
202300017964,1.0,1,4,1,1.0,1.0,0.0,0,-1.0,1974.0,B01,9,8,2023,17:45,1,76.0,76167,1,2,1.0,1.0,Route de Montivilliers,"49,57332800","0,15561100",,76.076167,76167,Seine-Maritime,28.0,Normandie,80.0,3.0,2.0,2,1.0,28,Normandie,76,2,26,Cauville-sur-Mer,1618,29,1647.0
202300018057,1.0,1,1,1,9.0,1.0,0.0,0,-1.0,1979.0,A01,19,11,2023,18:10,3,76.0,76597,1,1,2.0,4.0,D149,"49,75317100","0,88954900",,76.076597,76597,Seine-Maritime,28.0,Normandie,80.0,3.0,2.0,2,2.0,28,Normandie,76,3,35,Saint-Laurent-en-Caux,749,12,761.0
202300018057,1.0,1,4,2,0.0,2.0,0.0,0,-1.0,2006.0,B01,19,11,2023,18:10,3,76.0,76597,1,1,2.0,4.0,D149,"49,75317100","0,88954900",,76.076597,76597,Seine-Maritime,28.0,Normandie,80.0,3.0,2.0,2,2.0,28,Normandie,76,3,35,Saint-Laurent-en-Caux,749,12,761.0
202300018057,1.0,1,1,1,0.0,1.0,0.0,0,-1.0,2002.0,C01,19,11,2023,18:10,3,76.0,76597,1,1,2.0,4.0,D149,"49,75317100","0,88954900",,76.076597,76597,Seine-Maritime,28.0,Normandie,80.0,3.0,2.0,2,2.0,28,Normandie,76,3,35,Saint-Laurent-en-Caux,749,12,761.0
202300018061,1.0,1,1,1,1.0,1.0,-1.0, -1,-1.0,1973.0,A01,3,7,2023,11:35,1,76.0,76351,2,3,1.0,6.0,ACACIAS (DES),"49,50899000","0,14046000",,76.076351,76351,Seine-Maritime,28.0,Normandie,50.0,4.0,2.0,5,1.0,28,Normandie,76,2,96,LeHavre,166058,1780,167838.0
202300018061,10.0,3,3,2,0.0,0.0,4.0,3,1.0,1976.0,A01,3,7,2023,11:35,1,76.0,76351,2,3,1.0,6.0,ACACIAS (DES),"49,50899000","0,14046000",,76.076351,76351,Seine-Maritime,28.0,Normandie,50.0,4.0,2.0,5,1.0,28,Normandie,76,2,96,LeHavre,166058,1780,167838.0
202300018165,1.0,1,2,1,1.0,1.0,0.0,0,-1.0,2004.0,A01,10,8,2023,17:00,1,76.0,76684,1,1,1.0,6.0,D39,"49,48699500","0,46332500",,76.076684,76684,Seine-Maritime,28.0,Normandie,80.0,3.0,2.0,2,1.0,28,Normandie,76,2,3,TancarvilLe1218,24,1242,
202300018258,1.0,1,3,1,5.0,2.0,0.0,0,-1.0,2000.0,A01,19,11,2023,14:15,1,76.0,76743,2,1,8.0,6.0,2743 Route de Duclair,"49,52755900","0,93040500",,76.076743,76743,Seine-Maritime,28.0,Normandie,30.0,3.0,2.0,2,1.0,28,Normandie,76,3,1,Villers-ÉcalLes1734,12,1746,
202300018279,1.0,1,1,1,5.0,1.0,-1.0, -1,-1.0,1986.0,A01,7,8,2023,11:00,1,76.0,76351,2,3,1.0,3.0,LOUIS LUMIERE,"49,52703000","0,13002000",,76.076351,76351,Seine-Maritime,28.0,Normandie,50.0,3.0,2.0,2,1.0,28,Normandie,76,2,96,LeHavre,166058,1780,167838.0
202300018279,1.0,1,4,1,0.0,2.0,-1.0, -1,-1.0,1989.0,B01,7,8,2023,11:00,1,76.0,76351,2,3,1.0,3.0,LOUIS LUMIERE,"49,52703000","0,13002000",,76.076351,76351,Seine-Maritime,28.0,Normandie,50.0,3.0,2.0,2,1.0,28,Normandie,76,2,96,LeHavre,166058,1780,167838.0
202300018310,1.0,1,4,1,5.0,2.0,0.0,0,-1.0,2006.0,A01,31,5,2023,14:15,1,76.0,76744,2,2,1.0,3.0,Rue du Caud Soleil,"49,83428700","1,56829800",,76.076744,76744,Seine-Maritime,28.0,Normandie,50.0,3.0,2.0,2,1.0,28,Normandie,76,1,10,Villers-sous-Foucarmont,185,3,188.0
202300018310,1.0,1,1,-1,-1.0,-1.0,-1.0, -1,-1.0,,B01,31,5,2023,14:15,1,76.0,76744,2,2,1.0,3.0,Rue du Caud Soleil,"49,83428700","1,56829800",,76.076744,76744,Seine-Maritime,28.0,Normandie,50.0,3.0,2.0,2,1.0,28,Normandie,76,1,10,Villers-sous-Foucarmont,185,3,188.0
202300018351,1.0,1,1,2,4.0,1.0,-1.0, -1,-1.0,1969.0,B01,14,3,2023,06:05,5,76.0,76351,2,6,1.0,3.0,MARCEAU (RUE),"49,49181000","0,13264000",,76.076351,76351,Seine-Maritime,28.0,Normandie,50.0,4.0,3.0,4,2.0,28,Normandie,76,2,96,LeHavre,166058,1780,167838.0
202300018351,1.0,1,4,2,1.0,8.0,-1.0, -1,-1.0,2001.0,A01,14,3,2023,06:05,5,76.0,76351,2,6,1.0,3.0,MARCEAU (RUE),"49,49181000","0,13264000",,76.076351,76351,Seine-Maritime,28.0,Normandie,50.0,4.0,3.0,4,2.0,28,Normandie,76,2,96,LeHavre,166058,1780,167838.0
202300018352,1.0,1,3,2,5.0,2.0,-1.0, -1,-1.0,2004.0,A01,10,3,2023,23:30,5,76.0,76351,2,1,1.0,6.0,CLEMENCEAU (BD),"49,48446000","0,10245000",,76.076351,76351,Seine-Maritime,28.0,Normandie,30.0,4.0,2.0,2,1.0,28,Normandie,76,2,96,LeHavre,166058,1780,167838.0
202300018355,10.0,3,4,1,0.0,8.0,2.0,3,1.0,1942.0,A01,14,3,2023,17:30,1,76.0,76217,2,1,1.0,6.0,VERDUN (BOULEVARD DE),"49,92556000","1,07127000",,76.076217,76217,Seine-Maritime,28.0,Normandie,30.0,4.0,-1.0,2,1.0,28,Normandie,76,1,95,Dieppe,28358,455,28813.0
202300018355,1.0,1,1,1,0.0,1.0,-1.0, -1,-1.0,1964.0,A01,14,3,2023,17:30,1,76.0,76217,2,1,1.0,6.0,VERDUN (BOULEVARD DE),"49,92556000","1,07127000",,76.076217,76217,Seine-Maritime,28.0,Normandie,30.0,4.0,-1.0,2,1.0,28,Normandie,76,1,95,Dieppe,28358,455,28813.0
202300018364,1.0,1,1,1,4.0,1.0,-1.0, -1,-1.0,1998.0,A01,17,11,2023,07:55,2,76.0,76681,2,1,3.0,3.0,Pont de 4 Mares,"49,40482000","1,10745000",,76.076681,76681,Seine-Maritime,28.0,Normandie,50.0,7.0,2.0,2,2.0,28,Normandie,76,3,99,Sotteville-lès-Rouen,28965,475,29440.0
202300018364,1.0,1,3,1,1.0,8.0,-1.0, -1,-1.0,2003.0,B01,17,11,2023,07:55,2,76.0,76681,2,1,3.0,3.0,Pont de 4 Mares,"49,40482000","1,10745000",,76.076681,76681,Seine-Maritime,28.0,Normandie,50.0,7.0,2.0,2,2.0,28,Normandie,76,3,99,Sotteville-lès-Rouen,28965,475,29440.0
202300018367,1.0,1,1,1,0.0,1.0,-1.0, -1,-1.0,2001.0,A01,16,11,2023,16:30,1,76.0,76351,2,4,2.0,2.0,GENERAL FERRIE (AVENUE),"49,50447300","0,17774500",,76.076351,76351,Seine-Maritime,28.0,Normandie,50.0,4.0,2.0,2,2.0,28,Normandie,76,2,96,LeHavre,166058,1780,167838.0
202300018367,2.0,2,4,1,0.0,1.0,-1.0, -1,-1.0,2005.0,A01,16,11,2023,16:30,1,76.0,76351,2,4,2.0,2.0,GENERAL FERRIE (AVENUE),"49,50447300","0,17774500",,76.076351,76351,Seine-Maritime,28.0,Normandie,50.0,4.0,2.0,2,2.0,28,Normandie,76,2,96,LeHavre,166058,1780,167838.0
202300018367,1.0,1,1,2,0.0,1.0,-1.0, -1,-1.0,2001.0,B01,16,11,2023,16:30,1,76.0,76351,2,4,2.0,2.0,GENERAL FERRIE (AVENUE),"49,50447300","0,17774500",,76.076351,76351,Seine-Maritime,28.0,Normandie,50.0,4.0,2.0,2,2.0,28,Normandie,76,2,96,LeHavre,166058,1780,167838.0
202300018488,1.0,1,4,1,0.0,1.0,-1.0, -1,-1.0,1971.0,B01,30,5,2023,09:00,1,76.0,76540,2,2,1.0,3.0,Rue Martainville,"49,43809000","1,10509000",,76.076540,76540,Seine-Maritime,28.0,Normandie,30.0,4.0,2.0,2,1.0,28,Normandie,76,3,97,Rouen,114083,1556,115639.0
202300018488,1.0,1,4,2,0.0,1.0,-1.0, -1,-1.0,1993.0,A01,30,5,2023,09:00,1,76.0,76540,2,2,1.0,3.0,Rue Martainville,"49,43809000","1,10509000",,76.076540,76540,Seine-Maritime,28.0,Normandie,30.0,4.0,2.0,2,1.0,28,Normandie,76,3,97,Rouen,114083,1556,115639.0
202300018490,1.0,1,4,1,0.0,2.0,-1.0, -1,-1.0,1998.0,A01,29,5,2023,18:10,1,76.0,76351,2,1,1.0,6.0,JENNER (TUNNEL),"49,50814000","0,13614000",,76.076351,76351,Seine-Maritime,28.0,Normandie,50.0,4.0,3.0,6,1.0,28,Normandie,76,2,96,LeHavre,166058,1780,167838.0
202300018494,1.0,1,4,1,5.0,2.0,-1.0, -1,-1.0,1987.0,B01,27,5,2023,09:16,1,76.0,76351,2,1,1.0,3.0,PAUL BERT (AVENUE).,"49,50703000","0,16933000",,76.076351,76351,Seine-Maritime,28.0,Normandie,50.0,4.0,2.0,2,1.0,28,Normandie,76,2,96,LeHavre,166058,1780,167838.0
202300018494,1.0,1,1,1,5.0,1.0,-1.0, -1,-1.0,1992.0,A01,27,5,2023,09:16,1,76.0,76351,2,1,1.0,3.0,PAUL BERT (AVENUE).,"49,50703000","0,16933000",,76.076351,76351,Seine-Maritime,28.0,Normandie,50.0,4.0,2.0,2,1.0,28,Normandie,76,2,96,LeHavre,166058,1780,167838.0
202300018500,1.0,1,1,1,5.0,0.0,-1.0, -1,-1.0,2005.0,B01,27,5,2023,03:24,5,76.0,76351,2,2,1.0,6.0,LENINGRAD (BD DE),"49,49875000","0,15911000",,76.076351,76351,Seine-Maritime,28.0,Normandie,50.0,4.0,2.0,2,1.0,28,Normandie,76,2,96,LeHavre,166058,1780,167838.0
202300018500,2.0,2,4,1,4.0,1.0,-1.0, -1,-1.0,1975.0,A01,27,5,2023,03:24,5,76.0,76351,2,2,1.0,6.0,LENINGRAD (BD DE),"49,49875000","0,15911000",,76.076351,76351,Seine-Maritime,28.0,Normandie,50.0,4.0,2.0,2,1.0,28,Normandie,76,2,96,LeHavre,166058,1780,167838.0
202300018500,1.0,1,4,1,4.0,1.0,-1.0, -1,-1.0,1988.0,A01,27,5,2023,03:24,5,76.0,76351,2,2,1.0,6.0,LENINGRAD (BD DE),"49,49875000","0,15911000",,76.076351,76351,Seine-Maritime,28.0,Normandie,50.0,4.0,2.0,2,1.0,28,Normandie,76,2,96,LeHavre,166058,1780,167838.0
202300018500,3.0,2,4,2,4.0,1.0,-1.0, -1,-1.0,1993.0,A01,27,5,2023,03:24,5,76.0,76351,2,2,1.0,6.0,LENINGRAD (BD DE),"49,49875000","0,15911000",,76.076351,76351,Seine-Maritime,28.0,Normandie,50.0,4.0,2.0,2,1.0,28,Normandie,76,2,96,LeHavre,166058,1780,167838.0
202300018500,4.0,2,4,1,4.0,1.0,-1.0, -1,-1.0,1996.0,A01,27,5,2023,03:24,5,76.0,76351,2,2,1.0,6.0,LENINGRAD (BD DE),"49,49875000","0,15911000",,76.076351,76351,Seine-Maritime,28.0,Normandie,50.0,4.0,2.0,2,1.0,28,Normandie,76,2,96,LeHavre,166058,1780,167838.0
202300018501,1.0,1,4,1,0.0,2.0,-1.0, -1,-1.0,1949.0,A01,26,5,2023,16:50,1,76.0,76351,1,1,1.0,7.0,FELIX FAURE,"49,50069000","0,10763000",,76.076351,76351,Seine-Maritime,28.0,Normandie,50.0,4.0,2.0,2,1.0,28,Normandie,76,2,96,LeHavre,166058,1780,167838.0
202300018590,1.0,1,3,1,0.0,2.0,-1.0, -1,-1.0,1979.0,A01,22,12,2023,08:45,2,76.0,76322,2,1,2.0,6.0,Avenue des Canadiens,"49,40262977","1,06549283",,76.076322,76322,Seine-Maritime,28.0,Normandie,50.0,7.0,2.0,2,2.0,28,Normandie,76,3,13,LeGrand-Quevilly,25975,225,26200.0
202300018595,1.0,1,4,1,0.0,1.0,-1.0, -1,-1.0,1970.0,A01,21,12,2023,12:35,1,76.0,76270,2,1,1.0,6.0,JEAN JAURES,"49,53325000","0,14602000",,76.076270,76270,Seine-Maritime,28.0,Normandie,50.0,3.0,2.0,2,2.0,28,Normandie,76,2,26,Fontaine-la-Mallet,2635,54,2689.0