Num_Acc,place,catu,grav,sexe,trajet,secu,locp,actp,etatp,an_nais,num_veh,jour,mois,an,hrmn,lum,dep,com,agg,int,atm,col,adr,lat,long,gps,com_insee_temp,com_insee,departmentName,regionCode,regionName,vma,catr,circ,nbv,surf,Code,Region,Departement,Arrondissement,Code_Canton,Nom_Commune,Population_municipaLe,Population_comptee_a_part,Population_Totale
202300023868,1.0,1,4,1,1.0,2.0,-1.0, -1,-1.0,2002.0,B01,28,5,2023,00:10,5,76.0,76322,2,1,1.0,3.0,Avenue des Canadiens,"49,40137776","1,06470381",,76.076322,76322,Seine-Maritime,28.0,Normandie,50.0,7.0,2.0,2,1.0,28,Normandie,76,3,13,LeGrand-Quevilly,25975,225,26200.0
202300023877,1.0,1,1,1,1.0,1.0,-1.0, -1,-1.0,2000.0,A01,9,3,2023,09:00,1,76.0,76451,2,1,1.0,6.0,Avenue du Mont aux Malades,"49,46538238","1,07209784",,76.076451,76451,Seine-Maritime,28.0,Normandie,50.0,4.0,-1.0,2,1.0,28,Normandie,76,3,22,Mont-Saint-Aignan,20066,415,20481.0
202300023877,10.0,3,4,2,0.0,0.0,2.0,3,1.0,2005.0,A01,9,3,2023,09:00,1,76.0,76451,2,1,1.0,6.0,Avenue du Mont aux Malades,"49,46538238","1,07209784",,76.076451,76451,Seine-Maritime,28.0,Normandie,50.0,4.0,-1.0,2,1.0,28,Normandie,76,3,22,Mont-Saint-Aignan,20066,415,20481.0
202300023990,4.0,2,1,1,5.0,1.0,0.0,0,-1.0,2006.0,A01,5,8,2023,22:32,3,76.0,76317,1,1,3.0,6.0,Route de Bretteville,"49,65325200","0,40331800",,76.076317,76317,Seine-Maritime,28.0,Normandie,80.0,3.0,2.0,2,2.0,28,Normandie,76,2,32,Grainville-YmauvilLe426,12,438,
202300023990,2.0,2,1,1,5.0,1.0,0.0,0,-1.0,2006.0,A01,5,8,2023,22:32,3,76.0,76317,1,1,3.0,6.0,Route de Bretteville,"49,65325200","0,40331800",,76.076317,76317,Seine-Maritime,28.0,Normandie,80.0,3.0,2.0,2,2.0,28,Normandie,76,2,32,Grainville-YmauvilLe426,12,438,
202300023990,1.0,1,1,1,5.0,1.0,0.0,0,-1.0,2004.0,A01,5,8,2023,22:32,3,76.0,76317,1,1,3.0,6.0,Route de Bretteville,"49,65325200","0,40331800",,76.076317,76317,Seine-Maritime,28.0,Normandie,80.0,3.0,2.0,2,2.0,28,Normandie,76,2,32,Grainville-YmauvilLe426,12,438,
202300023990,3.0,2,3,1,5.0,1.0,0.0,0,-1.0,2004.0,A01,5,8,2023,22:32,3,76.0,76317,1,1,3.0,6.0,Route de Bretteville,"49,65325200","0,40331800",,76.076317,76317,Seine-Maritime,28.0,Normandie,80.0,3.0,2.0,2,2.0,28,Normandie,76,2,32,Grainville-YmauvilLe426,12,438,
202300023990,5.0,2,1,1,5.0,1.0,0.0,0,-1.0,2005.0,A01,5,8,2023,22:32,3,76.0,76317,1,1,3.0,6.0,Route de Bretteville,"49,65325200","0,40331800",,76.076317,76317,Seine-Maritime,28.0,Normandie,80.0,3.0,2.0,2,2.0,28,Normandie,76,2,32,Grainville-YmauvilLe426,12,438,
202300024081,1.0,1,1,1,0.0,1.0,-1.0, -1,-1.0,1975.0,B01,26,1,2023,15:00,1,76.0,76540,1,1,1.0,3.0,A150,"49,45100000","1,05729000",,76.076540,76540,Seine-Maritime,28.0,Normandie,70.0,1.0,3.0,4,1.0,28,Normandie,76,3,97,Rouen,114083,1556,115639.0
202300024081,1.0,1,4,2,1.0,1.0,-1.0, -1,-1.0,1987.0,A01,26,1,2023,15:00,1,76.0,76540,1,1,1.0,3.0,A150,"49,45100000","1,05729000",,76.076540,76540,Seine-Maritime,28.0,Normandie,70.0,1.0,3.0,4,1.0,28,Normandie,76,3,97,Rouen,114083,1556,115639.0
202300024471,2.0,2,1,2,5.0,8.0,0.0,0,-1.0,2004.0,A01,27,5,2023,15:55,1,76.0,76024,1,1,1.0,2.0,Lieu dit Beau Regard,"49,75369800","1,26190400",,76.076024,76024,Seine-Maritime,28.0,Normandie,-1.0,5.0,2.0,2,6.0,28,Normandie,76,1,23,Ardouval,155,4,159.0
202300024471,1.0,1,1,1,5.0,8.0,0.0,0,-1.0,2004.0,A01,27,5,2023,15:55,1,76.0,76024,1,1,1.0,2.0,Lieu dit Beau Regard,"49,75369800","1,26190400",,76.076024,76024,Seine-Maritime,28.0,Normandie,-1.0,5.0,2.0,2,6.0,28,Normandie,76,1,23,Ardouval,155,4,159.0
202300024471,1.0,1,3,2,5.0,2.0,0.0,0,-1.0,2005.0,B01,27,5,2023,15:55,1,76.0,76024,1,1,1.0,2.0,Lieu dit Beau Regard,"49,75369800","1,26190400",,76.076024,76024,Seine-Maritime,28.0,Normandie,-1.0,5.0,2.0,2,6.0,28,Normandie,76,1,23,Ardouval,155,4,159.0
202300024482,1.0,1,1,1,1.0,8.0,-1.0, -1,-1.0,1972.0,A01,8,3,2023,19:30,5,76.0,76540,2,4,2.0,6.0,Avenue Jean Rondeaux,"49,42840500","1,07086100",,76.076540,76540,Seine-Maritime,28.0,Normandie,50.0,7.0,2.0,4,2.0,28,Normandie,76,3,97,Rouen,114083,1556,115639.0
202300024482,10.0,3,4,2,0.0,0.0,4.0,3,1.0,2006.0,A01,8,3,2023,19:30,5,76.0,76540,2,4,2.0,6.0,Avenue Jean Rondeaux,"49,42840500","1,07086100",,76.076540,76540,Seine-Maritime,28.0,Normandie,50.0,7.0,2.0,4,2.0,28,Normandie,76,3,97,Rouen,114083,1556,115639.0
202300024488,2.0,2,1,1,0.0,1.0,-1.0, -1,-1.0,1963.0,A01,8,3,2023,13:30,1,76.0,76217,2,3,1.0,3.0,CANADIENS (AVENUE DES)  RD925,"49,91364000","1,07510000",,76.076217,76217,Seine-Maritime,28.0,Normandie,-1.0,3.0,2.0, -1,2.0,28,Normandie,76,1,95,Dieppe,28358,455,28813.0
202300024488,3.0,2,1,2,0.0,1.0,-1.0, -1,-1.0,2012.0,A01,8,3,2023,13:30,1,76.0,76217,2,3,1.0,3.0,CANADIENS (AVENUE DES)  RD925,"49,91364000","1,07510000",,76.076217,76217,Seine-Maritime,28.0,Normandie,-1.0,3.0,2.0, -1,2.0,28,Normandie,76,1,95,Dieppe,28358,455,28813.0
202300024488,4.0,2,1,2,0.0,1.0,-1.0, -1,-1.0,2018.0,A01,8,3,2023,13:30,1,76.0,76217,2,3,1.0,3.0,CANADIENS (AVENUE DES)  RD925,"49,91364000","1,07510000",,76.076217,76217,Seine-Maritime,28.0,Normandie,-1.0,3.0,2.0, -1,2.0,28,Normandie,76,1,95,Dieppe,28358,455,28813.0
202300024488,5.0,2,1,2,0.0,1.0,-1.0, -1,-1.0,2020.0,A01,8,3,2023,13:30,1,76.0,76217,2,3,1.0,3.0,CANADIENS (AVENUE DES)  RD925,"49,91364000","1,07510000",,76.076217,76217,Seine-Maritime,28.0,Normandie,-1.0,3.0,2.0, -1,2.0,28,Normandie,76,1,95,Dieppe,28358,455,28813.0
202300024488,1.0,1,1,2,0.0,1.0,-1.0, -1,-1.0,1987.0,A01,8,3,2023,13:30,1,76.0,76217,2,3,1.0,3.0,CANADIENS (AVENUE DES)  RD925,"49,91364000","1,07510000",,76.076217,76217,Seine-Maritime,28.0,Normandie,-1.0,3.0,2.0, -1,2.0,28,Normandie,76,1,95,Dieppe,28358,455,28813.0
202300024488,4.0,2,4,1,0.0,1.0,-1.0, -1,-1.0,2014.0,B01,8,3,2023,13:30,1,76.0,76217,2,3,1.0,3.0,CANADIENS (AVENUE DES)  RD925,"49,91364000","1,07510000",,76.076217,76217,Seine-Maritime,28.0,Normandie,-1.0,3.0,2.0, -1,2.0,28,Normandie,76,1,95,Dieppe,28358,455,28813.0
202300024488,1.0,1,1,1,0.0,1.0,-1.0, -1,-1.0,1979.0,B01,8,3,2023,13:30,1,76.0,76217,2,3,1.0,3.0,CANADIENS (AVENUE DES)  RD925,"49,91364000","1,07510000",,76.076217,76217,Seine-Maritime,28.0,Normandie,-1.0,3.0,2.0, -1,2.0,28,Normandie,76,1,95,Dieppe,28358,455,28813.0
202300024488,2.0,2,1,2,0.0,1.0,-1.0, -1,-1.0,1994.0,B01,8,3,2023,13:30,1,76.0,76217,2,3,1.0,3.0,CANADIENS (AVENUE DES)  RD925,"49,91364000","1,07510000",,76.076217,76217,Seine-Maritime,28.0,Normandie,-1.0,3.0,2.0, -1,2.0,28,Normandie,76,1,95,Dieppe,28358,455,28813.0
202300024488,3.0,2,4,2,0.0,1.0,-1.0, -1,-1.0,2016.0,B01,8,3,2023,13:30,1,76.0,76217,2,3,1.0,3.0,CANADIENS (AVENUE DES)  RD925,"49,91364000","1,07510000",,76.076217,76217,Seine-Maritime,28.0,Normandie,-1.0,3.0,2.0, -1,2.0,28,Normandie,76,1,95,Dieppe,28358,455,28813.0
202300024599,1.0,1,1,1,1.0,1.0,-1.0, -1,-1.0,1991.0,A01,26,5,2023,16:50,1,76.0,76540,2,2,1.0,6.0,Rue Saint Eloi,"49,44043000","1,08658000",,76.076540,76540,Seine-Maritime,28.0,Normandie,30.0,4.0,2.0,2,1.0,28,Normandie,76,3,97,Rouen,114083,1556,115639.0
202300024599,10.0,3,4,1,0.0,0.0,9.0,3,2.0,2010.0,A01,26,5,2023,16:50,1,76.0,76540,2,2,1.0,6.0,Rue Saint Eloi,"49,44043000","1,08658000",,76.076540,76540,Seine-Maritime,28.0,Normandie,30.0,4.0,2.0,2,1.0,28,Normandie,76,3,97,Rouen,114083,1556,115639.0
202300024601,1.0,1,4,1,5.0,2.0,-1.0, -1,-1.0,1998.0,A01,25,5,2023,15:40,1,76.0,76351,2,6,1.0,7.0,FRISSARD (QUAI),"49,49157000","0,13257000",,76.076351,76351,Seine-Maritime,28.0,Normandie,50.0,4.0,2.0,2,1.0,28,Normandie,76,2,96,LeHavre,166058,1780,167838.0
202300024711,1.0,1,3,1,0.0,1.0,-1.0, -1,-1.0,1966.0,A01,13,11,2023,11:40,1,76.0,76351,2,3,2.0,6.0,GRAND HAMEAU (Avenue du ),"49,52061000","0,11071000",,76.076351,76351,Seine-Maritime,28.0,Normandie,50.0,4.0,2.0,5,2.0,28,Normandie,76,2,96,LeHavre,166058,1780,167838.0
202300024714,2.0,2,4,2,9.0,1.0,-1.0, -1,-1.0,1997.0,B01,13,11,2023,09:40,1,76.0,76351,2,2,2.0,1.0,BOIS AU COQ (AVENUE),"49,51840000","0,11668000",,76.076351,76351,Seine-Maritime,28.0,Normandie,50.0,4.0,2.0,2,2.0,28,Normandie,76,2,96,LeHavre,166058,1780,167838.0
202300024714,1.0,1,1,1,9.0,1.0,-1.0, -1,-1.0,2001.0,B01,13,11,2023,09:40,1,76.0,76351,2,2,2.0,1.0,BOIS AU COQ (AVENUE),"49,51840000","0,11668000",,76.076351,76351,Seine-Maritime,28.0,Normandie,50.0,4.0,2.0,2,2.0,28,Normandie,76,2,96,LeHavre,166058,1780,167838.0
202300024714,1.0,1,1,1,1.0,1.0,-1.0, -1,-1.0,1998.0,A01,13,11,2023,09:40,1,76.0,76351,2,2,2.0,1.0,BOIS AU COQ (AVENUE),"49,51840000","0,11668000",,76.076351,76351,Seine-Maritime,28.0,Normandie,50.0,4.0,2.0,2,2.0,28,Normandie,76,2,96,LeHavre,166058,1780,167838.0
202300024717,1.0,1,4,1,5.0,1.0,-1.0, -1,-1.0,1986.0,A01,10,11,2023,22:39,5,76.0,76351,2,2,1.0,3.0,GENERAL SARRAIL,"49,49588000","0,11902000",,76.076351,76351,Seine-Maritime,28.0,Normandie,50.0,4.0,2.0,2,1.0,28,Normandie,76,2,96,LeHavre,166058,1780,167838.0
202300024717,1.0,1,4,2,0.0,1.0,-1.0, -1,-1.0,1978.0,B01,10,11,2023,22:39,5,76.0,76351,2,2,1.0,3.0,GENERAL SARRAIL,"49,49588000","0,11902000",,76.076351,76351,Seine-Maritime,28.0,Normandie,50.0,4.0,2.0,2,1.0,28,Normandie,76,2,96,LeHavre,166058,1780,167838.0
202300024726,2.0,2,4,2,5.0,2.0,0.0,0,-1.0,1958.0,A01,10,9,2023,22:15,3,76.0,76361,1,1,1.0,6.0,route départementale 940,"49,61303200","0,15584700",,76.076361,76361,Seine-Maritime,28.0,Normandie,80.0,3.0,2.0,2,1.0,28,Normandie,76,2,26,HeuquevilLe720,9,729,
202300024726,1.0,1,1,1,5.0,2.0,0.0,0,-1.0,1958.0,A01,10,9,2023,22:15,3,76.0,76361,1,1,1.0,6.0,route départementale 940,"49,61303200","0,15584700",,76.076361,76361,Seine-Maritime,28.0,Normandie,80.0,3.0,2.0,2,1.0,28,Normandie,76,2,26,HeuquevilLe720,9,729,
202300025013,1.0,1,4,1,0.0,1.0,-1.0, -1,-1.0,1967.0,B01,17,12,2023,17:50,5,76.0,76351,2,2,1.0,3.0,SPORTS,"49,51379000","0,12982000",,76.076351,76351,Seine-Maritime,28.0,Normandie,50.0,4.0,2.0,2,1.0,28,Normandie,76,2,96,LeHavre,166058,1780,167838.0
202300025013,1.0,1,4,1,0.0,1.0,-1.0, -1,-1.0,1944.0,A01,17,12,2023,17:50,5,76.0,76351,2,2,1.0,3.0,SPORTS,"49,51379000","0,12982000",,76.076351,76351,Seine-Maritime,28.0,Normandie,50.0,4.0,2.0,2,1.0,28,Normandie,76,2,96,LeHavre,166058,1780,167838.0
202300025167,1.0,1,1,2,5.0,1.0,-1.0, -1,-1.0,2000.0,A01,28,6,2023,20:30,1,76.0,76351,2,3,1.0,3.0,JEAN JAURES (AVENUE),"49,50086000","0,17817000",,76.076351,76351,Seine-Maritime,28.0,Normandie,50.0,4.0,2.0,4,1.0,28,Normandie,76,2,96,LeHavre,166058,1780,167838.0
202300025167,2.0,2,1,1,5.0,1.0,-1.0, -1,-1.0,1961.0,A01,28,6,2023,20:30,1,76.0,76351,2,3,1.0,3.0,JEAN JAURES (AVENUE),"49,50086000","0,17817000",,76.076351,76351,Seine-Maritime,28.0,Normandie,50.0,4.0,2.0,4,1.0,28,Normandie,76,2,96,LeHavre,166058,1780,167838.0
202300025167,1.0,1,3,1,5.0,2.0,-1.0, -1,-1.0,2002.0,B01,28,6,2023,20:30,1,76.0,76351,2,3,1.0,3.0,JEAN JAURES (AVENUE),"49,50086000","0,17817000",,76.076351,76351,Seine-Maritime,28.0,Normandie,50.0,4.0,2.0,4,1.0,28,Normandie,76,2,96,LeHavre,166058,1780,167838.0
202300025328,1.0,1,4,1,5.0,2.0,0.0,0,-1.0,2009.0,A01,13,10,2023,15:30,1,76.0,76198,1,1,2.0,7.0,RUE DE LA GROTTE,"49,67210100","0,85112900",,76.076198,76198,Seine-Maritime,28.0,Normandie,70.0,3.0,2.0,2,6.0,28,Normandie,76,3,35,Criquetot-sur-OuvilLe788,19,807,
202300025329,7.0,2,1,1,5.0,1.0,0.0,0,-1.0,2015.0,A01,11,10,2023,07:45,1,76.0,76142,1,1,1.0,2.0,75 Route de Forges - D915,"49,53145100","1,63710200",,76.076142,76142,Seine-Maritime,28.0,Normandie,80.0,3.0,2.0,2,1.0,28,Normandie,76,1,12,Brémontier-Merval,445,124,569.0
202300025329,1.0,1,4,2,2.0,1.0,0.0,0,-1.0,1977.0,A01,11,10,2023,07:45,1,76.0,76142,1,1,1.0,2.0,75 Route de Forges - D915,"49,53145100","1,63710200",,76.076142,76142,Seine-Maritime,28.0,Normandie,80.0,3.0,2.0,2,1.0,28,Normandie,76,1,12,Brémontier-Merval,445,124,569.0
202300025329,2.0,2,1,1,2.0,1.0,0.0,0,-1.0,2007.0,B01,11,10,2023,07:45,1,76.0,76142,1,1,1.0,2.0,75 Route de Forges - D915,"49,53145100","1,63710200",,76.076142,76142,Seine-Maritime,28.0,Normandie,80.0,3.0,2.0,2,1.0,28,Normandie,76,1,12,Brémontier-Merval,445,124,569.0
202300025329,1.0,1,1,1,2.0,1.0,0.0,0,-1.0,2004.0,B01,11,10,2023,07:45,1,76.0,76142,1,1,1.0,2.0,75 Route de Forges - D915,"49,53145100","1,63710200",,76.076142,76142,Seine-Maritime,28.0,Normandie,80.0,3.0,2.0,2,1.0,28,Normandie,76,1,12,Brémontier-Merval,445,124,569.0
202300025330,1.0,1,1,2,0.0,1.0,0.0,0,-1.0,1966.0,B01,13,10,2023,10:30,1,76.0,76330,2,1,1.0,1.0,332 Rue du Coudray,"49,82775200","0,90414400",,76.076330,76330,Seine-Maritime,28.0,Normandie,-1.0,3.0,2.0,2,1.0,28,Normandie,76,1,20,Gruchet-Saint-Siméon,681,20,701.0
202300025330,10.0,3,4,2,5.0,0.0,5.0,1,1.0,1973.0,A01,13,10,2023,10:30,1,76.0,76330,2,1,1.0,1.0,332 Rue du Coudray,"49,82775200","0,90414400",,76.076330,76330,Seine-Maritime,28.0,Normandie,-1.0,3.0,2.0,2,1.0,28,Normandie,76,1,20,Gruchet-Saint-Siméon,681,20,701.0
202300025330,1.0,1,1,1,0.0,1.0,0.0,0,-1.0,1977.0,A01,13,10,2023,10:30,1,76.0,76330,2,1,1.0,1.0,332 Rue du Coudray,"49,82775200","0,90414400",,76.076330,76330,Seine-Maritime,28.0,Normandie,-1.0,3.0,2.0,2,1.0,28,Normandie,76,1,20,Gruchet-Saint-Siméon,681,20,701.0
202300025419,1.0,1,4,2,5.0,1.0,-1.0, -1,-1.0,1998.0,A01,8,10,2023,04:30,5,76.0,76351,2,1,1.0,7.0,JENNER (PLACE),"49,50825000","0,13626000",,76.076351,76351,Seine-Maritime,28.0,Normandie,50.0,4.0,1.0,3,1.0,28,Normandie,76,2,96,LeHavre,166058,1780,167838.0
202300025464,1.0,1,1,1,0.0,1.0,-1.0, -1,-1.0,1992.0,A01,12,4,2023,17:50,1,76.0,76540,2,2,1.0,3.0,Route du Havre,"49,45276620","1,05666697",,76.076540,76540,Seine-Maritime,28.0,Normandie,50.0,7.0,2.0,3,1.0,28,Normandie,76,3,97,Rouen,114083,1556,115639.0
202300025464,1.0,1,3,1,1.0,2.0,-1.0, -1,-1.0,1994.0,B01,12,4,2023,17:50,1,76.0,76540,2,2,1.0,3.0,Route du Havre,"49,45276620","1,05666697",,76.076540,76540,Seine-Maritime,28.0,Normandie,50.0,7.0,2.0,3,1.0,28,Normandie,76,3,97,Rouen,114083,1556,115639.0
202300025466,1.0,1,1,2,4.0,1.0,-1.0, -1,-1.0,1964.0,A01,11,4,2023,10:29,1,76.0,76351,2,3,1.0,6.0,RENE COTY,"49,49520000","0,10983000",,76.076351,76351,Seine-Maritime,28.0,Normandie,50.0,4.0,2.0,4,1.0,28,Normandie,76,2,96,LeHavre,166058,1780,167838.0
202300025466,10.0,3,4,1,9.0,0.0,3.0,3,1.0,1997.0,A01,11,4,2023,10:29,1,76.0,76351,2,3,1.0,6.0,RENE COTY,"49,49520000","0,10983000",,76.076351,76351,Seine-Maritime,28.0,Normandie,50.0,4.0,2.0,4,1.0,28,Normandie,76,2,96,LeHavre,166058,1780,167838.0
202300025484,1.0,1,1,2,9.0,1.0,-1.0, -1,-1.0,1989.0,A01,16,4,2023,15:10,1,76.0,76351,2,3,1.0,3.0,LOUIS BLANC,"49,50725311","0,12630093",,76.076351,76351,Seine-Maritime,28.0,Normandie,50.0,4.0,2.0,2,1.0,28,Normandie,76,2,96,LeHavre,166058,1780,167838.0
202300025484,1.0,1,4,1,5.0,2.0,-1.0, -1,-1.0,1958.0,B01,16,4,2023,15:10,1,76.0,76351,2,3,1.0,3.0,LOUIS BLANC,"49,50725311","0,12630093",,76.076351,76351,Seine-Maritime,28.0,Normandie,50.0,4.0,2.0,2,1.0,28,Normandie,76,2,96,LeHavre,166058,1780,167838.0
202300025668,1.0,1,4,2,0.0,1.0,-1.0, -1,-1.0,2002.0,A01,25,1,2023,09:00,2,76.0,76231,1,1,8.0,7.0,Rue du Thuit Anger,"49,28238100","0,99142400",,76.076231,76231,Seine-Maritime,28.0,Normandie,30.0,7.0,2.0,2,2.0,28,Normandie,76,3,9,Elbeuf,15951,138,16089.0
202300025671,1.0,1,1,1,1.0,1.0,-1.0, -1,-1.0,1992.0,A01,24,1,2023,07:25,2,76.0,76540,2,2,1.0,3.0,Rue d'Ornay,"49,44323000","1,12272000",,76.076540,76540,Seine-Maritime,28.0,Normandie,30.0,4.0,2.0,2,1.0,28,Normandie,76,3,97,Rouen,114083,1556,115639.0
202300025671,1.0,1,4,1,1.0,1.0,-1.0, -1,-1.0,1972.0,B01,24,1,2023,07:25,2,76.0,76540,2,2,1.0,3.0,Rue d'Ornay,"49,44323000","1,12272000",,76.076540,76540,Seine-Maritime,28.0,Normandie,30.0,4.0,2.0,2,1.0,28,Normandie,76,3,97,Rouen,114083,1556,115639.0
202300025673,1.0,1,1,2,5.0,1.0,-1.0, -1,-1.0,1999.0,B01,24,1,2023,15:45,1,76.0,76351,2,3,1.0,1.0,BELLOT,"49,48534000","0,12710000",,76.076351,76351,Seine-Maritime,28.0,Normandie,50.0,4.0,2.0,2,1.0,28,Normandie,76,2,96,LeHavre,166058,1780,167838.0
202300025673,1.0,1,3,1,5.0,2.0,-1.0, -1,-1.0,2000.0,A01,24,1,2023,15:45,1,76.0,76351,2,3,1.0,1.0,BELLOT,"49,48534000","0,12710000",,76.076351,76351,Seine-Maritime,28.0,Normandie,50.0,4.0,2.0,2,1.0,28,Normandie,76,2,96,LeHavre,166058,1780,167838.0
202300025857,1.0,1,1,1,4.0,8.0,-1.0, -1,-1.0,1971.0,B01,24,1,2023,06:30,5,76.0,76540,2,3,1.0,3.0,Boulevard du Midi,"49,43378800","1,04392600",,76.076540,76540,Seine-Maritime,28.0,Normandie,50.0,4.0,2.0,2,1.0,28,Normandie,76,3,97,Rouen,114083,1556,115639.0
202300025857,1.0,1,1,-1,-1.0,-1.0,-1.0, -1,-1.0,,A01,24,1,2023,06:30,5,76.0,76540,2,3,1.0,3.0,Boulevard du Midi,"49,43378800","1,04392600",,76.076540,76540,Seine-Maritime,28.0,Normandie,50.0,4.0,2.0,2,1.0,28,Normandie,76,3,97,Rouen,114083,1556,115639.0
202300025857,2.0,2,4,2,0.0,8.0,-1.0, -1,-1.0,1998.0,A01,24,1,2023,06:30,5,76.0,76540,2,3,1.0,3.0,Boulevard du Midi,"49,43378800","1,04392600",,76.076540,76540,Seine-Maritime,28.0,Normandie,50.0,4.0,2.0,2,1.0,28,Normandie,76,3,97,Rouen,114083,1556,115639.0
202300025859,1.0,1,4,1,5.0,1.0,-1.0, -1,-1.0,1997.0,A01,22,1,2023,22:00,5,76.0,76351,2,1,1.0,6.0,JULES DURAND (BD),"49,49264000","0,16913000",,76.076351,76351,Seine-Maritime,28.0,Normandie,50.0,3.0,2.0,2,2.0,28,Normandie,76,2,96,LeHavre,166058,1780,167838.0
202300025863,1.0,1,3,1,5.0,1.0,-1.0, -1,-1.0,1983.0,A01,22,1,2023,02:30,5,76.0,76552,2,6,1.0,6.0,EDITH CAVELL,"49,50903004","0,08466393",,76.076552,76552,Seine-Maritime,28.0,Normandie,50.0,3.0,2.0,2,1.0,28,Normandie,76,2,19,Sainte-Adresse,7116,188,7304.0
202300025941,1.0,1,4,1,5.0,2.0,0.0,0,-1.0,1956.0,A01,4,8,2023,10:30,1,76.0,76658,2,1,1.0,6.0,Route du Chêne,"49,50485800","0,36460900",,76.076658,76658,Seine-Maritime,28.0,Normandie,50.0,4.0,2.0,2,1.0,28,Normandie,76,2,32,Saint-Vincent-Cramesnil,701,21,722.0
202300025944,2.0,2,3,2,5.0,2.0,0.0,0,-1.0,1985.0,A01,3,8,2023,20:20,1,76.0,76647,1,1,1.0,7.0,21 Avenue Maréchal de Lattre de Tassigny,"49,53677900","0,36747500",,76.076647,76647,Seine-Maritime,28.0,Normandie,80.0,3.0,2.0,2,1.0,28,Normandie,76,2,32,Saint-Romain-de-Colbosc,4436,43,4479.0
202300025944,1.0,1,1,1,5.0,2.0,0.0,0,-1.0,1986.0,A01,3,8,2023,20:20,1,76.0,76647,1,1,1.0,7.0,21 Avenue Maréchal de Lattre de Tassigny,"49,53677900","0,36747500",,76.076647,76647,Seine-Maritime,28.0,Normandie,80.0,3.0,2.0,2,1.0,28,Normandie,76,2,32,Saint-Romain-de-Colbosc,4436,43,4479.0
202300026198,1.0,1,2,1,0.0,1.0,0.0,0,-1.0,1995.0,A01,20,1,2023,16:30,1,76.0,76638,1,1,1.0,1.0,RD 1314,"49,99615400","1,43560400",,76.076638,76638,Seine-Maritime,28.0,Normandie,-1.0,3.0,2.0,2,1.0,28,Normandie,76,1,10,Saint-Pierre-en-Val,1090,16,1106.0
202300026198,1.0,1,3,2,1.0,1.0,0.0,0,-1.0,1989.0,B01,20,1,2023,16:30,1,76.0,76638,1,1,1.0,1.0,RD 1314,"49,99615400","1,43560400",,76.076638,76638,Seine-Maritime,28.0,Normandie,-1.0,3.0,2.0,2,1.0,28,Normandie,76,1,10,Saint-Pierre-en-Val,1090,16,1106.0
202300026376,1.0,1,1,1,0.0,1.0,-1.0, -1,-1.0,1991.0,C01,7,3,2023,19:50,5,76.0,76497,2,2,2.0,2.0,Rue Aristide Briand,"49,38823900","1,02284200",,76.076497,76497,Seine-Maritime,28.0,Normandie,50.0,7.0,2.0,2,2.0,28,Normandie,76,3,13,Petit-Couronne,8688,175,8863.0
202300026376,1.0,1,4,1,0.0,1.0,-1.0, -1,-1.0,1990.0,B01,7,3,2023,19:50,5,76.0,76497,2,2,2.0,2.0,Rue Aristide Briand,"49,38823900","1,02284200",,76.076497,76497,Seine-Maritime,28.0,Normandie,50.0,7.0,2.0,2,2.0,28,Normandie,76,3,13,Petit-Couronne,8688,175,8863.0
202300026380,1.0,1,1,1,5.0,1.0,-1.0, -1,-1.0,1959.0,A01,6,3,2023,16:00,1,76.0,76165,2,3,1.0,3.0,Rue de la République,"49,28375600","1,01677500",,76.076165,76165,Seine-Maritime,28.0,Normandie,30.0,7.0,1.0,1,1.0,28,Normandie,76,3,5,Caudebec-lès-Elbeuf,10135,69,10204.0
202300026380,1.0,1,3,1,0.0,8.0,-1.0, -1,-1.0,1968.0,B01,6,3,2023,16:00,1,76.0,76165,2,3,1.0,3.0,Rue de la République,"49,28375600","1,01677500",,76.076165,76165,Seine-Maritime,28.0,Normandie,30.0,7.0,1.0,1,1.0,28,Normandie,76,3,5,Caudebec-lès-Elbeuf,10135,69,10204.0
202300026382,1.0,1,1,1,0.0,1.0,-1.0, -1,-1.0,1955.0,A01,7,3,2023,09:35,1,76.0,76351,2,1,1.0,3.0,MAC ORLAN,"49,50170000","0,12663000",,76.076351,76351,Seine-Maritime,28.0,Normandie,50.0,4.0,2.0,2,2.0,28,Normandie,76,2,96,LeHavre,166058,1780,167838.0
202300026382,1.0,1,3,1,0.0,2.0,-1.0, -1,-1.0,1959.0,B01,7,3,2023,09:35,1,76.0,76351,2,1,1.0,3.0,MAC ORLAN,"49,50170000","0,12663000",,76.076351,76351,Seine-Maritime,28.0,Normandie,50.0,4.0,2.0,2,2.0,28,Normandie,76,2,96,LeHavre,166058,1780,167838.0
202300026507,1.0,1,3,1,1.0,2.0,-1.0, -1,-1.0,2005.0,A01,25,5,2023,07:55,1,76.0,76707,1,1,1.0,1.0,Rue de Miromesnil,"49,86317000","1,08651000",,76.076707,76707,Seine-Maritime,28.0,Normandie,80.0,3.0,2.0,2,1.0,28,Normandie,76,1,7,Tourville-sur-Arques,1193,35,1228.0