Num_Acc,place,catu,grav,sexe,trajet,secu,locp,actp,etatp,an_nais,num_veh,jour,mois,an,hrmn,lum,dep,com,agg,int,atm,col,adr,lat,long,gps,com_insee_temp,com_insee,departmentName,regionCode,regionName,vma,catr,circ,nbv,surf,Code,Region,Departement,Arrondissement,Code_Canton,Nom_Commune,Population_municipaLe,Population_comptee_a_part,Population_Totale
202300026507,1.0,1,1,2,1.0,1.0,-1.0, -1,-1.0,1984.0,B01,25,5,2023,07:55,1,76.0,76707,1,1,1.0,1.0,Rue de Miromesnil,"49,86317000","1,08651000",,76.076707,76707,Seine-Maritime,28.0,Normandie,80.0,3.0,2.0,2,1.0,28,Normandie,76,1,7,Tourville-sur-Arques,1193,35,1228.0
202300026510,1.0,1,1,2,0.0,1.0,-1.0, -1,-1.0,1995.0,A01,25,5,2023,08:00,2,76.0,76114,2,2,1.0,3.0,MARTYRS DE LA RESISTANCE (RUE DES),"49,57357000","0,47711000",,76.076114,76114,Seine-Maritime,28.0,Normandie,50.0,3.0,2.0,2,1.0,28,Normandie,76,2,3,Bolbec,11635,147,11782.0
202300026510,1.0,1,4,1,2.0,8.0,-1.0, -1,-1.0,2006.0,B01,25,5,2023,08:00,2,76.0,76114,2,2,1.0,3.0,MARTYRS DE LA RESISTANCE (RUE DES),"49,57357000","0,47711000",,76.076114,76114,Seine-Maritime,28.0,Normandie,50.0,3.0,2.0,2,1.0,28,Normandie,76,2,3,Bolbec,11635,147,11782.0
202300026532,1.0,1,1,1,3.0,1.0,-1.0, -1,-1.0,1990.0,A01,13,11,2023,11:30,1,76.0,76681,2,7,1.0,6.0,Place Voltaire,"49,42334000","1,08948000",,76.076681,76681,Seine-Maritime,28.0,Normandie,-1.0,4.0,-1.0, -1,2.0,28,Normandie,76,3,99,Sotteville-lès-Rouen,28965,475,29440.0
202300026532,10.0,3,4,1,0.0,0.0,9.0,9,2.0,1933.0,A01,13,11,2023,11:30,1,76.0,76681,2,7,1.0,6.0,Place Voltaire,"49,42334000","1,08948000",,76.076681,76681,Seine-Maritime,28.0,Normandie,-1.0,4.0,-1.0, -1,2.0,28,Normandie,76,3,99,Sotteville-lès-Rouen,28965,475,29440.0
202300026537,1.0,1,4,2,0.0,1.0,-1.0, -1,-1.0,1982.0,B01,11,11,2023,18:45,5,76.0,76351,2,1,1.0,2.0,JULES DURAND (BD),"49,49282000","0,16954000",,76.076351,76351,Seine-Maritime,28.0,Normandie,50.0,3.0,2.0,2,2.0,28,Normandie,76,2,96,LeHavre,166058,1780,167838.0
202300026537,1.0,1,1,1,0.0,1.0,-1.0, -1,-1.0,1997.0,A01,11,11,2023,18:45,5,76.0,76351,2,1,1.0,2.0,JULES DURAND (BD),"49,49282000","0,16954000",,76.076351,76351,Seine-Maritime,28.0,Normandie,50.0,3.0,2.0,2,2.0,28,Normandie,76,2,96,LeHavre,166058,1780,167838.0
202300026542,1.0,1,1,-1,-1.0,-1.0,-1.0, -1,-1.0,,A01,11,11,2023,05:20,5,76.0,76351,2,1,3.0,6.0,AUGUSTE BLANQUI,"49,50208000","0,16174000",,76.076351,76351,Seine-Maritime,28.0,Normandie,50.0,3.0,2.0,2,2.0,28,Normandie,76,2,96,LeHavre,166058,1780,167838.0
202300026542,2.0,2,4,2,5.0,1.0,-1.0, -1,-1.0,2003.0,A01,11,11,2023,05:20,5,76.0,76351,2,1,3.0,6.0,AUGUSTE BLANQUI,"49,50208000","0,16174000",,76.076351,76351,Seine-Maritime,28.0,Normandie,50.0,3.0,2.0,2,2.0,28,Normandie,76,2,96,LeHavre,166058,1780,167838.0
202300026542,4.0,2,1,2,5.0,1.0,-1.0, -1,-1.0,2002.0,A01,11,11,2023,05:20,5,76.0,76351,2,1,3.0,6.0,AUGUSTE BLANQUI,"49,50208000","0,16174000",,76.076351,76351,Seine-Maritime,28.0,Normandie,50.0,3.0,2.0,2,2.0,28,Normandie,76,2,96,LeHavre,166058,1780,167838.0
202300026608,1.0,1,1,1,1.0,1.0,0.0,0,-1.0,2002.0,A01,11,9,2023,14:20,1,76.0,76636,1,1,2.0,3.0,Route de Duclair,"49,49278600","0,89785300",,76.076636,76636,Seine-Maritime,28.0,Normandie,80.0,7.0,2.0,2,2.0,28,Normandie,76,3,1,Saint-Pierre-de-VarengevilLe2299,33,2332,
202300026608,1.0,1,3,2,9.0,1.0,0.0,0,-1.0,1957.0,B01,11,9,2023,14:20,1,76.0,76636,1,1,2.0,3.0,Route de Duclair,"49,49278600","0,89785300",,76.076636,76636,Seine-Maritime,28.0,Normandie,80.0,7.0,2.0,2,2.0,28,Normandie,76,3,1,Saint-Pierre-de-VarengevilLe2299,33,2332,
202300026792,2.0,2,2,1,0.0,2.0,0.0,0,-1.0,1984.0,A01,11,9,2023,03:45,5,76.0,76533,2,1,1.0,6.0,Rue René Coty,"49,50452400","0,26827500",,76.076533,76533,Seine-Maritime,28.0,Normandie,30.0,4.0,2.0,2,1.0,28,Normandie,76,2,16,RogervilLe1706,19,1725,
202300026792,1.0,1,3,1,5.0,2.0,0.0,0,-1.0,1983.0,A01,11,9,2023,03:45,5,76.0,76533,2,1,1.0,6.0,Rue René Coty,"49,50452400","0,26827500",,76.076533,76533,Seine-Maritime,28.0,Normandie,30.0,4.0,2.0,2,1.0,28,Normandie,76,2,16,RogervilLe1706,19,1725,
202300026798,1.0,1,2,1,5.0,0.0,0.0,0,-1.0,1952.0,A01,18,12,2023,18:29,3,76.0,76759,2,1,1.0,6.0,Route des Marais,"49,41218300","0,87392600",,76.076759,76759,Seine-Maritime,28.0,Normandie,50.0,7.0,2.0,2,1.0,28,Normandie,76,3,1,Yville-sur-Seine,431,8,439.0
202300027313,1.0,1,4,1,5.0,0.0,-1.0, -1,-1.0,2012.0,B01,9,10,2023,18:00,1,76.0,76447,2,6,1.0,6.0,avenue nordhon,"49,54729000","0,18880000",,76.076447,76447,Seine-Maritime,28.0,Normandie,50.0,4.0,-1.0,1,1.0,28,Normandie,76,2,15,Montivilliers,15457,203,15660.0
202300027313,1.0,1,1,2,5.0,1.0,-1.0, -1,-1.0,1951.0,A01,9,10,2023,18:00,1,76.0,76447,2,6,1.0,6.0,avenue nordhon,"49,54729000","0,18880000",,76.076447,76447,Seine-Maritime,28.0,Normandie,50.0,4.0,-1.0,1,1.0,28,Normandie,76,2,15,Montivilliers,15457,203,15660.0
202300027314,1.0,1,4,2,0.0,8.0,-1.0, -1,-1.0,1977.0,B01,9,10,2023,08:00,1,76.0,76351,2,3,1.0,3.0,HOTEL DE VILLE (PLACE DE),"49,49425100","0,10643200",,76.076351,76351,Seine-Maritime,28.0,Normandie,50.0,4.0,2.0,2,1.0,28,Normandie,76,2,96,LeHavre,166058,1780,167838.0
202300027314,1.0,1,1,2,0.0,1.0,-1.0, -1,-1.0,1976.0,A01,9,10,2023,08:00,1,76.0,76351,2,3,1.0,3.0,HOTEL DE VILLE (PLACE DE),"49,49425100","0,10643200",,76.076351,76351,Seine-Maritime,28.0,Normandie,50.0,4.0,2.0,2,1.0,28,Normandie,76,2,96,LeHavre,166058,1780,167838.0
202300027315,1.0,1,1,2,5.0,1.0,-1.0, -1,-1.0,1995.0,A01,8,10,2023,03:20,3,76.0,76341,1,1,1.0,1.0,RD 6382,"49,51120000","0,19913000",,76.076341,76341,Seine-Maritime,28.0,Normandie,70.0,3.0,1.0,2,1.0,28,Normandie,76,2,15,Harfleur,8315,53,8368.0
202300027315,1.0,1,4,1,5.0,1.0,-1.0, -1,-1.0,1998.0,B01,8,10,2023,03:20,3,76.0,76341,1,1,1.0,1.0,RD 6382,"49,51120000","0,19913000",,76.076341,76341,Seine-Maritime,28.0,Normandie,70.0,3.0,1.0,2,1.0,28,Normandie,76,2,15,Harfleur,8315,53,8368.0
202300027374,2.0,2,1,1,0.0,1.0,-1.0, -1,-1.0,1992.0,B01,2,8,2023,18:45,1,76.0,76540,2,1,3.0,3.0,Avenue Olivier de Serres,"49,44891000","1,12014000",,76.076540,76540,Seine-Maritime,28.0,Normandie,50.0,4.0,2.0,2,2.0,28,Normandie,76,3,97,Rouen,114083,1556,115639.0
202300027374,1.0,1,1,2,0.0,1.0,-1.0, -1,-1.0,1996.0,B01,2,8,2023,18:45,1,76.0,76540,2,1,3.0,3.0,Avenue Olivier de Serres,"49,44891000","1,12014000",,76.076540,76540,Seine-Maritime,28.0,Normandie,50.0,4.0,2.0,2,2.0,28,Normandie,76,3,97,Rouen,114083,1556,115639.0
202300027374,1.0,1,4,1,0.0,1.0,-1.0, -1,-1.0,2002.0,A01,2,8,2023,18:45,1,76.0,76540,2,1,3.0,3.0,Avenue Olivier de Serres,"49,44891000","1,12014000",,76.076540,76540,Seine-Maritime,28.0,Normandie,50.0,4.0,2.0,2,2.0,28,Normandie,76,3,97,Rouen,114083,1556,115639.0
202300027375,3.0,2,4,1,0.0,1.0,-1.0, -1,-1.0,2001.0,A01,1,8,2023,23:45,4,76.0,76341,1,1,3.0,7.0,RD 6382,"49,51346000","0,19447000",,76.076341,76341,Seine-Maritime,28.0,Normandie,70.0,3.0,3.0,0,3.0,28,Normandie,76,2,15,Harfleur,8315,53,8368.0
202300027375,4.0,2,4,1,0.0,1.0,-1.0, -1,-1.0,2002.0,A01,1,8,2023,23:45,4,76.0,76341,1,1,3.0,7.0,RD 6382,"49,51346000","0,19447000",,76.076341,76341,Seine-Maritime,28.0,Normandie,70.0,3.0,3.0,0,3.0,28,Normandie,76,2,15,Harfleur,8315,53,8368.0
202300027375,1.0,1,4,1,0.0,1.0,-1.0, -1,-1.0,2002.0,A01,1,8,2023,23:45,4,76.0,76341,1,1,3.0,7.0,RD 6382,"49,51346000","0,19447000",,76.076341,76341,Seine-Maritime,28.0,Normandie,70.0,3.0,3.0,0,3.0,28,Normandie,76,2,15,Harfleur,8315,53,8368.0
202300027375,2.0,2,4,1,0.0,1.0,-1.0, -1,-1.0,1999.0,A01,1,8,2023,23:45,4,76.0,76341,1,1,3.0,7.0,RD 6382,"49,51346000","0,19447000",,76.076341,76341,Seine-Maritime,28.0,Normandie,70.0,3.0,3.0,0,3.0,28,Normandie,76,2,15,Harfleur,8315,53,8368.0
202300027376,1.0,1,4,1,5.0,2.0,-1.0, -1,-1.0,2002.0,A01,1,8,2023,21:00,2,76.0,76351,2,1,2.0,6.0,HENRY GENESTAL,"49,49581000","0,10578000",,76.076351,76351,Seine-Maritime,28.0,Normandie,30.0,4.0,2.0,2,2.0,28,Normandie,76,2,96,LeHavre,166058,1780,167838.0
202300027409,1.0,1,3,1,0.0,8.0,-1.0, -1,-1.0,1997.0,B01,17,4,2023,16:45,1,76.0,76540,2,1,1.0,3.0,Rue d'Elbeuf,"49,42643000","1,08308000",,76.076540,76540,Seine-Maritime,28.0,Normandie,50.0,4.0,2.0,2,1.0,28,Normandie,76,3,97,Rouen,114083,1556,115639.0
202300027409,1.0,1,1,2,0.0,1.0,-1.0, -1,-1.0,1965.0,A01,17,4,2023,16:45,1,76.0,76540,2,1,1.0,3.0,Rue d'Elbeuf,"49,42643000","1,08308000",,76.076540,76540,Seine-Maritime,28.0,Normandie,50.0,4.0,2.0,2,1.0,28,Normandie,76,3,97,Rouen,114083,1556,115639.0
202300027410,1.0,1,4,1,0.0,1.0,-1.0, -1,-1.0,1969.0,A01,15,4,2023,15:00,1,76.0,76351,2,1,1.0,6.0,GEORGE V (QUAI),"49,49113000","0,11490000",,76.076351,76351,Seine-Maritime,28.0,Normandie,50.0,4.0,1.0,2,1.0,28,Normandie,76,2,96,LeHavre,166058,1780,167838.0
202300027544,1.0,1,1,1,5.0,1.0,0.0,0,-1.0,1963.0,A01,20,1,2023,16:24,1,76.0,76302,2,1,1.0,6.0,Rue Jean Prévost,"49,64903100","0,36461900",,76.076302,76302,Seine-Maritime,28.0,Normandie,50.0,4.0,2.0,2,1.0,28,Normandie,76,2,32,GodervilLe2839,39,2878,
202300027544,10.0,3,4,2,2.0,0.0,3.0,5,2.0,2018.0,A01,20,1,2023,16:24,1,76.0,76302,2,1,1.0,6.0,Rue Jean Prévost,"49,64903100","0,36461900",,76.076302,76302,Seine-Maritime,28.0,Normandie,50.0,4.0,2.0,2,1.0,28,Normandie,76,2,32,GodervilLe2839,39,2878,
202300027594,1.0,1,4,1,0.0,1.0,0.0,0,-1.0,1945.0,B01,17,4,2023,20:30,2,76.0,76235,1,1,1.0,1.0,D920,"49,90020500","1,24658300",,76.076235,76235,Seine-Maritime,28.0,Normandie,80.0,3.0,2.0,2,1.0,28,Normandie,76,1,8,Envermeu,1978,132,2110.0
202300027594,1.0,1,1,1,1.0,1.0,0.0,0,-1.0,1999.0,A01,17,4,2023,20:30,2,76.0,76235,1,1,1.0,1.0,D920,"49,90020500","1,24658300",,76.076235,76235,Seine-Maritime,28.0,Normandie,80.0,3.0,2.0,2,1.0,28,Normandie,76,1,8,Envermeu,1978,132,2110.0
202300027609,1.0,1,4,1,1.0,2.0,0.0,0,-1.0,1967.0,B01,17,4,2023,18:30,1,76.0,76662,2,1,1.0,3.0,La Grande Rue,"49,77104100","0,89187700",,76.076662,76662,Seine-Maritime,28.0,Normandie,-1.0,4.0,2.0,2,1.0,28,Normandie,76,1,20,Sassetot-le-Malgardé,106,1,107.0
202300027609,1.0,1,1,1,1.0,1.0,0.0,0,-1.0,1985.0,A01,17,4,2023,18:30,1,76.0,76662,2,1,1.0,3.0,La Grande Rue,"49,77104100","0,89187700",,76.076662,76662,Seine-Maritime,28.0,Normandie,-1.0,4.0,2.0,2,1.0,28,Normandie,76,1,20,Sassetot-le-Malgardé,106,1,107.0
202300027640,1.0,1,3,1,1.0,1.0,0.0,0,-1.0,1980.0,B01,23,1,2023,18:10,3,76.0,76657,1,1,1.0,3.0,RD982,"49,48456600","0,35722700",,76.076657,76657,Seine-Maritime,28.0,Normandie,-1.0,3.0,4.0,2,1.0,28,Normandie,76,2,32,Saint-Vigor-d'YmonvilLe1167,24,1191,
202300027640,1.0,1,1,1,5.0,1.0,0.0,0,-1.0,2002.0,A01,23,1,2023,18:10,3,76.0,76657,1,1,1.0,3.0,RD982,"49,48456600","0,35722700",,76.076657,76657,Seine-Maritime,28.0,Normandie,-1.0,3.0,4.0,2,1.0,28,Normandie,76,2,32,Saint-Vigor-d'YmonvilLe1167,24,1191,
202300027659,1.0,1,4,1,0.0,2.0,-1.0, -1,-1.0,1998.0,A01,31,7,2023,18:30,1,76.0,76351,2,1,3.0,7.0,JULES DURAND (BD),"49,48987242","0,15668526",,76.076351,76351,Seine-Maritime,28.0,Normandie,50.0,4.0,2.0,2,2.0,28,Normandie,76,2,96,LeHavre,166058,1780,167838.0
202300027700,10.0,3,3,2,5.0,0.0,3.0,3,1.0,1956.0,A01,21,1,2023,15:55,1,76.0,76351,2,3,1.0,6.0,PHILIPPE LEBON,"49,49600300","0,12673000",,76.076351,76351,Seine-Maritime,28.0,Normandie,50.0,4.0,2.0,2,1.0,28,Normandie,76,2,96,LeHavre,166058,1780,167838.0
202300027700,1.0,1,1,2,5.0,1.0,-1.0, -1,-1.0,1959.0,A01,21,1,2023,15:55,1,76.0,76351,2,3,1.0,6.0,PHILIPPE LEBON,"49,49600300","0,12673000",,76.076351,76351,Seine-Maritime,28.0,Normandie,50.0,4.0,2.0,2,1.0,28,Normandie,76,2,96,LeHavre,166058,1780,167838.0
202300027902,1.0,1,4,1,9.0,2.0,0.0,0,-1.0,2007.0,A01,2,8,2023,14:00,1,76.0,76075,2,4,6.0,1.0,Route de la Mer,"49,76839100","1,04875700",,76.076075,76075,Seine-Maritime,28.0,Normandie,-1.0,3.0,2.0, -1,1.0,28,Normandie,76,1,20,Belmesnil,451,3,454.0
202300027902,1.0,1,1,1,9.0,1.0,0.0,0,-1.0,1966.0,B01,2,8,2023,14:00,1,76.0,76075,2,4,6.0,1.0,Route de la Mer,"49,76839100","1,04875700",,76.076075,76075,Seine-Maritime,28.0,Normandie,-1.0,3.0,2.0, -1,1.0,28,Normandie,76,1,20,Belmesnil,451,3,454.0
202300028401,1.0,1,3,1,1.0,1.0,-1.0, -1,-1.0,2003.0,A01,24,5,2023,09:50,1,76.0,76103,1,1,1.0,6.0,Route Neuve,"49,42215000","1,11930000",,76.076103,76103,Seine-Maritime,28.0,Normandie,80.0,7.0,2.0,2,1.0,28,Normandie,76,3,6,Bonsecours,6455,95,6550.0
202300028446,1.0,1,1,2,0.0,1.0,-1.0, -1,-1.0,1998.0,B01,12,11,2023,19:15,5,76.0,76429,2,2,2.0,3.0,Rue d'Alsace,"49,41121344","1,15246904",,76.076429,76429,Seine-Maritime,28.0,Normandie,30.0,4.0,2.0,2,2.0,28,Normandie,76,3,21,LeMesnil-Esnard,7980,353,8333.0
202300028446,1.0,1,3,1,0.0,8.0,-1.0, -1,-1.0,1997.0,A01,12,11,2023,19:15,5,76.0,76429,2,2,2.0,3.0,Rue d'Alsace,"49,41121344","1,15246904",,76.076429,76429,Seine-Maritime,28.0,Normandie,30.0,4.0,2.0,2,2.0,28,Normandie,76,3,21,LeMesnil-Esnard,7980,353,8333.0
202300028450,1.0,1,1,1,5.0,8.0,0.0,0,-1.0,2004.0,A01,10,9,2023,04:45,3,76.0,76709,1,1,1.0,6.0,D20,"49,47504000","0,83509000",,76.076709,76709,Seine-Maritime,28.0,Normandie,80.0,7.0,2.0,2,1.0,28,Normandie,76,3,1,LeTrait,4780,38,4818.0
202300028450,2.0,2,3,1,5.0,1.0,0.0,0,-1.0,2002.0,A01,10,9,2023,04:45,3,76.0,76709,1,1,1.0,6.0,D20,"49,47504000","0,83509000",,76.076709,76709,Seine-Maritime,28.0,Normandie,80.0,7.0,2.0,2,1.0,28,Normandie,76,3,1,LeTrait,4780,38,4818.0
202300028650,1.0,1,3,1,5.0,1.0,0.0,0,-1.0,1992.0,A01,12,11,2023,01:40,3,76.0,76412,2,6,2.0,7.0,N31,"49,45996600","1,29919800",,76.076412,76412,Seine-Maritime,28.0,Normandie,50.0,2.0,3.0,2,2.0,28,Normandie,76,3,21,Martainville-ÉprevilLe715,11,726,
202300028728,1.0,1,3,1,0.0,8.0,-1.0, -1,-1.0,1987.0,B01,8,9,2023,11:10,1,76.0,76498,2,1,1.0,3.0,Boulevard Charles de Gaulle,"49,42195400","1,06529504",,76.076498,76498,Seine-Maritime,28.0,Normandie,50.0,4.0,2.0,2,1.0,28,Normandie,76,3,27,LePetit-Quevilly,21782,274,22056.0
202300028728,1.0,1,1,1,0.0,8.0,-1.0, -1,-1.0,2001.0,A01,8,9,2023,11:10,1,76.0,76498,2,1,1.0,3.0,Boulevard Charles de Gaulle,"49,42195400","1,06529504",,76.076498,76498,Seine-Maritime,28.0,Normandie,50.0,4.0,2.0,2,1.0,28,Normandie,76,3,27,LePetit-Quevilly,21782,274,22056.0
202300028730,1.0,1,3,2,5.0,1.0,-1.0, -1,-1.0,1934.0,A01,7,9,2023,20:35,1,76.0,76351,2,2,1.0,3.0,BOIS AU COQ (AVENUE),"49,51855000","0,11681000",,76.076351,76351,Seine-Maritime,28.0,Normandie,50.0,4.0,2.0,2,1.0,28,Normandie,76,2,96,LeHavre,166058,1780,167838.0
202300028730,1.0,1,4,1,0.0,1.0,-1.0, -1,-1.0,1987.0,B01,7,9,2023,20:35,1,76.0,76351,2,2,1.0,3.0,BOIS AU COQ (AVENUE),"49,51855000","0,11681000",,76.076351,76351,Seine-Maritime,28.0,Normandie,50.0,4.0,2.0,2,1.0,28,Normandie,76,2,96,LeHavre,166058,1780,167838.0
202300028732,1.0,1,4,2,1.0,2.0,-1.0, -1,-1.0,1981.0,B01,7,9,2023,07:50,1,76.0,76351,2,1,1.0,2.0,VERDUN (RUE DE),"49,50122000","0,14799000",,76.076351,76351,Seine-Maritime,28.0,Normandie,50.0,4.0,-1.0,2,1.0,28,Normandie,76,2,96,LeHavre,166058,1780,167838.0
202300028732,1.0,1,1,1,1.0,1.0,-1.0, -1,-1.0,1984.0,A01,7,9,2023,07:50,1,76.0,76351,2,1,1.0,2.0,VERDUN (RUE DE),"49,50122000","0,14799000",,76.076351,76351,Seine-Maritime,28.0,Normandie,50.0,4.0,-1.0,2,1.0,28,Normandie,76,2,96,LeHavre,166058,1780,167838.0
202300028735,1.0,1,4,1,5.0,1.0,-1.0, -1,-1.0,1948.0,A01,6,9,2023,16:36,1,76.0,76351,2,2,1.0,3.0,LONDES (DES),"49,51046500","0,16952000",,76.076351,76351,Seine-Maritime,28.0,Normandie,50.0,4.0,2.0,2,1.0,28,Normandie,76,2,96,LeHavre,166058,1780,167838.0
202300028735,2.0,2,4,2,0.0,1.0,-1.0, -1,-1.0,2003.0,B01,6,9,2023,16:36,1,76.0,76351,2,2,1.0,3.0,LONDES (DES),"49,51046500","0,16952000",,76.076351,76351,Seine-Maritime,28.0,Normandie,50.0,4.0,2.0,2,1.0,28,Normandie,76,2,96,LeHavre,166058,1780,167838.0
202300028735,1.0,1,1,1,0.0,1.0,-1.0, -1,-1.0,2004.0,B01,6,9,2023,16:36,1,76.0,76351,2,2,1.0,3.0,LONDES (DES),"49,51046500","0,16952000",,76.076351,76351,Seine-Maritime,28.0,Normandie,50.0,4.0,2.0,2,1.0,28,Normandie,76,2,96,LeHavre,166058,1780,167838.0
202300028864,1.0,1,1,1,0.0,8.0,-1.0, -1,-1.0,2001.0,A01,19,8,2023,15:15,1,76.0,76540,2,2,1.0,1.0,Rue Nansen,"49,44507000","1,06379000",,76.076540,76540,Seine-Maritime,28.0,Normandie,50.0,7.0,1.0,3,1.0,28,Normandie,76,3,97,Rouen,114083,1556,115639.0
202300028864,1.0,1,1,2,0.0,1.0,-1.0, -1,-1.0,1975.0,B01,19,8,2023,15:15,1,76.0,76540,2,2,1.0,1.0,Rue Nansen,"49,44507000","1,06379000",,76.076540,76540,Seine-Maritime,28.0,Normandie,50.0,7.0,1.0,3,1.0,28,Normandie,76,3,97,Rouen,114083,1556,115639.0
202300028864,4.0,2,4,2,0.0,1.0,-1.0, -1,-1.0,2009.0,B01,19,8,2023,15:15,1,76.0,76540,2,2,1.0,1.0,Rue Nansen,"49,44507000","1,06379000",,76.076540,76540,Seine-Maritime,28.0,Normandie,50.0,7.0,1.0,3,1.0,28,Normandie,76,3,97,Rouen,114083,1556,115639.0
202300028864,4.0,2,1,2,0.0,1.0,-1.0, -1,-1.0,1943.0,B01,19,8,2023,15:15,1,76.0,76540,2,2,1.0,1.0,Rue Nansen,"49,44507000","1,06379000",,76.076540,76540,Seine-Maritime,28.0,Normandie,50.0,7.0,1.0,3,1.0,28,Normandie,76,3,97,Rouen,114083,1556,115639.0
202300028864,3.0,2,1,2,0.0,1.0,-1.0, -1,-1.0,2011.0,B01,19,8,2023,15:15,1,76.0,76540,2,2,1.0,1.0,Rue Nansen,"49,44507000","1,06379000",,76.076540,76540,Seine-Maritime,28.0,Normandie,50.0,7.0,1.0,3,1.0,28,Normandie,76,3,97,Rouen,114083,1556,115639.0
202300028890,10.0,3,4,1,5.0,0.0,3.0,3,1.0,1958.0,A01,27,6,2023,19:05,1,76.0,76114,2,6,1.0,6.0,Boulevard Jules Passas,"49,56987000","0,47858000",,76.076114,76114,Seine-Maritime,28.0,Normandie,50.0,3.0,2.0,2,1.0,28,Normandie,76,2,3,Bolbec,11635,147,11782.0
202300028890,1.0,1,1,1,5.0,8.0,-1.0, -1,-1.0,1982.0,A01,27,6,2023,19:05,1,76.0,76114,2,6,1.0,6.0,Boulevard Jules Passas,"49,56987000","0,47858000",,76.076114,76114,Seine-Maritime,28.0,Normandie,50.0,3.0,2.0,2,1.0,28,Normandie,76,2,3,Bolbec,11635,147,11782.0
202300028903,1.0,1,1,1,5.0,1.0,-1.0, -1,-1.0,1974.0,A01,15,12,2023,18:30,5,76.0,76429,2,1,8.0,3.0,Route de Paris,"49,40990000","1,14278000",,76.076429,76429,Seine-Maritime,28.0,Normandie,50.0,7.0,2.0,2,1.0,28,Normandie,76,3,21,LeMesnil-Esnard,7980,353,8333.0
202300028903,1.0,1,4,1,0.0,2.0,-1.0, -1,-1.0,2005.0,B01,15,12,2023,18:30,5,76.0,76429,2,1,8.0,3.0,Route de Paris,"49,40990000","1,14278000",,76.076429,76429,Seine-Maritime,28.0,Normandie,50.0,7.0,2.0,2,1.0,28,Normandie,76,3,21,LeMesnil-Esnard,7980,353,8333.0
202300028911,1.0,1,1,1,5.0,1.0,-1.0, -1,-1.0,1980.0,A01,27,6,2023,20:50,2,76.0,76575,2,3,1.0,6.0,Rue Moliere,"49,40367100","1,07542300",,76.076575,76575,Seine-Maritime,28.0,Normandie,50.0,4.0,2.0,2,1.0,28,Normandie,76,3,98,Saint-Étienne-du-Rouvray,28508,225,28733.0
202300028911,10.0,3,4,1,5.0,0.0,3.0,3,1.0,1993.0,A01,27,6,2023,20:50,2,76.0,76575,2,3,1.0,6.0,Rue Moliere,"49,40367100","1,07542300",,76.076575,76575,Seine-Maritime,28.0,Normandie,50.0,4.0,2.0,2,1.0,28,Normandie,76,3,98,Saint-Étienne-du-Rouvray,28508,225,28733.0
202300028912,1.0,1,3,2,1.0,8.0,-1.0, -1,-1.0,2006.0,A01,24,6,2023,21:36,1,76.0,76351,2,3,1.0,3.0,FRANCOIS 1ER (BD),"49,49027000","0,10076000",,76.076351,76351,Seine-Maritime,28.0,Normandie,50.0,4.0,3.0,5,1.0,28,Normandie,76,2,96,LeHavre,166058,1780,167838.0
202300028912,1.0,1,1,1,5.0,1.0,-1.0, -1,-1.0,1982.0,B01,24,6,2023,21:36,1,76.0,76351,2,3,1.0,3.0,FRANCOIS 1ER (BD),"49,49027000","0,10076000",,76.076351,76351,Seine-Maritime,28.0,Normandie,50.0,4.0,3.0,5,1.0,28,Normandie,76,2,96,LeHavre,166058,1780,167838.0
202300029003,1.0,1,3,1,1.0,1.0,0.0,0,-1.0,1999.0,A01,28,6,2023,14:55,1,76.0,76421,1,1,1.0,5.0,D6015,"49,55493700","0,42679300",,76.076421,76421,Seine-Maritime,28.0,Normandie,80.0,3.0,2.0,3,1.0,28,Normandie,76,2,3,Mélamare,928,14,942.0
202300029003,1.0,1,4,2,3.0,1.0,0.0,0,-1.0,1991.0,B01,28,6,2023,14:55,1,76.0,76421,1,1,1.0,5.0,D6015,"49,55493700","0,42679300",,76.076421,76421,Seine-Maritime,28.0,Normandie,80.0,3.0,2.0,3,1.0,28,Normandie,76,2,3,Mélamare,928,14,942.0
202300029003,2.0,2,4,2,3.0,1.0,0.0,0,-1.0,2012.0,B01,28,6,2023,14:55,1,76.0,76421,1,1,1.0,5.0,D6015,"49,55493700","0,42679300",,76.076421,76421,Seine-Maritime,28.0,Normandie,80.0,3.0,2.0,3,1.0,28,Normandie,76,2,3,Mélamare,928,14,942.0
202300029003,7.0,2,4,1,3.0,1.0,0.0,0,-1.0,2015.0,B01,28,6,2023,14:55,1,76.0,76421,1,1,1.0,5.0,D6015,"49,55493700","0,42679300",,76.076421,76421,Seine-Maritime,28.0,Normandie,80.0,3.0,2.0,3,1.0,28,Normandie,76,2,3,Mélamare,928,14,942.0
202300029003,1.0,1,1,1,1.0,1.0,0.0,0,-1.0,1976.0,C01,28,6,2023,14:55,1,76.0,76421,1,1,1.0,5.0,D6015,"49,55493700","0,42679300",,76.076421,76421,Seine-Maritime,28.0,Normandie,80.0,3.0,2.0,3,1.0,28,Normandie,76,2,3,Mélamare,928,14,942.0