Num_Acc,place,catu,grav,sexe,trajet,secu,locp,actp,etatp,an_nais,num_veh,jour,mois,an,hrmn,lum,dep,com,agg,int,atm,col,adr,lat,long,gps,com_insee_temp,com_insee,departmentName,regionCode,regionName,vma,catr,circ,nbv,surf,Code,Region,Departement,Arrondissement,Code_Canton,Nom_Commune,Population_municipaLe,Population_comptee_a_part,Population_Totale
202300029155,10.0,3,3,2,5.0,0.0,3.0,3,1.0,1944.0,A01,10,10,2023,13:30,1,76.0,76392,2,2,7.0,6.0,Rue du Maréchal Leclerc,"49,83379900","1,40133600",,76.076392,76392,Seine-Maritime,28.0,Normandie,-1.0,3.0,2.0, -1,1.0,28,Normandie,76,1,23,Londinières,1243,20,1263.0
202300029155,1.0,1,1,2,1.0,1.0,0.0,0,-1.0,1983.0,A01,10,10,2023,13:30,1,76.0,76392,2,2,7.0,6.0,Rue du Maréchal Leclerc,"49,83379900","1,40133600",,76.076392,76392,Seine-Maritime,28.0,Normandie,-1.0,3.0,2.0, -1,1.0,28,Normandie,76,1,23,Londinières,1243,20,1263.0
202300029319,1.0,1,4,1,1.0,8.0,-1.0, -1,-1.0,2006.0,B01,21,1,2023,20:00,5,76.0,76319,2,9,1.0,3.0,Avenue de Caen,"49,34777600","0,99179000",,76.076319,76319,Seine-Maritime,28.0,Normandie,50.0,7.0,2.0,2,1.0,28,Normandie,76,3,9,Grand-Couronne,9726,177,9903.0
202300029319,1.0,1,1,1,1.0,1.0,-1.0, -1,-1.0,1974.0,A01,21,1,2023,20:00,5,76.0,76319,2,9,1.0,3.0,Avenue de Caen,"49,34777600","0,99179000",,76.076319,76319,Seine-Maritime,28.0,Normandie,50.0,7.0,2.0,2,1.0,28,Normandie,76,3,9,Grand-Couronne,9726,177,9903.0
202300029322,2.0,2,4,2,5.0,2.0,-1.0, -1,-1.0,2010.0,D01,21,1,2023,17:09,2,76.0,76231,1,1,1.0,4.0,Rue du Neubourg,"49,27225000","0,99095000",,76.076231,76231,Seine-Maritime,28.0,Normandie,80.0,7.0,2.0,2,2.0,28,Normandie,76,3,9,Elbeuf,15951,138,16089.0
202300029322,1.0,1,3,1,5.0,2.0,-1.0, -1,-1.0,1961.0,D01,21,1,2023,17:09,2,76.0,76231,1,1,1.0,4.0,Rue du Neubourg,"49,27225000","0,99095000",,76.076231,76231,Seine-Maritime,28.0,Normandie,80.0,7.0,2.0,2,2.0,28,Normandie,76,3,9,Elbeuf,15951,138,16089.0
202300029322,1.0,1,1,2,0.0,1.0,-1.0, -1,-1.0,1999.0,C01,21,1,2023,17:09,2,76.0,76231,1,1,1.0,4.0,Rue du Neubourg,"49,27225000","0,99095000",,76.076231,76231,Seine-Maritime,28.0,Normandie,80.0,7.0,2.0,2,2.0,28,Normandie,76,3,9,Elbeuf,15951,138,16089.0
202300029322,1.0,1,4,2,0.0,1.0,-1.0, -1,-1.0,1992.0,B01,21,1,2023,17:09,2,76.0,76231,1,1,1.0,4.0,Rue du Neubourg,"49,27225000","0,99095000",,76.076231,76231,Seine-Maritime,28.0,Normandie,80.0,7.0,2.0,2,2.0,28,Normandie,76,3,9,Elbeuf,15951,138,16089.0
202300029322,1.0,1,4,2,0.0,1.0,-1.0, -1,-1.0,1943.0,A01,21,1,2023,17:09,2,76.0,76231,1,1,1.0,4.0,Rue du Neubourg,"49,27225000","0,99095000",,76.076231,76231,Seine-Maritime,28.0,Normandie,80.0,7.0,2.0,2,2.0,28,Normandie,76,3,9,Elbeuf,15951,138,16089.0
202300029433,1.0,1,3,2,5.0,1.0,-1.0, -1,-1.0,1987.0,A01,28,7,2023,20:30,1,76.0,76351,2,3,1.0,6.0,IRENE JOLIOT CURIE (RUE),"49,50650000","0,09996000",,76.076351,76351,Seine-Maritime,28.0,Normandie,50.0,4.0,2.0,2,1.0,28,Normandie,76,2,96,LeHavre,166058,1780,167838.0
202300029433,2.0,2,1,1,0.0,1.0,-1.0, -1,-1.0,1972.0,A01,28,7,2023,20:30,1,76.0,76351,2,3,1.0,6.0,IRENE JOLIOT CURIE (RUE),"49,50650000","0,09996000",,76.076351,76351,Seine-Maritime,28.0,Normandie,50.0,4.0,2.0,2,1.0,28,Normandie,76,2,96,LeHavre,166058,1780,167838.0
202300029525,1.0,1,4,1,5.0,1.0,0.0,0,-1.0,2003.0,A01,17,4,2023,17:41,1,76.0,76443,2,3,1.0,3.0,Route de Cléres,"49,56315600","1,12580900",,76.076443,76443,Seine-Maritime,28.0,Normandie,-1.0,3.0,2.0, -1,1.0,28,Normandie,76,3,2,Mont-Cauvaire,862,16,878.0
202300029525,1.0,1,4,2,0.0,1.0,0.0,0,-1.0,1967.0,B01,17,4,2023,17:41,1,76.0,76443,2,3,1.0,3.0,Route de Cléres,"49,56315600","1,12580900",,76.076443,76443,Seine-Maritime,28.0,Normandie,-1.0,3.0,2.0, -1,1.0,28,Normandie,76,3,2,Mont-Cauvaire,862,16,878.0
202300029905,1.0,1,3,1,5.0,2.0,0.0,0,-1.0,2006.0,B01,25,5,2023,15:15,1,76.0,76281,1,1,1.0,3.0,D110,"49,50980800","0,57562400",,76.076281,76281,Seine-Maritime,28.0,Normandie,70.0,3.0,2.0,2,1.0,28,Normandie,76,2,25,La Frénaye,2081,44,2125.0
202300029905,1.0,1,1,1,4.0,1.0,0.0,0,-1.0,1973.0,A01,25,5,2023,15:15,1,76.0,76281,1,1,1.0,3.0,D110,"49,50980800","0,57562400",,76.076281,76281,Seine-Maritime,28.0,Normandie,70.0,3.0,2.0,2,1.0,28,Normandie,76,2,25,La Frénaye,2081,44,2125.0
202300029985,1.0,1,3,1,1.0,8.0,-1.0, -1,-1.0,1992.0,B01,3,3,2023,07:50,1,76.0,76351,2,6,1.0,6.0,FRISSARD (QUAI),"49,49145000","0,13253000",,76.076351,76351,Seine-Maritime,28.0,Normandie,30.0,4.0,-1.0,2,1.0,28,Normandie,76,2,96,LeHavre,166058,1780,167838.0
202300029985,1.0,1,1,1,5.0,1.0,-1.0, -1,-1.0,1970.0,A01,3,3,2023,07:50,1,76.0,76351,2,6,1.0,6.0,FRISSARD (QUAI),"49,49145000","0,13253000",,76.076351,76351,Seine-Maritime,28.0,Normandie,30.0,4.0,-1.0,2,1.0,28,Normandie,76,2,96,LeHavre,166058,1780,167838.0
202300029989,1.0,1,1,1,4.0,1.0,-1.0, -1,-1.0,1973.0,B01,2,3,2023,15:25,1,76.0,76351,2,1,1.0,1.0,ALBERT 1ER,"49,50186000","0,08724000",,76.076351,76351,Seine-Maritime,28.0,Normandie,50.0,4.0,2.0,2,1.0,28,Normandie,76,2,96,LeHavre,166058,1780,167838.0
202300029989,1.0,1,3,2,0.0,1.0,-1.0, -1,-1.0,1968.0,A01,2,3,2023,15:25,1,76.0,76351,2,1,1.0,1.0,ALBERT 1ER,"49,50186000","0,08724000",,76.076351,76351,Seine-Maritime,28.0,Normandie,50.0,4.0,2.0,2,1.0,28,Normandie,76,2,96,LeHavre,166058,1780,167838.0
202300029992,1.0,1,1,1,5.0,1.0,0.0,0,-1.0,1942.0,A01,25,5,2023,18:40,1,76.0,76638,1,2,1.0,3.0,D1314,"50,00941500","1,42990100",,76.076638,76638,Seine-Maritime,28.0,Normandie,80.0,3.0,-1.0,2,1.0,28,Normandie,76,1,10,Saint-Pierre-en-Val,1090,16,1106.0
202300029992,2.0,2,3,1,5.0,2.0,0.0,0,-1.0,2005.0,B01,25,5,2023,18:40,1,76.0,76638,1,2,1.0,3.0,D1314,"50,00941500","1,42990100",,76.076638,76638,Seine-Maritime,28.0,Normandie,80.0,3.0,-1.0,2,1.0,28,Normandie,76,1,10,Saint-Pierre-en-Val,1090,16,1106.0
202300029992,1.0,1,3,1,5.0,2.0,0.0,0,-1.0,1996.0,B01,25,5,2023,18:40,1,76.0,76638,1,2,1.0,3.0,D1314,"50,00941500","1,42990100",,76.076638,76638,Seine-Maritime,28.0,Normandie,80.0,3.0,-1.0,2,1.0,28,Normandie,76,1,10,Saint-Pierre-en-Val,1090,16,1106.0
202300030088,2.0,2,3,1,5.0,1.0,0.0,0,-1.0,1996.0,A01,16,4,2023,04:30,5,76.0,76557,2,1,5.0,6.0,Route du Havre,"49,52827300","0,66070900",,76.076557,76557,Seine-Maritime,28.0,Normandie,50.0,3.0,2.0,2,1.0,28,Normandie,76,3,25,Saint-Arnoult,1453,23,1476.0
202300030088,9.0,2,2,1,5.0,1.0,0.0,0,-1.0,1991.0,A01,16,4,2023,04:30,5,76.0,76557,2,1,5.0,6.0,Route du Havre,"49,52827300","0,66070900",,76.076557,76557,Seine-Maritime,28.0,Normandie,50.0,3.0,2.0,2,1.0,28,Normandie,76,3,25,Saint-Arnoult,1453,23,1476.0
202300030088,1.0,1,3,1,5.0,1.0,0.0,0,-1.0,1992.0,A01,16,4,2023,04:30,5,76.0,76557,2,1,5.0,6.0,Route du Havre,"49,52827300","0,66070900",,76.076557,76557,Seine-Maritime,28.0,Normandie,50.0,3.0,2.0,2,1.0,28,Normandie,76,3,25,Saint-Arnoult,1453,23,1476.0
202300030187,10.0,3,4,1,0.0,0.0,3.0,3,1.0,1948.0,A01,10,11,2023,22:00,5,76.0,76540,2,2,2.0,6.0,Rue Jeanne d'Arc,"49,44006000","1,08932000",,76.076540,76540,Seine-Maritime,28.0,Normandie,50.0,4.0,1.0,1,2.0,28,Normandie,76,3,97,Rouen,114083,1556,115639.0
202300030187,1.0,1,1,1,0.0,1.0,-1.0, -1,-1.0,1965.0,A01,10,11,2023,22:00,5,76.0,76540,2,2,2.0,6.0,Rue Jeanne d'Arc,"49,44006000","1,08932000",,76.076540,76540,Seine-Maritime,28.0,Normandie,50.0,4.0,1.0,1,2.0,28,Normandie,76,3,97,Rouen,114083,1556,115639.0
202300030204,1.0,1,1,1,0.0,1.0,-1.0, -1,-1.0,1991.0,B01,22,5,2023,13:30,1,76.0,76351,2,3,1.0,3.0,BOIS AU COQ (RUE),"49,50920000","0,13485000",,76.076351,76351,Seine-Maritime,28.0,Normandie,30.0,4.0,1.0,1,1.0,28,Normandie,76,2,96,LeHavre,166058,1780,167838.0
202300030204,1.0,1,4,1,0.0,8.0,-1.0, -1,-1.0,1982.0,A01,22,5,2023,13:30,1,76.0,76351,2,3,1.0,3.0,BOIS AU COQ (RUE),"49,50920000","0,13485000",,76.076351,76351,Seine-Maritime,28.0,Normandie,30.0,4.0,1.0,1,1.0,28,Normandie,76,2,96,LeHavre,166058,1780,167838.0
202300030353,4.0,2,4,2,0.0,1.0,-1.0, -1,-1.0,2009.0,B01,14,12,2023,19:40,5,76.0,76481,1,6,1.0,2.0,RD 940,"49,55498000","0,11149000",,76.076481,76481,Seine-Maritime,28.0,Normandie,50.0,3.0,2.0,2,2.0,28,Normandie,76,2,26,Octeville-sur-Mer,6122,119,6241.0
202300030353,1.0,1,1,2,0.0,1.0,-1.0, -1,-1.0,1974.0,B01,14,12,2023,19:40,5,76.0,76481,1,6,1.0,2.0,RD 940,"49,55498000","0,11149000",,76.076481,76481,Seine-Maritime,28.0,Normandie,50.0,3.0,2.0,2,2.0,28,Normandie,76,2,26,Octeville-sur-Mer,6122,119,6241.0
202300030353,1.0,1,1,1,0.0,1.0,-1.0, -1,-1.0,2004.0,A01,14,12,2023,19:40,5,76.0,76481,1,6,1.0,2.0,RD 940,"49,55498000","0,11149000",,76.076481,76481,Seine-Maritime,28.0,Normandie,50.0,3.0,2.0,2,2.0,28,Normandie,76,2,26,Octeville-sur-Mer,6122,119,6241.0
202300030357,1.0,1,1,2,0.0,1.0,-1.0, -1,-1.0,1948.0,A01,14,12,2023,19:30,5,76.0,76351,2,1,2.0,6.0,JEAN MAUREL (RUE),"49,48889000","0,12498000",,76.076351,76351,Seine-Maritime,28.0,Normandie,50.0,4.0,-1.0,2,2.0,28,Normandie,76,2,96,LeHavre,166058,1780,167838.0
202300030357,10.0,3,4,2,0.0,0.0,3.0,3,2.0,2003.0,A01,14,12,2023,19:30,5,76.0,76351,2,1,2.0,6.0,JEAN MAUREL (RUE),"49,48889000","0,12498000",,76.076351,76351,Seine-Maritime,28.0,Normandie,50.0,4.0,-1.0,2,2.0,28,Normandie,76,2,96,LeHavre,166058,1780,167838.0
202300030360,10.0,3,4,1,0.0,0.0,4.0,3,2.0,2012.0,A01,14,12,2023,17:35,5,76.0,76351,2,1,2.0,6.0,PIERRE FARCIS,"49,51702000","0,09958000",,76.076351,76351,Seine-Maritime,28.0,Normandie,50.0,4.0,2.0,2,2.0,28,Normandie,76,2,96,LeHavre,166058,1780,167838.0
202300030360,1.0,1,1,-1,-1.0,-1.0,-1.0, -1,-1.0,,A01,14,12,2023,17:35,5,76.0,76351,2,1,2.0,6.0,PIERRE FARCIS,"49,51702000","0,09958000",,76.076351,76351,Seine-Maritime,28.0,Normandie,50.0,4.0,2.0,2,2.0,28,Normandie,76,2,96,LeHavre,166058,1780,167838.0
202300030592,1.0,1,1,1,1.0,8.0,-1.0, -1,-1.0,1996.0,A01,26,6,2023,07:25,1,76.0,76108,2,1,1.0,3.0,Chemin de Clères,"49,46677000","1,10284000",,76.076108,76108,Seine-Maritime,28.0,Normandie,50.0,7.0,2.0,2,1.0,28,Normandie,76,3,2,Bois-Guillaume,14262,361,14623.0
202300030592,1.0,1,3,1,1.0,2.0,-1.0, -1,-1.0,1988.0,B01,26,6,2023,07:25,1,76.0,76108,2,1,1.0,3.0,Chemin de Clères,"49,46677000","1,10284000",,76.076108,76108,Seine-Maritime,28.0,Normandie,50.0,7.0,2.0,2,1.0,28,Normandie,76,3,2,Bois-Guillaume,14262,361,14623.0
202300030594,1.0,1,3,1,5.0,2.0,-1.0, -1,-1.0,1989.0,A01,25,6,2023,01:20,5,76.0,76351,1,2,1.0,6.0,FOCH (AVENUE),"49,49356000","0,09944000",,76.076351,76351,Seine-Maritime,28.0,Normandie,50.0,4.0,2.0,2,1.0,28,Normandie,76,2,96,LeHavre,166058,1780,167838.0
202300030603,1.0,1,3,2,5.0,2.0,0.0,0,-1.0,2004.0,A01,16,12,2023,16:00,1,76.0,76334,1,1,8.0,7.0,D70,"49,84404400","0,96956500",,76.076334,76334,Seine-Maritime,28.0,Normandie,80.0,3.0,2.0,2,1.0,28,Normandie,76,1,20,Gueures,526,17,543.0
202300030834,2.0,2,3,2,5.0,2.0,0.0,0,-1.0,2014.0,A01,24,6,2023,09:30,1,76.0,76070,1,3,1.0,7.0,D154,"49,71484400","1,21520700",,76.076070,76070,Seine-Maritime,28.0,Normandie,70.0,3.0,2.0,2,1.0,28,Normandie,76,1,23,Bellencombre,588,11,599.0
202300030834,1.0,1,3,2,5.0,2.0,0.0,0,-1.0,1983.0,A01,24,6,2023,09:30,1,76.0,76070,1,3,1.0,7.0,D154,"49,71484400","1,21520700",,76.076070,76070,Seine-Maritime,28.0,Normandie,70.0,3.0,2.0,2,1.0,28,Normandie,76,1,23,Bellencombre,588,11,599.0
202300030874,1.0,1,1,1,4.0,1.0,-1.0, -1,-1.0,1999.0,B01,7,9,2023,15:10,1,76.0,76476,2,3,1.0,1.0,BOIS DU PARC,"49,50226000","0,57690000",,76.076476,76476,Seine-Maritime,28.0,Normandie,50.0,4.0,2.0,2,1.0,28,Normandie,76,2,25,Port-Jérôme-sur-Seine,10387,172,10559.0
202300030874,1.0,1,3,2,5.0,1.0,-1.0, -1,-1.0,1950.0,A01,7,9,2023,15:10,1,76.0,76476,2,3,1.0,1.0,BOIS DU PARC,"49,50226000","0,57690000",,76.076476,76476,Seine-Maritime,28.0,Normandie,50.0,4.0,2.0,2,1.0,28,Normandie,76,2,25,Port-Jérôme-sur-Seine,10387,172,10559.0
202300030947,10.0,3,3,1,5.0,0.0,4.0,3,1.0,1989.0,A01,14,12,2023,19:20,5,76.0,76540,2,2,2.0,6.0,Boulevard des Belges,"49,44426000","1,08555000",,76.076540,76540,Seine-Maritime,28.0,Normandie,50.0,7.0,2.0,2,2.0,28,Normandie,76,3,97,Rouen,114083,1556,115639.0
202300030947,1.0,1,1,1,5.0,1.0,-1.0, -1,-1.0,1950.0,A01,14,12,2023,19:20,5,76.0,76540,2,2,2.0,6.0,Boulevard des Belges,"49,44426000","1,08555000",,76.076540,76540,Seine-Maritime,28.0,Normandie,50.0,7.0,2.0,2,2.0,28,Normandie,76,3,97,Rouen,114083,1556,115639.0
202300030950,1.0,1,4,1,0.0,1.0,-1.0, -1,-1.0,1952.0,B01,13,12,2023,19:15,3,76.0,76391,1,1,2.0,1.0,Route forestière de la Louveterie,"49,32033000","0,90260800",,76.076391,76391,Seine-Maritime,28.0,Normandie,80.0,4.0,2.0,2,2.0,28,Normandie,76,3,9,La Londe,2362,71,2433.0
202300030950,2.0,2,4,2,0.0,1.0,-1.0, -1,-1.0,1957.0,B01,13,12,2023,19:15,3,76.0,76391,1,1,2.0,1.0,Route forestière de la Louveterie,"49,32033000","0,90260800",,76.076391,76391,Seine-Maritime,28.0,Normandie,80.0,4.0,2.0,2,2.0,28,Normandie,76,3,9,La Londe,2362,71,2433.0
202300030950,1.0,1,4,2,0.0,8.0,-1.0, -1,-1.0,2004.0,A01,13,12,2023,19:15,3,76.0,76391,1,1,2.0,1.0,Route forestière de la Louveterie,"49,32033000","0,90260800",,76.076391,76391,Seine-Maritime,28.0,Normandie,80.0,4.0,2.0,2,2.0,28,Normandie,76,3,9,La Londe,2362,71,2433.0
202300030953,1.0,1,1,2,0.0,1.0,-1.0, -1,-1.0,1989.0,A01,14,12,2023,07:57,2,76.0,76351,2,1,1.0,3.0,VERDUN (RUE DE),"49,50251000","0,17529000",,76.076351,76351,Seine-Maritime,28.0,Normandie,50.0,4.0,2.0,2,1.0,28,Normandie,76,2,96,LeHavre,166058,1780,167838.0
202300030953,1.0,1,4,1,0.0,2.0,-1.0, -1,-1.0,2006.0,B01,14,12,2023,07:57,2,76.0,76351,2,1,1.0,3.0,VERDUN (RUE DE),"49,50251000","0,17529000",,76.076351,76351,Seine-Maritime,28.0,Normandie,50.0,4.0,2.0,2,1.0,28,Normandie,76,2,96,LeHavre,166058,1780,167838.0
202300030957,1.0,1,1,1,0.0,1.0,-1.0, -1,-1.0,1992.0,A01,13,12,2023,17:30,5,76.0,76447,2,3,2.0,3.0,PIERRE MENDES FRANCE,"49,53210000","0,18027000",,76.076447,76447,Seine-Maritime,28.0,Normandie,50.0,3.0,2.0,2,2.0,28,Normandie,76,2,15,Montivilliers,15457,203,15660.0
202300030957,1.0,1,4,2,0.0,1.0,-1.0, -1,-1.0,1989.0,B01,13,12,2023,17:30,5,76.0,76447,2,3,2.0,3.0,PIERRE MENDES FRANCE,"49,53210000","0,18027000",,76.076447,76447,Seine-Maritime,28.0,Normandie,50.0,3.0,2.0,2,2.0,28,Normandie,76,2,15,Montivilliers,15457,203,15660.0
202300030961,1.0,1,4,1,0.0,1.0,-1.0, -1,-1.0,1985.0,B01,13,12,2023,12:15,1,76.0,76476,1,2,2.0,3.0,BASTIE MARYSE (RUE),"49,47960000","0,60130000",,76.076476,76476,Seine-Maritime,28.0,Normandie,-1.0,3.0,2.0, -1,2.0,28,Normandie,76,2,25,Port-Jérôme-sur-Seine,10387,172,10559.0
202300030961,2.0,2,4,1,0.0,1.0,-1.0, -1,-1.0,2014.0,B01,13,12,2023,12:15,1,76.0,76476,1,2,2.0,3.0,BASTIE MARYSE (RUE),"49,47960000","0,60130000",,76.076476,76476,Seine-Maritime,28.0,Normandie,-1.0,3.0,2.0, -1,2.0,28,Normandie,76,2,25,Port-Jérôme-sur-Seine,10387,172,10559.0
202300030961,1.0,1,1,1,0.0,1.0,-1.0, -1,-1.0,1968.0,A01,13,12,2023,12:15,1,76.0,76476,1,2,2.0,3.0,BASTIE MARYSE (RUE),"49,47960000","0,60130000",,76.076476,76476,Seine-Maritime,28.0,Normandie,-1.0,3.0,2.0, -1,2.0,28,Normandie,76,2,25,Port-Jérôme-sur-Seine,10387,172,10559.0
202300031075,1.0,1,1,1,5.0,1.0,-1.0, -1,-1.0,2000.0,B01,8,10,2023,14:21,1,76.0,76575,2,2,6.0,3.0,Rue Lazare Carnot,"49,37964000","1,10768000",,76.076575,76575,Seine-Maritime,28.0,Normandie,30.0,4.0,1.0,1,1.0,28,Normandie,76,3,98,Saint-Étienne-du-Rouvray,28508,225,28733.0
202300031075,1.0,1,4,2,5.0,8.0,-1.0, -1,-1.0,1988.0,A01,8,10,2023,14:21,1,76.0,76575,2,2,6.0,3.0,Rue Lazare Carnot,"49,37964000","1,10768000",,76.076575,76575,Seine-Maritime,28.0,Normandie,30.0,4.0,1.0,1,1.0,28,Normandie,76,3,98,Saint-Étienne-du-Rouvray,28508,225,28733.0
202300031075,2.0,2,4,1,0.0,1.0,-1.0, -1,-1.0,2008.0,A01,8,10,2023,14:21,1,76.0,76575,2,2,6.0,3.0,Rue Lazare Carnot,"49,37964000","1,10768000",,76.076575,76575,Seine-Maritime,28.0,Normandie,30.0,4.0,1.0,1,1.0,28,Normandie,76,3,98,Saint-Étienne-du-Rouvray,28508,225,28733.0
202300031076,1.0,1,4,2,4.0,1.0,-1.0, -1,-1.0,1999.0,B01,8,10,2023,07:40,2,76.0,76178,1,1,1.0,3.0,Rue de Tourville,"49,31104000","1,04995000",,76.076178,76178,Seine-Maritime,28.0,Normandie,50.0,7.0,2.0,4,1.0,28,Normandie,76,3,5,Cléon,4907,30,4937.0
202300031076,1.0,1,1,1,9.0,1.0,-1.0, -1,-1.0,1948.0,A01,8,10,2023,07:40,2,76.0,76178,1,1,1.0,3.0,Rue de Tourville,"49,31104000","1,04995000",,76.076178,76178,Seine-Maritime,28.0,Normandie,50.0,7.0,2.0,4,1.0,28,Normandie,76,3,5,Cléon,4907,30,4937.0
202300031076,2.0,2,4,2,9.0,1.0,-1.0, -1,-1.0,1949.0,A01,8,10,2023,07:40,2,76.0,76178,1,1,1.0,3.0,Rue de Tourville,"49,31104000","1,04995000",,76.076178,76178,Seine-Maritime,28.0,Normandie,50.0,7.0,2.0,4,1.0,28,Normandie,76,3,5,Cléon,4907,30,4937.0
202300031077,1.0,1,4,2,5.0,1.0,-1.0, -1,-1.0,1967.0,A01,8,10,2023,09:15,1,76.0,76707,1,1,1.0,1.0,RD 915,"49,86230000","1,11101000",,76.076707,76707,Seine-Maritime,28.0,Normandie,70.0,3.0,2.0,2,1.0,28,Normandie,76,1,7,Tourville-sur-Arques,1193,35,1228.0
202300031077,1.0,1,4,1,5.0,1.0,-1.0, -1,-1.0,2003.0,B01,8,10,2023,09:15,1,76.0,76707,1,1,1.0,1.0,RD 915,"49,86230000","1,11101000",,76.076707,76707,Seine-Maritime,28.0,Normandie,70.0,3.0,2.0,2,1.0,28,Normandie,76,1,7,Tourville-sur-Arques,1193,35,1228.0
202300031336,1.0,1,4,1,5.0,1.0,-1.0, -1,-1.0,2004.0,A01,29,7,2023,17:05,1,76.0,76026,1,1,1.0,6.0,RD 100,"49,86801000","1,12468000",,76.076026,76026,Seine-Maritime,28.0,Normandie,80.0,3.0,2.0,2,1.0,28,Normandie,76,1,8,Arques-la-BatailLe2480,44,2524,
202300031336,2.0,2,4,1,5.0,1.0,-1.0, -1,-1.0,2004.0,A01,29,7,2023,17:05,1,76.0,76026,1,1,1.0,6.0,RD 100,"49,86801000","1,12468000",,76.076026,76026,Seine-Maritime,28.0,Normandie,80.0,3.0,2.0,2,1.0,28,Normandie,76,1,8,Arques-la-BatailLe2480,44,2524,
202300031353,1.0,1,4,2,5.0,8.0,-1.0, -1,-1.0,1984.0,A01,19,1,2023,18:10,5,76.0,76231,2,2,1.0,3.0,Rue Jean Jaurès,"49,29100600","1,00981300",,76.076231,76231,Seine-Maritime,28.0,Normandie,50.0,7.0,1.0,2,1.0,28,Normandie,76,3,9,Elbeuf,15951,138,16089.0
202300031353,2.0,2,4,2,5.0,1.0,-1.0, -1,-1.0,2007.0,A01,19,1,2023,18:10,5,76.0,76231,2,2,1.0,3.0,Rue Jean Jaurès,"49,29100600","1,00981300",,76.076231,76231,Seine-Maritime,28.0,Normandie,50.0,7.0,1.0,2,1.0,28,Normandie,76,3,9,Elbeuf,15951,138,16089.0
202300031353,1.0,1,1,2,0.0,8.0,-1.0, -1,-1.0,1994.0,B01,19,1,2023,18:10,5,76.0,76231,2,2,1.0,3.0,Rue Jean Jaurès,"49,29100600","1,00981300",,76.076231,76231,Seine-Maritime,28.0,Normandie,50.0,7.0,1.0,2,1.0,28,Normandie,76,3,9,Elbeuf,15951,138,16089.0
202300031355,1.0,1,1,1,0.0,1.0,-1.0, -1,-1.0,1988.0,B01,19,1,2023,06:00,3,76.0,76351,1,1,2.0,2.0,RD 6382,"49,52458800","0,17479600",,76.076351,76351,Seine-Maritime,28.0,Normandie,70.0,3.0,3.0,4,7.0,28,Normandie,76,2,96,LeHavre,166058,1780,167838.0
202300031355,1.0,1,4,2,0.0,1.0,-1.0, -1,-1.0,2002.0,A01,19,1,2023,06:00,3,76.0,76351,1,1,2.0,2.0,RD 6382,"49,52458800","0,17479600",,76.076351,76351,Seine-Maritime,28.0,Normandie,70.0,3.0,3.0,4,7.0,28,Normandie,76,2,96,LeHavre,166058,1780,167838.0
202300031357,1.0,1,4,2,5.0,8.0,-1.0, -1,-1.0,1978.0,B01,18,1,2023,15:15,1,76.0,76351,2,2,4.0,2.0,SAINT QUENTIN (DE),"49,51260000","0,11687000",,76.076351,76351,Seine-Maritime,28.0,Normandie,50.0,4.0,2.0,2,2.0,28,Normandie,76,2,96,LeHavre,166058,1780,167838.0
202300031357,1.0,1,1,-1,-1.0,-1.0,-1.0, -1,-1.0,,A01,18,1,2023,15:15,1,76.0,76351,2,2,4.0,2.0,SAINT QUENTIN (DE),"49,51260000","0,11687000",,76.076351,76351,Seine-Maritime,28.0,Normandie,50.0,4.0,2.0,2,2.0,28,Normandie,76,2,96,LeHavre,166058,1780,167838.0
202300031359,2.0,2,4,1,5.0,1.0,-1.0, -1,-1.0,2006.0,B01,18,1,2023,03:00,5,76.0,76351,2,1,1.0,1.0,PIERRE MENDES FRANCE,"49,51241000","0,14774000",,76.076351,76351,Seine-Maritime,28.0,Normandie,50.0,4.0,2.0,4,2.0,28,Normandie,76,2,96,LeHavre,166058,1780,167838.0
202300031359,1.0,1,1,1,5.0,1.0,-1.0, -1,-1.0,1979.0,B01,18,1,2023,03:00,5,76.0,76351,2,1,1.0,1.0,PIERRE MENDES FRANCE,"49,51241000","0,14774000",,76.076351,76351,Seine-Maritime,28.0,Normandie,50.0,4.0,2.0,4,2.0,28,Normandie,76,2,96,LeHavre,166058,1780,167838.0
202300031359,1.0,1,1,1,5.0,1.0,-1.0, -1,-1.0,2002.0,A01,18,1,2023,03:00,5,76.0,76351,2,1,1.0,1.0,PIERRE MENDES FRANCE,"49,51241000","0,14774000",,76.076351,76351,Seine-Maritime,28.0,Normandie,50.0,4.0,2.0,4,2.0,28,Normandie,76,2,96,LeHavre,166058,1780,167838.0
202300031361,1.0,1,4,2,0.0,1.0,-1.0, -1,-1.0,2001.0,A01,18,1,2023,09:30,1,76.0,76707,1,1,4.0,2.0,D915,"49,86272271","1,11047483",,76.076707,76707,Seine-Maritime,28.0,Normandie,80.0,3.0,2.0,2,7.0,28,Normandie,76,1,7,Tourville-sur-Arques,1193,35,1228.0
202300031361,4.0,2,4,1,0.0,3.0,-1.0, -1,-1.0,2020.0,B01,18,1,2023,09:30,1,76.0,76707,1,1,4.0,2.0,D915,"49,86272271","1,11047483",,76.076707,76707,Seine-Maritime,28.0,Normandie,80.0,3.0,2.0,2,7.0,28,Normandie,76,1,7,Tourville-sur-Arques,1193,35,1228.0