Num_Acc,place,catu,grav,sexe,trajet,secu,locp,actp,etatp,an_nais,num_veh,jour,mois,an,hrmn,lum,dep,com,agg,int,atm,col,adr,lat,long,gps,com_insee_temp,com_insee,departmentName,regionCode,regionName,vma,catr,circ,nbv,surf,Code,Region,Departement,Arrondissement,Code_Canton,Nom_Commune,Population_municipaLe,Population_comptee_a_part,Population_Totale
202300033359,2.0,2,4,2,5.0,1.0,-1.0, -1,-1.0,1982.0,B01,26,7,2023,23:00,5,76.0,76447,2,1,1.0,1.0,BELLE ETOILE,"49,54054000","0,17353000",,76.076447,76447,Seine-Maritime,28.0,Normandie,50.0,3.0,2.0,2,2.0,28,Normandie,76,2,15,Montivilliers,15457,203,15660.0
202300033359,1.0,1,1,1,5.0,1.0,-1.0, -1,-1.0,1989.0,A01,26,7,2023,23:00,5,76.0,76447,2,1,1.0,1.0,BELLE ETOILE,"49,54054000","0,17353000",,76.076447,76447,Seine-Maritime,28.0,Normandie,50.0,3.0,2.0,2,2.0,28,Normandie,76,2,15,Montivilliers,15457,203,15660.0
202300033360,1.0,1,1,1,5.0,2.0,-1.0, -1,-1.0,1989.0,A01,28,7,2023,20:45,2,76.0,76384,2,9,8.0,7.0,MARRECHAL LECLERC (AVENUE DU),"49,51488000","0,53310000",,76.076384,76384,Seine-Maritime,28.0,Normandie,30.0,3.0,4.0,2,1.0,28,Normandie,76,2,3,Lillebonne,8729,141,8870.0
202300033360,2.0,2,4,2,5.0,2.0,-1.0, -1,-1.0,2000.0,A01,28,7,2023,20:45,2,76.0,76384,2,9,8.0,7.0,MARRECHAL LECLERC (AVENUE DU),"49,51488000","0,53310000",,76.076384,76384,Seine-Maritime,28.0,Normandie,30.0,3.0,4.0,2,1.0,28,Normandie,76,2,3,Lillebonne,8729,141,8870.0
202300033361,1.0,1,4,2,5.0,1.0,-1.0, -1,-1.0,1966.0,A01,16,6,2023,13:40,1,76.0,76114,2,1,1.0,2.0,DEBRAY  LOUIS (AVENUE),"49,57763000","0,47181000",,76.076114,76114,Seine-Maritime,28.0,Normandie,50.0,4.0,2.0,2,1.0,28,Normandie,76,2,3,Bolbec,11635,147,11782.0
202300033361,4.0,2,4,2,5.0,1.0,-1.0, -1,-1.0,1998.0,B01,16,6,2023,13:40,1,76.0,76114,2,1,1.0,2.0,DEBRAY  LOUIS (AVENUE),"49,57763000","0,47181000",,76.076114,76114,Seine-Maritime,28.0,Normandie,50.0,4.0,2.0,2,1.0,28,Normandie,76,2,3,Bolbec,11635,147,11782.0
202300033361,1.0,1,1,1,5.0,1.0,-1.0, -1,-1.0,1997.0,B01,16,6,2023,13:40,1,76.0,76114,2,1,1.0,2.0,DEBRAY  LOUIS (AVENUE),"49,57763000","0,47181000",,76.076114,76114,Seine-Maritime,28.0,Normandie,50.0,4.0,2.0,2,1.0,28,Normandie,76,2,3,Bolbec,11635,147,11782.0
202300033361,2.0,2,1,1,5.0,1.0,-1.0, -1,-1.0,1957.0,B01,16,6,2023,13:40,1,76.0,76114,2,1,1.0,2.0,DEBRAY  LOUIS (AVENUE),"49,57763000","0,47181000",,76.076114,76114,Seine-Maritime,28.0,Normandie,50.0,4.0,2.0,2,1.0,28,Normandie,76,2,3,Bolbec,11635,147,11782.0
202300033469,1.0,1,3,1,5.0,2.0,0.0,0,-1.0,1983.0,A01,28,7,2023,12:05,1,76.0,76616,1,9,8.0,7.0,"Hameau d'Énitot, route d'Epouville","49,54303900","0,23907100",,76.076616,76616,Seine-Maritime,28.0,Normandie,80.0,4.0,2.0,2,6.0,28,Normandie,76,2,26,Saint-Martin-du-Manoir,1459,34,1493.0
202300033598,1.0,1,4,1,0.0,2.0,-1.0, -1,-1.0,1985.0,B01,21,5,2023,21:20,2,76.0,76561,2,2,1.0,3.0,Rue de la Résistance,"49,30230000","1,03446000",,76.076561,76561,Seine-Maritime,28.0,Normandie,30.0,4.0,2.0,2,1.0,28,Normandie,76,3,5,Saint-Aubin-lès-Elbeuf,8428,75,8503.0
202300033598,1.0,1,1,1,4.0,8.0,-1.0, -1,-1.0,2002.0,A01,21,5,2023,21:20,2,76.0,76561,2,2,1.0,3.0,Rue de la Résistance,"49,30230000","1,03446000",,76.076561,76561,Seine-Maritime,28.0,Normandie,30.0,4.0,2.0,2,1.0,28,Normandie,76,3,5,Saint-Aubin-lès-Elbeuf,8428,75,8503.0
202300033687,1.0,1,3,1,1.0,2.0,0.0,0,-1.0,2006.0,A01,14,4,2023,14:00,1,76.0,76360,1,1,3.0,3.0,Route du Beauchamp,"49,74822200","1,08541500",,76.076360,76360,Seine-Maritime,28.0,Normandie,80.0,3.0,2.0,2,2.0,28,Normandie,76,1,20,Heugleville-sur-Scie,648,9,657.0
202300033687,1.0,1,1,1,5.0,1.0,0.0,0,-1.0,1972.0,B01,14,4,2023,14:00,1,76.0,76360,1,1,3.0,3.0,Route du Beauchamp,"49,74822200","1,08541500",,76.076360,76360,Seine-Maritime,28.0,Normandie,80.0,3.0,2.0,2,2.0,28,Normandie,76,1,20,Heugleville-sur-Scie,648,9,657.0
202300033698,1.0,1,1,1,5.0,1.0,0.0,0,-1.0,1952.0,A01,13,4,2023,15:30,1,76.0,76638,1,2,1.0,1.0,D1314,"50,00941500","1,42990100",,76.076638,76638,Seine-Maritime,28.0,Normandie,-1.0,3.0,2.0, -1,1.0,28,Normandie,76,1,10,Saint-Pierre-en-Val,1090,16,1106.0
202300033698,1.0,1,4,1,5.0,2.0,0.0,0,-1.0,1974.0,B01,13,4,2023,15:30,1,76.0,76638,1,2,1.0,1.0,D1314,"50,00941500","1,42990100",,76.076638,76638,Seine-Maritime,28.0,Normandie,-1.0,3.0,2.0, -1,1.0,28,Normandie,76,1,10,Saint-Pierre-en-Val,1090,16,1106.0
202300033699,1.0,1,4,1,0.0,1.0,0.0,0,-1.0,1999.0,A01,10,11,2023,13:40,1,76.0,76354,2,3,3.0,3.0,4001 Route de Duclair,"49,48460400","0,92372600",,76.076354,76354,Seine-Maritime,28.0,Normandie,50.0,7.0,2.0,2,2.0,28,Normandie,76,3,1,HénouvilLe1379,26,1405,
202300033699,1.0,1,3,1,1.0,1.0,0.0,0,-1.0,1969.0,B01,10,11,2023,13:40,1,76.0,76354,2,3,3.0,3.0,4001 Route de Duclair,"49,48460400","0,92372600",,76.076354,76354,Seine-Maritime,28.0,Normandie,50.0,7.0,2.0,2,2.0,28,Normandie,76,3,1,HénouvilLe1379,26,1405,
202300033908,1.0,1,4,1,1.0,1.0,0.0,0,-1.0,1997.0,A01,3,3,2023,09:00,1,76.0,76235,1,1,9.0,6.0,Route départementale 22,"49,90867600","1,27501500",,76.076235,76235,Seine-Maritime,28.0,Normandie,80.0,3.0,2.0,2,7.0,28,Normandie,76,1,8,Envermeu,1978,132,2110.0
202300033994,1.0,1,1,2,5.0,1.0,0.0,0,-1.0,1956.0,E01,21,5,2023,10:54,1,76.0,76705,1,1,1.0,4.0,A13,"49,32884500","1,08821500",,76.076705,76705,Seine-Maritime,28.0,Normandie,110.0,1.0,3.0,7,1.0,28,Normandie,76,3,5,Tourville-la-Rivière,2568,19,2587.0
202300033994,7.0,2,1,1,5.0,1.0,0.0,0,-1.0,2014.0,D01,21,5,2023,10:54,1,76.0,76705,1,1,1.0,4.0,A13,"49,32884500","1,08821500",,76.076705,76705,Seine-Maritime,28.0,Normandie,110.0,1.0,3.0,7,1.0,28,Normandie,76,3,5,Tourville-la-Rivière,2568,19,2587.0
202300033994,2.0,2,3,2,5.0,1.0,0.0,0,-1.0,1978.0,D01,21,5,2023,10:54,1,76.0,76705,1,1,1.0,4.0,A13,"49,32884500","1,08821500",,76.076705,76705,Seine-Maritime,28.0,Normandie,110.0,1.0,3.0,7,1.0,28,Normandie,76,3,5,Tourville-la-Rivière,2568,19,2587.0
202300033994,1.0,1,1,1,5.0,1.0,0.0,0,-1.0,1973.0,D01,21,5,2023,10:54,1,76.0,76705,1,1,1.0,4.0,A13,"49,32884500","1,08821500",,76.076705,76705,Seine-Maritime,28.0,Normandie,110.0,1.0,3.0,7,1.0,28,Normandie,76,3,5,Tourville-la-Rivière,2568,19,2587.0
202300033994,7.0,2,1,2,5.0,3.0,0.0,0,-1.0,2019.0,C01,21,5,2023,10:54,1,76.0,76705,1,1,1.0,4.0,A13,"49,32884500","1,08821500",,76.076705,76705,Seine-Maritime,28.0,Normandie,110.0,1.0,3.0,7,1.0,28,Normandie,76,3,5,Tourville-la-Rivière,2568,19,2587.0
202300033994,9.0,2,1,2,5.0,3.0,0.0,0,-1.0,2019.0,C01,21,5,2023,10:54,1,76.0,76705,1,1,1.0,4.0,A13,"49,32884500","1,08821500",,76.076705,76705,Seine-Maritime,28.0,Normandie,110.0,1.0,3.0,7,1.0,28,Normandie,76,3,5,Tourville-la-Rivière,2568,19,2587.0
202300033994,2.0,2,1,2,5.0,1.0,0.0,0,-1.0,1985.0,C01,21,5,2023,10:54,1,76.0,76705,1,1,1.0,4.0,A13,"49,32884500","1,08821500",,76.076705,76705,Seine-Maritime,28.0,Normandie,110.0,1.0,3.0,7,1.0,28,Normandie,76,3,5,Tourville-la-Rivière,2568,19,2587.0
202300033994,1.0,1,1,1,5.0,1.0,0.0,0,-1.0,1981.0,C01,21,5,2023,10:54,1,76.0,76705,1,1,1.0,4.0,A13,"49,32884500","1,08821500",,76.076705,76705,Seine-Maritime,28.0,Normandie,110.0,1.0,3.0,7,1.0,28,Normandie,76,3,5,Tourville-la-Rivière,2568,19,2587.0
202300033994,2.0,2,1,2,5.0,1.0,0.0,0,-1.0,1974.0,B01,21,5,2023,10:54,1,76.0,76705,1,1,1.0,4.0,A13,"49,32884500","1,08821500",,76.076705,76705,Seine-Maritime,28.0,Normandie,110.0,1.0,3.0,7,1.0,28,Normandie,76,3,5,Tourville-la-Rivière,2568,19,2587.0
202300033994,9.0,2,1,2,5.0,1.0,0.0,0,-1.0,2009.0,B01,21,5,2023,10:54,1,76.0,76705,1,1,1.0,4.0,A13,"49,32884500","1,08821500",,76.076705,76705,Seine-Maritime,28.0,Normandie,110.0,1.0,3.0,7,1.0,28,Normandie,76,3,5,Tourville-la-Rivière,2568,19,2587.0
202300033994,1.0,1,1,1,5.0,1.0,0.0,0,-1.0,1973.0,B01,21,5,2023,10:54,1,76.0,76705,1,1,1.0,4.0,A13,"49,32884500","1,08821500",,76.076705,76705,Seine-Maritime,28.0,Normandie,110.0,1.0,3.0,7,1.0,28,Normandie,76,3,5,Tourville-la-Rivière,2568,19,2587.0
202300033994,2.0,2,1,1,5.0,1.0,0.0,0,-1.0,1985.0,A01,21,5,2023,10:54,1,76.0,76705,1,1,1.0,4.0,A13,"49,32884500","1,08821500",,76.076705,76705,Seine-Maritime,28.0,Normandie,110.0,1.0,3.0,7,1.0,28,Normandie,76,3,5,Tourville-la-Rivière,2568,19,2587.0
202300033994,9.0,2,1,1,5.0,1.0,0.0,0,-1.0,2018.0,A01,21,5,2023,10:54,1,76.0,76705,1,1,1.0,4.0,A13,"49,32884500","1,08821500",,76.076705,76705,Seine-Maritime,28.0,Normandie,110.0,1.0,3.0,7,1.0,28,Normandie,76,3,5,Tourville-la-Rivière,2568,19,2587.0
202300033994,1.0,1,1,2,5.0,1.0,0.0,0,-1.0,1985.0,A01,21,5,2023,10:54,1,76.0,76705,1,1,1.0,4.0,A13,"49,32884500","1,08821500",,76.076705,76705,Seine-Maritime,28.0,Normandie,110.0,1.0,3.0,7,1.0,28,Normandie,76,3,5,Tourville-la-Rivière,2568,19,2587.0
202300034034,1.0,1,4,1,5.0,2.0,-1.0, -1,-1.0,2002.0,A01,12,4,2023,17:25,1,76.0,76705,2,1,6.0,6.0,Rue de l'Ile aux Boeufs,"49,32871000","1,10031000",,76.076705,76705,Seine-Maritime,28.0,Normandie,50.0,4.0,1.0,2,1.0,28,Normandie,76,3,5,Tourville-la-Rivière,2568,19,2587.0
202300034149,1.0,1,3,1,5.0,2.0,0.0,0,-1.0,2008.0,A01,10,11,2023,17:30,2,76.0,76473,2,9,2.0,3.0,rue du petit village,"49,49369709","0,76389335",,76.076473,76473,Seine-Maritime,28.0,Normandie,-1.0,3.0,2.0,2,2.0,28,Normandie,76,3,25,Notre-Dame-de-Bliquetuit,817,11,828.0
202300034149,1.0,1,1,1,1.0,1.0,0.0,0,-1.0,1991.0,B01,10,11,2023,17:30,2,76.0,76473,2,9,2.0,3.0,rue du petit village,"49,49369709","0,76389335",,76.076473,76473,Seine-Maritime,28.0,Normandie,-1.0,3.0,2.0,2,2.0,28,Normandie,76,3,25,Notre-Dame-de-Bliquetuit,817,11,828.0
202300034212,1.0,1,1,1,0.0,1.0,-1.0, -1,-1.0,1999.0,B01,28,2,2023,19:35,5,76.0,76540,2,3,1.0,3.0,Avenue de la Grand Mare,"49,45487000","1,13590000",,76.076540,76540,Seine-Maritime,28.0,Normandie,50.0,7.0,2.0,2,1.0,28,Normandie,76,3,97,Rouen,114083,1556,115639.0
202300034212,1.0,1,4,1,0.0,1.0,-1.0, -1,-1.0,1989.0,A01,28,2,2023,19:35,5,76.0,76540,2,3,1.0,3.0,Avenue de la Grand Mare,"49,45487000","1,13590000",,76.076540,76540,Seine-Maritime,28.0,Normandie,50.0,7.0,2.0,2,1.0,28,Normandie,76,3,97,Rouen,114083,1556,115639.0
202300034214,1.0,1,4,1,0.0,1.0,-1.0, -1,-1.0,1984.0,A01,27,2,2023,22:50,5,76.0,76351,2,1,1.0,6.0,AUGUSTE BLANQUI,"49,50149000","0,16256000",,76.076351,76351,Seine-Maritime,28.0,Normandie,-1.0,4.0,2.0,2,1.0,28,Normandie,76,2,96,LeHavre,166058,1780,167838.0
202300034259,1.0,1,3,1,5.0,2.0,-1.0, -1,-1.0,1951.0,A01,19,5,2023,10:20,1,76.0,76351,2,1,1.0,7.0,ROGER MEUNIER,"49,48199000","0,11480000",,76.076351,76351,Seine-Maritime,28.0,Normandie,50.0,4.0,2.0,2,1.0,28,Normandie,76,2,96,LeHavre,166058,1780,167838.0
202300034263,1.0,1,4,1,5.0,1.0,-1.0, -1,-1.0,1989.0,A01,18,5,2023,05:30,5,76.0,76447,1,1,1.0,2.0,RD 489,"49,53728000","0,20264000",,76.076447,76447,Seine-Maritime,28.0,Normandie,110.0,3.0,3.0,0,1.0,28,Normandie,76,2,15,Montivilliers,15457,203,15660.0
202300034263,1.0,1,1,1,5.0,1.0,-1.0, -1,-1.0,1998.0,B01,18,5,2023,05:30,5,76.0,76447,1,1,1.0,2.0,RD 489,"49,53728000","0,20264000",,76.076447,76447,Seine-Maritime,28.0,Normandie,110.0,3.0,3.0,0,1.0,28,Normandie,76,2,15,Montivilliers,15457,203,15660.0
202300034263,2.0,2,4,1,5.0,1.0,-1.0, -1,-1.0,1995.0,B01,18,5,2023,05:30,5,76.0,76447,1,1,1.0,2.0,RD 489,"49,53728000","0,20264000",,76.076447,76447,Seine-Maritime,28.0,Normandie,110.0,3.0,3.0,0,1.0,28,Normandie,76,2,15,Montivilliers,15457,203,15660.0
202300034263,3.0,2,1,2,5.0,1.0,-1.0, -1,-1.0,2002.0,B01,18,5,2023,05:30,5,76.0,76447,1,1,1.0,2.0,RD 489,"49,53728000","0,20264000",,76.076447,76447,Seine-Maritime,28.0,Normandie,110.0,3.0,3.0,0,1.0,28,Normandie,76,2,15,Montivilliers,15457,203,15660.0
202300034263,5.0,2,1,2,5.0,1.0,-1.0, -1,-1.0,1991.0,B01,18,5,2023,05:30,5,76.0,76447,1,1,1.0,2.0,RD 489,"49,53728000","0,20264000",,76.076447,76447,Seine-Maritime,28.0,Normandie,110.0,3.0,3.0,0,1.0,28,Normandie,76,2,15,Montivilliers,15457,203,15660.0
202300034263,4.0,2,1,1,5.0,1.0,-1.0, -1,-1.0,1994.0,B01,18,5,2023,05:30,5,76.0,76447,1,1,1.0,2.0,RD 489,"49,53728000","0,20264000",,76.076447,76447,Seine-Maritime,28.0,Normandie,110.0,3.0,3.0,0,1.0,28,Normandie,76,2,15,Montivilliers,15457,203,15660.0
202300034269,1.0,1,3,1,5.0,2.0,-1.0, -1,-1.0,1971.0,A01,18,5,2023,12:25,1,76.0,76305,1,4,1.0,4.0,INDUSTRIELLE (ROUTE),"49,48693000","0,21701000",,76.076305,76305,Seine-Maritime,28.0,Normandie,70.0,4.0,2.0,2,1.0,28,Normandie,76,2,16,Gonfreville-l'Orcher,8961,44,9005.0
202300034269,1.0,1,1,1,5.0,2.0,-1.0, -1,-1.0,1976.0,B01,18,5,2023,12:25,1,76.0,76305,1,4,1.0,4.0,INDUSTRIELLE (ROUTE),"49,48693000","0,21701000",,76.076305,76305,Seine-Maritime,28.0,Normandie,70.0,4.0,2.0,2,1.0,28,Normandie,76,2,16,Gonfreville-l'Orcher,8961,44,9005.0
202300034269,1.0,1,1,1,5.0,2.0,-1.0, -1,-1.0,1989.0,C01,18,5,2023,12:25,1,76.0,76305,1,4,1.0,4.0,INDUSTRIELLE (ROUTE),"49,48693000","0,21701000",,76.076305,76305,Seine-Maritime,28.0,Normandie,70.0,4.0,2.0,2,1.0,28,Normandie,76,2,16,Gonfreville-l'Orcher,8961,44,9005.0
202300034269,1.0,1,1,1,5.0,2.0,-1.0, -1,-1.0,1969.0,D01,18,5,2023,12:25,1,76.0,76305,1,4,1.0,4.0,INDUSTRIELLE (ROUTE),"49,48693000","0,21701000",,76.076305,76305,Seine-Maritime,28.0,Normandie,70.0,4.0,2.0,2,1.0,28,Normandie,76,2,16,Gonfreville-l'Orcher,8961,44,9005.0
202300034494,1.0,1,1,1,5.0,2.0,-1.0, -1,-1.0,2000.0,C01,23,6,2023,22:55,3,76.0,76005,1,1,1.0,5.0,Route de Paris,"49,40565000","1,12183000",,76.076005,76005,Seine-Maritime,28.0,Normandie,80.0,7.0,2.0,2,1.0,28,Normandie,76,3,6,Amfreville-la-Mi-Voie,3296,30,3326.0
202300034494,2.0,2,3,2,5.0,2.0,-1.0, -1,-1.0,2004.0,A01,23,6,2023,22:55,3,76.0,76005,1,1,1.0,5.0,Route de Paris,"49,40565000","1,12183000",,76.076005,76005,Seine-Maritime,28.0,Normandie,80.0,7.0,2.0,2,1.0,28,Normandie,76,3,6,Amfreville-la-Mi-Voie,3296,30,3326.0
202300034494,1.0,1,3,1,5.0,2.0,-1.0, -1,-1.0,2001.0,A01,23,6,2023,22:55,3,76.0,76005,1,1,1.0,5.0,Route de Paris,"49,40565000","1,12183000",,76.076005,76005,Seine-Maritime,28.0,Normandie,80.0,7.0,2.0,2,1.0,28,Normandie,76,3,6,Amfreville-la-Mi-Voie,3296,30,3326.0
202300034494,1.0,1,3,1,5.0,2.0,-1.0, -1,-1.0,2003.0,B01,23,6,2023,22:55,3,76.0,76005,1,1,1.0,5.0,Route de Paris,"49,40565000","1,12183000",,76.076005,76005,Seine-Maritime,28.0,Normandie,80.0,7.0,2.0,2,1.0,28,Normandie,76,3,6,Amfreville-la-Mi-Voie,3296,30,3326.0
202300034497,1.0,1,1,1,3.0,1.0,-1.0, -1,-1.0,1934.0,A01,23,6,2023,11:45,1,76.0,76540,2,1,1.0,6.0,Rue Jeanne d'Arc,"49,44645000","1,09318000",,76.076540,76540,Seine-Maritime,28.0,Normandie,30.0,4.0,2.0,2,1.0,28,Normandie,76,3,97,Rouen,114083,1556,115639.0
202300034497,10.0,3,4,1,0.0,0.0,9.0,B,1.0,1934.0,A01,23,6,2023,11:45,1,76.0,76540,2,1,1.0,6.0,Rue Jeanne d'Arc,"49,44645000","1,09318000",,76.076540,76540,Seine-Maritime,28.0,Normandie,30.0,4.0,2.0,2,1.0,28,Normandie,76,3,97,Rouen,114083,1556,115639.0
202300034500,1.0,1,3,1,0.0,2.0,-1.0, -1,-1.0,1969.0,B01,21,6,2023,21:15,1,76.0,76351,2,2,1.0,3.0,FRANCOIS 1ER (BD),"49,49062700","0,10021800",,76.076351,76351,Seine-Maritime,28.0,Normandie,50.0,4.0,2.0,2,1.0,28,Normandie,76,2,96,LeHavre,166058,1780,167838.0
202300034500,1.0,1,1,2,0.0,1.0,-1.0, -1,-1.0,2000.0,A01,21,6,2023,21:15,1,76.0,76351,2,2,1.0,3.0,FRANCOIS 1ER (BD),"49,49062700","0,10021800",,76.076351,76351,Seine-Maritime,28.0,Normandie,50.0,4.0,2.0,2,1.0,28,Normandie,76,2,96,LeHavre,166058,1780,167838.0
202300034501,1.0,1,4,1,0.0,2.0,-1.0, -1,-1.0,2002.0,A01,22,6,2023,05:40,2,76.0,76351,2,1,1.0,7.0,GABRIEL PERI,"49,49373000","0,11837000",,76.076351,76351,Seine-Maritime,28.0,Normandie,50.0,4.0,1.0,1,1.0,28,Normandie,76,2,96,LeHavre,166058,1780,167838.0
202300034540,2.0,2,4,2,1.0,1.0,0.0,0,-1.0,1988.0,A01,6,9,2023,16:56,1,76.0,76648,1,1,1.0,2.0,Autroute A28 - PK 074.700,"49,64968000","1,26636200",,76.076648,76648,Seine-Maritime,28.0,Normandie,130.0,1.0,3.0,2,1.0,28,Normandie,76,1,23,Saint-Saëns,2317,20,2337.0
202300034540,1.0,1,4,2,1.0,1.0,0.0,0,-1.0,1977.0,A01,6,9,2023,16:56,1,76.0,76648,1,1,1.0,2.0,Autroute A28 - PK 074.700,"49,64968000","1,26636200",,76.076648,76648,Seine-Maritime,28.0,Normandie,130.0,1.0,3.0,2,1.0,28,Normandie,76,1,23,Saint-Saëns,2317,20,2337.0
202300034540,1.0,1,1,1,4.0,1.0,0.0,0,-1.0,1993.0,B01,6,9,2023,16:56,1,76.0,76648,1,1,1.0,2.0,Autroute A28 - PK 074.700,"49,64968000","1,26636200",,76.076648,76648,Seine-Maritime,28.0,Normandie,130.0,1.0,3.0,2,1.0,28,Normandie,76,1,23,Saint-Saëns,2317,20,2337.0
202300034605,2.0,2,3,2,5.0,1.0,0.0,0,-1.0,1955.0,A01,14,12,2023,09:20,1,76.0,76547,1,1,1.0,6.0,D928,"49,56018227","1,26216459",,76.076547,76547,Seine-Maritime,28.0,Normandie,80.0,3.0,2.0,2,1.0,28,Normandie,76,3,21,La Rue-Saint-Pierre,768,9,777.0
202300034605,1.0,1,1,1,5.0,1.0,0.0,0,-1.0,1954.0,A01,14,12,2023,09:20,1,76.0,76547,1,1,1.0,6.0,D928,"49,56018227","1,26216459",,76.076547,76547,Seine-Maritime,28.0,Normandie,80.0,3.0,2.0,2,1.0,28,Normandie,76,3,21,La Rue-Saint-Pierre,768,9,777.0
202300034707,2.0,2,4,2,5.0,1.0,-1.0, -1,-1.0,1993.0,B01,6,9,2023,02:00,4,76.0,76540,2,2,1.0,3.0,Rue des Augustins,"49,43793000","1,09779000",,76.076540,76540,Seine-Maritime,28.0,Normandie,50.0,4.0,1.0,1,1.0,28,Normandie,76,3,97,Rouen,114083,1556,115639.0
202300034707,3.0,2,4,1,5.0,1.0,-1.0, -1,-1.0,2002.0,B01,6,9,2023,02:00,4,76.0,76540,2,2,1.0,3.0,Rue des Augustins,"49,43793000","1,09779000",,76.076540,76540,Seine-Maritime,28.0,Normandie,50.0,4.0,1.0,1,1.0,28,Normandie,76,3,97,Rouen,114083,1556,115639.0
202300034707,1.0,1,1,1,5.0,1.0,-1.0, -1,-1.0,1996.0,B01,6,9,2023,02:00,4,76.0,76540,2,2,1.0,3.0,Rue des Augustins,"49,43793000","1,09779000",,76.076540,76540,Seine-Maritime,28.0,Normandie,50.0,4.0,1.0,1,1.0,28,Normandie,76,3,97,Rouen,114083,1556,115639.0
202300034707,1.0,1,1,-1,-1.0,-1.0,-1.0, -1,-1.0,,A01,6,9,2023,02:00,4,76.0,76540,2,2,1.0,3.0,Rue des Augustins,"49,43793000","1,09779000",,76.076540,76540,Seine-Maritime,28.0,Normandie,50.0,4.0,1.0,1,1.0,28,Normandie,76,3,97,Rouen,114083,1556,115639.0
202300034710,1.0,1,1,1,4.0,1.0,-1.0, -1,-1.0,1984.0,B01,5,9,2023,08:40,1,76.0,76728,1,1,1.0,4.0,A150,"49,47799000","1,01662000",,76.076728,76728,Seine-Maritime,28.0,Normandie,110.0,1.0,1.0,2,1.0,28,Normandie,76,3,24,La Vaupalière,1192,21,1213.0
202300034710,1.0,1,4,1,1.0,1.0,-1.0, -1,-1.0,2004.0,C01,5,9,2023,08:40,1,76.0,76728,1,1,1.0,4.0,A150,"49,47799000","1,01662000",,76.076728,76728,Seine-Maritime,28.0,Normandie,110.0,1.0,1.0,2,1.0,28,Normandie,76,3,24,La Vaupalière,1192,21,1213.0
202300034710,1.0,1,1,1,4.0,1.0,-1.0, -1,-1.0,1998.0,A01,5,9,2023,08:40,1,76.0,76728,1,1,1.0,4.0,A150,"49,47799000","1,01662000",,76.076728,76728,Seine-Maritime,28.0,Normandie,110.0,1.0,1.0,2,1.0,28,Normandie,76,3,24,La Vaupalière,1192,21,1213.0
202300034711,3.0,2,4,2,0.0,2.0,-1.0, -1,-1.0,2008.0,B01,4,9,2023,16:39,1,76.0,76351,2,3,1.0,3.0,PONT VII (ROUTE DU),"49,49394000","0,18016000",,76.076351,76351,Seine-Maritime,28.0,Normandie,50.0,4.0,2.0,2,1.0,28,Normandie,76,2,96,LeHavre,166058,1780,167838.0
202300034711,1.0,1,3,1,5.0,2.0,-1.0, -1,-1.0,1986.0,B01,4,9,2023,16:39,1,76.0,76351,2,3,1.0,3.0,PONT VII (ROUTE DU),"49,49394000","0,18016000",,76.076351,76351,Seine-Maritime,28.0,Normandie,50.0,4.0,2.0,2,1.0,28,Normandie,76,2,96,LeHavre,166058,1780,167838.0
202300034711,1.0,1,1,1,4.0,1.0,-1.0, -1,-1.0,1996.0,A01,4,9,2023,16:39,1,76.0,76351,2,3,1.0,3.0,PONT VII (ROUTE DU),"49,49394000","0,18016000",,76.076351,76351,Seine-Maritime,28.0,Normandie,50.0,4.0,2.0,2,1.0,28,Normandie,76,2,96,LeHavre,166058,1780,167838.0
202300034801,1.0,1,1,1,0.0,1.0,-1.0, -1,-1.0,1963.0,A01,12,12,2023,14:20,1,76.0,76540,2,2,1.0,6.0,Rue Ledru Rollin,"49,42596000","1,09331000",,76.076540,76540,Seine-Maritime,28.0,Normandie,50.0,4.0,2.0,3,1.0,28,Normandie,76,3,97,Rouen,114083,1556,115639.0
202300034801,10.0,3,4,2,0.0,0.0,4.0,3,1.0,1974.0,A01,12,12,2023,14:20,1,76.0,76540,2,2,1.0,6.0,Rue Ledru Rollin,"49,42596000","1,09331000",,76.076540,76540,Seine-Maritime,28.0,Normandie,50.0,4.0,2.0,3,1.0,28,Normandie,76,3,97,Rouen,114083,1556,115639.0
202300034803,1.0,1,4,2,1.0,1.0,-1.0, -1,-1.0,1977.0,A01,14,8,2023,08:00,1,76.0,76540,2,1,1.0,7.0,BRISOUT DE BARNEVILLE. RUE,"49,43467000","1,08025000",,76.076540,76540,Seine-Maritime,28.0,Normandie,50.0,4.0,2.0,2,1.0,28,Normandie,76,3,97,Rouen,114083,1556,115639.0
202300034964,1.0,1,1,1,4.0,1.0,-1.0, -1,-1.0,1984.0,A01,5,10,2023,17:45,1,76.0,76540,2,3,1.0,2.0,Quai Gaston Boulet,"49,44374000","1,07671000",,76.076540,76540,Seine-Maritime,28.0,Normandie,50.0,7.0,1.0,2,1.0,28,Normandie,76,3,97,Rouen,114083,1556,115639.0
202300034964,1.0,1,4,1,0.0,2.0,-1.0, -1,-1.0,2002.0,B01,5,10,2023,17:45,1,76.0,76540,2,3,1.0,2.0,Quai Gaston Boulet,"49,44374000","1,07671000",,76.076540,76540,Seine-Maritime,28.0,Normandie,50.0,7.0,1.0,2,1.0,28,Normandie,76,3,97,Rouen,114083,1556,115639.0