Num_Acc,place,catu,grav,sexe,trajet,secu,locp,actp,etatp,an_nais,num_veh,jour,mois,an,hrmn,lum,dep,com,agg,int,atm,col,adr,lat,long,gps,com_insee_temp,com_insee,departmentName,regionCode,regionName,vma,catr,circ,nbv,surf,Code,Region,Departement,Arrondissement,Code_Canton,Nom_Commune,Population_municipaLe,Population_comptee_a_part,Population_Totale
202300034965,2.0,2,1,2,5.0,0.0,-1.0, -1,-1.0,2001.0,A01,6,10,2023,01:00,5,76.0,76351,2,1,1.0,7.0,BELLOT,"49,48602375","0,12685657",,76.076351,76351,Seine-Maritime,28.0,Normandie,50.0,4.0,2.0,3,1.0,28,Normandie,76,2,96,LeHavre,166058,1780,167838.0
202300034965,1.0,1,4,1,5.0,2.0,-1.0, -1,-1.0,2001.0,A01,6,10,2023,01:00,5,76.0,76351,2,1,1.0,7.0,BELLOT,"49,48602375","0,12685657",,76.076351,76351,Seine-Maritime,28.0,Normandie,50.0,4.0,2.0,3,1.0,28,Normandie,76,2,96,LeHavre,166058,1780,167838.0
202300034966,1.0,1,3,1,0.0,2.0,-1.0, -1,-1.0,2004.0,A01,6,10,2023,14:55,1,76.0,76545,1,1,1.0,2.0,RD 154E,"49,90887000","1,10034000",,76.076545,76545,Seine-Maritime,28.0,Normandie,80.0,3.0,2.0,2,1.0,28,Normandie,76,1,7,Rouxmesnil-BouteilLes1814,33,1847,
202300034966,1.0,1,1,1,0.0,1.0,-1.0, -1,-1.0,1943.0,B01,6,10,2023,14:55,1,76.0,76545,1,1,1.0,2.0,RD 154E,"49,90887000","1,10034000",,76.076545,76545,Seine-Maritime,28.0,Normandie,80.0,3.0,2.0,2,1.0,28,Normandie,76,1,7,Rouxmesnil-BouteilLes1814,33,1847,
202300035209,2.0,2,3,2,5.0,1.0,-1.0, -1,-1.0,2009.0,A01,15,1,2023,09:30,1,76.0,76391,1,4,8.0,6.0,Rue de Rouen,"49,30772667","0,98001966",,76.076391,76391,Seine-Maritime,28.0,Normandie,80.0,7.0,2.0,2,2.0,28,Normandie,76,3,9,La Londe,2362,71,2433.0
202300035209,1.0,1,4,2,5.0,1.0,-1.0, -1,-1.0,2002.0,A01,15,1,2023,09:30,1,76.0,76391,1,4,8.0,6.0,Rue de Rouen,"49,30772667","0,98001966",,76.076391,76391,Seine-Maritime,28.0,Normandie,80.0,7.0,2.0,2,2.0,28,Normandie,76,3,9,La Londe,2362,71,2433.0
202300035319,1.0,1,1,1,0.0,8.0,-1.0, -1,-1.0,2001.0,A01,26,7,2023,18:08,1,76.0,76540,2,6,1.0,3.0,Rue de Sotteville,"49,42576000","1,08755000",,76.076540,76540,Seine-Maritime,28.0,Normandie,30.0,7.0,2.0,2,1.0,28,Normandie,76,3,97,Rouen,114083,1556,115639.0
202300035319,1.0,1,4,2,1.0,8.0,-1.0, -1,-1.0,2004.0,B01,26,7,2023,18:08,1,76.0,76540,2,6,1.0,3.0,Rue de Sotteville,"49,42576000","1,08755000",,76.076540,76540,Seine-Maritime,28.0,Normandie,30.0,7.0,2.0,2,1.0,28,Normandie,76,3,97,Rouen,114083,1556,115639.0
202300035320,1.0,1,1,2,0.0,1.0,-1.0, -1,-1.0,1999.0,C01,14,6,2023,14:40,1,76.0,76351,2,1,1.0,5.0,BOIS AU COQ (AVENUE),"49,51696000","0,11913000",,76.076351,76351,Seine-Maritime,28.0,Normandie,50.0,4.0,2.0,2,1.0,28,Normandie,76,2,96,LeHavre,166058,1780,167838.0
202300035320,1.0,1,4,1,0.0,2.0,-1.0, -1,-1.0,2000.0,A01,14,6,2023,14:40,1,76.0,76351,2,1,1.0,5.0,BOIS AU COQ (AVENUE),"49,51696000","0,11913000",,76.076351,76351,Seine-Maritime,28.0,Normandie,50.0,4.0,2.0,2,1.0,28,Normandie,76,2,96,LeHavre,166058,1780,167838.0
202300035320,1.0,1,1,1,0.0,1.0,-1.0, -1,-1.0,1957.0,B01,14,6,2023,14:40,1,76.0,76351,2,1,1.0,5.0,BOIS AU COQ (AVENUE),"49,51696000","0,11913000",,76.076351,76351,Seine-Maritime,28.0,Normandie,50.0,4.0,2.0,2,1.0,28,Normandie,76,2,96,LeHavre,166058,1780,167838.0
202300035511,1.0,1,4,1,0.0,2.0,-1.0, -1,-1.0,2006.0,B01,8,11,2023,07:50,1,76.0,76231,2,4,1.0,3.0,Rue du Général de Gaulle,"49,28545100","1,01174000",,76.076231,76231,Seine-Maritime,28.0,Normandie,50.0,4.0,2.0,2,1.0,28,Normandie,76,3,9,Elbeuf,15951,138,16089.0
202300035511,1.0,1,4,1,5.0,2.0,-1.0, -1,-1.0,2006.0,A01,8,11,2023,07:50,1,76.0,76231,2,4,1.0,3.0,Rue du Général de Gaulle,"49,28545100","1,01174000",,76.076231,76231,Seine-Maritime,28.0,Normandie,50.0,4.0,2.0,2,1.0,28,Normandie,76,3,9,Elbeuf,15951,138,16089.0
202300035513,1.0,1,1,1,0.0,1.0,-1.0, -1,-1.0,1974.0,A01,7,11,2023,14:06,1,76.0,76351,2,2,1.0,6.0,PAUL VERONESE,"49,51702100","0,11624600",,76.076351,76351,Seine-Maritime,28.0,Normandie,50.0,4.0,2.0,4,2.0,28,Normandie,76,2,96,LeHavre,166058,1780,167838.0
202300035513,1.0,1,1,2,0.0,1.0,-1.0, -1,-1.0,2001.0,B01,7,11,2023,14:06,1,76.0,76351,2,2,1.0,6.0,PAUL VERONESE,"49,51702100","0,11624600",,76.076351,76351,Seine-Maritime,28.0,Normandie,50.0,4.0,2.0,4,2.0,28,Normandie,76,2,96,LeHavre,166058,1780,167838.0
202300035513,10.0,3,3,1,0.0,0.0,5.0,9,1.0,1966.0,B01,7,11,2023,14:06,1,76.0,76351,2,2,1.0,6.0,PAUL VERONESE,"49,51702100","0,11624600",,76.076351,76351,Seine-Maritime,28.0,Normandie,50.0,4.0,2.0,4,2.0,28,Normandie,76,2,96,LeHavre,166058,1780,167838.0
202300035706,1.0,1,4,2,3.0,1.0,0.0,0,-1.0,1978.0,A01,13,5,2023,13:45,1,76.0,76245,1,4,1.0,1.0,D47,"49,54958200","1,03986000",,76.076245,76245,Seine-Maritime,28.0,Normandie,-1.0,3.0,2.0, -1,1.0,28,Normandie,76,3,24,Eslettes,1641,16,1657.0
202300035706,1.0,1,1,1,0.0,1.0,0.0,0,-1.0,1963.0,B01,13,5,2023,13:45,1,76.0,76245,1,4,1.0,1.0,D47,"49,54958200","1,03986000",,76.076245,76245,Seine-Maritime,28.0,Normandie,-1.0,3.0,2.0, -1,1.0,28,Normandie,76,3,24,Eslettes,1641,16,1657.0
202300035807,1.0,1,1,2,1.0,1.0,-1.0, -1,-1.0,1998.0,A01,27,2,2023,12:45,1,76.0,76165,2,2,1.0,3.0,Rue de la République,"49,28362000","1,01741000",,76.076165,76165,Seine-Maritime,28.0,Normandie,30.0,7.0,2.0,1,1.0,28,Normandie,76,3,5,Caudebec-lès-Elbeuf,10135,69,10204.0
202300035807,1.0,1,3,1,5.0,8.0,-1.0, -1,-1.0,1987.0,B01,27,2,2023,12:45,1,76.0,76165,2,2,1.0,3.0,Rue de la République,"49,28362000","1,01741000",,76.076165,76165,Seine-Maritime,28.0,Normandie,30.0,7.0,2.0,1,1.0,28,Normandie,76,3,5,Caudebec-lès-Elbeuf,10135,69,10204.0
202300035811,1.0,1,1,2,1.0,1.0,-1.0, -1,-1.0,1984.0,A01,27,2,2023,08:55,1,76.0,76540,2,3,1.0,6.0,Rue du Contrat Social,"49,44576337","1,07927656",,76.076540,76540,Seine-Maritime,28.0,Normandie,50.0,4.0,1.0,1,1.0,28,Normandie,76,3,97,Rouen,114083,1556,115639.0
202300035811,10.0,3,4,2,2.0,0.0,3.0,3,1.0,2004.0,A01,27,2,2023,08:55,1,76.0,76540,2,3,1.0,6.0,Rue du Contrat Social,"49,44576337","1,07927656",,76.076540,76540,Seine-Maritime,28.0,Normandie,50.0,4.0,1.0,1,1.0,28,Normandie,76,3,97,Rouen,114083,1556,115639.0
202300035816,1.0,1,4,2,0.0,1.0,-1.0, -1,-1.0,1997.0,B01,27,2,2023,08:35,1,76.0,76351,1,1,1.0,6.0,SEIZIEME PORT (AVENUE DU),"49,48707000","0,18071000",,76.076351,76351,Seine-Maritime,28.0,Normandie,70.0,4.0,3.0,4,1.0,28,Normandie,76,2,96,LeHavre,166058,1780,167838.0
202300035816,1.0,1,1,1,4.0,1.0,-1.0, -1,-1.0,1973.0,A01,27,2,2023,08:35,1,76.0,76351,1,1,1.0,6.0,SEIZIEME PORT (AVENUE DU),"49,48707000","0,18071000",,76.076351,76351,Seine-Maritime,28.0,Normandie,70.0,4.0,3.0,4,1.0,28,Normandie,76,2,96,LeHavre,166058,1780,167838.0
202300035821,1.0,1,1,1,5.0,1.0,-1.0, -1,-1.0,1940.0,A01,25,2,2023,14:40,1,76.0,76351,2,1,2.0,6.0,REPUBLIQUE (COURS DE LA),"49,49672000","0,12732000",,76.076351,76351,Seine-Maritime,28.0,Normandie,50.0,4.0,2.0,4,2.0,28,Normandie,76,2,96,LeHavre,166058,1780,167838.0
202300035821,10.0,3,3,2,0.0,0.0,2.0,3,2.0,1976.0,A01,25,2,2023,14:40,1,76.0,76351,2,1,2.0,6.0,REPUBLIQUE (COURS DE LA),"49,49672000","0,12732000",,76.076351,76351,Seine-Maritime,28.0,Normandie,50.0,4.0,2.0,4,2.0,28,Normandie,76,2,96,LeHavre,166058,1780,167838.0
202300035836,1.0,1,3,2,0.0,8.0,-1.0, -1,-1.0,1998.0,A01,9,4,2023,00:35,5,76.0,76351,2,1,1.0,6.0,ORMEAUX (DES),"49,50023000","0,11797000",,76.076351,76351,Seine-Maritime,28.0,Normandie,50.0,4.0,2.0,1,1.0,28,Normandie,76,2,96,LeHavre,166058,1780,167838.0
202300035843,1.0,1,3,1,5.0,2.0,-1.0, -1,-1.0,1977.0,A01,8,4,2023,14:40,1,76.0,76341,1,1,1.0,2.0,RD 6015,"49,51672000","0,20588000",,76.076341,76341,Seine-Maritime,28.0,Normandie,90.0,3.0,3.0,0,1.0,28,Normandie,76,2,15,Harfleur,8315,53,8368.0
202300035843,2.0,2,4,2,5.0,2.0,-1.0, -1,-1.0,2007.0,A01,8,4,2023,14:40,1,76.0,76341,1,1,1.0,2.0,RD 6015,"49,51672000","0,20588000",,76.076341,76341,Seine-Maritime,28.0,Normandie,90.0,3.0,3.0,0,1.0,28,Normandie,76,2,15,Harfleur,8315,53,8368.0
202300035843,2.0,2,1,1,0.0,1.0,-1.0, -1,-1.0,1982.0,B01,8,4,2023,14:40,1,76.0,76341,1,1,1.0,2.0,RD 6015,"49,51672000","0,20588000",,76.076341,76341,Seine-Maritime,28.0,Normandie,90.0,3.0,3.0,0,1.0,28,Normandie,76,2,15,Harfleur,8315,53,8368.0
202300035843,1.0,1,1,2,0.0,1.0,-1.0, -1,-1.0,1994.0,B01,8,4,2023,14:40,1,76.0,76341,1,1,1.0,2.0,RD 6015,"49,51672000","0,20588000",,76.076341,76341,Seine-Maritime,28.0,Normandie,90.0,3.0,3.0,0,1.0,28,Normandie,76,2,15,Harfleur,8315,53,8368.0
202300035933,1.0,1,3,1,5.0,2.0,0.0,0,-1.0,1964.0,A01,24,6,2023,15:00,1,76.0,76141,1,1,1.0,7.0,Route du Fresne,"49,63237500","0,41895000",,76.076141,76141,Seine-Maritime,28.0,Normandie,-1.0,4.0,2.0,2,1.0,28,Normandie,76,2,32,Bréauté,1365,13,1378.0
202300035935,1.0,1,4,1,5.0,1.0,0.0,0,-1.0,1973.0,A01,23,6,2023,23:53,4,76.0,76436,1,1,1.0,6.0,Chemin du Halage,"49,43029800","0,85912800",,76.076436,76436,Seine-Maritime,28.0,Normandie,80.0,7.0,2.0,2,1.0,28,Normandie,76,3,1,LeMesnil-sous-Jumièges,614,4,618.0
202300035941,1.0,1,3,1,5.0,2.0,0.0,0,-1.0,2006.0,A01,24,6,2023,17:00,1,76.0,76201,2,1,1.0,7.0,Chemin du Petit Val,"49,46456500","1,39976400",,76.076201,76201,Seine-Maritime,28.0,Normandie,-1.0,5.0,-1.0,2,1.0,28,Normandie,76,1,12,Croisy-sur-AndelLe524,4,528,
202300036522,10.0,3,4,1,5.0,0.0,3.0,3,1.0,1944.0,A01,4,9,2023,11:20,1,76.0,76322,2,1,1.0,6.0,Avenue des Provinces,"49,41031300","1,05242640",,76.076322,76322,Seine-Maritime,28.0,Normandie,50.0,4.0,2.0,2,1.0,28,Normandie,76,3,13,LeGrand-Quevilly,25975,225,26200.0
202300036522,1.0,1,1,2,0.0,1.0,-1.0, -1,-1.0,1974.0,A01,4,9,2023,11:20,1,76.0,76322,2,1,1.0,6.0,Avenue des Provinces,"49,41031300","1,05242640",,76.076322,76322,Seine-Maritime,28.0,Normandie,50.0,4.0,2.0,2,1.0,28,Normandie,76,3,13,LeGrand-Quevilly,25975,225,26200.0
202300036523,10.0,3,4,2,2.0,0.0,3.0,3,2.0,2020.0,A01,4,9,2023,09:30,1,76.0,76410,2,2,1.0,6.0,Rue Pasteur,"49,47738000","1,04059000",,76.076410,76410,Seine-Maritime,28.0,Normandie,50.0,4.0,2.0,1,1.0,28,Normandie,76,3,4,Maromme,11024,122,11146.0
202300036523,1.0,1,1,1,9.0,1.0,-1.0, -1,-1.0,1993.0,A01,4,9,2023,09:30,1,76.0,76410,2,2,1.0,6.0,Rue Pasteur,"49,47738000","1,04059000",,76.076410,76410,Seine-Maritime,28.0,Normandie,50.0,4.0,2.0,1,1.0,28,Normandie,76,3,4,Maromme,11024,122,11146.0
202300036523,10.0,3,4,2,2.0,0.0,3.0,3,2.0,1998.0,A01,4,9,2023,09:30,1,76.0,76410,2,2,1.0,6.0,Rue Pasteur,"49,47738000","1,04059000",,76.076410,76410,Seine-Maritime,28.0,Normandie,50.0,4.0,2.0,1,1.0,28,Normandie,76,3,4,Maromme,11024,122,11146.0
202300036524,1.0,1,1,1,0.0,1.0,-1.0, -1,-1.0,1998.0,A01,2,9,2023,13:13,1,76.0,76351,2,1,1.0,2.0,LOUIS BLANC,"49,50745000","0,13097000",,76.076351,76351,Seine-Maritime,28.0,Normandie,50.0,4.0,2.0,4,1.0,28,Normandie,76,2,96,LeHavre,166058,1780,167838.0
202300036524,1.0,1,4,2,0.0,1.0,-1.0, -1,-1.0,1998.0,B01,2,9,2023,13:13,1,76.0,76351,2,1,1.0,2.0,LOUIS BLANC,"49,50745000","0,13097000",,76.076351,76351,Seine-Maritime,28.0,Normandie,50.0,4.0,2.0,4,1.0,28,Normandie,76,2,96,LeHavre,166058,1780,167838.0
202300036525,1.0,1,1,1,5.0,1.0,-1.0, -1,-1.0,1966.0,A01,1,9,2023,13:00,1,76.0,76447,2,1,1.0,6.0,LA LEZARDE (CENTRE COMMERCIAL),"49,52709513","0,19074090",,76.076447,76447,Seine-Maritime,28.0,Normandie,-1.0,6.0,-1.0, -1,1.0,28,Normandie,76,2,15,Montivilliers,15457,203,15660.0
202300036525,10.0,3,2,1,3.0,0.0,3.0,3,1.0,1962.0,A01,1,9,2023,13:00,1,76.0,76447,2,1,1.0,6.0,LA LEZARDE (CENTRE COMMERCIAL),"49,52709513","0,19074090",,76.076447,76447,Seine-Maritime,28.0,Normandie,-1.0,6.0,-1.0, -1,1.0,28,Normandie,76,2,15,Montivilliers,15457,203,15660.0
202300036727,1.0,1,1,1,0.0,1.0,-1.0, -1,-1.0,1991.0,A01,9,12,2023,18:10,5,76.0,76351,2,2,1.0,6.0,GENERAL ARCHINARD (AVENUE),"49,49197000","0,11676000",,76.076351,76351,Seine-Maritime,28.0,Normandie,50.0,4.0,1.0,1,1.0,28,Normandie,76,2,96,LeHavre,166058,1780,167838.0
202300036727,10.0,3,4,1,5.0,0.0,3.0,3,1.0,1974.0,A01,9,12,2023,18:10,5,76.0,76351,2,2,1.0,6.0,GENERAL ARCHINARD (AVENUE),"49,49197000","0,11676000",,76.076351,76351,Seine-Maritime,28.0,Normandie,50.0,4.0,1.0,1,1.0,28,Normandie,76,2,96,LeHavre,166058,1780,167838.0
202300036728,1.0,1,4,2,0.0,8.0,-1.0, -1,-1.0,1978.0,B01,8,12,2023,11:01,1,76.0,76351,2,3,1.0,6.0,FLORIMOND LAURENT (RUE),"49,51587000","0,11267000",,76.076351,76351,Seine-Maritime,28.0,Normandie,50.0,4.0,2.0,2,1.0,28,Normandie,76,2,96,LeHavre,166058,1780,167838.0
202300036728,1.0,1,1,1,4.0,1.0,-1.0, -1,-1.0,1999.0,A01,8,12,2023,11:01,1,76.0,76351,2,3,1.0,6.0,FLORIMOND LAURENT (RUE),"49,51587000","0,11267000",,76.076351,76351,Seine-Maritime,28.0,Normandie,50.0,4.0,2.0,2,1.0,28,Normandie,76,2,96,LeHavre,166058,1780,167838.0
202300036729,1.0,1,1,1,9.0,1.0,-1.0, -1,-1.0,2001.0,B01,8,12,2023,16:20,1,76.0,76351,2,2,1.0,3.0,ALEXANDRE RIBOT,"49,52155000","0,11703000",,76.076351,76351,Seine-Maritime,28.0,Normandie,50.0,4.0,2.0,2,1.0,28,Normandie,76,2,96,LeHavre,166058,1780,167838.0
202300036729,1.0,1,4,1,3.0,2.0,-1.0, -1,-1.0,1987.0,A01,8,12,2023,16:20,1,76.0,76351,2,2,1.0,3.0,ALEXANDRE RIBOT,"49,52155000","0,11703000",,76.076351,76351,Seine-Maritime,28.0,Normandie,50.0,4.0,2.0,2,1.0,28,Normandie,76,2,96,LeHavre,166058,1780,167838.0
202300036730,1.0,1,1,2,0.0,1.0,-1.0, -1,-1.0,1967.0,A01,8,12,2023,13:30,1,76.0,76351,2,3,1.0,6.0,JULES FERRY (PLACE),"49,49181000","0,11114000",,76.076351,76351,Seine-Maritime,28.0,Normandie,-1.0,4.0,-1.0, -1,1.0,28,Normandie,76,2,96,LeHavre,166058,1780,167838.0
202300036730,10.0,3,4,1,5.0,0.0,3.0,3,1.0,1991.0,A01,8,12,2023,13:30,1,76.0,76351,2,3,1.0,6.0,JULES FERRY (PLACE),"49,49181000","0,11114000",,76.076351,76351,Seine-Maritime,28.0,Normandie,-1.0,4.0,-1.0, -1,1.0,28,Normandie,76,2,96,LeHavre,166058,1780,167838.0
202300036864,10.0,3,3,2,2.0,0.0,3.0,3,1.0,2012.0,A01,5,10,2023,07:55,2,76.0,76231,2,4,1.0,6.0,Place du Champ de Foire,"49,29033800","1,01249900",,76.076231,76231,Seine-Maritime,28.0,Normandie,30.0,4.0,1.0,1,1.0,28,Normandie,76,3,9,Elbeuf,15951,138,16089.0
202300036864,1.0,1,1,-1,-1.0,-1.0,-1.0, -1,-1.0,,A01,5,10,2023,07:55,2,76.0,76231,2,4,1.0,6.0,Place du Champ de Foire,"49,29033800","1,01249900",,76.076231,76231,Seine-Maritime,28.0,Normandie,30.0,4.0,1.0,1,1.0,28,Normandie,76,3,9,Elbeuf,15951,138,16089.0
202300036867,1.0,1,4,2,5.0,2.0,-1.0, -1,-1.0,2002.0,A01,5,10,2023,00:35,5,76.0,76351,2,1,1.0,7.0,JEAN MAUREL (RUE),"49,48901000","0,12481000",,76.076351,76351,Seine-Maritime,28.0,Normandie,50.0,4.0,2.0,4,1.0,28,Normandie,76,2,96,LeHavre,166058,1780,167838.0
202300036870,1.0,1,4,1,0.0,2.0,-1.0, -1,-1.0,1963.0,A01,3,10,2023,20:30,5,76.0,76447,2,1,1.0,7.0,COMMUNE 1871 (DE LA),"49,54682000","0,19641000",,76.076447,76447,Seine-Maritime,28.0,Normandie,50.0,4.0,1.0,2,1.0,28,Normandie,76,2,15,Montivilliers,15457,203,15660.0
202300036870,2.0,2,4,2,0.0,2.0,-1.0, -1,-1.0,1960.0,A01,3,10,2023,20:30,5,76.0,76447,2,1,1.0,7.0,COMMUNE 1871 (DE LA),"49,54682000","0,19641000",,76.076447,76447,Seine-Maritime,28.0,Normandie,50.0,4.0,1.0,2,1.0,28,Normandie,76,2,15,Montivilliers,15457,203,15660.0
202300037108,2.0,2,1,1,0.0,1.0,-1.0, -1,-1.0,1997.0,A01,14,1,2023,18:50,5,76.0,76429,2,2,2.0,6.0,Route de Paris,"49,41058000","1,14140000",,76.076429,76429,Seine-Maritime,28.0,Normandie,50.0,7.0,2.0,2,2.0,28,Normandie,76,3,21,LeMesnil-Esnard,7980,353,8333.0
202300037108,1.0,1,1,1,0.0,8.0,-1.0, -1,-1.0,1997.0,A01,14,1,2023,18:50,5,76.0,76429,2,2,2.0,6.0,Route de Paris,"49,41058000","1,14140000",,76.076429,76429,Seine-Maritime,28.0,Normandie,50.0,7.0,2.0,2,2.0,28,Normandie,76,3,21,LeMesnil-Esnard,7980,353,8333.0
202300037108,10.0,3,4,1,0.0,0.0,2.0,3,1.0,1968.0,A01,14,1,2023,18:50,5,76.0,76429,2,2,2.0,6.0,Route de Paris,"49,41058000","1,14140000",,76.076429,76429,Seine-Maritime,28.0,Normandie,50.0,7.0,2.0,2,2.0,28,Normandie,76,3,21,LeMesnil-Esnard,7980,353,8333.0
202300037110,2.0,2,4,2,5.0,8.0,-1.0, -1,-1.0,1987.0,B01,14,1,2023,11:00,1,76.0,76497,1,4,2.0,3.0,Avenue des Canadiens,"49,38676400","1,05426900",,76.076497,76497,Seine-Maritime,28.0,Normandie,50.0,7.0,1.0,1,2.0,28,Normandie,76,3,13,Petit-Couronne,8688,175,8863.0
202300037110,1.0,1,4,1,5.0,8.0,-1.0, -1,-1.0,1987.0,B01,14,1,2023,11:00,1,76.0,76497,1,4,2.0,3.0,Avenue des Canadiens,"49,38676400","1,05426900",,76.076497,76497,Seine-Maritime,28.0,Normandie,50.0,7.0,1.0,1,2.0,28,Normandie,76,3,13,Petit-Couronne,8688,175,8863.0
202300037110,1.0,1,1,1,5.0,8.0,-1.0, -1,-1.0,2002.0,A01,14,1,2023,11:00,1,76.0,76497,1,4,2.0,3.0,Avenue des Canadiens,"49,38676400","1,05426900",,76.076497,76497,Seine-Maritime,28.0,Normandie,50.0,7.0,1.0,1,2.0,28,Normandie,76,3,13,Petit-Couronne,8688,175,8863.0
202300037112,1.0,1,1,1,0.0,1.0,-1.0, -1,-1.0,1966.0,A01,13,1,2023,18:55,5,76.0,76217,2,1,2.0,6.0,GRANDE RUE,"49,92565000","1,07656000",,76.076217,76217,Seine-Maritime,28.0,Normandie,30.0,4.0,-1.0,1,2.0,28,Normandie,76,1,95,Dieppe,28358,455,28813.0
202300037112,10.0,3,3,1,5.0,0.0,5.0,3,1.0,1940.0,A01,13,1,2023,18:55,5,76.0,76217,2,1,2.0,6.0,GRANDE RUE,"49,92565000","1,07656000",,76.076217,76217,Seine-Maritime,28.0,Normandie,30.0,4.0,-1.0,1,2.0,28,Normandie,76,1,95,Dieppe,28358,455,28813.0
202300037165,1.0,1,3,1,5.0,2.0,0.0,0,-1.0,1957.0,B01,6,10,2023,11:50,1,76.0,76070,1,1,1.0,4.0,Route de la Briqueterie,"49,69963600","1,23755000",,76.076070,76070,Seine-Maritime,28.0,Normandie,80.0,3.0,2.0,2,1.0,28,Normandie,76,1,23,Bellencombre,588,11,599.0
202300037165,1.0,1,3,1,5.0,2.0,0.0,0,-1.0,1970.0,D01,6,10,2023,11:50,1,76.0,76070,1,1,1.0,4.0,Route de la Briqueterie,"49,69963600","1,23755000",,76.076070,76070,Seine-Maritime,28.0,Normandie,80.0,3.0,2.0,2,1.0,28,Normandie,76,1,23,Bellencombre,588,11,599.0
202300037165,1.0,1,3,1,5.0,2.0,0.0,0,-1.0,1955.0,C01,6,10,2023,11:50,1,76.0,76070,1,1,1.0,4.0,Route de la Briqueterie,"49,69963600","1,23755000",,76.076070,76070,Seine-Maritime,28.0,Normandie,80.0,3.0,2.0,2,1.0,28,Normandie,76,1,23,Bellencombre,588,11,599.0
202300037165,1.0,1,1,1,5.0,1.0,0.0,0,-1.0,1996.0,A01,6,10,2023,11:50,1,76.0,76070,1,1,1.0,4.0,Route de la Briqueterie,"49,69963600","1,23755000",,76.076070,76070,Seine-Maritime,28.0,Normandie,80.0,3.0,2.0,2,1.0,28,Normandie,76,1,23,Bellencombre,588,11,599.0
202300037256,1.0,1,1,2,0.0,1.0,-1.0, -1,-1.0,1966.0,A01,26,7,2023,17:55,1,76.0,76474,2,3,1.0,5.0,Rue de l'Avenir,"49,48790000","1,04766000",,76.076474,76474,Seine-Maritime,28.0,Normandie,50.0,4.0,2.0,2,1.0,28,Normandie,76,3,24,Notre-Dame-de-BondevilLe6957,82,7039,
202300037256,1.0,1,1,2,0.0,1.0,-1.0, -1,-1.0,1996.0,C01,26,7,2023,17:55,1,76.0,76474,2,3,1.0,5.0,Rue de l'Avenir,"49,48790000","1,04766000",,76.076474,76474,Seine-Maritime,28.0,Normandie,50.0,4.0,2.0,2,1.0,28,Normandie,76,3,24,Notre-Dame-de-BondevilLe6957,82,7039,
202300037256,3.0,2,1,2,0.0,1.0,-1.0, -1,-1.0,2018.0,B01,26,7,2023,17:55,1,76.0,76474,2,3,1.0,5.0,Rue de l'Avenir,"49,48790000","1,04766000",,76.076474,76474,Seine-Maritime,28.0,Normandie,50.0,4.0,2.0,2,1.0,28,Normandie,76,3,24,Notre-Dame-de-BondevilLe6957,82,7039,
202300037256,1.0,1,4,2,0.0,1.0,-1.0, -1,-1.0,1991.0,B01,26,7,2023,17:55,1,76.0,76474,2,3,1.0,5.0,Rue de l'Avenir,"49,48790000","1,04766000",,76.076474,76474,Seine-Maritime,28.0,Normandie,50.0,4.0,2.0,2,1.0,28,Normandie,76,3,24,Notre-Dame-de-BondevilLe6957,82,7039,
202300037257,1.0,1,3,1,0.0,2.0,-1.0, -1,-1.0,2002.0,A01,25,7,2023,22:10,3,76.0,76351,1,1,1.0,7.0,RD 940,"49,49828700","0,09568600",,76.076351,76351,Seine-Maritime,28.0,Normandie,70.0,4.0,2.0,1,1.0,28,Normandie,76,2,96,LeHavre,166058,1780,167838.0
202300037362,1.0,1,1,1,4.0,1.0,-1.0, -1,-1.0,2001.0,A01,16,6,2023,22:45,5,76.0,76540,2,1,1.0,6.0,Rue de Lessard,"49,42762600","1,09581600",,76.076540,76540,Seine-Maritime,28.0,Normandie,30.0,4.0,2.0,2,1.0,28,Normandie,76,3,97,Rouen,114083,1556,115639.0
202300037362,10.0,3,4,1,0.0,0.0,9.0,B,1.0,1987.0,A01,16,6,2023,22:45,5,76.0,76540,2,1,1.0,6.0,Rue de Lessard,"49,42762600","1,09581600",,76.076540,76540,Seine-Maritime,28.0,Normandie,30.0,4.0,2.0,2,1.0,28,Normandie,76,3,97,Rouen,114083,1556,115639.0
202300037380,1.0,1,3,2,5.0,8.0,-1.0, -1,-1.0,1965.0,A01,21,6,2023,19:10,1,76.0,76351,1,1,1.0,7.0,VINGT QUATRIEME TERRITORIAL (CHAUSSEE DU,"49,49064000","0,12160000",,76.076351,76351,Seine-Maritime,28.0,Normandie,50.0,4.0,1.0,4,1.0,28,Normandie,76,2,96,LeHavre,166058,1780,167838.0
202300037586,10.0,3,4,1,0.0,0.0,3.0,3,1.0,1934.0,A01,23,6,2023,10:00,1,76.0,76709,2,1,1.0,6.0,742 Rue du Maréchal Foch,"49,47341700","0,81460200",,76.076709,76709,Seine-Maritime,28.0,Normandie,50.0,7.0,2.0,2,1.0,28,Normandie,76,3,1,LeTrait,4780,38,4818.0