Num_Acc,place,catu,grav,sexe,trajet,secu,locp,actp,etatp,an_nais,num_veh,jour,mois,an,hrmn,lum,dep,com,agg,int,atm,col,adr,lat,long,gps,com_insee_temp,com_insee,departmentName,regionCode,regionName,vma,catr,circ,nbv,surf,Code,Region,Departement,Arrondissement,Code_Canton,Nom_Commune,Population_municipaLe,Population_comptee_a_part,Population_Totale
202300037586,1.0,1,1,1,4.0,1.0,0.0,0,-1.0,1989.0,A01,23,6,2023,10:00,1,76.0,76709,2,1,1.0,6.0,742 Rue du Maréchal Foch,"49,47341700","0,81460200",,76.076709,76709,Seine-Maritime,28.0,Normandie,50.0,7.0,2.0,2,1.0,28,Normandie,76,3,1,LeTrait,4780,38,4818.0
202300037691,1.0,1,3,1,0.0,2.0,-1.0, -1,-1.0,1957.0,A01,25,2,2023,12:25,1,76.0,76545,2,1,2.0,6.0,Route du Vallon,"49,90188000","1,09069000",,76.076545,76545,Seine-Maritime,28.0,Normandie,50.0,4.0,2.0,2,2.0,28,Normandie,76,1,7,Rouxmesnil-BouteilLes1814,33,1847,
202300037782,1.0,1,1,1,5.0,1.0,-1.0, -1,-1.0,1982.0,B01,25,2,2023,15:20,1,76.0,76681,1,3,1.0,2.0,Boulevard Industriel,"49,41662200","1,10781000",,76.076681,76681,Seine-Maritime,28.0,Normandie,70.0,7.0,3.0,4,1.0,28,Normandie,76,3,99,Sotteville-lès-Rouen,28965,475,29440.0
202300037782,1.0,1,4,1,5.0,2.0,-1.0, -1,-1.0,2002.0,A01,25,2,2023,15:20,1,76.0,76681,1,3,1.0,2.0,Boulevard Industriel,"49,41662200","1,10781000",,76.076681,76681,Seine-Maritime,28.0,Normandie,70.0,7.0,3.0,4,1.0,28,Normandie,76,3,99,Sotteville-lès-Rouen,28965,475,29440.0
202300037792,10.0,3,4,1,3.0,0.0,3.0,3,1.0,1975.0,A01,17,5,2023,10:00,1,76.0,76312,2,1,1.0,6.0,2 Rue Charles de Gaulle,"49,48172800","1,72424800",,76.076312,76312,Seine-Maritime,28.0,Normandie,50.0,4.0,2.0,1,1.0,28,Normandie,76,1,12,Gournay-en-Bray,5944,85,6029.0
202300037792,1.0,1,1,1,9.0,8.0,0.0,0,-1.0,1940.0,A01,17,5,2023,10:00,1,76.0,76312,2,1,1.0,6.0,2 Rue Charles de Gaulle,"49,48172800","1,72424800",,76.076312,76312,Seine-Maritime,28.0,Normandie,50.0,4.0,2.0,1,1.0,28,Normandie,76,1,12,Gournay-en-Bray,5944,85,6029.0
202300038040,1.0,1,4,1,4.0,2.0,-1.0, -1,-1.0,1961.0,B01,17,5,2023,19:20,1,76.0,76540,2,1,1.0,2.0,Avenue de la Grand Mare,"49,44759000","1,13214000",,76.076540,76540,Seine-Maritime,28.0,Normandie,50.0,7.0,2.0,3,1.0,28,Normandie,76,3,97,Rouen,114083,1556,115639.0
202300038040,1.0,1,4,2,0.0,1.0,-1.0, -1,-1.0,1994.0,A01,17,5,2023,19:20,1,76.0,76540,2,1,1.0,2.0,Avenue de la Grand Mare,"49,44759000","1,13214000",,76.076540,76540,Seine-Maritime,28.0,Normandie,50.0,7.0,2.0,3,1.0,28,Normandie,76,3,97,Rouen,114083,1556,115639.0
202300038045,1.0,1,1,1,5.0,1.0,-1.0, -1,-1.0,1954.0,A01,17,5,2023,10:54,1,76.0,76351,2,2,1.0,6.0,HOTEL DE VILLE (PLACE DE),"49,49475000","0,10641000",,76.076351,76351,Seine-Maritime,28.0,Normandie,50.0,4.0,1.0,2,1.0,28,Normandie,76,2,96,LeHavre,166058,1780,167838.0
202300038045,10.0,3,4,1,9.0,0.0,4.0,3,1.0,1966.0,A01,17,5,2023,10:54,1,76.0,76351,2,2,1.0,6.0,HOTEL DE VILLE (PLACE DE),"49,49475000","0,10641000",,76.076351,76351,Seine-Maritime,28.0,Normandie,50.0,4.0,1.0,2,1.0,28,Normandie,76,2,96,LeHavre,166058,1780,167838.0
202300038243,1.0,1,1,1,3.0,1.0,-1.0, -1,-1.0,1947.0,A01,9,4,2023,12:25,1,76.0,76217,2,1,1.0,6.0,REPUBLIQUE (AVENUE DE LA),"49,92562000","1,09957000",,76.076217,76217,Seine-Maritime,28.0,Normandie,50.0,4.0,2.0,3,1.0,28,Normandie,76,1,95,Dieppe,28358,455,28813.0
202300038243,10.0,3,4,2,0.0,0.0,3.0,3,1.0,1964.0,A01,9,4,2023,12:25,1,76.0,76217,2,1,1.0,6.0,REPUBLIQUE (AVENUE DE LA),"49,92562000","1,09957000",,76.076217,76217,Seine-Maritime,28.0,Normandie,50.0,4.0,2.0,3,1.0,28,Normandie,76,1,95,Dieppe,28358,455,28813.0
202300038502,1.0,1,4,1,5.0,8.0,-1.0, -1,-1.0,2001.0,A01,10,12,2023,05:40,3,76.0,76545,1,1,2.0,6.0,RD 154E,"49,90738000","1,10288000",,76.076545,76545,Seine-Maritime,28.0,Normandie,70.0,3.0,2.0,2,2.0,28,Normandie,76,1,7,Rouxmesnil-BouteilLes1814,33,1847,
202300038834,1.0,1,1,1,0.0,8.0,-1.0, -1,-1.0,1990.0,A01,13,1,2023,16:17,1,76.0,76540,2,2,1.0,6.0,Rue d'Elbeuf,"49,42586000","1,08272000",,76.076540,76540,Seine-Maritime,28.0,Normandie,30.0,4.0,2.0,2,1.0,28,Normandie,76,3,97,Rouen,114083,1556,115639.0
202300038834,10.0,3,4,2,0.0,0.0,4.0,3,1.0,1971.0,A01,13,1,2023,16:17,1,76.0,76540,2,2,1.0,6.0,Rue d'Elbeuf,"49,42586000","1,08272000",,76.076540,76540,Seine-Maritime,28.0,Normandie,30.0,4.0,2.0,2,1.0,28,Normandie,76,3,97,Rouen,114083,1556,115639.0
202300038870,1.0,1,1,1,1.0,8.0,-1.0, -1,-1.0,2000.0,A01,12,1,2023,21:05,5,76.0,76575,2,1,2.0,2.0,Rue des Cateliers,"49,38931145","1,07863855",,76.076575,76575,Seine-Maritime,28.0,Normandie,50.0,4.0,2.0,2,2.0,28,Normandie,76,3,98,Saint-Étienne-du-Rouvray,28508,225,28733.0
202300038870,1.0,1,4,1,9.0,8.0,-1.0, -1,-1.0,1981.0,B01,12,1,2023,21:05,5,76.0,76575,2,1,2.0,2.0,Rue des Cateliers,"49,38931145","1,07863855",,76.076575,76575,Seine-Maritime,28.0,Normandie,50.0,4.0,2.0,2,2.0,28,Normandie,76,3,98,Saint-Étienne-du-Rouvray,28508,225,28733.0
202300038872,1.0,1,4,1,0.0,2.0,-1.0, -1,-1.0,2006.0,B01,13,1,2023,07:40,2,76.0,76351,2,3,1.0,3.0,ARISTIDE BRIAND,"49,50046000","0,13845000",,76.076351,76351,Seine-Maritime,28.0,Normandie,30.0,4.0,1.0,1,2.0,28,Normandie,76,2,96,LeHavre,166058,1780,167838.0
202300038872,1.0,1,1,2,5.0,8.0,-1.0, -1,-1.0,1993.0,A01,13,1,2023,07:40,2,76.0,76351,2,3,1.0,3.0,ARISTIDE BRIAND,"49,50046000","0,13845000",,76.076351,76351,Seine-Maritime,28.0,Normandie,30.0,4.0,1.0,1,2.0,28,Normandie,76,2,96,LeHavre,166058,1780,167838.0
202300038943,1.0,1,1,1,1.0,2.0,-1.0, -1,-1.0,1984.0,B01,4,10,2023,11:55,1,76.0,76322,2,2,6.0,3.0,Boulevard Pierre Brossolette,"49,41861000","1,03175000",,76.076322,76322,Seine-Maritime,28.0,Normandie,30.0,7.0,2.0,2,1.0,28,Normandie,76,3,13,LeGrand-Quevilly,25975,225,26200.0
202300038943,1.0,1,4,1,5.0,8.0,-1.0, -1,-1.0,1976.0,A01,4,10,2023,11:55,1,76.0,76322,2,2,6.0,3.0,Boulevard Pierre Brossolette,"49,41861000","1,03175000",,76.076322,76322,Seine-Maritime,28.0,Normandie,30.0,7.0,2.0,2,1.0,28,Normandie,76,3,13,LeGrand-Quevilly,25975,225,26200.0
202300039127,1.0,1,4,2,5.0,1.0,-1.0, -1,-1.0,2004.0,A01,24,7,2023,20:25,1,76.0,76270,1,1,1.0,6.0,RD 6382,"49,53067000","0,12540000",,76.076270,76270,Seine-Maritime,28.0,Normandie,70.0,3.0,3.0,2,2.0,28,Normandie,76,2,26,Fontaine-la-Mallet,2635,54,2689.0
202300039127,2.0,2,3,2,5.0,1.0,-1.0, -1,-1.0,2004.0,A01,24,7,2023,20:25,1,76.0,76270,1,1,1.0,6.0,RD 6382,"49,53067000","0,12540000",,76.076270,76270,Seine-Maritime,28.0,Normandie,70.0,3.0,3.0,2,2.0,28,Normandie,76,2,26,Fontaine-la-Mallet,2635,54,2689.0
202300039127,4.0,2,4,2,5.0,1.0,-1.0, -1,-1.0,2004.0,A01,24,7,2023,20:25,1,76.0,76270,1,1,1.0,6.0,RD 6382,"49,53067000","0,12540000",,76.076270,76270,Seine-Maritime,28.0,Normandie,70.0,3.0,3.0,2,2.0,28,Normandie,76,2,26,Fontaine-la-Mallet,2635,54,2689.0
202300039269,1.0,1,4,1,5.0,8.0,-1.0, -1,-1.0,2005.0,A01,23,7,2023,15:00,1,76.0,76540,2,3,2.0,6.0,Quai de Boisguilbert,"49,44414000","1,07135000",,76.076540,76540,Seine-Maritime,28.0,Normandie,30.0,7.0,2.0,2,2.0,28,Normandie,76,3,97,Rouen,114083,1556,115639.0
202300039269,4.0,2,1,1,5.0,8.0,-1.0, -1,-1.0,2005.0,A01,23,7,2023,15:00,1,76.0,76540,2,3,2.0,6.0,Quai de Boisguilbert,"49,44414000","1,07135000",,76.076540,76540,Seine-Maritime,28.0,Normandie,30.0,7.0,2.0,2,2.0,28,Normandie,76,3,97,Rouen,114083,1556,115639.0
202300039269,2.0,2,4,2,5.0,1.0,-1.0, -1,-1.0,2006.0,A01,23,7,2023,15:00,1,76.0,76540,2,3,2.0,6.0,Quai de Boisguilbert,"49,44414000","1,07135000",,76.076540,76540,Seine-Maritime,28.0,Normandie,30.0,7.0,2.0,2,2.0,28,Normandie,76,3,97,Rouen,114083,1556,115639.0
202300039269,3.0,2,4,2,5.0,8.0,-1.0, -1,-1.0,2007.0,A01,23,7,2023,15:00,1,76.0,76540,2,3,2.0,6.0,Quai de Boisguilbert,"49,44414000","1,07135000",,76.076540,76540,Seine-Maritime,28.0,Normandie,30.0,7.0,2.0,2,2.0,28,Normandie,76,3,97,Rouen,114083,1556,115639.0
202300039332,1.0,1,1,1,1.0,1.0,-1.0, -1,-1.0,1981.0,A01,21,6,2023,07:50,1,76.0,76108,2,1,1.0,6.0,Avenue du Maréchal Juin,"49,46338000","1,13299000",,76.076108,76108,Seine-Maritime,28.0,Normandie,50.0,4.0,2.0,4,1.0,28,Normandie,76,3,2,Bois-Guillaume,14262,361,14623.0
202300039332,10.0,3,4,2,0.0,0.0,3.0,3,2.0,2013.0,A01,21,6,2023,07:50,1,76.0,76108,2,1,1.0,6.0,Avenue du Maréchal Juin,"49,46338000","1,13299000",,76.076108,76108,Seine-Maritime,28.0,Normandie,50.0,4.0,2.0,4,1.0,28,Normandie,76,3,2,Bois-Guillaume,14262,361,14623.0
202300039344,1.0,1,1,2,5.0,1.0,-1.0, -1,-1.0,2004.0,A01,21,6,2023,18:15,1,76.0,76231,2,1,1.0,2.0,Rue de la République (Contre-allée),"49,29068000","1,00116000",,76.076231,76231,Seine-Maritime,28.0,Normandie,50.0,4.0,1.0,1,1.0,28,Normandie,76,3,9,Elbeuf,15951,138,16089.0
202300039344,3.0,2,4,2,0.0,3.0,-1.0, -1,-1.0,2017.0,B01,21,6,2023,18:15,1,76.0,76231,2,1,1.0,2.0,Rue de la République (Contre-allée),"49,29068000","1,00116000",,76.076231,76231,Seine-Maritime,28.0,Normandie,50.0,4.0,1.0,1,1.0,28,Normandie,76,3,9,Elbeuf,15951,138,16089.0
202300039344,1.0,1,1,2,0.0,8.0,-1.0, -1,-1.0,1994.0,B01,21,6,2023,18:15,1,76.0,76231,2,1,1.0,2.0,Rue de la République (Contre-allée),"49,29068000","1,00116000",,76.076231,76231,Seine-Maritime,28.0,Normandie,50.0,4.0,1.0,1,1.0,28,Normandie,76,3,9,Elbeuf,15951,138,16089.0
202300039345,1.0,1,3,1,0.0,8.0,-1.0, -1,-1.0,1983.0,A01,21,6,2023,16:10,1,76.0,76216,2,1,1.0,4.0,Route de Dieppe,"49,47833000","1,04734000",,76.076216,76216,Seine-Maritime,28.0,Normandie,50.0,7.0,2.0,2,1.0,28,Normandie,76,3,22,Déville-lès-Rouen,10745,62,10807.0
202300039345,1.0,1,4,1,0.0,1.0,-1.0, -1,-1.0,1946.0,B01,21,6,2023,16:10,1,76.0,76216,2,1,1.0,4.0,Route de Dieppe,"49,47833000","1,04734000",,76.076216,76216,Seine-Maritime,28.0,Normandie,50.0,7.0,2.0,2,1.0,28,Normandie,76,3,22,Déville-lès-Rouen,10745,62,10807.0
202300039345,1.0,1,1,1,0.0,8.0,-1.0, -1,-1.0,1981.0,C01,21,6,2023,16:10,1,76.0,76216,2,1,1.0,4.0,Route de Dieppe,"49,47833000","1,04734000",,76.076216,76216,Seine-Maritime,28.0,Normandie,50.0,7.0,2.0,2,1.0,28,Normandie,76,3,22,Déville-lès-Rouen,10745,62,10807.0
202300039346,1.0,1,4,1,5.0,2.0,-1.0, -1,-1.0,2004.0,A01,21,6,2023,02:25,5,76.0,76351,2,1,2.0,7.0,PIERRE MENDES FRANCE,"49,51531900","0,15415800",,76.076351,76351,Seine-Maritime,28.0,Normandie,50.0,4.0,3.0,2,2.0,28,Normandie,76,2,96,LeHavre,166058,1780,167838.0
202300039456,1.0,1,1,1,0.0,8.0,-1.0, -1,-1.0,1977.0,B01,6,11,2023,21:45,5,76.0,76498,2,1,1.0,1.0,Boulevard du 11 Novembre,"49,42020000","1,06854000",,76.076498,76498,Seine-Maritime,28.0,Normandie,30.0,7.0,2.0,1,1.0,28,Normandie,76,3,27,LePetit-Quevilly,21782,274,22056.0
202300039456,1.0,1,4,1,0.0,2.0,-1.0, -1,-1.0,1990.0,A01,6,11,2023,21:45,5,76.0,76498,2,1,1.0,1.0,Boulevard du 11 Novembre,"49,42020000","1,06854000",,76.076498,76498,Seine-Maritime,28.0,Normandie,30.0,7.0,2.0,1,1.0,28,Normandie,76,3,27,LePetit-Quevilly,21782,274,22056.0
202300039457,1.0,1,1,1,0.0,1.0,-1.0, -1,-1.0,1954.0,A01,6,11,2023,12:05,1,76.0,76498,2,1,6.0,6.0,Boulevard Stanislas Girardin,"49,41371000","1,06574000",,76.076498,76498,Seine-Maritime,28.0,Normandie,50.0,7.0,2.0,2,1.0,28,Normandie,76,3,27,LePetit-Quevilly,21782,274,22056.0
202300039457,10.0,3,4,1,0.0,0.0,1.0,3,1.0,1985.0,A01,6,11,2023,12:05,1,76.0,76498,2,1,6.0,6.0,Boulevard Stanislas Girardin,"49,41371000","1,06574000",,76.076498,76498,Seine-Maritime,28.0,Normandie,50.0,7.0,2.0,2,1.0,28,Normandie,76,3,27,LePetit-Quevilly,21782,274,22056.0
202300039458,1.0,1,1,1,0.0,1.0,-1.0, -1,-1.0,1991.0,A01,4,11,2023,07:30,2,76.0,76351,2,1,1.0,3.0,MARCEAU (RUE),"49,48957000","0,13395000",,76.076351,76351,Seine-Maritime,28.0,Normandie,50.0,4.0,3.0,4,1.0,28,Normandie,76,2,96,LeHavre,166058,1780,167838.0
202300039458,1.0,1,4,2,5.0,1.0,-1.0, -1,-1.0,1997.0,B01,4,11,2023,07:30,2,76.0,76351,2,1,1.0,3.0,MARCEAU (RUE),"49,48957000","0,13395000",,76.076351,76351,Seine-Maritime,28.0,Normandie,50.0,4.0,3.0,4,1.0,28,Normandie,76,2,96,LeHavre,166058,1780,167838.0
202300039459,1.0,1,1,1,5.0,1.0,-1.0, -1,-1.0,1995.0,A01,3,11,2023,21:50,5,76.0,76351,2,3,1.0,2.0,FRANCOIS 1ER (BD),"49,49231000","0,09886000",,76.076351,76351,Seine-Maritime,28.0,Normandie,50.0,4.0,2.0,2,1.0,28,Normandie,76,2,96,LeHavre,166058,1780,167838.0
202300039459,2.0,2,4,2,5.0,1.0,-1.0, -1,-1.0,2003.0,B01,3,11,2023,21:50,5,76.0,76351,2,3,1.0,2.0,FRANCOIS 1ER (BD),"49,49231000","0,09886000",,76.076351,76351,Seine-Maritime,28.0,Normandie,50.0,4.0,2.0,2,1.0,28,Normandie,76,2,96,LeHavre,166058,1780,167838.0
202300039459,1.0,1,4,1,5.0,1.0,-1.0, -1,-1.0,2001.0,B01,3,11,2023,21:50,5,76.0,76351,2,3,1.0,2.0,FRANCOIS 1ER (BD),"49,49231000","0,09886000",,76.076351,76351,Seine-Maritime,28.0,Normandie,50.0,4.0,2.0,2,1.0,28,Normandie,76,2,96,LeHavre,166058,1780,167838.0
202300039460,1.0,1,1,1,0.0,1.0,-1.0, -1,-1.0,1987.0,B01,4,11,2023,09:15,1,76.0,76351,2,1,1.0,1.0,JULES DURAND (BD),"49,48983000","0,15631000",,76.076351,76351,Seine-Maritime,28.0,Normandie,50.0,4.0,2.0,2,2.0,28,Normandie,76,2,96,LeHavre,166058,1780,167838.0
202300039460,1.0,1,3,1,9.0,2.0,-1.0, -1,-1.0,1989.0,A01,4,11,2023,09:15,1,76.0,76351,2,1,1.0,1.0,JULES DURAND (BD),"49,48983000","0,15631000",,76.076351,76351,Seine-Maritime,28.0,Normandie,50.0,4.0,2.0,2,2.0,28,Normandie,76,2,96,LeHavre,166058,1780,167838.0
202300039461,1.0,1,4,1,1.0,1.0,-1.0, -1,-1.0,2000.0,A01,4,11,2023,11:35,1,76.0,76351,2,6,2.0,6.0,ESTUAIRE (ROUTE DE L'),"49,46696400","0,18029900",,76.076351,76351,Seine-Maritime,28.0,Normandie,50.0,4.0,2.0,2,2.0,28,Normandie,76,2,96,LeHavre,166058,1780,167838.0
202300039462,1.0,1,1,1,0.0,1.0,-1.0, -1,-1.0,1982.0,A01,3,11,2023,15:38,1,76.0,76351,2,3,1.0,6.0,VERDUN (RUE DE),"49,50226000","0,16060000",,76.076351,76351,Seine-Maritime,28.0,Normandie,50.0,3.0,2.0,2,1.0,28,Normandie,76,2,96,LeHavre,166058,1780,167838.0
202300039462,10.0,3,4,2,5.0,0.0,3.0,3,2.0,1972.0,A01,3,11,2023,15:38,1,76.0,76351,2,3,1.0,6.0,VERDUN (RUE DE),"49,50226000","0,16060000",,76.076351,76351,Seine-Maritime,28.0,Normandie,50.0,3.0,2.0,2,1.0,28,Normandie,76,2,96,LeHavre,166058,1780,167838.0
202300039463,1.0,1,4,2,0.0,1.0,-1.0, -1,-1.0,1983.0,A01,4,11,2023,16:30,1,76.0,76341,1,1,3.0,6.0,RD 6382,"49,51042000","0,19778000",,76.076341,76341,Seine-Maritime,28.0,Normandie,50.0,3.0,1.0,3,2.0,28,Normandie,76,2,15,Harfleur,8315,53,8368.0
202300039463,2.0,2,1,2,0.0,1.0,-1.0, -1,-1.0,2008.0,A01,4,11,2023,16:30,1,76.0,76341,1,1,3.0,6.0,RD 6382,"49,51042000","0,19778000",,76.076341,76341,Seine-Maritime,28.0,Normandie,50.0,3.0,1.0,3,2.0,28,Normandie,76,2,15,Harfleur,8315,53,8368.0
202300039581,1.0,1,1,2,1.0,1.0,0.0,0,-1.0,1986.0,B01,7,11,2023,14:20,1,76.0,76182,1,2,2.0,3.0,D149,"49,68120600","0,65534100",,76.076182,76182,Seine-Maritime,28.0,Normandie,80.0,3.0,2.0,2,2.0,28,Normandie,76,2,33,CliponvilLe252,2,254,
202300039581,1.0,1,3,1,4.0,0.0,0.0,0,-1.0,2003.0,A01,7,11,2023,14:20,1,76.0,76182,1,2,2.0,3.0,D149,"49,68120600","0,65534100",,76.076182,76182,Seine-Maritime,28.0,Normandie,80.0,3.0,2.0,2,2.0,28,Normandie,76,2,33,CliponvilLe252,2,254,
202300039641,1.0,1,4,1,1.0,1.0,0.0,0,-1.0,1964.0,A01,7,11,2023,05:45,3,76.0,76099,1,1,1.0,6.0,Route du Manoir,"49,54974400","0,85470200",,76.076099,76099,Seine-Maritime,28.0,Normandie,70.0,3.0,2.0,2,1.0,28,Normandie,76,3,1,BlacquevilLe707,9,716,
202300039683,1.0,1,1,1,5.0,1.0,-1.0, -1,-1.0,1992.0,B01,23,2,2023,12:30,1,76.0,76351,2,3,1.0,6.0,EUGENE SUE,"49,51736623","0,12308358",,76.076351,76351,Seine-Maritime,28.0,Normandie,30.0,4.0,2.0,2,1.0,28,Normandie,76,2,96,LeHavre,166058,1780,167838.0
202300039683,1.0,1,1,2,5.0,1.0,-1.0, -1,-1.0,1990.0,A01,23,2,2023,12:30,1,76.0,76351,2,3,1.0,6.0,EUGENE SUE,"49,51736623","0,12308358",,76.076351,76351,Seine-Maritime,28.0,Normandie,30.0,4.0,2.0,2,1.0,28,Normandie,76,2,96,LeHavre,166058,1780,167838.0
202300039683,10.0,3,4,2,0.0,0.0,5.0,9,2.0,2007.0,A01,23,2,2023,12:30,1,76.0,76351,2,3,1.0,6.0,EUGENE SUE,"49,51736623","0,12308358",,76.076351,76351,Seine-Maritime,28.0,Normandie,30.0,4.0,2.0,2,1.0,28,Normandie,76,2,96,LeHavre,166058,1780,167838.0
202300039754,1.0,1,1,-1,-1.0,-1.0,-1.0, -1,-1.0,,A01,5,11,2023,20:50,3,76.0,76497,2,1,9.0,7.0,Rue John Kennedy,"49,38776200","1,03342900",,76.076497,76497,Seine-Maritime,28.0,Normandie,50.0,4.0,2.0,2,1.0,28,Normandie,76,3,13,Petit-Couronne,8688,175,8863.0
202300039754,2.0,2,4,1,0.0,8.0,-1.0, -1,-1.0,2008.0,A01,5,11,2023,20:50,3,76.0,76497,2,1,9.0,7.0,Rue John Kennedy,"49,38776200","1,03342900",,76.076497,76497,Seine-Maritime,28.0,Normandie,50.0,4.0,2.0,2,1.0,28,Normandie,76,3,13,Petit-Couronne,8688,175,8863.0
202300039754,4.0,2,1,1,0.0,8.0,-1.0, -1,-1.0,2005.0,A01,5,11,2023,20:50,3,76.0,76497,2,1,9.0,7.0,Rue John Kennedy,"49,38776200","1,03342900",,76.076497,76497,Seine-Maritime,28.0,Normandie,50.0,4.0,2.0,2,1.0,28,Normandie,76,3,13,Petit-Couronne,8688,175,8863.0
202300039858,1.0,1,4,1,1.0,2.0,-1.0, -1,-1.0,2001.0,A01,16,5,2023,08:45,1,76.0,76108,2,1,1.0,3.0,Route de Neufchâtel,"49,45729050","1,10796073",,76.076108,76108,Seine-Maritime,28.0,Normandie,50.0,7.0,2.0,2,1.0,28,Normandie,76,3,2,Bois-Guillaume,14262,361,14623.0
202300039858,1.0,1,1,1,0.0,1.0,-1.0, -1,-1.0,1971.0,B01,16,5,2023,08:45,1,76.0,76108,2,1,1.0,3.0,Route de Neufchâtel,"49,45729050","1,10796073",,76.076108,76108,Seine-Maritime,28.0,Normandie,50.0,7.0,2.0,2,1.0,28,Normandie,76,3,2,Bois-Guillaume,14262,361,14623.0
202300039859,1.0,1,1,2,0.0,1.0,-1.0, -1,-1.0,1962.0,A01,15,5,2023,08:50,1,76.0,76351,2,3,1.0,3.0,TRIGAUVILLE (DE),"49,50244000","0,13303000",,76.076351,76351,Seine-Maritime,28.0,Normandie,30.0,4.0,2.0,1,2.0,28,Normandie,76,2,96,LeHavre,166058,1780,167838.0
202300039859,1.0,1,4,2,0.0,8.0,-1.0, -1,-1.0,2009.0,B01,15,5,2023,08:50,1,76.0,76351,2,3,1.0,3.0,TRIGAUVILLE (DE),"49,50244000","0,13303000",,76.076351,76351,Seine-Maritime,28.0,Normandie,30.0,4.0,2.0,1,2.0,28,Normandie,76,2,96,LeHavre,166058,1780,167838.0
202300040022,1.0,1,1,1,3.0,8.0,-1.0, -1,-1.0,1938.0,A01,23,2,2023,15:50,1,76.0,76114,2,1,1.0,2.0,DEBRAY  LOUIS (AVENUE),"49,59046000","0,48505000",,76.076114,76114,Seine-Maritime,28.0,Normandie,50.0,3.0,2.0,2,1.0,28,Normandie,76,2,3,Bolbec,11635,147,11782.0
202300040022,1.0,1,4,1,5.0,2.0,-1.0, -1,-1.0,1961.0,B01,23,2,2023,15:50,1,76.0,76114,2,1,1.0,2.0,DEBRAY  LOUIS (AVENUE),"49,59046000","0,48505000",,76.076114,76114,Seine-Maritime,28.0,Normandie,50.0,3.0,2.0,2,1.0,28,Normandie,76,2,3,Bolbec,11635,147,11782.0
202300040132,1.0,1,1,1,4.0,1.0,-1.0, -1,-1.0,1954.0,B01,2,9,2023,14:30,1,76.0,76474,2,1,1.0,3.0,Route de Dieppe,"49,49391000","1,04865000",,76.076474,76474,Seine-Maritime,28.0,Normandie,50.0,7.0,2.0,2,1.0,28,Normandie,76,3,24,Notre-Dame-de-BondevilLe6957,82,7039,
202300040132,2.0,2,4,2,0.0,1.0,-1.0, -1,-1.0,1933.0,A01,2,9,2023,14:30,1,76.0,76474,2,1,1.0,3.0,Route de Dieppe,"49,49391000","1,04865000",,76.076474,76474,Seine-Maritime,28.0,Normandie,50.0,7.0,2.0,2,1.0,28,Normandie,76,3,24,Notre-Dame-de-BondevilLe6957,82,7039,
202300040132,1.0,1,4,1,0.0,1.0,-1.0, -1,-1.0,1954.0,A01,2,9,2023,14:30,1,76.0,76474,2,1,1.0,3.0,Route de Dieppe,"49,49391000","1,04865000",,76.076474,76474,Seine-Maritime,28.0,Normandie,50.0,7.0,2.0,2,1.0,28,Normandie,76,3,24,Notre-Dame-de-BondevilLe6957,82,7039,
202300040226,1.0,1,4,2,1.0,1.0,-1.0, -1,-1.0,1987.0,B01,7,4,2023,07:35,1,76.0,76561,2,2,1.0,3.0,Avenue Louis Pasteur,"49,30998000","1,01322000",,76.076561,76561,Seine-Maritime,28.0,Normandie,50.0,4.0,2.0,2,1.0,28,Normandie,76,3,5,Saint-Aubin-lès-Elbeuf,8428,75,8503.0
202300040226,1.0,1,1,1,0.0,8.0,-1.0, -1,-1.0,2000.0,A01,7,4,2023,07:35,1,76.0,76561,2,2,1.0,3.0,Avenue Louis Pasteur,"49,30998000","1,01322000",,76.076561,76561,Seine-Maritime,28.0,Normandie,50.0,4.0,2.0,2,1.0,28,Normandie,76,3,5,Saint-Aubin-lès-Elbeuf,8428,75,8503.0
202300040281,1.0,1,4,1,0.0,2.0,-1.0, -1,-1.0,2007.0,B01,9,12,2023,20:15,5,76.0,76329,2,2,2.0,3.0,COTY RENE (RUE),"49,55775000","0,48535000",,76.076329,76329,Seine-Maritime,28.0,Normandie,30.0,4.0,2.0,2,2.0,28,Normandie,76,2,3,Gruchet-le-Valasse,3074,39,3113.0
202300040281,1.0,1,4,2,1.0,1.0,-1.0, -1,-1.0,1975.0,A01,9,12,2023,20:15,5,76.0,76329,2,2,2.0,3.0,COTY RENE (RUE),"49,55775000","0,48535000",,76.076329,76329,Seine-Maritime,28.0,Normandie,30.0,4.0,2.0,2,2.0,28,Normandie,76,2,3,Gruchet-le-Valasse,3074,39,3113.0
202300040456,1.0,1,3,1,2.0,1.0,0.0,0,-1.0,2004.0,A01,7,4,2023,07:35,1,76.0,76238,1,1,1.0,6.0,D489,"49,56987000","0,23974700",,76.076238,76238,Seine-Maritime,28.0,Normandie,110.0,3.0,3.0,0,1.0,28,Normandie,76,2,26,ÉpouvilLe2641,38,2679,
202300040489,1.0,1,1,2,3.0,1.0,0.0,0,-1.0,1992.0,A01,8,12,2023,15:00,1,76.0,76020,1,2,8.0,3.0,D64,"49,45661400","0,91172900",,76.076020,76020,Seine-Maritime,28.0,Normandie,80.0,7.0,2.0,2,1.0,28,Normandie,76,3,1,Anneville-AmbourvilLe1168,18,1186,