Num_Acc,place,catu,grav,sexe,trajet,secu,locp,actp,etatp,an_nais,num_veh,jour,mois,an,hrmn,lum,dep,com,agg,int,atm,col,adr,lat,long,gps,com_insee_temp,com_insee,departmentName,regionCode,regionName,vma,catr,circ,nbv,surf,Code,Region,Departement,Arrondissement,Code_Canton,Nom_Commune,Population_municipaLe,Population_comptee_a_part,Population_Totale
202300040489,1.0,1,3,1,5.0,2.0,0.0,0,-1.0,1942.0,B01,8,12,2023,15:00,1,76.0,76020,1,2,8.0,3.0,D64,"49,45661400","0,91172900",,76.076020,76020,Seine-Maritime,28.0,Normandie,80.0,7.0,2.0,2,1.0,28,Normandie,76,3,1,Anneville-AmbourvilLe1168,18,1186,
202300040583,1.0,1,4,1,1.0,1.0,0.0,0,-1.0,2001.0,A01,5,10,2023,12:35,1,76.0,76312,1,1,1.0,7.0,D916,"49,49263300","1,71923200",,76.076312,76312,Seine-Maritime,28.0,Normandie,80.0,3.0,2.0,2,1.0,28,Normandie,76,1,12,Gournay-en-Bray,5944,85,6029.0
202300040602,1.0,1,1,1,1.0,1.0,-1.0, -1,-1.0,1969.0,A01,8,12,2023,18:15,3,76.0,76391,1,1,1.0,4.0,D438,"49,32367000","0,90544000",,76.076391,76391,Seine-Maritime,28.0,Normandie,80.0,7.0,2.0,2,1.0,28,Normandie,76,3,9,La Londe,2362,71,2433.0
202300040602,1.0,1,4,2,1.0,1.0,-1.0, -1,-1.0,1989.0,B01,8,12,2023,18:15,3,76.0,76391,1,1,1.0,4.0,D438,"49,32367000","0,90544000",,76.076391,76391,Seine-Maritime,28.0,Normandie,80.0,7.0,2.0,2,1.0,28,Normandie,76,3,9,La Londe,2362,71,2433.0
202300040602,2.0,2,4,2,1.0,1.0,-1.0, -1,-1.0,2008.0,B01,8,12,2023,18:15,3,76.0,76391,1,1,1.0,4.0,D438,"49,32367000","0,90544000",,76.076391,76391,Seine-Maritime,28.0,Normandie,80.0,7.0,2.0,2,1.0,28,Normandie,76,3,9,La Londe,2362,71,2433.0
202300040602,1.0,1,4,2,1.0,1.0,-1.0, -1,-1.0,1975.0,C01,8,12,2023,18:15,3,76.0,76391,1,1,1.0,4.0,D438,"49,32367000","0,90544000",,76.076391,76391,Seine-Maritime,28.0,Normandie,80.0,7.0,2.0,2,1.0,28,Normandie,76,3,9,La Londe,2362,71,2433.0
202300040602,1.0,1,1,2,5.0,1.0,-1.0, -1,-1.0,1947.0,D01,8,12,2023,18:15,3,76.0,76391,1,1,1.0,4.0,D438,"49,32367000","0,90544000",,76.076391,76391,Seine-Maritime,28.0,Normandie,80.0,7.0,2.0,2,1.0,28,Normandie,76,3,9,La Londe,2362,71,2433.0
202300040604,10.0,3,1,2,3.0,0.0,3.0,3,2.0,1952.0,A01,7,12,2023,17:40,5,76.0,76351,2,1,3.0,6.0,GRAVILLE (BD DE),"49,48699000","0,14952000",,76.076351,76351,Seine-Maritime,28.0,Normandie,50.0,4.0,2.0,4,2.0,28,Normandie,76,2,96,LeHavre,166058,1780,167838.0
202300040604,1.0,1,1,1,5.0,1.0,3.0,3,2.0,1975.0,A01,7,12,2023,17:40,5,76.0,76351,2,1,3.0,6.0,GRAVILLE (BD DE),"49,48699000","0,14952000",,76.076351,76351,Seine-Maritime,28.0,Normandie,50.0,4.0,2.0,4,2.0,28,Normandie,76,2,96,LeHavre,166058,1780,167838.0
202300040604,10.0,3,2,2,3.0,8.0,3.0,3,2.0,1940.0,A01,7,12,2023,17:40,5,76.0,76351,2,1,3.0,6.0,GRAVILLE (BD DE),"49,48699000","0,14952000",,76.076351,76351,Seine-Maritime,28.0,Normandie,50.0,4.0,2.0,4,2.0,28,Normandie,76,2,96,LeHavre,166058,1780,167838.0
202300040606,10.0,3,2,1,0.0,0.0,4.0,3,1.0,1963.0,A01,7,12,2023,18:50,5,76.0,76351,2,2,3.0,6.0,WINSTON CHURCHILL,"49,49418000","0,13826000",,76.076351,76351,Seine-Maritime,28.0,Normandie,50.0,4.0,2.0,6,2.0,28,Normandie,76,2,96,LeHavre,166058,1780,167838.0
202300040606,1.0,1,1,2,4.0,1.0,-1.0, -1,-1.0,1969.0,A01,7,12,2023,18:50,5,76.0,76351,2,2,3.0,6.0,WINSTON CHURCHILL,"49,49418000","0,13826000",,76.076351,76351,Seine-Maritime,28.0,Normandie,50.0,4.0,2.0,6,2.0,28,Normandie,76,2,96,LeHavre,166058,1780,167838.0
202300040607,1.0,1,1,1,0.0,1.0,-1.0, -1,-1.0,2005.0,A01,7,12,2023,17:00,5,76.0,76351,2,2,3.0,3.0,EMILE ZOLA,"49,48860000","0,10684000",,76.076351,76351,Seine-Maritime,28.0,Normandie,50.0,4.0,2.0,2,2.0,28,Normandie,76,2,96,LeHavre,166058,1780,167838.0
202300040607,1.0,1,4,1,0.0,1.0,-1.0, -1,-1.0,2003.0,B01,7,12,2023,17:00,5,76.0,76351,2,2,3.0,3.0,EMILE ZOLA,"49,48860000","0,10684000",,76.076351,76351,Seine-Maritime,28.0,Normandie,50.0,4.0,2.0,2,2.0,28,Normandie,76,2,96,LeHavre,166058,1780,167838.0
202300040609,1.0,1,1,1,0.0,1.0,-1.0, -1,-1.0,1969.0,C01,7,12,2023,18:30,3,76.0,76296,1,4,3.0,4.0,LIBERATION (RUE DE LA ),"49,51588000","0,23851000",,76.076296,76296,Seine-Maritime,28.0,Normandie,-1.0,3.0,2.0, -1,2.0,28,Normandie,76,2,16,GainnevilLe2511,39,2550,
202300040609,1.0,1,1,1,0.0,1.0,-1.0, -1,-1.0,1956.0,B01,7,12,2023,18:30,3,76.0,76296,1,4,3.0,4.0,LIBERATION (RUE DE LA ),"49,51588000","0,23851000",,76.076296,76296,Seine-Maritime,28.0,Normandie,-1.0,3.0,2.0, -1,2.0,28,Normandie,76,2,16,GainnevilLe2511,39,2550,
202300040609,1.0,1,4,2,1.0,1.0,-1.0, -1,-1.0,1980.0,A01,7,12,2023,18:30,3,76.0,76296,1,4,3.0,4.0,LIBERATION (RUE DE LA ),"49,51588000","0,23851000",,76.076296,76296,Seine-Maritime,28.0,Normandie,-1.0,3.0,2.0, -1,2.0,28,Normandie,76,2,16,GainnevilLe2511,39,2550,
202300040721,1.0,1,1,2,3.0,1.0,-1.0, -1,-1.0,1955.0,A01,28,9,2023,18:00,1,76.0,76351,2,1,1.0,6.0,FOURRIER,"49,51374000","0,17479000",,76.076351,76351,Seine-Maritime,28.0,Normandie,50.0,4.0,2.0,2,1.0,28,Normandie,76,2,96,LeHavre,166058,1780,167838.0
202300040721,10.0,3,4,2,0.0,0.0,2.0,3,1.0,1994.0,A01,28,9,2023,18:00,1,76.0,76351,2,1,1.0,6.0,FOURRIER,"49,51374000","0,17479000",,76.076351,76351,Seine-Maritime,28.0,Normandie,50.0,4.0,2.0,2,1.0,28,Normandie,76,2,96,LeHavre,166058,1780,167838.0
202300040855,1.0,1,1,2,5.0,1.0,-1.0, -1,-1.0,1978.0,A01,12,1,2023,08:50,1,76.0,76498,2,1,2.0,6.0,Rue Martial Spinneweber,"49,42008000","1,05947000",,76.076498,76498,Seine-Maritime,28.0,Normandie,30.0,4.0,2.0,2,2.0,28,Normandie,76,3,27,LePetit-Quevilly,21782,274,22056.0
202300040855,10.0,3,3,1,0.0,0.0,3.0,3,2.0,2018.0,A01,12,1,2023,08:50,1,76.0,76498,2,1,2.0,6.0,Rue Martial Spinneweber,"49,42008000","1,05947000",,76.076498,76498,Seine-Maritime,28.0,Normandie,30.0,4.0,2.0,2,2.0,28,Normandie,76,3,27,LePetit-Quevilly,21782,274,22056.0
202300040856,1.0,1,4,1,5.0,8.0,-1.0, -1,-1.0,1938.0,A01,11,1,2023,19:30,3,76.0,76319,1,2,1.0,3.0,Avenue de Caen,"49,34390000","0,97922000",,76.076319,76319,Seine-Maritime,28.0,Normandie,80.0,7.0,2.0,2,1.0,28,Normandie,76,3,9,Grand-Couronne,9726,177,9903.0
202300040856,2.0,2,2,2,5.0,8.0,-1.0, -1,-1.0,1931.0,A01,11,1,2023,19:30,3,76.0,76319,1,2,1.0,3.0,Avenue de Caen,"49,34390000","0,97922000",,76.076319,76319,Seine-Maritime,28.0,Normandie,80.0,7.0,2.0,2,1.0,28,Normandie,76,3,9,Grand-Couronne,9726,177,9903.0
202300040856,1.0,1,4,2,0.0,8.0,-1.0, -1,-1.0,2000.0,B01,11,1,2023,19:30,3,76.0,76319,1,2,1.0,3.0,Avenue de Caen,"49,34390000","0,97922000",,76.076319,76319,Seine-Maritime,28.0,Normandie,80.0,7.0,2.0,2,1.0,28,Normandie,76,3,9,Grand-Couronne,9726,177,9903.0
202300040858,1.0,1,1,1,0.0,1.0,-1.0, -1,-1.0,1966.0,A01,10,1,2023,17:00,2,76.0,76447,2,3,1.0,3.0,JACQUES PREVERT,"49,54726000","0,17732000",,76.076447,76447,Seine-Maritime,28.0,Normandie,30.0,4.0,2.0,2,1.0,28,Normandie,76,2,15,Montivilliers,15457,203,15660.0
202300040858,1.0,1,3,1,5.0,2.0,-1.0, -1,-1.0,1962.0,B01,10,1,2023,17:00,2,76.0,76447,2,3,1.0,3.0,JACQUES PREVERT,"49,54726000","0,17732000",,76.076447,76447,Seine-Maritime,28.0,Normandie,30.0,4.0,2.0,2,1.0,28,Normandie,76,2,15,Montivilliers,15457,203,15660.0
202300041280,2.0,2,4,1,4.0,1.0,-1.0, -1,-1.0,1979.0,B01,18,6,2023,07:00,2,76.0,76351,2,2,1.0,3.0,WINSTON CHURCHILL,"49,49415000","0,13858000",,76.076351,76351,Seine-Maritime,28.0,Normandie,50.0,4.0,3.0,8,1.0,28,Normandie,76,2,96,LeHavre,166058,1780,167838.0
202300041280,1.0,1,4,1,4.0,1.0,-1.0, -1,-1.0,1999.0,B01,18,6,2023,07:00,2,76.0,76351,2,2,1.0,3.0,WINSTON CHURCHILL,"49,49415000","0,13858000",,76.076351,76351,Seine-Maritime,28.0,Normandie,50.0,4.0,3.0,8,1.0,28,Normandie,76,2,96,LeHavre,166058,1780,167838.0
202300041280,2.0,2,4,2,4.0,1.0,-1.0, -1,-1.0,1994.0,B01,18,6,2023,07:00,2,76.0,76351,2,2,1.0,3.0,WINSTON CHURCHILL,"49,49415000","0,13858000",,76.076351,76351,Seine-Maritime,28.0,Normandie,50.0,4.0,3.0,8,1.0,28,Normandie,76,2,96,LeHavre,166058,1780,167838.0
202300041280,1.0,1,1,1,5.0,1.0,-1.0, -1,-1.0,1996.0,A01,18,6,2023,07:00,2,76.0,76351,2,2,1.0,3.0,WINSTON CHURCHILL,"49,49415000","0,13858000",,76.076351,76351,Seine-Maritime,28.0,Normandie,50.0,4.0,3.0,8,1.0,28,Normandie,76,2,96,LeHavre,166058,1780,167838.0
202300041281,1.0,1,1,2,0.0,1.0,-1.0, -1,-1.0,1978.0,B01,16,6,2023,09:45,1,76.0,76351,2,6,1.0,2.0,GRAND HAMEAU (Avenue du ),"49,52632000","0,09108000",,76.076351,76351,Seine-Maritime,28.0,Normandie,50.0,4.0,2.0,2,1.0,28,Normandie,76,2,96,LeHavre,166058,1780,167838.0
202300041281,1.0,1,4,1,0.0,2.0,-1.0, -1,-1.0,1957.0,A01,16,6,2023,09:45,1,76.0,76351,2,6,1.0,2.0,GRAND HAMEAU (Avenue du ),"49,52632000","0,09108000",,76.076351,76351,Seine-Maritime,28.0,Normandie,50.0,4.0,2.0,2,1.0,28,Normandie,76,2,96,LeHavre,166058,1780,167838.0
202300041346,1.0,1,1,2,1.0,1.0,0.0,0,-1.0,1991.0,B01,6,11,2023,11:30,1,76.0,76275,1,1,1.0,5.0,Route Départementale 111,"49,57901200","0,17730500",,76.076275,76275,Seine-Maritime,28.0,Normandie,50.0,3.0,2.0,2,1.0,28,Normandie,76,2,26,Fontenay,1743,27,1770.0
202300041346,1.0,1,3,1,5.0,2.0,0.0,0,-1.0,2007.0,A01,6,11,2023,11:30,1,76.0,76275,1,1,1.0,5.0,Route Départementale 111,"49,57901200","0,17730500",,76.076275,76275,Seine-Maritime,28.0,Normandie,50.0,3.0,2.0,2,1.0,28,Normandie,76,2,26,Fontenay,1743,27,1770.0
202300041346,1.0,1,1,1,5.0,2.0,0.0,0,-1.0,2004.0,C01,6,11,2023,11:30,1,76.0,76275,1,1,1.0,5.0,Route Départementale 111,"49,57901200","0,17730500",,76.076275,76275,Seine-Maritime,28.0,Normandie,50.0,3.0,2.0,2,1.0,28,Normandie,76,2,26,Fontenay,1743,27,1770.0
202300041439,1.0,1,3,2,1.0,1.0,0.0,0,-1.0,2001.0,A01,21,6,2023,08:20,1,76.0,76407,1,1,1.0,1.0,D925,"49,86352300","0,74222100",,76.076407,76407,Seine-Maritime,28.0,Normandie,80.0,3.0,2.0,2,1.0,28,Normandie,76,1,33,Manneville-ès-Plains,311,8,319.0
202300041439,1.0,1,4,1,2.0,1.0,0.0,0,-1.0,2003.0,B01,21,6,2023,08:20,1,76.0,76407,1,1,1.0,1.0,D925,"49,86352300","0,74222100",,76.076407,76407,Seine-Maritime,28.0,Normandie,80.0,3.0,2.0,2,1.0,28,Normandie,76,1,33,Manneville-ès-Plains,311,8,319.0
202300041520,1.0,1,1,1,5.0,1.0,0.0,0,-1.0,1987.0,A01,17,5,2023,04:00,3,76.0,76482,1,1,1.0,3.0,Rue de la Libération,"49,86860700","1,05466800",,76.076482,76482,Seine-Maritime,28.0,Normandie,70.0,3.0,2.0,2,1.0,28,Normandie,76,1,7,OffranvilLe3191,211,3402,
202300041520,1.0,1,3,2,1.0,1.0,0.0,0,-1.0,1970.0,B01,17,5,2023,04:00,3,76.0,76482,1,1,1.0,3.0,Rue de la Libération,"49,86860700","1,05466800",,76.076482,76482,Seine-Maritime,28.0,Normandie,70.0,3.0,2.0,2,1.0,28,Normandie,76,1,7,OffranvilLe3191,211,3402,
202300041537,1.0,1,1,2,0.0,1.0,-1.0, -1,-1.0,1946.0,A01,4,11,2023,18:20,2,76.0,76540,2,4,2.0,3.0,Rue Repainville,"49,43444000","1,13187000",,76.076540,76540,Seine-Maritime,28.0,Normandie,50.0,4.0,2.0,2,2.0,28,Normandie,76,3,97,Rouen,114083,1556,115639.0
202300041537,1.0,1,3,1,0.0,8.0,-1.0, -1,-1.0,1970.0,B01,4,11,2023,18:20,2,76.0,76540,2,4,2.0,3.0,Rue Repainville,"49,43444000","1,13187000",,76.076540,76540,Seine-Maritime,28.0,Normandie,50.0,4.0,2.0,2,2.0,28,Normandie,76,3,97,Rouen,114083,1556,115639.0
202300041645,2.0,2,4,2,5.0,1.0,-1.0, -1,-1.0,2003.0,A01,15,5,2023,23:50,5,76.0,76486,2,1,1.0,6.0,Rue d'Elbeuf,"49,30195900","0,99234300",,76.076486,76486,Seine-Maritime,28.0,Normandie,50.0,7.0,2.0,2,1.0,28,Normandie,76,3,9,Orival,860,5,865.0
202300041645,1.0,1,4,1,5.0,1.0,-1.0, -1,-1.0,1984.0,A01,15,5,2023,23:50,5,76.0,76486,2,1,1.0,6.0,Rue d'Elbeuf,"49,30195900","0,99234300",,76.076486,76486,Seine-Maritime,28.0,Normandie,50.0,7.0,2.0,2,1.0,28,Normandie,76,3,9,Orival,860,5,865.0
202300041647,1.0,1,1,1,0.0,1.0,-1.0, -1,-1.0,1968.0,A01,14,5,2023,21:00,1,76.0,76351,2,3,1.0,3.0,PIERRE MENDES FRANCE,"49,51462000","0,15365700",,76.076351,76351,Seine-Maritime,28.0,Normandie,50.0,4.0,2.0,2,1.0,28,Normandie,76,2,96,LeHavre,166058,1780,167838.0
202300041647,1.0,1,4,1,0.0,1.0,-1.0, -1,-1.0,1984.0,B01,14,5,2023,21:00,1,76.0,76351,2,3,1.0,3.0,PIERRE MENDES FRANCE,"49,51462000","0,15365700",,76.076351,76351,Seine-Maritime,28.0,Normandie,50.0,4.0,2.0,2,1.0,28,Normandie,76,2,96,LeHavre,166058,1780,167838.0
202300041673,1.0,1,1,1,5.0,8.0,0.0,0,-1.0,2004.0,A01,5,11,2023,07:00,2,76.0,76618,2,6,1.0,7.0,rd 925,"49,93982800","1,18403400",,76.076618,76618,Seine-Maritime,28.0,Normandie,-1.0,3.0,2.0,1,2.0,28,Normandie,76,1,8,Petit-Caux,9625,210,9835.0
202300041673,2.0,2,3,1,5.0,8.0,0.0,0,-1.0,2005.0,A01,5,11,2023,07:00,2,76.0,76618,2,6,1.0,7.0,rd 925,"49,93982800","1,18403400",,76.076618,76618,Seine-Maritime,28.0,Normandie,-1.0,3.0,2.0,1,2.0,28,Normandie,76,1,8,Petit-Caux,9625,210,9835.0
202300041723,1.0,1,3,1,0.0,2.0,-1.0, -1,-1.0,2002.0,A01,21,2,2023,18:00,1,76.0,76351,1,1,1.0,7.0,BOUTEILLERIE (DE LA),"49,52122000","0,17158000",,76.076351,76351,Seine-Maritime,28.0,Normandie,80.0,3.0,2.0,2,1.0,28,Normandie,76,2,96,LeHavre,166058,1780,167838.0
202300041840,1.0,1,1,1,5.0,1.0,0.0,0,-1.0,1999.0,A01,16,5,2023,16:20,1,76.0,76367,1,2,1.0,1.0,Lieu Dit les Barettes,"49,51885700","1,10869100",,76.076367,76367,Seine-Maritime,28.0,Normandie,70.0,7.0,2.0,2,1.0,28,Normandie,76,3,24,HouppevilLe2884,51,2935,
202300041840,2.0,2,4,2,5.0,1.0,0.0,0,-1.0,2001.0,A01,16,5,2023,16:20,1,76.0,76367,1,2,1.0,1.0,Lieu Dit les Barettes,"49,51885700","1,10869100",,76.076367,76367,Seine-Maritime,28.0,Normandie,70.0,7.0,2.0,2,1.0,28,Normandie,76,3,24,HouppevilLe2884,51,2935,
202300041840,9.0,2,1,2,5.0,1.0,0.0,0,-1.0,2021.0,A01,16,5,2023,16:20,1,76.0,76367,1,2,1.0,1.0,Lieu Dit les Barettes,"49,51885700","1,10869100",,76.076367,76367,Seine-Maritime,28.0,Normandie,70.0,7.0,2.0,2,1.0,28,Normandie,76,3,24,HouppevilLe2884,51,2935,
202300041840,1.0,1,2,1,1.0,2.0,0.0,0,-1.0,1983.0,B01,16,5,2023,16:20,1,76.0,76367,1,2,1.0,1.0,Lieu Dit les Barettes,"49,51885700","1,10869100",,76.076367,76367,Seine-Maritime,28.0,Normandie,70.0,7.0,2.0,2,1.0,28,Normandie,76,3,24,HouppevilLe2884,51,2935,
202300041856,1.0,1,3,1,0.0,2.0,0.0,0,-1.0,2003.0,B01,8,4,2023,15:30,1,76.0,76758,2,2,1.0,3.0,Avenue de Verdun,"49,61901000","0,75588900",,76.076758,76758,Seine-Maritime,28.0,Normandie,-1.0,3.0,1.0, -1,1.0,28,Normandie,76,3,35,Yvetot,11385,208,11593.0
202300041856,1.0,1,1,2,0.0,1.0,0.0,0,-1.0,1981.0,A01,8,4,2023,15:30,1,76.0,76758,2,2,1.0,3.0,Avenue de Verdun,"49,61901000","0,75588900",,76.076758,76758,Seine-Maritime,28.0,Normandie,-1.0,3.0,1.0, -1,1.0,28,Normandie,76,3,35,Yvetot,11385,208,11593.0
202300041906,1.0,1,1,1,4.0,1.0,0.0,0,-1.0,1971.0,A01,22,2,2023,07:10,2,76.0,76587,1,2,8.0,3.0,La Hetraie D.925,"49,77583200","0,46222000",,76.076587,76587,Seine-Maritime,28.0,Normandie,70.0,3.0,2.0,2,1.0,28,Normandie,76,2,11,Sainte-Hélène-BondevilLe715,19,734,
202300041906,1.0,1,4,1,1.0,1.0,0.0,0,-1.0,1990.0,B01,22,2,2023,07:10,2,76.0,76587,1,2,8.0,3.0,La Hetraie D.925,"49,77583200","0,46222000",,76.076587,76587,Seine-Maritime,28.0,Normandie,70.0,3.0,2.0,2,1.0,28,Normandie,76,2,11,Sainte-Hélène-BondevilLe715,19,734,
202300041908,1.0,1,1,1,3.0,1.0,0.0,0,-1.0,1943.0,B01,23,2,2023,17:30,2,76.0,76035,2,3,8.0,3.0,DÉPARTEMENTALE 49 76390,"49,77599000","1,75451600",,76.076035,76035,Seine-Maritime,28.0,Normandie,50.0,3.0,2.0,2,1.0,28,Normandie,76,1,12,AumaLe1974,45,2019,
202300041908,1.0,1,3,1,3.0,2.0,0.0,0,-1.0,1955.0,A01,23,2,2023,17:30,2,76.0,76035,2,3,8.0,3.0,DÉPARTEMENTALE 49 76390,"49,77599000","1,75451600",,76.076035,76035,Seine-Maritime,28.0,Normandie,50.0,3.0,2.0,2,1.0,28,Normandie,76,1,12,AumaLe1974,45,2019,
202300042070,1.0,1,3,1,5.0,2.0,0.0,0,-1.0,1951.0,A01,23,2,2023,11:10,1,76.0,76192,1,1,1.0,6.0,D925,"50,02382100","1,34253400",,76.076192,76192,Seine-Maritime,28.0,Normandie,80.0,3.0,2.0,2,1.0,28,Normandie,76,1,10,Criel-sur-Mer,2596,54,2650.0
202300042238,1.0,1,1,2,5.0,1.0,0.0,0,-1.0,1946.0,B01,8,12,2023,16:00,2,76.0,76372,1,2,7.0,3.0,D929,"49,75190900","1,65942900",,76.076372,76372,Seine-Maritime,28.0,Normandie,-1.0,3.0,2.0, -1,1.0,28,Normandie,76,1,12,Illois,401,5,406.0
202300042238,1.0,1,3,1,5.0,1.0,0.0,0,-1.0,2002.0,A01,8,12,2023,16:00,2,76.0,76372,1,2,7.0,3.0,D929,"49,75190900","1,65942900",,76.076372,76372,Seine-Maritime,28.0,Normandie,-1.0,3.0,2.0, -1,1.0,28,Normandie,76,1,12,Illois,401,5,406.0
202300042340,1.0,1,1,2,5.0,1.0,0.0,0,-1.0,1994.0,A01,1,9,2023,16:45,1,76.0,76345,1,2,1.0,3.0,chemin départemental 8,"49,59157100","1,69303700",,76.076345,76345,Seine-Maritime,28.0,Normandie,80.0,3.0,2.0,2,1.0,28,Normandie,76,1,12,Haussez,279,2,281.0
202300042340,2.0,2,1,1,5.0,1.0,0.0,0,-1.0,1995.0,A01,1,9,2023,16:45,1,76.0,76345,1,2,1.0,3.0,chemin départemental 8,"49,59157100","1,69303700",,76.076345,76345,Seine-Maritime,28.0,Normandie,80.0,3.0,2.0,2,1.0,28,Normandie,76,1,12,Haussez,279,2,281.0
202300042340,7.0,2,1,2,5.0,3.0,0.0,0,-1.0,2018.0,A01,1,9,2023,16:45,1,76.0,76345,1,2,1.0,3.0,chemin départemental 8,"49,59157100","1,69303700",,76.076345,76345,Seine-Maritime,28.0,Normandie,80.0,3.0,2.0,2,1.0,28,Normandie,76,1,12,Haussez,279,2,281.0
202300042340,9.0,2,1,2,5.0,1.0,0.0,0,-1.0,2022.0,A01,1,9,2023,16:45,1,76.0,76345,1,2,1.0,3.0,chemin départemental 8,"49,59157100","1,69303700",,76.076345,76345,Seine-Maritime,28.0,Normandie,80.0,3.0,2.0,2,1.0,28,Normandie,76,1,12,Haussez,279,2,281.0
202300042340,1.0,1,4,1,1.0,1.0,0.0,0,-1.0,2001.0,B01,1,9,2023,16:45,1,76.0,76345,1,2,1.0,3.0,chemin départemental 8,"49,59157100","1,69303700",,76.076345,76345,Seine-Maritime,28.0,Normandie,80.0,3.0,2.0,2,1.0,28,Normandie,76,1,12,Haussez,279,2,281.0
202300042435,3.0,2,4,2,0.0,1.0,-1.0, -1,-1.0,2018.0,B01,31,8,2023,13:50,1,76.0,76575,2,1,2.0,2.0,Rue Julian Grimau,"49,38989000","1,09407000",,76.076575,76575,Seine-Maritime,28.0,Normandie,50.0,4.0,2.0,2,2.0,28,Normandie,76,3,98,Saint-Étienne-du-Rouvray,28508,225,28733.0
202300042435,1.0,1,4,2,0.0,8.0,-1.0, -1,-1.0,1996.0,B01,31,8,2023,13:50,1,76.0,76575,2,1,2.0,2.0,Rue Julian Grimau,"49,38989000","1,09407000",,76.076575,76575,Seine-Maritime,28.0,Normandie,50.0,4.0,2.0,2,2.0,28,Normandie,76,3,98,Saint-Étienne-du-Rouvray,28508,225,28733.0
202300042435,1.0,1,4,1,0.0,8.0,-1.0, -1,-1.0,1974.0,A01,31,8,2023,13:50,1,76.0,76575,2,1,2.0,2.0,Rue Julian Grimau,"49,38989000","1,09407000",,76.076575,76575,Seine-Maritime,28.0,Normandie,50.0,4.0,2.0,2,2.0,28,Normandie,76,3,98,Saint-Étienne-du-Rouvray,28508,225,28733.0
202300042436,1.0,1,1,2,0.0,1.0,-1.0, -1,-1.0,1991.0,B01,31,8,2023,13:55,1,76.0,76681,2,7,2.0,2.0,Pl des Martyrs de la Resistance,"49,41984344","1,07828289",,76.076681,76681,Seine-Maritime,28.0,Normandie,30.0,4.0,1.0,1,2.0,28,Normandie,76,3,99,Sotteville-lès-Rouen,28965,475,29440.0
202300042436,1.0,1,4,1,1.0,2.0,-1.0, -1,-1.0,1982.0,A01,31,8,2023,13:55,1,76.0,76681,2,7,2.0,2.0,Pl des Martyrs de la Resistance,"49,41984344","1,07828289",,76.076681,76681,Seine-Maritime,28.0,Normandie,30.0,4.0,1.0,1,2.0,28,Normandie,76,3,99,Sotteville-lès-Rouen,28965,475,29440.0
202300042437,1.0,1,4,1,0.0,8.0,-1.0, -1,-1.0,2006.0,B01,31,8,2023,15:00,1,76.0,76217,2,6,2.0,3.0,REPUBLIQUE (AVENUE DE LA),"49,92526089","1,10106289",,76.076217,76217,Seine-Maritime,28.0,Normandie,50.0,4.0,-1.0,1,2.0,28,Normandie,76,1,95,Dieppe,28358,455,28813.0
202300042437,1.0,1,1,2,5.0,8.0,-1.0, -1,-1.0,1978.0,A01,31,8,2023,15:00,1,76.0,76217,2,6,2.0,3.0,REPUBLIQUE (AVENUE DE LA),"49,92526089","1,10106289",,76.076217,76217,Seine-Maritime,28.0,Normandie,50.0,4.0,-1.0,1,2.0,28,Normandie,76,1,95,Dieppe,28358,455,28813.0
202300042709,1.0,1,1,1,0.0,1.0,-1.0, -1,-1.0,1985.0,A01,2,10,2023,23:40,5,76.0,76540,2,1,1.0,1.0,Quai du Havre (Haut),"49,44103000","1,08231000",,76.076540,76540,Seine-Maritime,28.0,Normandie,30.0,7.0,1.0,2,1.0,28,Normandie,76,3,97,Rouen,114083,1556,115639.0
202300042709,1.0,1,4,1,0.0,2.0,-1.0, -1,-1.0,2001.0,B01,2,10,2023,23:40,5,76.0,76540,2,1,1.0,1.0,Quai du Havre (Haut),"49,44103000","1,08231000",,76.076540,76540,Seine-Maritime,28.0,Normandie,30.0,7.0,1.0,2,1.0,28,Normandie,76,3,97,Rouen,114083,1556,115639.0
202300042712,2.0,2,3,1,0.0,8.0,-1.0, -1,-1.0,2005.0,B01,2,10,2023,22:20,5,76.0,76231,2,1,1.0,3.0,Rue des Martyrs,"49,28900000","1,00576000",,76.076231,76231,Seine-Maritime,28.0,Normandie,50.0,4.0,2.0,2,1.0,28,Normandie,76,3,9,Elbeuf,15951,138,16089.0
202300042712,1.0,1,1,-1,-1.0,-1.0,-1.0, -1,-1.0,,B01,2,10,2023,22:20,5,76.0,76231,2,1,1.0,3.0,Rue des Martyrs,"49,28900000","1,00576000",,76.076231,76231,Seine-Maritime,28.0,Normandie,50.0,4.0,2.0,2,1.0,28,Normandie,76,3,9,Elbeuf,15951,138,16089.0
202300042712,1.0,1,1,1,4.0,1.0,-1.0, -1,-1.0,1991.0,A01,2,10,2023,22:20,5,76.0,76231,2,1,1.0,3.0,Rue des Martyrs,"49,28900000","1,00576000",,76.076231,76231,Seine-Maritime,28.0,Normandie,50.0,4.0,2.0,2,1.0,28,Normandie,76,3,9,Elbeuf,15951,138,16089.0