Num_Acc,place,catu,grav,sexe,trajet,secu,locp,actp,etatp,an_nais,num_veh,jour,mois,an,hrmn,lum,dep,com,agg,int,atm,col,adr,lat,long,gps,com_insee_temp,com_insee,departmentName,regionCode,regionName,vma,catr,circ,nbv,surf,Code,Region,Departement,Arrondissement,Code_Canton,Nom_Commune,Population_municipaLe,Population_comptee_a_part,Population_Totale
202300042715,1.0,1,3,1,0.0,2.0,-1.0, -1,-1.0,1977.0,A01,30,9,2023,20:20,5,76.0,76481,1,6,1.0,7.0,RD 6382,"49,53142000","0,10733000",,76.076481,76481,Seine-Maritime,28.0,Normandie,80.0,3.0,1.0,0,1.0,28,Normandie,76,2,26,Octeville-sur-Mer,6122,119,6241.0
202300042718,2.0,2,4,2,5.0,1.0,-1.0, -1,-1.0,1980.0,B01,30,9,2023,00:05,5,76.0,76351,2,2,1.0,3.0,VERDUN (RUE DE),"49,50142000","0,15008000",,76.076351,76351,Seine-Maritime,28.0,Normandie,50.0,3.0,2.0,2,1.0,28,Normandie,76,2,96,LeHavre,166058,1780,167838.0
202300042718,1.0,1,4,1,0.0,1.0,-1.0, -1,-1.0,1977.0,B01,30,9,2023,00:05,5,76.0,76351,2,2,1.0,3.0,VERDUN (RUE DE),"49,50142000","0,15008000",,76.076351,76351,Seine-Maritime,28.0,Normandie,50.0,3.0,2.0,2,1.0,28,Normandie,76,2,96,LeHavre,166058,1780,167838.0
202300042718,1.0,1,1,-1,-1.0,-1.0,-1.0, -1,-1.0,,A01,30,9,2023,00:05,5,76.0,76351,2,2,1.0,3.0,VERDUN (RUE DE),"49,50142000","0,15008000",,76.076351,76351,Seine-Maritime,28.0,Normandie,50.0,3.0,2.0,2,1.0,28,Normandie,76,2,96,LeHavre,166058,1780,167838.0
202300042784,1.0,1,4,1,1.0,1.0,0.0,0,-1.0,1995.0,C01,12,1,2023,17:15,2,76.0,76223,2,1,2.0,5.0,Route Departementale 6015,"49,62759400","0,79879400",,76.076223,76223,Seine-Maritime,28.0,Normandie,-1.0,3.0,2.0,2,2.0,28,Normandie,76,3,24,Écalles-Alix,528,6,534.0
202300042784,2.0,2,4,2,5.0,1.0,0.0,0,-1.0,1952.0,B01,12,1,2023,17:15,2,76.0,76223,2,1,2.0,5.0,Route Departementale 6015,"49,62759400","0,79879400",,76.076223,76223,Seine-Maritime,28.0,Normandie,-1.0,3.0,2.0,2,2.0,28,Normandie,76,3,24,Écalles-Alix,528,6,534.0
202300042784,1.0,1,4,1,5.0,1.0,0.0,0,-1.0,1954.0,B01,12,1,2023,17:15,2,76.0,76223,2,1,2.0,5.0,Route Departementale 6015,"49,62759400","0,79879400",,76.076223,76223,Seine-Maritime,28.0,Normandie,-1.0,3.0,2.0,2,2.0,28,Normandie,76,3,24,Écalles-Alix,528,6,534.0
202300042784,1.0,1,3,2,0.0,0.0,0.0,0,-1.0,1971.0,A01,12,1,2023,17:15,2,76.0,76223,2,1,2.0,5.0,Route Departementale 6015,"49,62759400","0,79879400",,76.076223,76223,Seine-Maritime,28.0,Normandie,-1.0,3.0,2.0,2,2.0,28,Normandie,76,3,24,Écalles-Alix,528,6,534.0
202300042975,2.0,2,1,2,5.0,2.0,0.0,0,-1.0,1976.0,A01,22,7,2023,12:15,1,76.0,76263,1,1,1.0,2.0,D128,"49,49436800","1,53062900",,76.076263,76263,Seine-Maritime,28.0,Normandie,80.0,3.0,2.0,2,9.0,28,Normandie,76,1,12,La Feuillie,1262,28,1290.0
202300042975,1.0,1,1,1,5.0,2.0,0.0,0,-1.0,1974.0,A01,22,7,2023,12:15,1,76.0,76263,1,1,1.0,2.0,D128,"49,49436800","1,53062900",,76.076263,76263,Seine-Maritime,28.0,Normandie,80.0,3.0,2.0,2,9.0,28,Normandie,76,1,12,La Feuillie,1262,28,1290.0
202300042975,1.0,1,1,1,5.0,2.0,0.0,0,-1.0,1967.0,B01,22,7,2023,12:15,1,76.0,76263,1,1,1.0,2.0,D128,"49,49436800","1,53062900",,76.076263,76263,Seine-Maritime,28.0,Normandie,80.0,3.0,2.0,2,9.0,28,Normandie,76,1,12,La Feuillie,1262,28,1290.0
202300042975,2.0,2,4,2,5.0,2.0,0.0,0,-1.0,1969.0,B01,22,7,2023,12:15,1,76.0,76263,1,1,1.0,2.0,D128,"49,49436800","1,53062900",,76.076263,76263,Seine-Maritime,28.0,Normandie,80.0,3.0,2.0,2,9.0,28,Normandie,76,1,12,La Feuillie,1262,28,1290.0
202300043063,9.0,2,2,2,5.0,1.0,0.0,0,-1.0,2011.0,A01,23,7,2023,13:00,1,76.0,76684,2,1,2.0,6.0,Route départementale 982,"49,47525300","0,46235400",,76.076684,76684,Seine-Maritime,28.0,Normandie,50.0,3.0,2.0,2,2.0,28,Normandie,76,2,3,TancarvilLe1218,24,1242,
202300043063,2.0,2,1,2,5.0,1.0,0.0,0,-1.0,1979.0,A01,23,7,2023,13:00,1,76.0,76684,2,1,2.0,6.0,Route départementale 982,"49,47525300","0,46235400",,76.076684,76684,Seine-Maritime,28.0,Normandie,50.0,3.0,2.0,2,2.0,28,Normandie,76,2,3,TancarvilLe1218,24,1242,
202300043063,1.0,1,2,1,0.0,1.0,0.0,0,-1.0,2003.0,A01,23,7,2023,13:00,1,76.0,76684,2,1,2.0,6.0,Route départementale 982,"49,47525300","0,46235400",,76.076684,76684,Seine-Maritime,28.0,Normandie,50.0,3.0,2.0,2,2.0,28,Normandie,76,2,3,TancarvilLe1218,24,1242,
202300043087,1.0,1,4,2,0.0,8.0,-1.0, -1,-1.0,1993.0,C01,10,1,2023,17:40,5,76.0,76575,2,1,2.0,4.0,Rue Fernand Léger,"49,39788400","1,10001291",,76.076575,76575,Seine-Maritime,28.0,Normandie,50.0,4.0,2.0,2,2.0,28,Normandie,76,3,98,Saint-Étienne-du-Rouvray,28508,225,28733.0
202300043087,1.0,1,4,1,0.0,8.0,-1.0, -1,-1.0,1967.0,B01,10,1,2023,17:40,5,76.0,76575,2,1,2.0,4.0,Rue Fernand Léger,"49,39788400","1,10001291",,76.076575,76575,Seine-Maritime,28.0,Normandie,50.0,4.0,2.0,2,2.0,28,Normandie,76,3,98,Saint-Étienne-du-Rouvray,28508,225,28733.0
202300043087,1.0,1,1,1,4.0,8.0,-1.0, -1,-1.0,1987.0,A01,10,1,2023,17:40,5,76.0,76575,2,1,2.0,4.0,Rue Fernand Léger,"49,39788400","1,10001291",,76.076575,76575,Seine-Maritime,28.0,Normandie,50.0,4.0,2.0,2,2.0,28,Normandie,76,3,98,Saint-Étienne-du-Rouvray,28508,225,28733.0
202300043089,1.0,1,1,1,9.0,8.0,-1.0, -1,-1.0,1979.0,A01,10,1,2023,07:45,2,76.0,76540,2,2,2.0,3.0,Boulevard des Belges,"49,44423000","1,08531000",,76.076540,76540,Seine-Maritime,28.0,Normandie,30.0,7.0,2.0,2,2.0,28,Normandie,76,3,97,Rouen,114083,1556,115639.0
202300043089,1.0,1,4,1,0.0,8.0,-1.0, -1,-1.0,1969.0,B01,10,1,2023,07:45,2,76.0,76540,2,2,2.0,3.0,Boulevard des Belges,"49,44423000","1,08531000",,76.076540,76540,Seine-Maritime,28.0,Normandie,30.0,7.0,2.0,2,2.0,28,Normandie,76,3,97,Rouen,114083,1556,115639.0
202300043112,1.0,1,4,2,1.0,1.0,-1.0, -1,-1.0,1992.0,A01,17,7,2023,17:20,1,76.0,76486,2,1,1.0,1.0,Rue d'Elbeuf,"49,30105000","0,99252000",,76.076486,76486,Seine-Maritime,28.0,Normandie,50.0,7.0,2.0,2,1.0,28,Normandie,76,3,9,Orival,860,5,865.0
202300043112,1.0,1,1,1,0.0,1.0,-1.0, -1,-1.0,2005.0,B01,17,7,2023,17:20,1,76.0,76486,2,1,1.0,1.0,Rue d'Elbeuf,"49,30105000","0,99252000",,76.076486,76486,Seine-Maritime,28.0,Normandie,50.0,7.0,2.0,2,1.0,28,Normandie,76,3,9,Orival,860,5,865.0
202300043112,2.0,2,1,1,0.0,1.0,-1.0, -1,-1.0,2005.0,B01,17,7,2023,17:20,1,76.0,76486,2,1,1.0,1.0,Rue d'Elbeuf,"49,30105000","0,99252000",,76.076486,76486,Seine-Maritime,28.0,Normandie,50.0,7.0,2.0,2,1.0,28,Normandie,76,3,9,Orival,860,5,865.0
202300043232,10.0,3,3,1,5.0,0.0,5.0,9,1.0,1994.0,A01,18,6,2023,06:55,2,76.0,76351,2,1,1.0,6.0,IENA (D'),"49,49147000","0,13572000",,76.076351,76351,Seine-Maritime,28.0,Normandie,30.0,4.0,2.0,1,1.0,28,Normandie,76,2,96,LeHavre,166058,1780,167838.0
202300043232,1.0,1,1,1,5.0,1.0,-1.0, -1,-1.0,1996.0,A01,18,6,2023,06:55,2,76.0,76351,2,1,1.0,6.0,IENA (D'),"49,49147000","0,13572000",,76.076351,76351,Seine-Maritime,28.0,Normandie,30.0,4.0,2.0,1,1.0,28,Normandie,76,2,96,LeHavre,166058,1780,167838.0
202300043233,1.0,1,4,1,0.0,1.0,-1.0, -1,-1.0,2004.0,A01,18,6,2023,19:20,1,76.0,76447,1,1,2.0,6.0,RD 6382,"49,52516000","0,18294000",,76.076447,76447,Seine-Maritime,28.0,Normandie,70.0,3.0,3.0,2,3.0,28,Normandie,76,2,15,Montivilliers,15457,203,15660.0
202300043234,1.0,1,1,1,0.0,1.0,-1.0, -1,-1.0,1992.0,A01,17,6,2023,15:45,1,76.0,76351,2,2,1.0,3.0,DEMIDOFF (RUE),"49,49761000","0,13743000",,76.076351,76351,Seine-Maritime,28.0,Normandie,50.0,4.0,1.0,2,1.0,28,Normandie,76,2,96,LeHavre,166058,1780,167838.0
202300043234,3.0,2,4,1,0.0,1.0,-1.0, -1,-1.0,2022.0,B01,17,6,2023,15:45,1,76.0,76351,2,2,1.0,3.0,DEMIDOFF (RUE),"49,49761000","0,13743000",,76.076351,76351,Seine-Maritime,28.0,Normandie,50.0,4.0,1.0,2,1.0,28,Normandie,76,2,96,LeHavre,166058,1780,167838.0
202300043234,1.0,1,4,1,0.0,1.0,-1.0, -1,-1.0,1987.0,B01,17,6,2023,15:45,1,76.0,76351,2,2,1.0,3.0,DEMIDOFF (RUE),"49,49761000","0,13743000",,76.076351,76351,Seine-Maritime,28.0,Normandie,50.0,4.0,1.0,2,1.0,28,Normandie,76,2,96,LeHavre,166058,1780,167838.0
202300043235,1.0,1,1,1,0.0,1.0,-1.0, -1,-1.0,1986.0,A01,16,6,2023,21:05,1,76.0,76305,2,1,1.0,6.0,ELSA TRIOLET,"49,50434000","0,23527000",,76.076305,76305,Seine-Maritime,28.0,Normandie,50.0,4.0,2.0,2,1.0,28,Normandie,76,2,16,Gonfreville-l'Orcher,8961,44,9005.0
202300043235,1.0,1,4,1,5.0,2.0,0.0,0,-1.0,2009.0,B01,16,6,2023,21:05,1,76.0,76305,2,1,1.0,6.0,ELSA TRIOLET,"49,50434000","0,23527000",,76.076305,76305,Seine-Maritime,28.0,Normandie,50.0,4.0,2.0,2,1.0,28,Normandie,76,2,16,Gonfreville-l'Orcher,8961,44,9005.0
202300043664,1.0,1,1,-1,-1.0,-1.0,-1.0, -1,-1.0,,A01,13,5,2023,14:45,1,76.0,76540,2,1,1.0,6.0,Place Saint Sever,"49,43048000","1,08500000",,76.076540,76540,Seine-Maritime,28.0,Normandie,-1.0,4.0,-1.0,0,1.0,28,Normandie,76,3,97,Rouen,114083,1556,115639.0
202300043664,10.0,3,4,1,0.0,8.0,9.0,1,1.0,1953.0,A01,13,5,2023,14:45,1,76.0,76540,2,1,1.0,6.0,Place Saint Sever,"49,43048000","1,08500000",,76.076540,76540,Seine-Maritime,28.0,Normandie,-1.0,4.0,-1.0,0,1.0,28,Normandie,76,3,97,Rouen,114083,1556,115639.0
202300043699,1.0,1,1,1,0.0,1.0,-1.0, -1,-1.0,1965.0,B01,2,11,2023,23:45,5,76.0,76540,2,2,8.0,3.0,Quai Jean Moulin,"49,43686000","1,08750000",,76.076540,76540,Seine-Maritime,28.0,Normandie,50.0,4.0,2.0,4,2.0,28,Normandie,76,3,97,Rouen,114083,1556,115639.0
202300043699,4.0,2,4,1,0.0,1.0,-1.0, -1,-1.0,1998.0,A01,2,11,2023,23:45,5,76.0,76540,2,2,8.0,3.0,Quai Jean Moulin,"49,43686000","1,08750000",,76.076540,76540,Seine-Maritime,28.0,Normandie,50.0,4.0,2.0,4,2.0,28,Normandie,76,3,97,Rouen,114083,1556,115639.0
202300043699,1.0,1,4,1,9.0,8.0,-1.0, -1,-1.0,1993.0,A01,2,11,2023,23:45,5,76.0,76540,2,2,8.0,3.0,Quai Jean Moulin,"49,43686000","1,08750000",,76.076540,76540,Seine-Maritime,28.0,Normandie,50.0,4.0,2.0,4,2.0,28,Normandie,76,3,97,Rouen,114083,1556,115639.0
202300043699,2.0,2,4,1,0.0,1.0,-1.0, -1,-1.0,1981.0,A01,2,11,2023,23:45,5,76.0,76540,2,2,8.0,3.0,Quai Jean Moulin,"49,43686000","1,08750000",,76.076540,76540,Seine-Maritime,28.0,Normandie,50.0,4.0,2.0,4,2.0,28,Normandie,76,3,97,Rouen,114083,1556,115639.0
202300043699,3.0,2,4,1,4.0,1.0,-1.0, -1,-1.0,1963.0,A01,2,11,2023,23:45,5,76.0,76540,2,2,8.0,3.0,Quai Jean Moulin,"49,43686000","1,08750000",,76.076540,76540,Seine-Maritime,28.0,Normandie,50.0,4.0,2.0,4,2.0,28,Normandie,76,3,97,Rouen,114083,1556,115639.0
202300043906,1.0,1,3,2,9.0,1.0,0.0,0,-1.0,1965.0,A01,21,2,2023,16:12,1,76.0,76257,1,1,1.0,6.0,"A28 vers Rouen, pk040.000","49,85716000","1,55375000",,76.076257,76257,Seine-Maritime,28.0,Normandie,130.0,1.0,3.0,2,1.0,28,Normandie,76,1,10,Fallencourt,183,2,185.0
202300043906,2.0,2,1,1,9.0,1.0,0.0,0,-1.0,1964.0,A01,21,2,2023,16:12,1,76.0,76257,1,1,1.0,6.0,"A28 vers Rouen, pk040.000","49,85716000","1,55375000",,76.076257,76257,Seine-Maritime,28.0,Normandie,130.0,1.0,3.0,2,1.0,28,Normandie,76,1,10,Fallencourt,183,2,185.0
202300044127,1.0,1,1,2,5.0,1.0,-1.0, -1,-1.0,1999.0,A01,10,2,2023,09:00,1,76.0,76351,1,1,1.0,6.0,SPORTS,"49,51746000","0,13001000",,76.076351,76351,Seine-Maritime,28.0,Normandie,-1.0,5.0,2.0,1,2.0,28,Normandie,76,2,96,LeHavre,166058,1780,167838.0
202300044127,2.0,2,1,2,5.0,1.0,-1.0, -1,-1.0,1974.0,A01,10,2,2023,09:00,1,76.0,76351,1,1,1.0,6.0,SPORTS,"49,51746000","0,13001000",,76.076351,76351,Seine-Maritime,28.0,Normandie,-1.0,5.0,2.0,1,2.0,28,Normandie,76,2,96,LeHavre,166058,1780,167838.0
202300044127,10.0,3,4,1,0.0,0.0,9.0,B,2.0,1976.0,A01,10,2,2023,09:00,1,76.0,76351,1,1,1.0,6.0,SPORTS,"49,51746000","0,13001000",,76.076351,76351,Seine-Maritime,28.0,Normandie,-1.0,5.0,2.0,1,2.0,28,Normandie,76,2,96,LeHavre,166058,1780,167838.0
202300044155,1.0,1,4,1,5.0,2.0,-1.0, -1,-1.0,1972.0,A01,4,4,2023,13:50,1,76.0,76351,2,2,1.0,1.0,FRANCOIS 1ER (BD),"49,49191000","0,09917000",,76.076351,76351,Seine-Maritime,28.0,Normandie,-1.0,4.0,2.0, -1,1.0,28,Normandie,76,2,96,LeHavre,166058,1780,167838.0
202300044155,1.0,1,1,2,5.0,1.0,-1.0, -1,-1.0,1955.0,B01,4,4,2023,13:50,1,76.0,76351,2,2,1.0,1.0,FRANCOIS 1ER (BD),"49,49191000","0,09917000",,76.076351,76351,Seine-Maritime,28.0,Normandie,-1.0,4.0,2.0, -1,1.0,28,Normandie,76,2,96,LeHavre,166058,1780,167838.0
202300044222,1.0,1,4,2,0.0,8.0,-1.0, -1,-1.0,1995.0,B01,30,8,2023,18:00,1,76.0,76540,2,3,1.0,2.0,Route de Darnetal,"49,44042000","1,12755000",,76.076540,76540,Seine-Maritime,28.0,Normandie,50.0,7.0,2.0,2,1.0,28,Normandie,76,3,97,Rouen,114083,1556,115639.0
202300044222,1.0,1,1,1,0.0,1.0,-1.0, -1,-1.0,1984.0,A01,30,8,2023,18:00,1,76.0,76540,2,3,1.0,2.0,Route de Darnetal,"49,44042000","1,12755000",,76.076540,76540,Seine-Maritime,28.0,Normandie,50.0,7.0,2.0,2,1.0,28,Normandie,76,3,97,Rouen,114083,1556,115639.0
202300044456,1.0,1,4,1,0.0,2.0,-1.0, -1,-1.0,1989.0,A01,5,12,2023,08:15,1,76.0,76351,2,3,1.0,6.0,IRENE JOLIOT CURIE (RUE),"49,51424000","0,10478000",,76.076351,76351,Seine-Maritime,28.0,Normandie,-1.0,4.0,-1.0, -1,1.0,28,Normandie,76,2,96,LeHavre,166058,1780,167838.0
202300044456,1.0,1,1,1,0.0,1.0,-1.0, -1,-1.0,1958.0,B01,5,12,2023,08:15,1,76.0,76351,2,3,1.0,6.0,IRENE JOLIOT CURIE (RUE),"49,51424000","0,10478000",,76.076351,76351,Seine-Maritime,28.0,Normandie,-1.0,4.0,-1.0, -1,1.0,28,Normandie,76,2,96,LeHavre,166058,1780,167838.0
202300044459,1.0,1,4,2,0.0,2.0,-1.0, -1,-1.0,1992.0,A01,6,12,2023,08:10,2,76.0,76351,2,1,1.0,7.0,COLBERT (QUAI),"49,49249000","0,13097000",,76.076351,76351,Seine-Maritime,28.0,Normandie,50.0,4.0,1.0,2,7.0,28,Normandie,76,2,96,LeHavre,166058,1780,167838.0
202300044461,1.0,1,4,1,4.0,1.0,-1.0, -1,-1.0,2000.0,A01,5,12,2023,18:25,5,76.0,76351,2,3,2.0,6.0,FELIX FAURE,"49,50203000","0,11728000",,76.076351,76351,Seine-Maritime,28.0,Normandie,-1.0,4.0,2.0, -1,2.0,28,Normandie,76,2,96,LeHavre,166058,1780,167838.0
202300044461,1.0,1,1,1,0.0,1.0,-1.0, -1,-1.0,1968.0,B01,5,12,2023,18:25,5,76.0,76351,2,3,2.0,6.0,FELIX FAURE,"49,50203000","0,11728000",,76.076351,76351,Seine-Maritime,28.0,Normandie,-1.0,4.0,2.0, -1,2.0,28,Normandie,76,2,96,LeHavre,166058,1780,167838.0
202300044465,2.0,2,4,2,0.0,1.0,-1.0, -1,-1.0,2013.0,B01,5,12,2023,16:50,4,76.0,76351,2,2,2.0,3.0,GERANIUMS (DES),"49,50528000","0,16126000",,76.076351,76351,Seine-Maritime,28.0,Normandie,50.0,4.0,2.0,1,2.0,28,Normandie,76,2,96,LeHavre,166058,1780,167838.0
202300044465,1.0,1,1,2,5.0,1.0,-1.0, -1,-1.0,1965.0,B01,5,12,2023,16:50,4,76.0,76351,2,2,2.0,3.0,GERANIUMS (DES),"49,50528000","0,16126000",,76.076351,76351,Seine-Maritime,28.0,Normandie,50.0,4.0,2.0,1,2.0,28,Normandie,76,2,96,LeHavre,166058,1780,167838.0
202300044465,1.0,1,4,2,0.0,1.0,-1.0, -1,-1.0,2006.0,A01,5,12,2023,16:50,4,76.0,76351,2,2,2.0,3.0,GERANIUMS (DES),"49,50528000","0,16126000",,76.076351,76351,Seine-Maritime,28.0,Normandie,50.0,4.0,2.0,1,2.0,28,Normandie,76,2,96,LeHavre,166058,1780,167838.0
202300044552,1.0,1,4,1,5.0,2.0,0.0,0,-1.0,1979.0,A01,1,10,2023,16:12,1,76.0,76323,2,1,1.0,7.0,14 Route de Fayelle,"49,72867100","1,54078400",,76.076323,76323,Seine-Maritime,28.0,Normandie,50.0,3.0,2.0,2,1.0,28,Normandie,76,1,23,Graval,156,4,160.0
202300044605,1.0,1,4,2,5.0,1.0,-1.0, -1,-1.0,1997.0,A01,8,1,2023,08:15,1,76.0,76481,1,6,1.0,6.0,RD 6382,"49,53125053","0,10814130",,76.076481,76481,Seine-Maritime,28.0,Normandie,90.0,3.0,3.0,4,2.0,28,Normandie,76,2,26,Octeville-sur-Mer,6122,119,6241.0
202300044607,10.0,3,2,1,5.0,0.0,1.0,3,1.0,1998.0,A01,7,1,2023,06:30,3,76.0,76351,1,1,1.0,6.0,SEIZIEME PORT (AVENUE DU),"49,48260000","0,16175000",,76.076351,76351,Seine-Maritime,28.0,Normandie,70.0,4.0,3.0,4,1.0,28,Normandie,76,2,96,LeHavre,166058,1780,167838.0
202300044607,1.0,1,1,1,1.0,1.0,-1.0, -1,-1.0,1975.0,A01,7,1,2023,06:30,3,76.0,76351,1,1,1.0,6.0,SEIZIEME PORT (AVENUE DU),"49,48260000","0,16175000",,76.076351,76351,Seine-Maritime,28.0,Normandie,70.0,4.0,3.0,4,1.0,28,Normandie,76,2,96,LeHavre,166058,1780,167838.0
202300044610,1.0,1,1,1,5.0,1.0,-1.0, -1,-1.0,1997.0,B01,9,1,2023,20:30,5,76.0,76217,1,3,1.0,2.0,Rue Jacques Monod,"49,92228903","1,11628550",,76.076217,76217,Seine-Maritime,28.0,Normandie,50.0,3.0,2.0,2,1.0,28,Normandie,76,1,95,Dieppe,28358,455,28813.0
202300044610,1.0,1,4,1,4.0,1.0,-1.0, -1,-1.0,1974.0,A01,9,1,2023,20:30,5,76.0,76217,1,3,1.0,2.0,Rue Jacques Monod,"49,92228903","1,11628550",,76.076217,76217,Seine-Maritime,28.0,Normandie,50.0,3.0,2.0,2,1.0,28,Normandie,76,1,95,Dieppe,28358,455,28813.0
202300044685,2.0,2,3,1,5.0,8.0,-1.0, -1,-1.0,1995.0,A01,1,10,2023,06:35,4,76.0,76681,2,2,1.0,6.0,Rue Victor Hugo,"49,41387000","1,09515000",,76.076681,76681,Seine-Maritime,28.0,Normandie,50.0,4.0,2.0,2,1.0,28,Normandie,76,3,99,Sotteville-lès-Rouen,28965,475,29440.0
202300044685,1.0,1,3,1,0.0,2.0,-1.0, -1,-1.0,1997.0,A01,1,10,2023,06:35,4,76.0,76681,2,2,1.0,6.0,Rue Victor Hugo,"49,41387000","1,09515000",,76.076681,76681,Seine-Maritime,28.0,Normandie,50.0,4.0,2.0,2,1.0,28,Normandie,76,3,99,Sotteville-lès-Rouen,28965,475,29440.0
202300044690,1.0,1,1,1,5.0,8.0,-1.0, -1,-1.0,2002.0,A01,29,9,2023,17:40,1,76.0,76384,1,1,1.0,5.0,PORT JEROME,"49,49757000","0,54617000",,76.076384,76384,Seine-Maritime,28.0,Normandie,80.0,3.0,2.0,3,1.0,28,Normandie,76,2,3,Lillebonne,8729,141,8870.0
202300044690,2.0,2,2,2,5.0,8.0,-1.0, -1,-1.0,2004.0,A01,29,9,2023,17:40,1,76.0,76384,1,1,1.0,5.0,PORT JEROME,"49,49757000","0,54617000",,76.076384,76384,Seine-Maritime,28.0,Normandie,80.0,3.0,2.0,3,1.0,28,Normandie,76,2,3,Lillebonne,8729,141,8870.0
202300044690,1.0,1,4,2,5.0,1.0,-1.0, -1,-1.0,1964.0,B01,29,9,2023,17:40,1,76.0,76384,1,1,1.0,5.0,PORT JEROME,"49,49757000","0,54617000",,76.076384,76384,Seine-Maritime,28.0,Normandie,80.0,3.0,2.0,3,1.0,28,Normandie,76,2,3,Lillebonne,8729,141,8870.0
202300044690,2.0,2,4,1,5.0,1.0,-1.0, -1,-1.0,1955.0,B01,29,9,2023,17:40,1,76.0,76384,1,1,1.0,5.0,PORT JEROME,"49,49757000","0,54617000",,76.076384,76384,Seine-Maritime,28.0,Normandie,80.0,3.0,2.0,3,1.0,28,Normandie,76,2,3,Lillebonne,8729,141,8870.0
202300044690,1.0,1,4,2,5.0,1.0,-1.0, -1,-1.0,1965.0,C01,29,9,2023,17:40,1,76.0,76384,1,1,1.0,5.0,PORT JEROME,"49,49757000","0,54617000",,76.076384,76384,Seine-Maritime,28.0,Normandie,80.0,3.0,2.0,3,1.0,28,Normandie,76,2,3,Lillebonne,8729,141,8870.0
202300044864,2.0,2,1,2,5.0,1.0,0.0,0,-1.0,2010.0,A01,22,7,2023,12:34,1,76.0,76319,1,1,1.0,2.0,A13,"49,33855300","0,98306200",,76.076319,76319,Seine-Maritime,28.0,Normandie,130.0,1.0,3.0,6,1.0,28,Normandie,76,3,9,Grand-Couronne,9726,177,9903.0
202300044864,3.0,2,1,2,5.0,1.0,0.0,0,-1.0,2021.0,A01,22,7,2023,12:34,1,76.0,76319,1,1,1.0,2.0,A13,"49,33855300","0,98306200",,76.076319,76319,Seine-Maritime,28.0,Normandie,130.0,1.0,3.0,6,1.0,28,Normandie,76,3,9,Grand-Couronne,9726,177,9903.0
202300044864,4.0,2,1,1,5.0,1.0,0.0,0,-1.0,2013.0,A01,22,7,2023,12:34,1,76.0,76319,1,1,1.0,2.0,A13,"49,33855300","0,98306200",,76.076319,76319,Seine-Maritime,28.0,Normandie,130.0,1.0,3.0,6,1.0,28,Normandie,76,3,9,Grand-Couronne,9726,177,9903.0
202300044864,5.0,2,1,2,5.0,1.0,0.0,0,-1.0,2011.0,A01,22,7,2023,12:34,1,76.0,76319,1,1,1.0,2.0,A13,"49,33855300","0,98306200",,76.076319,76319,Seine-Maritime,28.0,Normandie,130.0,1.0,3.0,6,1.0,28,Normandie,76,3,9,Grand-Couronne,9726,177,9903.0
202300044864,1.0,1,1,1,5.0,1.0,0.0,0,-1.0,1985.0,A01,22,7,2023,12:34,1,76.0,76319,1,1,1.0,2.0,A13,"49,33855300","0,98306200",,76.076319,76319,Seine-Maritime,28.0,Normandie,130.0,1.0,3.0,6,1.0,28,Normandie,76,3,9,Grand-Couronne,9726,177,9903.0
202300044864,1.0,1,3,1,5.0,2.0,0.0,0,-1.0,2001.0,B01,22,7,2023,12:34,1,76.0,76319,1,1,1.0,2.0,A13,"49,33855300","0,98306200",,76.076319,76319,Seine-Maritime,28.0,Normandie,130.0,1.0,3.0,6,1.0,28,Normandie,76,3,9,Grand-Couronne,9726,177,9903.0
202300044864,2.0,2,3,1,5.0,2.0,0.0,0,-1.0,2005.0,B01,22,7,2023,12:34,1,76.0,76319,1,1,1.0,2.0,A13,"49,33855300","0,98306200",,76.076319,76319,Seine-Maritime,28.0,Normandie,130.0,1.0,3.0,6,1.0,28,Normandie,76,3,9,Grand-Couronne,9726,177,9903.0
202300044980,1.0,1,4,1,1.0,1.0,-1.0, -1,-1.0,1962.0,A01,19,7,2023,17:40,1,76.0,76351,2,2,1.0,3.0,GERANIUMS (DES),"49,50602000","0,16334000",,76.076351,76351,Seine-Maritime,28.0,Normandie,50.0,4.0,2.0,2,1.0,28,Normandie,76,2,96,LeHavre,166058,1780,167838.0
202300044980,1.0,1,4,1,1.0,1.0,-1.0, -1,-1.0,1970.0,B01,19,7,2023,17:40,1,76.0,76351,2,2,1.0,3.0,GERANIUMS (DES),"49,50602000","0,16334000",,76.076351,76351,Seine-Maritime,28.0,Normandie,50.0,4.0,2.0,2,1.0,28,Normandie,76,2,96,LeHavre,166058,1780,167838.0
202300044983,1.0,1,4,1,0.0,1.0,-1.0, -1,-1.0,1968.0,A01,20,7,2023,23:00,4,76.0,76217,2,1,1.0,3.0,GAMBETTA (AVENUE),"49,92002000","1,07375000",,76.076217,76217,Seine-Maritime,28.0,Normandie,30.0,4.0,2.0,3,1.0,28,Normandie,76,1,95,Dieppe,28358,455,28813.0