Num_Acc,place,catu,grav,sexe,trajet,secu,locp,actp,etatp,an_nais,num_veh,jour,mois,an,hrmn,lum,dep,com,agg,int,atm,col,adr,lat,long,gps,com_insee_temp,com_insee,departmentName,regionCode,regionName,vma,catr,circ,nbv,surf,Code,Region,Departement,Arrondissement,Code_Canton,Nom_Commune,Population_municipaLe,Population_comptee_a_part,Population_Totale
202300044983,1.0,1,3,1,0.0,2.0,-1.0, -1,-1.0,1997.0,B01,20,7,2023,23:00,4,76.0,76217,2,1,1.0,3.0,GAMBETTA (AVENUE),"49,92002000","1,07375000",,76.076217,76217,Seine-Maritime,28.0,Normandie,30.0,4.0,2.0,3,1.0,28,Normandie,76,1,95,Dieppe,28358,455,28813.0
202300045072,10.0,3,4,2,5.0,0.0,1.0,3,1.0,1939.0,A01,20,6,2023,09:50,1,76.0,76035,2,1,1.0,6.0,Rue Nationale,"49,76760100","1,75337800",,76.076035,76035,Seine-Maritime,28.0,Normandie,50.0,3.0,1.0,2,1.0,28,Normandie,76,1,12,AumaLe1974,45,2019,
202300045072,1.0,1,1,1,3.0,8.0,0.0,0,-1.0,1963.0,A01,20,6,2023,09:50,1,76.0,76035,2,1,1.0,6.0,Rue Nationale,"49,76760100","1,75337800",,76.076035,76035,Seine-Maritime,28.0,Normandie,50.0,3.0,1.0,2,1.0,28,Normandie,76,1,12,AumaLe1974,45,2019,
202300045073,1.0,1,1,1,4.0,1.0,0.0,0,-1.0,1975.0,A01,20,6,2023,16:50,1,76.0,76400,2,1,1.0,6.0,rue de la République,"49,82426459","0,91178804",,76.076400,76400,Seine-Maritime,28.0,Normandie,50.0,3.0,2.0,2,1.0,28,Normandie,76,1,20,Luneray,2170,36,2206.0
202300045073,10.0,3,4,1,4.0,0.0,9.0,B,1.0,1965.0,A01,20,6,2023,16:50,1,76.0,76400,2,1,1.0,6.0,rue de la République,"49,82426459","0,91178804",,76.076400,76400,Seine-Maritime,28.0,Normandie,50.0,3.0,2.0,2,1.0,28,Normandie,76,1,20,Luneray,2170,36,2206.0
202300045113,1.0,1,1,2,9.0,1.0,0.0,0,-1.0,1988.0,B01,19,6,2023,08:00,1,76.0,76753,1,1,1.0,5.0,D13,"49,34889100","1,16343500",,76.076753,76753,Seine-Maritime,28.0,Normandie,80.0,7.0,2.0,2,1.0,28,Normandie,76,3,6,Ymare,1212,22,1234.0
202300045113,1.0,1,4,1,0.0,1.0,0.0,0,-1.0,1973.0,C01,19,6,2023,08:00,1,76.0,76753,1,1,1.0,5.0,D13,"49,34889100","1,16343500",,76.076753,76753,Seine-Maritime,28.0,Normandie,80.0,7.0,2.0,2,1.0,28,Normandie,76,3,6,Ymare,1212,22,1234.0
202300045113,1.0,1,4,1,0.0,1.0,0.0,0,-1.0,1996.0,A01,19,6,2023,08:00,1,76.0,76753,1,1,1.0,5.0,D13,"49,34889100","1,16343500",,76.076753,76753,Seine-Maritime,28.0,Normandie,80.0,7.0,2.0,2,1.0,28,Normandie,76,3,6,Ymare,1212,22,1234.0
202300045142,1.0,1,1,2,5.0,1.0,0.0,0,-1.0,1964.0,A01,16,6,2023,09:50,1,76.0,76462,1,1,1.0,2.0,A28,"49,73038800","1,46036600",,76.076462,76462,Seine-Maritime,28.0,Normandie,130.0,1.0,3.0,2,1.0,28,Normandie,76,1,23,Neufchâtel-en-Bray,4680,213,4893.0
202300045142,9.0,2,1,1,5.0,3.0,0.0,0,-1.0,2023.0,A01,16,6,2023,09:50,1,76.0,76462,1,1,1.0,2.0,A28,"49,73038800","1,46036600",,76.076462,76462,Seine-Maritime,28.0,Normandie,130.0,1.0,3.0,2,1.0,28,Normandie,76,1,23,Neufchâtel-en-Bray,4680,213,4893.0
202300045142,1.0,1,4,2,0.0,1.0,0.0,0,-1.0,2002.0,B01,16,6,2023,09:50,1,76.0,76462,1,1,1.0,2.0,A28,"49,73038800","1,46036600",,76.076462,76462,Seine-Maritime,28.0,Normandie,130.0,1.0,3.0,2,1.0,28,Normandie,76,1,23,Neufchâtel-en-Bray,4680,213,4893.0
202300045148,1.0,1,4,1,5.0,1.0,0.0,0,-1.0,1974.0,A01,16,6,2023,02:00,3,76.0,76243,1,1,1.0,1.0,Route d?Ernemont,"49,55406000","1,36282000",,76.076243,76243,Seine-Maritime,28.0,Normandie,80.0,3.0,2.0,2,1.0,28,Normandie,76,3,21,Ernemont-sur-Buchy,294,2,296.0
202300045148,1.0,1,4,2,5.0,1.0,0.0,0,-1.0,1990.0,B01,16,6,2023,02:00,3,76.0,76243,1,1,1.0,1.0,Route d?Ernemont,"49,55406000","1,36282000",,76.076243,76243,Seine-Maritime,28.0,Normandie,80.0,3.0,2.0,2,1.0,28,Normandie,76,3,21,Ernemont-sur-Buchy,294,2,296.0
202300045332,1.0,1,3,1,5.0,9.0,0.0,0,-1.0,1943.0,A01,3,11,2023,15:45,1,76.0,76624,2,1,1.0,6.0,124 Rue du Thil,"49,87990000","1,20857000",,76.076624,76624,Seine-Maritime,28.0,Normandie,50.0,4.0,-1.0,2,1.0,28,Normandie,76,1,8,Saint-Nicolas-d'Aliermont,3764,59,3823.0
202300045332,1.0,1,1,1,3.0,1.0,0.0,0,-1.0,1963.0,B01,3,11,2023,15:45,1,76.0,76624,2,1,1.0,6.0,124 Rue du Thil,"49,87990000","1,20857000",,76.076624,76624,Seine-Maritime,28.0,Normandie,50.0,4.0,-1.0,2,1.0,28,Normandie,76,1,8,Saint-Nicolas-d'Aliermont,3764,59,3823.0
202300045452,1.0,1,4,1,0.0,8.0,-1.0, -1,-1.0,2004.0,A01,2,11,2023,00:15,5,76.0,76231,2,2,2.0,3.0,Rue Boucher de Perthes,"49,29089000","0,99979000",,76.076231,76231,Seine-Maritime,28.0,Normandie,50.0,7.0,2.0,2,2.0,28,Normandie,76,3,9,Elbeuf,15951,138,16089.0
202300045452,1.0,1,1,2,0.0,8.0,-1.0, -1,-1.0,1960.0,B01,2,11,2023,00:15,5,76.0,76231,2,2,2.0,3.0,Rue Boucher de Perthes,"49,29089000","0,99979000",,76.076231,76231,Seine-Maritime,28.0,Normandie,50.0,7.0,2.0,2,2.0,28,Normandie,76,3,9,Elbeuf,15951,138,16089.0
202300045454,1.0,1,4,2,1.0,1.0,-1.0, -1,-1.0,2000.0,B01,31,10,2023,21:00,3,76.0,76576,1,1,2.0,5.0,D6015,"49,55370000","0,44804000",,76.076576,76576,Seine-Maritime,28.0,Normandie,80.0,3.0,2.0,3,2.0,28,Normandie,76,2,3,Saint-Eustache-la-Forêt,1233,16,1249.0
202300045454,1.0,1,4,1,1.0,1.0,-1.0, -1,-1.0,1975.0,C01,31,10,2023,21:00,3,76.0,76576,1,1,2.0,5.0,D6015,"49,55370000","0,44804000",,76.076576,76576,Seine-Maritime,28.0,Normandie,80.0,3.0,2.0,3,2.0,28,Normandie,76,2,3,Saint-Eustache-la-Forêt,1233,16,1249.0
202300045454,1.0,1,4,1,1.0,1.0,-1.0, -1,-1.0,1984.0,A01,31,10,2023,21:00,3,76.0,76576,1,1,2.0,5.0,D6015,"49,55370000","0,44804000",,76.076576,76576,Seine-Maritime,28.0,Normandie,80.0,3.0,2.0,3,2.0,28,Normandie,76,2,3,Saint-Eustache-la-Forêt,1233,16,1249.0
202300045473,1.0,1,3,1,0.0,2.0,-1.0, -1,-1.0,1997.0,A01,12,5,2023,23:25,3,76.0,76231,2,6,1.0,6.0,Rue de Rouen,"49,29694000","0,99486000",,76.076231,76231,Seine-Maritime,28.0,Normandie,50.0,7.0,1.0,1,2.0,28,Normandie,76,3,9,Elbeuf,15951,138,16089.0
202300045641,1.0,1,4,1,4.0,8.0,0.0,0,-1.0,1983.0,A01,5,4,2023,15:45,1,76.0,76657,1,1,1.0,6.0,A131 PK 024.400,"49,48091000","0,33714300",,76.076657,76657,Seine-Maritime,28.0,Normandie,110.0,1.0,1.0,2,1.0,28,Normandie,76,2,32,Saint-Vigor-d'YmonvilLe1167,24,1191,
202300045830,1.0,1,4,1,1.0,1.0,-1.0, -1,-1.0,1969.0,B01,4,4,2023,12:20,1,76.0,76217,2,2,1.0,3.0,LOUIS BLERIOT (RUE ),"49,92225000","1,11636000",,76.076217,76217,Seine-Maritime,28.0,Normandie,70.0,3.0,2.0,2,1.0,28,Normandie,76,1,95,Dieppe,28358,455,28813.0
202300045830,1.0,1,1,1,4.0,1.0,-1.0, -1,-1.0,2001.0,A01,4,4,2023,12:20,1,76.0,76217,2,2,1.0,3.0,LOUIS BLERIOT (RUE ),"49,92225000","1,11636000",,76.076217,76217,Seine-Maritime,28.0,Normandie,70.0,3.0,2.0,2,1.0,28,Normandie,76,1,95,Dieppe,28358,455,28813.0
202300045830,2.0,2,4,1,4.0,1.0,-1.0, -1,-1.0,2001.0,A01,4,4,2023,12:20,1,76.0,76217,2,2,1.0,3.0,LOUIS BLERIOT (RUE ),"49,92225000","1,11636000",,76.076217,76217,Seine-Maritime,28.0,Normandie,70.0,3.0,2.0,2,1.0,28,Normandie,76,1,95,Dieppe,28358,455,28813.0
202300045835,1.0,1,1,1,1.0,1.0,-1.0, -1,-1.0,1966.0,B01,4,4,2023,07:45,1,76.0,76324,1,6,1.0,3.0,RD 925,"49,93129000","1,14242000",,76.076324,76324,Seine-Maritime,28.0,Normandie,70.0,3.0,2.0,2,1.0,28,Normandie,76,1,8,Grèges,841,15,856.0
202300045835,1.0,1,4,2,2.0,1.0,-1.0, -1,-1.0,1963.0,A01,4,4,2023,07:45,1,76.0,76324,1,6,1.0,3.0,RD 925,"49,93129000","1,14242000",,76.076324,76324,Seine-Maritime,28.0,Normandie,70.0,3.0,2.0,2,1.0,28,Normandie,76,1,8,Grèges,841,15,856.0
202300045877,10.0,3,4,2,9.0,8.0,5.0,B,2.0,2002.0,A01,18,2,2023,23:20,5,76.0,76349,2,2,1.0,6.0,GRIMALDI (RUE),"49,89782000","1,02997000",,76.076349,76349,Seine-Maritime,28.0,Normandie,-1.0,3.0,2.0, -1,2.0,28,Normandie,76,1,7,Hautot-sur-Mer,1887,46,1933.0
202300045877,10.0,3,4,2,5.0,0.0,5.0,B,2.0,2002.0,A01,18,2,2023,23:20,5,76.0,76349,2,2,1.0,6.0,GRIMALDI (RUE),"49,89782000","1,02997000",,76.076349,76349,Seine-Maritime,28.0,Normandie,-1.0,3.0,2.0, -1,2.0,28,Normandie,76,1,7,Hautot-sur-Mer,1887,46,1933.0
202300045877,1.0,1,4,2,9.0,1.0,-1.0, -1,-1.0,1990.0,A01,18,2,2023,23:20,5,76.0,76349,2,2,1.0,6.0,GRIMALDI (RUE),"49,89782000","1,02997000",,76.076349,76349,Seine-Maritime,28.0,Normandie,-1.0,3.0,2.0, -1,2.0,28,Normandie,76,1,7,Hautot-sur-Mer,1887,46,1933.0
202300045877,10.0,3,4,1,9.0,0.0,5.0,B,2.0,1998.0,A01,18,2,2023,23:20,5,76.0,76349,2,2,1.0,6.0,GRIMALDI (RUE),"49,89782000","1,02997000",,76.076349,76349,Seine-Maritime,28.0,Normandie,-1.0,3.0,2.0, -1,2.0,28,Normandie,76,1,7,Hautot-sur-Mer,1887,46,1933.0
202300046259,1.0,1,4,1,0.0,2.0,-1.0, -1,-1.0,1997.0,A01,5,12,2023,08:25,1,76.0,76351,2,1,2.0,7.0,DENIS PAPIN (PONT),"49,49459000","0,13801000",,76.076351,76351,Seine-Maritime,28.0,Normandie,50.0,4.0,2.0,2,2.0,28,Normandie,76,2,96,LeHavre,166058,1780,167838.0
202300046448,1.0,1,3,2,5.0,9.0,0.0,0,-1.0,1974.0,A01,8,1,2023,16:28,1,76.0,76167,1,1,1.0,7.0,départementale 111,"49,61244800","0,16955900",,76.076167,76167,Seine-Maritime,28.0,Normandie,80.0,3.0,2.0,2,1.0,28,Normandie,76,2,26,Cauville-sur-Mer,1618,29,1647.0
202300046534,1.0,1,2,1,5.0,0.0,0.0,0,-1.0,1990.0,A01,21,7,2023,15:30,1,76.0,76749,2,1,1.0,7.0,chemin de la plaine,"49,86065300","1,36694000",,76.076749,76749,Seine-Maritime,28.0,Normandie,50.0,4.0,2.0,1,1.0,28,Normandie,76,1,23,Wanchy-Capval,333,8,341.0
202300046682,1.0,1,2,1,1.0,0.0,0.0,0,-1.0,2001.0,A01,9,1,2023,07:30,3,76.0,76456,1,1,3.0,2.0,RD 929,"49,64677500","0,84738000",,76.076456,76456,Seine-Maritime,28.0,Normandie,80.0,3.0,2.0,2,2.0,28,Normandie,76,3,35,MottevilLe771,11,782,
202300046682,1.0,1,1,1,4.0,1.0,0.0,0,-1.0,1973.0,B01,9,1,2023,07:30,3,76.0,76456,1,1,3.0,2.0,RD 929,"49,64677500","0,84738000",,76.076456,76456,Seine-Maritime,28.0,Normandie,80.0,3.0,2.0,2,2.0,28,Normandie,76,3,35,MottevilLe771,11,782,
202300046706,1.0,1,1,1,4.0,1.0,0.0,0,-1.0,1999.0,A01,20,7,2023,16:45,1,76.0,76475,2,2,1.0,1.0,Route de Paris,"49,40291000","1,15846800",,76.076475,76475,Seine-Maritime,28.0,Normandie,50.0,7.0,2.0,2,1.0,28,Normandie,76,3,21,Franqueville-Saint-Pierre,6067,195,6262.0
202300046706,1.0,1,3,1,1.0,2.0,0.0,0,-1.0,1997.0,B01,20,7,2023,16:45,1,76.0,76475,2,2,1.0,1.0,Route de Paris,"49,40291000","1,15846800",,76.076475,76475,Seine-Maritime,28.0,Normandie,50.0,7.0,2.0,2,1.0,28,Normandie,76,3,21,Franqueville-Saint-Pierre,6067,195,6262.0
202300046727,1.0,1,1,1,1.0,1.0,-1.0, -1,-1.0,1966.0,A01,19,7,2023,08:25,1,76.0,76540,2,2,1.0,6.0,Place Cauchoise,"49,44579000","1,08668000",,76.076540,76540,Seine-Maritime,28.0,Normandie,50.0,7.0,2.0,2,1.0,28,Normandie,76,3,97,Rouen,114083,1556,115639.0
202300046727,10.0,3,4,1,5.0,0.0,4.0,3,1.0,1952.0,A01,19,7,2023,08:25,1,76.0,76540,2,2,1.0,6.0,Place Cauchoise,"49,44579000","1,08668000",,76.076540,76540,Seine-Maritime,28.0,Normandie,50.0,7.0,2.0,2,1.0,28,Normandie,76,3,97,Rouen,114083,1556,115639.0
202300046764,2.0,2,1,2,5.0,1.0,0.0,0,-1.0,1949.0,A01,30,9,2023,07:30,2,76.0,76380,1,1,1.0,6.0,D152,"49,78727700","0,98748200",,76.076380,76380,Seine-Maritime,28.0,Normandie,80.0,3.0,2.0,2,1.0,28,Normandie,76,1,20,LammervilLe309,8,317,
202300046764,10.0,3,3,2,5.0,0.0,5.0,2,1.0,1966.0,A01,30,9,2023,07:30,2,76.0,76380,1,1,1.0,6.0,D152,"49,78727700","0,98748200",,76.076380,76380,Seine-Maritime,28.0,Normandie,80.0,3.0,2.0,2,1.0,28,Normandie,76,1,20,LammervilLe309,8,317,
202300046764,1.0,1,1,1,5.0,1.0,0.0,0,-1.0,1946.0,A01,30,9,2023,07:30,2,76.0,76380,1,1,1.0,6.0,D152,"49,78727700","0,98748200",,76.076380,76380,Seine-Maritime,28.0,Normandie,80.0,3.0,2.0,2,1.0,28,Normandie,76,1,20,LammervilLe309,8,317,
202300046788,2.0,2,3,2,5.0,2.0,0.0,0,-1.0,1978.0,B01,1,10,2023,13:40,1,76.0,76618,1,2,7.0,3.0,D925,"49,97013000","1,24634500",,76.076618,76618,Seine-Maritime,28.0,Normandie,-1.0,3.0,2.0, -1,1.0,28,Normandie,76,1,8,Petit-Caux,9625,210,9835.0
202300046788,1.0,1,2,1,5.0,2.0,0.0,0,-1.0,1968.0,B01,1,10,2023,13:40,1,76.0,76618,1,2,7.0,3.0,D925,"49,97013000","1,24634500",,76.076618,76618,Seine-Maritime,28.0,Normandie,-1.0,3.0,2.0, -1,1.0,28,Normandie,76,1,8,Petit-Caux,9625,210,9835.0
202300046788,1.0,1,1,2,5.0,1.0,0.0,0,-1.0,1966.0,A01,1,10,2023,13:40,1,76.0,76618,1,2,7.0,3.0,D925,"49,97013000","1,24634500",,76.076618,76618,Seine-Maritime,28.0,Normandie,-1.0,3.0,2.0, -1,1.0,28,Normandie,76,1,8,Petit-Caux,9625,210,9835.0
202300046793,1.0,1,1,1,4.0,1.0,-1.0, -1,-1.0,2003.0,A01,18,7,2023,15:45,1,76.0,76351,2,1,1.0,6.0,EDOUARD VAILLANT,"49,51498000","0,17677000",,76.076351,76351,Seine-Maritime,28.0,Normandie,50.0,4.0,2.0,2,1.0,28,Normandie,76,2,96,LeHavre,166058,1780,167838.0
202300046793,10.0,3,3,1,5.0,0.0,5.0,3,2.0,2013.0,A01,18,7,2023,15:45,1,76.0,76351,2,1,1.0,6.0,EDOUARD VAILLANT,"49,51498000","0,17677000",,76.076351,76351,Seine-Maritime,28.0,Normandie,50.0,4.0,2.0,2,1.0,28,Normandie,76,2,96,LeHavre,166058,1780,167838.0
202300047075,1.0,1,4,1,5.0,2.0,0.0,0,-1.0,2007.0,A01,15,6,2023,14:20,1,76.0,76523,1,1,1.0,7.0,RD116-PK006+000,"49,82527600","1,59700900",,76.076523,76523,Seine-Maritime,28.0,Normandie,80.0,3.0,2.0,2,1.0,28,Normandie,76,1,10,Rétonval,177,2,179.0
202300047201,1.0,1,3,1,5.0,8.0,-1.0, -1,-1.0,1981.0,A01,31,10,2023,21:00,5,76.0,76540,2,3,2.0,1.0,Av du Cdt Bernard Bicheray,"49,44915000","1,04783000",,76.076540,76540,Seine-Maritime,28.0,Normandie,50.0,7.0,2.0,2,2.0,28,Normandie,76,3,97,Rouen,114083,1556,115639.0
202300047201,1.0,1,1,1,0.0,1.0,-1.0, -1,-1.0,1984.0,B01,31,10,2023,21:00,5,76.0,76540,2,3,2.0,1.0,Av du Cdt Bernard Bicheray,"49,44915000","1,04783000",,76.076540,76540,Seine-Maritime,28.0,Normandie,50.0,7.0,2.0,2,2.0,28,Normandie,76,3,97,Rouen,114083,1556,115639.0
202300047202,1.0,1,4,1,4.0,1.0,-1.0, -1,-1.0,1983.0,A01,31,10,2023,16:15,1,76.0,76322,1,1,1.0,2.0,N338 - Sud 3,"49,41843000","1,04859000",,76.076322,76322,Seine-Maritime,28.0,Normandie,90.0,2.0,3.0,4,1.0,28,Normandie,76,3,13,LeGrand-Quevilly,25975,225,26200.0
202300047202,1.0,1,4,2,1.0,1.0,-1.0, -1,-1.0,1970.0,B01,31,10,2023,16:15,1,76.0,76322,1,1,1.0,2.0,N338 - Sud 3,"49,41843000","1,04859000",,76.076322,76322,Seine-Maritime,28.0,Normandie,90.0,2.0,3.0,4,1.0,28,Normandie,76,3,13,LeGrand-Quevilly,25975,225,26200.0
202300047324,1.0,1,1,-1,-1.0,-1.0,-1.0, -1,-1.0,,A01,3,3,2023,18:45,5,76.0,76351,2,1,1.0,6.0,SOCRATE,"49,51303000","0,16233000",,76.076351,76351,Seine-Maritime,28.0,Normandie,30.0,4.0,-1.0,1,1.0,28,Normandie,76,2,96,LeHavre,166058,1780,167838.0
202300047324,10.0,3,4,2,5.0,0.0,4.0,3,1.0,2009.0,A01,3,3,2023,18:45,5,76.0,76351,2,1,1.0,6.0,SOCRATE,"49,51303000","0,16233000",,76.076351,76351,Seine-Maritime,28.0,Normandie,30.0,4.0,-1.0,1,1.0,28,Normandie,76,2,96,LeHavre,166058,1780,167838.0
202300047385,1.0,1,4,1,0.0,1.0,-1.0, -1,-1.0,1985.0,A01,11,5,2023,16:45,1,76.0,76484,1,1,1.0,6.0,D18 E,"49,35618000","1,08380000",,76.076484,76484,Seine-Maritime,28.0,Normandie,110.0,7.0,3.0,4,1.0,28,Normandie,76,3,31,Oissel,12367,83,12450.0
202300047459,1.0,1,3,1,0.0,2.0,-1.0, -1,-1.0,1989.0,A01,31,3,2023,13:36,1,76.0,76351,2,3,1.0,6.0,MICHELET,"49,49238000","0,12158000",,76.076351,76351,Seine-Maritime,28.0,Normandie,50.0,4.0,2.0,2,2.0,28,Normandie,76,2,96,LeHavre,166058,1780,167838.0
202300047459,1.0,1,1,1,9.0,1.0,-1.0, -1,-1.0,1973.0,B01,31,3,2023,13:36,1,76.0,76351,2,3,1.0,6.0,MICHELET,"49,49238000","0,12158000",,76.076351,76351,Seine-Maritime,28.0,Normandie,50.0,4.0,2.0,2,2.0,28,Normandie,76,2,96,LeHavre,166058,1780,167838.0
202300047461,1.0,1,4,1,5.0,1.0,-1.0, -1,-1.0,2001.0,A01,1,4,2023,01:25,5,76.0,76552,2,3,3.0,6.0,CAP ( RTE DU ),"49,50615974","0,07980645",,76.076552,76552,Seine-Maritime,28.0,Normandie,50.0,3.0,2.0,1,2.0,28,Normandie,76,2,19,Sainte-Adresse,7116,188,7304.0
202300047562,10.0,3,4,1,3.0,0.0,9.0,3,1.0,1948.0,A01,28,8,2023,09:30,1,76.0,76575,2,1,1.0,6.0,Rue du Madrillet,"49,40395400","1,07527400",,76.076575,76575,Seine-Maritime,28.0,Normandie,50.0,4.0,2.0,2,1.0,28,Normandie,76,3,98,Saint-Étienne-du-Rouvray,28508,225,28733.0
202300047562,1.0,1,1,1,3.0,1.0,-1.0, -1,-1.0,1946.0,A01,28,8,2023,09:30,1,76.0,76575,2,1,1.0,6.0,Rue du Madrillet,"49,40395400","1,07527400",,76.076575,76575,Seine-Maritime,28.0,Normandie,50.0,4.0,2.0,2,1.0,28,Normandie,76,3,98,Saint-Étienne-du-Rouvray,28508,225,28733.0
202300047567,1.0,1,1,1,0.0,1.0,-1.0, -1,-1.0,1998.0,A01,24,8,2023,22:08,5,76.0,76351,2,1,1.0,6.0,DOCTEUR VIGNE,"49,49760000","0,11168000",,76.076351,76351,Seine-Maritime,28.0,Normandie,50.0,4.0,1.0,2,1.0,28,Normandie,76,2,96,LeHavre,166058,1780,167838.0
202300047567,1.0,1,4,1,4.0,2.0,-1.0, -1,-1.0,2001.0,B01,24,8,2023,22:08,5,76.0,76351,2,1,1.0,6.0,DOCTEUR VIGNE,"49,49760000","0,11168000",,76.076351,76351,Seine-Maritime,28.0,Normandie,50.0,4.0,1.0,2,1.0,28,Normandie,76,2,96,LeHavre,166058,1780,167838.0
202300047660,1.0,1,3,1,1.0,8.0,0.0,0,-1.0,1987.0,A01,6,12,2023,07:15,3,76.0,76612,1,1,5.0,6.0,départementale 26,"49,83218166","1,67040128",,76.076612,76612,Seine-Maritime,28.0,Normandie,80.0,3.0,2.0,2,2.0,28,Normandie,76,1,10,Saint-Martin-au-Bosc,269,6,275.0
202300047664,1.0,1,3,1,1.0,2.0,0.0,0,-1.0,1981.0,A01,6,12,2023,19:00,3,76.0,76367,1,1,2.0,6.0,D121,"49,50383700","1,09828900",,76.076367,76367,Seine-Maritime,28.0,Normandie,80.0,7.0,2.0,2,2.0,28,Normandie,76,3,24,HouppevilLe2884,51,2935,
202300047801,2.0,2,4,2,5.0,1.0,0.0,0,-1.0,1939.0,A01,29,8,2023,11:50,1,76.0,76258,1,2,1.0,3.0,Route départementale 109,"49,67638300","0,60868400",,76.076258,76258,Seine-Maritime,28.0,Normandie,80.0,3.0,2.0,1,1.0,28,Normandie,76,2,33,Terres-de-Caux,4208,112,4320.0
202300047801,1.0,1,1,1,5.0,1.0,0.0,0,-1.0,1934.0,A01,29,8,2023,11:50,1,76.0,76258,1,2,1.0,3.0,Route départementale 109,"49,67638300","0,60868400",,76.076258,76258,Seine-Maritime,28.0,Normandie,80.0,3.0,2.0,1,1.0,28,Normandie,76,2,33,Terres-de-Caux,4208,112,4320.0
202300047801,1.0,1,4,2,0.0,1.0,0.0,0,-1.0,1941.0,B01,29,8,2023,11:50,1,76.0,76258,1,2,1.0,3.0,Route départementale 109,"49,67638300","0,60868400",,76.076258,76258,Seine-Maritime,28.0,Normandie,80.0,3.0,2.0,1,1.0,28,Normandie,76,2,33,Terres-de-Caux,4208,112,4320.0
202300047803,10.0,3,4,2,0.0,0.0,3.0,3,1.0,2013.0,A01,2,4,2023,15:40,1,76.0,76540,2,1,1.0,6.0,Rue François Couperin,"49,45055000","1,13844000",,76.076540,76540,Seine-Maritime,28.0,Normandie,50.0,4.0,2.0,2,1.0,28,Normandie,76,3,97,Rouen,114083,1556,115639.0
202300047803,1.0,1,1,1,3.0,8.0,0.0,0,-1.0,2002.0,A01,2,4,2023,15:40,1,76.0,76540,2,1,1.0,6.0,Rue François Couperin,"49,45055000","1,13844000",,76.076540,76540,Seine-Maritime,28.0,Normandie,50.0,4.0,2.0,2,1.0,28,Normandie,76,3,97,Rouen,114083,1556,115639.0
202300047806,1.0,1,4,1,0.0,1.0,-1.0, -1,-1.0,1951.0,B01,1,4,2023,16:43,1,76.0,76575,2,3,2.0,1.0,Rue Camille Saint-saens,"49,39431000","1,06297000",,76.076575,76575,Seine-Maritime,28.0,Normandie,50.0,4.0,2.0,2,2.0,28,Normandie,76,3,98,Saint-Étienne-du-Rouvray,28508,225,28733.0
202300047806,1.0,1,4,2,0.0,1.0,-1.0, -1,-1.0,2003.0,A01,1,4,2023,16:43,1,76.0,76575,2,3,2.0,1.0,Rue Camille Saint-saens,"49,39431000","1,06297000",,76.076575,76575,Seine-Maritime,28.0,Normandie,50.0,4.0,2.0,2,2.0,28,Normandie,76,3,98,Saint-Étienne-du-Rouvray,28508,225,28733.0
202300047819,1.0,1,3,2,5.0,1.0,9.0,A,1.0,1967.0,A01,11,5,2023,15:25,1,76.0,76580,1,1,1.0,7.0,Rue du Bout d'Aval,"49,55487700","1,16296300",,76.076580,76580,Seine-Maritime,28.0,Normandie,30.0,6.0,-1.0, -1,1.0,28,Normandie,76,3,2,Saint-Georges-sur-Fontaine,919,18,937.0
202300047871,1.0,1,1,1,5.0,1.0,0.0,0,-1.0,1982.0,A01,27,8,2023,11:16,1,76.0,76532,1,3,1.0,5.0,D928,"49,61007000","1,29572200",,76.076532,76532,Seine-Maritime,28.0,Normandie,-1.0,3.0,2.0, -1,1.0,28,Normandie,76,1,23,Rocquemont,778,17,795.0
202300047871,1.0,1,4,2,5.0,1.0,0.0,0,-1.0,1932.0,B01,27,8,2023,11:16,1,76.0,76532,1,3,1.0,5.0,D928,"49,61007000","1,29572200",,76.076532,76532,Seine-Maritime,28.0,Normandie,-1.0,3.0,2.0, -1,1.0,28,Normandie,76,1,23,Rocquemont,778,17,795.0
202300047871,1.0,1,1,2,5.0,1.0,0.0,0,-1.0,1971.0,C01,27,8,2023,11:16,1,76.0,76532,1,3,1.0,5.0,D928,"49,61007000","1,29572200",,76.076532,76532,Seine-Maritime,28.0,Normandie,-1.0,3.0,2.0, -1,1.0,28,Normandie,76,1,23,Rocquemont,778,17,795.0
202300047952,1.0,1,1,2,0.0,1.0,-1.0, -1,-1.0,1961.0,A01,4,12,2023,10:40,1,76.0,76351,2,3,2.0,4.0,BIGNE A FOSSE,"49,52657000","0,11019000",,76.076351,76351,Seine-Maritime,28.0,Normandie,50.0,4.0,2.0,2,2.0,28,Normandie,76,2,96,LeHavre,166058,1780,167838.0
202300047952,1.0,1,4,2,0.0,1.0,-1.0, -1,-1.0,1991.0,B01,4,12,2023,10:40,1,76.0,76351,2,3,2.0,4.0,BIGNE A FOSSE,"49,52657000","0,11019000",,76.076351,76351,Seine-Maritime,28.0,Normandie,50.0,4.0,2.0,2,2.0,28,Normandie,76,2,96,LeHavre,166058,1780,167838.0
202300047952,1.0,1,1,1,0.0,1.0,-1.0, -1,-1.0,1940.0,C01,4,12,2023,10:40,1,76.0,76351,2,3,2.0,4.0,BIGNE A FOSSE,"49,52657000","0,11019000",,76.076351,76351,Seine-Maritime,28.0,Normandie,50.0,4.0,2.0,2,2.0,28,Normandie,76,2,96,LeHavre,166058,1780,167838.0