Num_Acc,place,catu,grav,sexe,trajet,secu,locp,actp,etatp,an_nais,num_veh,jour,mois,an,hrmn,lum,dep,com,agg,int,atm,col,adr,lat,long,gps,com_insee_temp,com_insee,departmentName,regionCode,regionName,vma,catr,circ,nbv,surf,Code,Region,Departement,Arrondissement,Code_Canton,Nom_Commune,Population_municipaLe,Population_comptee_a_part,Population_Totale
202300047954,1.0,1,4,2,5.0,1.0,-1.0, -1,-1.0,1989.0,A01,1,12,2023,14:15,1,76.0,76351,2,3,1.0,3.0,Avenue Pablo Picasso,"49,50424000","0,16614000",,76.076351,76351,Seine-Maritime,28.0,Normandie,50.0,4.0,2.0,5,1.0,28,Normandie,76,2,96,LeHavre,166058,1780,167838.0
202300047954,1.0,1,4,2,1.0,1.0,-1.0, -1,-1.0,1994.0,B01,1,12,2023,14:15,1,76.0,76351,2,3,1.0,3.0,Avenue Pablo Picasso,"49,50424000","0,16614000",,76.076351,76351,Seine-Maritime,28.0,Normandie,50.0,4.0,2.0,5,1.0,28,Normandie,76,2,96,LeHavre,166058,1780,167838.0
202300047957,1.0,1,1,1,0.0,1.0,-1.0, -1,-1.0,2005.0,A01,3,12,2023,16:30,2,76.0,76351,2,4,1.0,3.0,JULES DELAMARE,"49,49200000","0,16142000",,76.076351,76351,Seine-Maritime,28.0,Normandie,50.0,3.0,-1.0,2,2.0,28,Normandie,76,2,96,LeHavre,166058,1780,167838.0
202300047957,1.0,1,4,1,4.0,1.0,-1.0, -1,-1.0,1979.0,B01,3,12,2023,16:30,2,76.0,76351,2,4,1.0,3.0,JULES DELAMARE,"49,49200000","0,16142000",,76.076351,76351,Seine-Maritime,28.0,Normandie,50.0,3.0,-1.0,2,2.0,28,Normandie,76,2,96,LeHavre,166058,1780,167838.0
202300047986,1.0,1,1,2,5.0,1.0,0.0,0,-1.0,1958.0,A01,29,8,2023,17:00,1,76.0,76475,2,1,1.0,3.0,Route de Paris,"49,39623900","1,18200100",,76.076475,76475,Seine-Maritime,28.0,Normandie,50.0,7.0,2.0,2,1.0,28,Normandie,76,3,21,Franqueville-Saint-Pierre,6067,195,6262.0
202300047986,1.0,1,3,1,5.0,2.0,0.0,0,-1.0,1960.0,B01,29,8,2023,17:00,1,76.0,76475,2,1,1.0,3.0,Route de Paris,"49,39623900","1,18200100",,76.076475,76475,Seine-Maritime,28.0,Normandie,50.0,7.0,2.0,2,1.0,28,Normandie,76,3,21,Franqueville-Saint-Pierre,6067,195,6262.0
202300048032,1.0,1,4,1,5.0,2.0,0.0,0,-1.0,1994.0,A01,19,2,2023,03:15,3,76.0,76348,1,1,2.0,6.0,D110,"49,69283500","0,75200300",,76.076348,76348,Seine-Maritime,28.0,Normandie,80.0,3.0,2.0,2,2.0,28,Normandie,76,3,35,Hautot-Saint-Sulpice,690,8,698.0
202300048185,1.0,1,3,1,5.0,2.0,0.0,0,-1.0,2009.0,A01,28,8,2023,16:00,1,76.0,76159,2,1,1.0,7.0,23 Rue du Hôme,"49,78880800","0,63357000",,76.076159,76159,Seine-Maritime,28.0,Normandie,30.0,4.0,2.0,2,1.0,28,Normandie,76,1,33,Cany-BarvilLe2947,46,2993,
202300048189,1.0,1,1,-1,-1.0,-1.0,-1.0, -1,-1.0,,A01,26,8,2023,15:30,1,76.0,76146,2,1,1.0,3.0,415 Rue Andre Auguste,"49,58809800","1,35561400",,76.076146,76146,Seine-Maritime,28.0,Normandie,50.0,3.0,2.0,2,1.0,28,Normandie,76,3,21,Buchy,2805,108,2913.0
202300048189,1.0,1,4,1,3.0,0.0,0.0,0,-1.0,1964.0,B01,26,8,2023,15:30,1,76.0,76146,2,1,1.0,3.0,415 Rue Andre Auguste,"49,58809800","1,35561400",,76.076146,76146,Seine-Maritime,28.0,Normandie,50.0,3.0,2.0,2,1.0,28,Normandie,76,3,21,Buchy,2805,108,2913.0
202300048200,1.0,1,4,2,0.0,1.0,-1.0, -1,-1.0,1971.0,A01,17,2,2023,18:25,5,76.0,76322,1,1,1.0,6.0,N338 - Sud 3,"49,40012000","1,03227000",,76.076322,76322,Seine-Maritime,28.0,Normandie,90.0,2.0,3.0,5,1.0,28,Normandie,76,3,13,LeGrand-Quevilly,25975,225,26200.0
202300048205,2.0,2,4,1,9.0,1.0,-1.0, -1,-1.0,1997.0,A01,17,2,2023,02:00,3,76.0,76540,2,1,1.0,7.0,N28,"49,43870000","1,11581000",,76.076540,76540,Seine-Maritime,28.0,Normandie,70.0,2.0,3.0,6,1.0,28,Normandie,76,3,97,Rouen,114083,1556,115639.0
202300048205,1.0,1,4,1,9.0,1.0,-1.0, -1,-1.0,1981.0,A01,17,2,2023,02:00,3,76.0,76540,2,1,1.0,7.0,N28,"49,43870000","1,11581000",,76.076540,76540,Seine-Maritime,28.0,Normandie,70.0,2.0,3.0,6,1.0,28,Normandie,76,3,97,Rouen,114083,1556,115639.0
202300048290,1.0,1,1,1,0.0,8.0,-1.0, -1,-1.0,1984.0,A01,29,9,2023,19:45,2,76.0,76498,2,3,1.0,3.0,Avenue Jean Jaurès,"49,42708000","1,06382000",,76.076498,76498,Seine-Maritime,28.0,Normandie,50.0,7.0,2.0,2,1.0,28,Normandie,76,3,27,LePetit-Quevilly,21782,274,22056.0
202300048290,1.0,1,4,1,5.0,8.0,-1.0, -1,-1.0,2008.0,B01,29,9,2023,19:45,2,76.0,76498,2,3,1.0,3.0,Avenue Jean Jaurès,"49,42708000","1,06382000",,76.076498,76498,Seine-Maritime,28.0,Normandie,50.0,7.0,2.0,2,1.0,28,Normandie,76,3,27,LePetit-Quevilly,21782,274,22056.0
202300048407,1.0,1,4,1,0.0,2.0,-1.0, -1,-1.0,1980.0,B01,14,6,2023,16:30,1,76.0,76540,2,1,1.0,3.0,Quai du Havre (Haut),"49,43903000","1,08830000",,76.076540,76540,Seine-Maritime,28.0,Normandie,50.0,7.0,2.0,4,1.0,28,Normandie,76,3,97,Rouen,114083,1556,115639.0
202300048407,1.0,1,1,1,0.0,1.0,-1.0, -1,-1.0,1989.0,A01,14,6,2023,16:30,1,76.0,76540,2,1,1.0,3.0,Quai du Havre (Haut),"49,43903000","1,08830000",,76.076540,76540,Seine-Maritime,28.0,Normandie,50.0,7.0,2.0,4,1.0,28,Normandie,76,3,97,Rouen,114083,1556,115639.0
202300048437,1.0,1,3,1,5.0,8.0,0.0,0,-1.0,2005.0,A01,6,1,2023,14:09,1,76.0,76157,2,3,2.0,1.0,Impasse du Clos aux Moines,"49,44763000","1,02022000",,76.076157,76157,Seine-Maritime,28.0,Normandie,30.0,4.0,2.0,2,6.0,28,Normandie,76,3,4,Canteleu,13966,360,14326.0
202300048437,1.0,1,4,1,4.0,2.0,0.0,0,-1.0,1978.0,M01,6,1,2023,14:09,1,76.0,76157,2,3,2.0,1.0,Impasse du Clos aux Moines,"49,44763000","1,02022000",,76.076157,76157,Seine-Maritime,28.0,Normandie,30.0,4.0,2.0,2,6.0,28,Normandie,76,3,4,Canteleu,13966,360,14326.0
202300048442,1.0,1,1,1,5.0,1.0,-1.0, -1,-1.0,1991.0,A01,6,1,2023,06:30,2,76.0,76474,2,4,2.0,2.0,Route de Dieppe,"49,48585000","1,04845000",,76.076474,76474,Seine-Maritime,28.0,Normandie,50.0,7.0,2.0,2,2.0,28,Normandie,76,3,24,Notre-Dame-de-BondevilLe6957,82,7039,
202300048442,1.0,1,4,1,4.0,1.0,-1.0, -1,-1.0,1972.0,B01,6,1,2023,06:30,2,76.0,76474,2,4,2.0,2.0,Route de Dieppe,"49,48585000","1,04845000",,76.076474,76474,Seine-Maritime,28.0,Normandie,50.0,7.0,2.0,2,2.0,28,Normandie,76,3,24,Notre-Dame-de-BondevilLe6957,82,7039,
202300048443,1.0,1,3,1,5.0,1.0,-1.0, -1,-1.0,1998.0,A01,16,7,2023,20:10,1,76.0,76178,1,1,3.0,6.0,Rue de Tourville,"49,31254000","1,05512000",,76.076178,76178,Seine-Maritime,28.0,Normandie,80.0,7.0,2.0,4,2.0,28,Normandie,76,3,5,Cléon,4907,30,4937.0
202300048443,2.0,2,1,2,5.0,1.0,-1.0, -1,-1.0,2012.0,A01,16,7,2023,20:10,1,76.0,76178,1,1,3.0,6.0,Rue de Tourville,"49,31254000","1,05512000",,76.076178,76178,Seine-Maritime,28.0,Normandie,80.0,7.0,2.0,4,2.0,28,Normandie,76,3,5,Cléon,4907,30,4937.0
202300048449,1.0,1,1,1,3.0,1.0,-1.0, -1,-1.0,1939.0,A01,15,6,2023,16:00,1,76.0,76351,2,4,1.0,3.0,VERDUN (RUE DE),"49,50244000","0,16816300",,76.076351,76351,Seine-Maritime,28.0,Normandie,50.0,3.0,2.0,2,1.0,28,Normandie,76,2,96,LeHavre,166058,1780,167838.0
202300048449,1.0,1,4,1,0.0,0.0,-1.0, -1,-1.0,1970.0,B01,15,6,2023,16:00,1,76.0,76351,2,4,1.0,3.0,VERDUN (RUE DE),"49,50244000","0,16816300",,76.076351,76351,Seine-Maritime,28.0,Normandie,50.0,3.0,2.0,2,1.0,28,Normandie,76,2,96,LeHavre,166058,1780,167838.0
202300048453,1.0,1,3,1,0.0,8.0,-1.0, -1,-1.0,1969.0,A01,18,7,2023,01:00,3,76.0,76707,1,9,1.0,6.0,RD 915,"49,85730000","1,11600000",,76.076707,76707,Seine-Maritime,28.0,Normandie,50.0,3.0,1.0,2,1.0,28,Normandie,76,1,7,Tourville-sur-Arques,1193,35,1228.0
202300048792,2.0,2,3,1,5.0,1.0,0.0,0,-1.0,2004.0,A01,8,1,2023,09:30,1,76.0,76222,2,1,1.0,6.0,Rue Louis Pasteur,"49,49125110","0,87547297",,76.076222,76222,Seine-Maritime,28.0,Normandie,50.0,7.0,2.0,2,1.0,28,Normandie,76,3,1,Duclair,4020,52,4072.0
202300048792,7.0,2,2,1,5.0,0.0,0.0,0,-1.0,2007.0,A01,8,1,2023,09:30,1,76.0,76222,2,1,1.0,6.0,Rue Louis Pasteur,"49,49125110","0,87547297",,76.076222,76222,Seine-Maritime,28.0,Normandie,50.0,7.0,2.0,2,1.0,28,Normandie,76,3,1,Duclair,4020,52,4072.0
202300048792,1.0,1,2,1,5.0,1.0,0.0,0,-1.0,1995.0,A01,8,1,2023,09:30,1,76.0,76222,2,1,1.0,6.0,Rue Louis Pasteur,"49,49125110","0,87547297",,76.076222,76222,Seine-Maritime,28.0,Normandie,50.0,7.0,2.0,2,1.0,28,Normandie,76,3,1,Duclair,4020,52,4072.0
202300048820,2.0,1,1,1,5.0,0.0,0.0,0,-1.0,1996.0,A01,27,9,2023,20:30,3,76.0,76460,1,1,1.0,7.0,Route du Poteau Maitre Jean,"49,90223600","1,63857200",,76.076460,76460,Seine-Maritime,28.0,Normandie,80.0,3.0,2.0,2,1.0,28,Normandie,76,1,10,Nesle-Normandeuse,494,8,502.0
202300048820,1.0,2,4,1,5.0,0.0,0.0,0,-1.0,1990.0,A01,27,9,2023,20:30,3,76.0,76460,1,1,1.0,7.0,Route du Poteau Maitre Jean,"49,90223600","1,63857200",,76.076460,76460,Seine-Maritime,28.0,Normandie,80.0,3.0,2.0,2,1.0,28,Normandie,76,1,10,Nesle-Normandeuse,494,8,502.0
202300048892,2.0,2,3,2,5.0,1.0,0.0,0,-1.0,1993.0,A01,7,1,2023,16:45,1,76.0,76558,1,1,1.0,1.0,D95,"49,39413300","1,17191100",,76.076558,76558,Seine-Maritime,28.0,Normandie,70.0,7.0,2.0,2,2.0,28,Normandie,76,3,6,Saint-Aubin-CellovilLe1181,8,1189,
202300048892,1.0,1,4,1,5.0,1.0,0.0,0,-1.0,1987.0,A01,7,1,2023,16:45,1,76.0,76558,1,1,1.0,1.0,D95,"49,39413300","1,17191100",,76.076558,76558,Seine-Maritime,28.0,Normandie,70.0,7.0,2.0,2,2.0,28,Normandie,76,3,6,Saint-Aubin-CellovilLe1181,8,1189,
202300048892,1.0,1,4,2,5.0,1.0,0.0,0,-1.0,1993.0,B01,7,1,2023,16:45,1,76.0,76558,1,1,1.0,1.0,D95,"49,39413300","1,17191100",,76.076558,76558,Seine-Maritime,28.0,Normandie,70.0,7.0,2.0,2,2.0,28,Normandie,76,3,6,Saint-Aubin-CellovilLe1181,8,1189,
202300048892,2.0,2,3,2,5.0,1.0,0.0,0,-1.0,2012.0,B01,7,1,2023,16:45,1,76.0,76558,1,1,1.0,1.0,D95,"49,39413300","1,17191100",,76.076558,76558,Seine-Maritime,28.0,Normandie,70.0,7.0,2.0,2,2.0,28,Normandie,76,3,6,Saint-Aubin-CellovilLe1181,8,1189,
202300048892,3.0,2,3,1,5.0,1.0,0.0,0,-1.0,2014.0,B01,7,1,2023,16:45,1,76.0,76558,1,1,1.0,1.0,D95,"49,39413300","1,17191100",,76.076558,76558,Seine-Maritime,28.0,Normandie,70.0,7.0,2.0,2,2.0,28,Normandie,76,3,6,Saint-Aubin-CellovilLe1181,8,1189,
202300048907,1.0,1,1,1,3.0,1.0,0.0,0,-1.0,1999.0,A01,15,6,2023,14:00,1,76.0,76087,1,2,7.0,3.0,Rue de Bosc Mare,"49,71197800","0,81666000",,76.076087,76087,Seine-Maritime,28.0,Normandie,-1.0,3.0,2.0, -1,1.0,28,Normandie,76,3,35,Berville-en-Caux,694,10,704.0
202300048907,2.0,2,3,2,5.0,1.0,0.0,0,-1.0,1944.0,B01,15,6,2023,14:00,1,76.0,76087,1,2,7.0,3.0,Rue de Bosc Mare,"49,71197800","0,81666000",,76.076087,76087,Seine-Maritime,28.0,Normandie,-1.0,3.0,2.0, -1,1.0,28,Normandie,76,3,35,Berville-en-Caux,694,10,704.0
202300048907,1.0,1,4,2,3.0,1.0,0.0,0,-1.0,1995.0,B01,15,6,2023,14:00,1,76.0,76087,1,2,7.0,3.0,Rue de Bosc Mare,"49,71197800","0,81666000",,76.076087,76087,Seine-Maritime,28.0,Normandie,-1.0,3.0,2.0, -1,1.0,28,Normandie,76,3,35,Berville-en-Caux,694,10,704.0
202300048964,1.0,1,3,1,1.0,1.0,0.0,0,-1.0,2001.0,A01,19,7,2023,13:30,1,76.0,76295,1,1,1.0,1.0,D 919 ,"49,65767000","1,63392000",,76.076295,76295,Seine-Maritime,28.0,Normandie,80.0,3.0,2.0,2,1.0,28,Normandie,76,1,12,Gaillefontaine,1183,13,1196.0
202300048964,1.0,1,3,2,1.0,1.0,0.0,0,-1.0,1984.0,B01,19,7,2023,13:30,1,76.0,76295,1,1,1.0,1.0,D 919 ,"49,65767000","1,63392000",,76.076295,76295,Seine-Maritime,28.0,Normandie,80.0,3.0,2.0,2,1.0,28,Normandie,76,1,12,Gaillefontaine,1183,13,1196.0
202300049099,1.0,1,4,1,0.0,2.0,-1.0, -1,-1.0,1973.0,A01,30,10,2023,10:30,1,76.0,76305,1,6,2.0,7.0,Côte de l'Estuaire,"49,49804000","0,23120000",,76.076305,76305,Seine-Maritime,28.0,Normandie,50.0,3.0,2.0,1,2.0,28,Normandie,76,2,16,Gonfreville-l'Orcher,8961,44,9005.0
202300049100,1.0,1,3,1,0.0,8.0,-1.0, -1,-1.0,2001.0,A01,29,10,2023,05:11,3,76.0,76259,1,1,1.0,7.0,D486,"49,73310000","0,38744000",,76.076259,76259,Seine-Maritime,28.0,Normandie,80.0,3.0,2.0,2,2.0,28,Normandie,76,2,11,Fécamp,18016,269,18285.0
202300049257,1.0,1,3,2,0.0,1.0,0.0,0,-1.0,1976.0,A01,5,12,2023,07:56,3,76.0,76380,1,2,2.0,1.0,D152,"49,80316648","0,96910411",,76.076380,76380,Seine-Maritime,28.0,Normandie,-1.0,3.0,2.0, -1,2.0,28,Normandie,76,1,20,LammervilLe309,8,317,
202300049257,2.0,2,3,2,0.0,1.0,0.0,0,-1.0,2009.0,A01,5,12,2023,07:56,3,76.0,76380,1,2,2.0,1.0,D152,"49,80316648","0,96910411",,76.076380,76380,Seine-Maritime,28.0,Normandie,-1.0,3.0,2.0, -1,2.0,28,Normandie,76,1,20,LammervilLe309,8,317,
202300049257,1.0,1,1,1,0.0,1.0,0.0,0,-1.0,1971.0,B01,5,12,2023,07:56,3,76.0,76380,1,2,2.0,1.0,D152,"49,80316648","0,96910411",,76.076380,76380,Seine-Maritime,28.0,Normandie,-1.0,3.0,2.0, -1,2.0,28,Normandie,76,1,20,LammervilLe309,8,317,
202300049271,1.0,1,1,1,4.0,1.0,0.0,0,-1.0,1988.0,B01,5,12,2023,09:35,1,76.0,76618,1,1,2.0,1.0,RD925,"49,98925600","1,27012300",,76.076618,76618,Seine-Maritime,28.0,Normandie,80.0,3.0,2.0,2,2.0,28,Normandie,76,1,8,Petit-Caux,9625,210,9835.0
202300049271,1.0,1,3,1,4.0,1.0,0.0,0,-1.0,1993.0,A01,5,12,2023,09:35,1,76.0,76618,1,1,2.0,1.0,RD925,"49,98925600","1,27012300",,76.076618,76618,Seine-Maritime,28.0,Normandie,80.0,3.0,2.0,2,2.0,28,Normandie,76,1,8,Petit-Caux,9625,210,9835.0
202300049389,1.0,1,1,1,1.0,1.0,-1.0, -1,-1.0,1983.0,A01,10,5,2023,07:15,1,76.0,76575,1,2,2.0,6.0,Boulevard Lénine,"49,38161000","1,10983000",,76.076575,76575,Seine-Maritime,28.0,Normandie,90.0,7.0,2.0,2,2.0,28,Normandie,76,3,98,Saint-Étienne-du-Rouvray,28508,225,28733.0
202300049389,10.0,3,3,1,1.0,0.0,4.0,3,1.0,2002.0,A01,10,5,2023,07:15,1,76.0,76575,1,2,2.0,6.0,Boulevard Lénine,"49,38161000","1,10983000",,76.076575,76575,Seine-Maritime,28.0,Normandie,90.0,7.0,2.0,2,2.0,28,Normandie,76,3,98,Saint-Étienne-du-Rouvray,28508,225,28733.0
202300049407,1.0,1,1,-1,-1.0,-1.0,-1.0, -1,-1.0,,A01,9,5,2023,19:00,1,76.0,76351,2,3,1.0,6.0,IRENE JOLIOT CURIE (RUE),"49,52136000","0,10511000",,76.076351,76351,Seine-Maritime,28.0,Normandie,-1.0,4.0,2.0, -1,1.0,28,Normandie,76,2,96,LeHavre,166058,1780,167838.0
202300049407,10.0,3,4,1,3.0,8.0,3.0,3,1.0,1963.0,A01,9,5,2023,19:00,1,76.0,76351,2,3,1.0,6.0,IRENE JOLIOT CURIE (RUE),"49,52136000","0,10511000",,76.076351,76351,Seine-Maritime,28.0,Normandie,-1.0,4.0,2.0, -1,1.0,28,Normandie,76,2,96,LeHavre,166058,1780,167838.0
202300049509,1.0,1,1,1,0.0,1.0,-1.0, -1,-1.0,1957.0,A01,25,2,2023,11:20,1,76.0,76414,2,2,2.0,2.0,ANCIEN PORT (RUE DE L'),"49,90825000","1,10965000",,76.076414,76414,Seine-Maritime,28.0,Normandie,-1.0,4.0,2.0, -1,2.0,28,Normandie,76,1,8,Martin-Église,1600,55,1655.0
202300049509,1.0,1,4,2,0.0,1.0,-1.0, -1,-1.0,1967.0,B01,25,2,2023,11:20,1,76.0,76414,2,2,2.0,2.0,ANCIEN PORT (RUE DE L'),"49,90825000","1,10965000",,76.076414,76414,Seine-Maritime,28.0,Normandie,-1.0,4.0,2.0, -1,2.0,28,Normandie,76,1,8,Martin-Église,1600,55,1655.0
202300049602,10.0,3,3,2,3.0,8.0,5.0,9,1.0,1940.0,A01,25,8,2023,15:45,1,76.0,76599,2,1,1.0,6.0,route de Lyons la Forêt,"49,43189000","1,15846000",,76.076599,76599,Seine-Maritime,28.0,Normandie,50.0,7.0,2.0,2,1.0,28,Normandie,76,3,6,Saint-Léger-du-Bourg-Denis,3641,42,3683.0
202300049602,1.0,1,1,-1,-1.0,-1.0,-1.0, -1,-1.0,,A01,25,8,2023,15:45,1,76.0,76599,2,1,1.0,6.0,route de Lyons la Forêt,"49,43189000","1,15846000",,76.076599,76599,Seine-Maritime,28.0,Normandie,50.0,7.0,2.0,2,1.0,28,Normandie,76,3,6,Saint-Léger-du-Bourg-Denis,3641,42,3683.0
202300049606,1.0,1,1,1,0.0,1.0,-1.0, -1,-1.0,1983.0,A01,25,8,2023,15:40,1,76.0,76481,1,1,1.0,1.0,GOLF (CHEMIN DU),"49,56853000","0,13463000",,76.076481,76481,Seine-Maritime,28.0,Normandie,50.0,4.0,2.0,1,1.0,28,Normandie,76,2,26,Octeville-sur-Mer,6122,119,6241.0
202300049606,2.0,2,4,2,0.0,1.0,-1.0, -1,-1.0,1974.0,B01,25,8,2023,15:40,1,76.0,76481,1,1,1.0,1.0,GOLF (CHEMIN DU),"49,56853000","0,13463000",,76.076481,76481,Seine-Maritime,28.0,Normandie,50.0,4.0,2.0,1,1.0,28,Normandie,76,2,26,Octeville-sur-Mer,6122,119,6241.0
202300049606,1.0,1,4,2,0.0,1.0,-1.0, -1,-1.0,1991.0,B01,25,8,2023,15:40,1,76.0,76481,1,1,1.0,1.0,GOLF (CHEMIN DU),"49,56853000","0,13463000",,76.076481,76481,Seine-Maritime,28.0,Normandie,50.0,4.0,2.0,1,1.0,28,Normandie,76,2,26,Octeville-sur-Mer,6122,119,6241.0
202300049608,1.0,1,4,1,5.0,2.0,-1.0, -1,-1.0,1975.0,A01,24,8,2023,14:05,1,76.0,76351,2,1,1.0,7.0,PABLO PICASSO (AVENUE) ,"49,50420000","0,16415000",,76.076351,76351,Seine-Maritime,28.0,Normandie,50.0,4.0,2.0,4,1.0,28,Normandie,76,2,96,LeHavre,166058,1780,167838.0
202300049654,1.0,1,4,1,5.0,1.0,0.0,0,-1.0,1996.0,A01,1,4,2023,06:00,3,76.0,76663,2,1,2.0,6.0,8 Cote des Petites Dalles,"49,80562300","0,53160300",,76.076663,76663,Seine-Maritime,28.0,Normandie,50.0,3.0,2.0,2,2.0,28,Normandie,76,2,11,Sassetot-le-Mauconduit,1011,19,1030.0
202300049654,2.0,2,3,1,5.0,1.0,0.0,0,-1.0,1999.0,A01,1,4,2023,06:00,3,76.0,76663,2,1,2.0,6.0,8 Cote des Petites Dalles,"49,80562300","0,53160300",,76.076663,76663,Seine-Maritime,28.0,Normandie,50.0,3.0,2.0,2,2.0,28,Normandie,76,2,11,Sassetot-le-Mauconduit,1011,19,1030.0
202300049776,1.0,1,4,2,1.0,8.0,-1.0, -1,-1.0,1998.0,B01,9,5,2023,07:30,1,76.0,76351,2,6,2.0,3.0,PIERRE NAZE (PLACE),"49,49617600","0,10783200",,76.076351,76351,Seine-Maritime,28.0,Normandie,50.0,4.0,1.0,1,2.0,28,Normandie,76,2,96,LeHavre,166058,1780,167838.0
202300049776,1.0,1,1,2,2.0,1.0,-1.0, -1,-1.0,1978.0,A01,9,5,2023,07:30,1,76.0,76351,2,6,2.0,3.0,PIERRE NAZE (PLACE),"49,49617600","0,10783200",,76.076351,76351,Seine-Maritime,28.0,Normandie,50.0,4.0,1.0,1,2.0,28,Normandie,76,2,96,LeHavre,166058,1780,167838.0
202300049786,4.0,2,4,1,0.0,1.0,-1.0, -1,-1.0,1973.0,C01,6,5,2023,15:35,1,76.0,76351,2,4,2.0,5.0,GENERAL FERRIE (AVENUE),"49,50342000","0,17963000",,76.076351,76351,Seine-Maritime,28.0,Normandie,50.0,4.0,1.0,1,2.0,28,Normandie,76,2,96,LeHavre,166058,1780,167838.0
202300049786,2.0,2,4,2,0.0,1.0,-1.0, -1,-1.0,1978.0,C01,6,5,2023,15:35,1,76.0,76351,2,4,2.0,5.0,GENERAL FERRIE (AVENUE),"49,50342000","0,17963000",,76.076351,76351,Seine-Maritime,28.0,Normandie,50.0,4.0,1.0,1,2.0,28,Normandie,76,2,96,LeHavre,166058,1780,167838.0
202300049786,1.0,1,4,2,0.0,1.0,-1.0, -1,-1.0,1982.0,C01,6,5,2023,15:35,1,76.0,76351,2,4,2.0,5.0,GENERAL FERRIE (AVENUE),"49,50342000","0,17963000",,76.076351,76351,Seine-Maritime,28.0,Normandie,50.0,4.0,1.0,1,2.0,28,Normandie,76,2,96,LeHavre,166058,1780,167838.0
202300049786,3.0,2,4,1,0.0,1.0,-1.0, -1,-1.0,1988.0,C01,6,5,2023,15:35,1,76.0,76351,2,4,2.0,5.0,GENERAL FERRIE (AVENUE),"49,50342000","0,17963000",,76.076351,76351,Seine-Maritime,28.0,Normandie,50.0,4.0,1.0,1,2.0,28,Normandie,76,2,96,LeHavre,166058,1780,167838.0
202300049786,1.0,1,4,2,0.0,1.0,-1.0, -1,-1.0,1989.0,B01,6,5,2023,15:35,1,76.0,76351,2,4,2.0,5.0,GENERAL FERRIE (AVENUE),"49,50342000","0,17963000",,76.076351,76351,Seine-Maritime,28.0,Normandie,50.0,4.0,1.0,1,2.0,28,Normandie,76,2,96,LeHavre,166058,1780,167838.0
202300049786,1.0,1,1,1,0.0,1.0,-1.0, -1,-1.0,1986.0,A01,6,5,2023,15:35,1,76.0,76351,2,4,2.0,5.0,GENERAL FERRIE (AVENUE),"49,50342000","0,17963000",,76.076351,76351,Seine-Maritime,28.0,Normandie,50.0,4.0,1.0,1,2.0,28,Normandie,76,2,96,LeHavre,166058,1780,167838.0
202300049795,1.0,1,1,-1,-1.0,-1.0,-1.0, -1,-1.0,,A01,5,5,2023,22:20,4,76.0,76351,1,1,1.0,4.0,VERDUN (RUE DE),"49,50275000","0,18954000",,76.076351,76351,Seine-Maritime,28.0,Normandie,70.0,3.0,3.0,0,1.0,28,Normandie,76,2,96,LeHavre,166058,1780,167838.0
202300049795,1.0,1,1,1,0.0,1.0,-1.0, -1,-1.0,2002.0,C01,5,5,2023,22:20,4,76.0,76351,1,1,1.0,4.0,VERDUN (RUE DE),"49,50275000","0,18954000",,76.076351,76351,Seine-Maritime,28.0,Normandie,70.0,3.0,3.0,0,1.0,28,Normandie,76,2,96,LeHavre,166058,1780,167838.0
202300049795,1.0,1,4,1,5.0,1.0,-1.0, -1,-1.0,2001.0,B01,5,5,2023,22:20,4,76.0,76351,1,1,1.0,4.0,VERDUN (RUE DE),"49,50275000","0,18954000",,76.076351,76351,Seine-Maritime,28.0,Normandie,70.0,3.0,3.0,0,1.0,28,Normandie,76,2,96,LeHavre,166058,1780,167838.0
202300049795,2.0,2,4,1,5.0,1.0,-1.0, -1,-1.0,2003.0,B01,5,5,2023,22:20,4,76.0,76351,1,1,1.0,4.0,VERDUN (RUE DE),"49,50275000","0,18954000",,76.076351,76351,Seine-Maritime,28.0,Normandie,70.0,3.0,3.0,0,1.0,28,Normandie,76,2,96,LeHavre,166058,1780,167838.0
202300049795,4.0,2,4,2,5.0,1.0,-1.0, -1,-1.0,2005.0,B01,5,5,2023,22:20,4,76.0,76351,1,1,1.0,4.0,VERDUN (RUE DE),"49,50275000","0,18954000",,76.076351,76351,Seine-Maritime,28.0,Normandie,70.0,3.0,3.0,0,1.0,28,Normandie,76,2,96,LeHavre,166058,1780,167838.0
202300049795,4.0,2,4,1,5.0,1.0,-1.0, -1,-1.0,2004.0,B01,5,5,2023,22:20,4,76.0,76351,1,1,1.0,4.0,VERDUN (RUE DE),"49,50275000","0,18954000",,76.076351,76351,Seine-Maritime,28.0,Normandie,70.0,3.0,3.0,0,1.0,28,Normandie,76,2,96,LeHavre,166058,1780,167838.0
202300049801,1.0,1,4,2,5.0,2.0,-1.0, -1,-1.0,2007.0,A01,10,5,2023,15:15,1,76.0,76349,1,3,1.0,2.0,RD 925,"49,90008000","1,05120000",,76.076349,76349,Seine-Maritime,28.0,Normandie,80.0,3.0,2.0,2,1.0,28,Normandie,76,1,7,Hautot-sur-Mer,1887,46,1933.0
202300049801,1.0,1,1,1,5.0,1.0,-1.0, -1,-1.0,1986.0,B01,10,5,2023,15:15,1,76.0,76349,1,3,1.0,2.0,RD 925,"49,90008000","1,05120000",,76.076349,76349,Seine-Maritime,28.0,Normandie,80.0,3.0,2.0,2,1.0,28,Normandie,76,1,7,Hautot-sur-Mer,1887,46,1933.0