Num_Acc,place,catu,grav,sexe,trajet,secu,locp,actp,etatp,an_nais,num_veh,jour,mois,an,hrmn,lum,dep,com,agg,int,atm,col,adr,lat,long,gps,com_insee_temp,com_insee,departmentName,regionCode,regionName,vma,catr,circ,nbv,surf,Code,Region,Departement,Arrondissement,Code_Canton,Nom_Commune,Population_municipaLe,Population_comptee_a_part,Population_Totale
202300053172,2.0,2,3,1,4.0,1.0,0.0,0,-1.0,1994.0,A01,12,6,2023,15:19,1,76.0,76328,1,1,1.0,7.0,Route du Fort,"49,66535700","1,19429600",,76.076328,76328,Seine-Maritime,28.0,Normandie,70.0,3.0,2.0,2,1.0,28,Normandie,76,3,23,GrigneusevilLe376,5,381,
202300053172,1.0,1,2,1,4.0,1.0,0.0,0,-1.0,1985.0,A01,12,6,2023,15:19,1,76.0,76328,1,1,1.0,7.0,Route du Fort,"49,66535700","1,19429600",,76.076328,76328,Seine-Maritime,28.0,Normandie,70.0,3.0,2.0,2,1.0,28,Normandie,76,3,23,GrigneusevilLe376,5,381,
202300053185,10.0,3,3,2,9.0,0.0,5.0,B,1.0,1988.0,A01,18,1,2023,15:00,1,76.0,76743,1,1,4.0,4.0,Route des Campeaux,"49,52586300","0,93722800",,76.076743,76743,Seine-Maritime,28.0,Normandie,50.0,4.0,2.0,2,5.0,28,Normandie,76,3,1,Villers-ÉcalLes1734,12,1746,
202300053185,1.0,1,1,1,1.0,1.0,0.0,0,-1.0,1991.0,A01,18,1,2023,15:00,1,76.0,76743,1,1,4.0,4.0,Route des Campeaux,"49,52586300","0,93722800",,76.076743,76743,Seine-Maritime,28.0,Normandie,50.0,4.0,2.0,2,5.0,28,Normandie,76,3,1,Villers-ÉcalLes1734,12,1746,
202300053185,1.0,1,1,2,1.0,1.0,0.0,0,-1.0,1965.0,C01,18,1,2023,15:00,1,76.0,76743,1,1,4.0,4.0,Route des Campeaux,"49,52586300","0,93722800",,76.076743,76743,Seine-Maritime,28.0,Normandie,50.0,4.0,2.0,2,5.0,28,Normandie,76,3,1,Villers-ÉcalLes1734,12,1746,
202300053185,1.0,1,1,1,9.0,1.0,0.0,0,-1.0,1980.0,B01,18,1,2023,15:00,1,76.0,76743,1,1,4.0,4.0,Route des Campeaux,"49,52586300","0,93722800",,76.076743,76743,Seine-Maritime,28.0,Normandie,50.0,4.0,2.0,2,5.0,28,Normandie,76,3,1,Villers-ÉcalLes1734,12,1746,
202300053190,1.0,1,1,1,1.0,1.0,-1.0, -1,-1.0,1968.0,A01,26,9,2023,07:30,2,76.0,76114,2,1,1.0,6.0,JACQUES FAUQUET (RUE),"49,56979000","0,47059000",,76.076114,76114,Seine-Maritime,28.0,Normandie,50.0,4.0,2.0,2,1.0,28,Normandie,76,2,3,Bolbec,11635,147,11782.0
202300053190,10.0,3,4,1,2.0,0.0,3.0,3,1.0,2010.0,A01,26,9,2023,07:30,2,76.0,76114,2,1,1.0,6.0,JACQUES FAUQUET (RUE),"49,56979000","0,47059000",,76.076114,76114,Seine-Maritime,28.0,Normandie,50.0,4.0,2.0,2,1.0,28,Normandie,76,2,3,Bolbec,11635,147,11782.0
202300053224,1.0,1,4,1,0.0,1.0,-1.0, -1,-1.0,1996.0,E01,8,5,2023,20:50,1,76.0,76575,1,1,1.0,4.0,Boulevard Lénine,"49,39333000","1,11145000",,76.076575,76575,Seine-Maritime,28.0,Normandie,90.0,7.0,3.0,4,1.0,28,Normandie,76,3,98,Saint-Étienne-du-Rouvray,28508,225,28733.0
202300053224,1.0,1,1,2,0.0,1.0,-1.0, -1,-1.0,1996.0,B01,8,5,2023,20:50,1,76.0,76575,1,1,1.0,4.0,Boulevard Lénine,"49,39333000","1,11145000",,76.076575,76575,Seine-Maritime,28.0,Normandie,90.0,7.0,3.0,4,1.0,28,Normandie,76,3,98,Saint-Étienne-du-Rouvray,28508,225,28733.0
202300053224,1.0,1,1,1,0.0,1.0,-1.0, -1,-1.0,1994.0,C01,8,5,2023,20:50,1,76.0,76575,1,1,1.0,4.0,Boulevard Lénine,"49,39333000","1,11145000",,76.076575,76575,Seine-Maritime,28.0,Normandie,90.0,7.0,3.0,4,1.0,28,Normandie,76,3,98,Saint-Étienne-du-Rouvray,28508,225,28733.0
202300053224,1.0,1,1,1,0.0,1.0,-1.0, -1,-1.0,1979.0,F01,8,5,2023,20:50,1,76.0,76575,1,1,1.0,4.0,Boulevard Lénine,"49,39333000","1,11145000",,76.076575,76575,Seine-Maritime,28.0,Normandie,90.0,7.0,3.0,4,1.0,28,Normandie,76,3,98,Saint-Étienne-du-Rouvray,28508,225,28733.0
202300053224,1.0,1,4,2,0.0,1.0,-1.0, -1,-1.0,1999.0,D01,8,5,2023,20:50,1,76.0,76575,1,1,1.0,4.0,Boulevard Lénine,"49,39333000","1,11145000",,76.076575,76575,Seine-Maritime,28.0,Normandie,90.0,7.0,3.0,4,1.0,28,Normandie,76,3,98,Saint-Étienne-du-Rouvray,28508,225,28733.0
202300053227,2.0,2,1,2,2.0,1.0,0.0,0,-1.0,2011.0,A01,3,1,2023,07:45,5,76.0,76159,2,3,1.0,1.0,Route de Veulettes,"49,78896000","0,63905000",,76.076159,76159,Seine-Maritime,28.0,Normandie,-1.0,3.0,2.0, -1,1.0,28,Normandie,76,1,33,Cany-BarvilLe2947,46,2993,
202300053227,1.0,1,1,1,2.0,1.0,0.0,0,-1.0,1974.0,A01,3,1,2023,07:45,5,76.0,76159,2,3,1.0,1.0,Route de Veulettes,"49,78896000","0,63905000",,76.076159,76159,Seine-Maritime,28.0,Normandie,-1.0,3.0,2.0, -1,1.0,28,Normandie,76,1,33,Cany-BarvilLe2947,46,2993,
202300053227,1.0,1,3,1,2.0,0.0,0.0,0,-1.0,2011.0,B01,3,1,2023,07:45,5,76.0,76159,2,3,1.0,1.0,Route de Veulettes,"49,78896000","0,63905000",,76.076159,76159,Seine-Maritime,28.0,Normandie,-1.0,3.0,2.0, -1,1.0,28,Normandie,76,1,33,Cany-BarvilLe2947,46,2993,
202300053233,10.0,3,2,1,5.0,0.0,1.0,3,1.0,1956.0,A01,3,1,2023,19:00,5,76.0,76452,2,1,3.0,6.0,170 Rue André Martin,"49,53609000","1,06161000",,76.076452,76452,Seine-Maritime,28.0,Normandie,50.0,3.0,2.0,2,2.0,28,Normandie,76,3,2,MontvilLe4595,51,4646,
202300053233,1.0,1,1,1,1.0,1.0,0.0,0,-1.0,1987.0,A01,3,1,2023,19:00,5,76.0,76452,2,1,3.0,6.0,170 Rue André Martin,"49,53609000","1,06161000",,76.076452,76452,Seine-Maritime,28.0,Normandie,50.0,3.0,2.0,2,2.0,28,Normandie,76,3,2,MontvilLe4595,51,4646,
202300053302,1.0,1,1,1,4.0,0.0,0.0,0,-1.0,1980.0,B01,25,8,2023,18:26,1,76.0,76241,1,2,1.0,3.0,D37,"49,81058700","0,78846200",,76.076241,76241,Seine-Maritime,28.0,Normandie,-1.0,3.0,2.0, -1,1.0,28,Normandie,76,1,33,ErmenouvilLe139,6,145,
202300053302,1.0,1,2,1,0.0,2.0,0.0,0,-1.0,1968.0,A01,25,8,2023,18:26,1,76.0,76241,1,2,1.0,3.0,D37,"49,81058700","0,78846200",,76.076241,76241,Seine-Maritime,28.0,Normandie,-1.0,3.0,2.0, -1,1.0,28,Normandie,76,1,33,ErmenouvilLe139,6,145,
202300053348,1.0,1,2,1,5.0,1.0,0.0,0,-1.0,1955.0,A01,30,3,2023,22:05,3,76.0,76415,1,1,2.0,1.0,D915,"49,68304100","1,37809800",,76.076415,76415,Seine-Maritime,28.0,Normandie,80.0,3.0,2.0,2,2.0,28,Normandie,76,1,23,Massy,320,5,325.0
202300053348,2.0,2,3,2,5.0,1.0,0.0,0,-1.0,1956.0,A01,30,3,2023,22:05,3,76.0,76415,1,1,2.0,1.0,D915,"49,68304100","1,37809800",,76.076415,76415,Seine-Maritime,28.0,Normandie,80.0,3.0,2.0,2,2.0,28,Normandie,76,1,23,Massy,320,5,325.0
202300053348,1.0,1,3,2,5.0,1.0,0.0,0,-1.0,1955.0,B01,30,3,2023,22:05,3,76.0,76415,1,1,2.0,1.0,D915,"49,68304100","1,37809800",,76.076415,76415,Seine-Maritime,28.0,Normandie,80.0,3.0,2.0,2,2.0,28,Normandie,76,1,23,Massy,320,5,325.0
202300053348,2.0,2,3,2,5.0,1.0,0.0,0,-1.0,1965.0,B01,30,3,2023,22:05,3,76.0,76415,1,1,2.0,1.0,D915,"49,68304100","1,37809800",,76.076415,76415,Seine-Maritime,28.0,Normandie,80.0,3.0,2.0,2,2.0,28,Normandie,76,1,23,Massy,320,5,325.0
202300053348,7.0,2,3,1,5.0,1.0,0.0,0,-1.0,1957.0,B01,30,3,2023,22:05,3,76.0,76415,1,1,2.0,1.0,D915,"49,68304100","1,37809800",,76.076415,76415,Seine-Maritime,28.0,Normandie,80.0,3.0,2.0,2,2.0,28,Normandie,76,1,23,Massy,320,5,325.0
202300053644,1.0,1,4,1,1.0,1.0,0.0,0,-1.0,2001.0,A01,1,1,2023,18:30,3,76.0,76231,2,1,2.0,6.0,Chemin du Buquet,"49,29050800","0,98245000",,76.076231,76231,Seine-Maritime,28.0,Normandie,50.0,4.0,2.0,2,2.0,28,Normandie,76,3,9,Elbeuf,15951,138,16089.0
202300053655,1.0,1,1,1,5.0,8.0,0.0,0,-1.0,1989.0,A01,1,1,2023,06:30,5,76.0,76366,2,2,1.0,1.0,Rue de la République,"49,50974000","1,03329000",,76.076366,76366,Seine-Maritime,28.0,Normandie,50.0,7.0,2.0,2,1.0,28,Normandie,76,3,24,LeHoulme,4133,32,4165.0
202300053655,1.0,1,4,1,5.0,8.0,0.0,0,-1.0,1974.0,B01,1,1,2023,06:30,5,76.0,76366,2,2,1.0,1.0,Rue de la République,"49,50974000","1,03329000",,76.076366,76366,Seine-Maritime,28.0,Normandie,50.0,7.0,2.0,2,1.0,28,Normandie,76,3,24,LeHoulme,4133,32,4165.0
202300053705,1.0,1,1,1,4.0,1.0,-1.0, -1,-1.0,1960.0,A01,26,10,2023,10:40,1,76.0,76351,2,1,1.0,6.0,GENERAL DE GAULLE (PLACE),"49,48988000","0,10754000",,76.076351,76351,Seine-Maritime,28.0,Normandie,50.0,4.0,2.0,6,1.0,28,Normandie,76,2,96,LeHavre,166058,1780,167838.0
202300053705,3.0,2,3,2,5.0,1.0,-1.0, -1,-1.0,1945.0,A01,26,10,2023,10:40,1,76.0,76351,2,1,1.0,6.0,GENERAL DE GAULLE (PLACE),"49,48988000","0,10754000",,76.076351,76351,Seine-Maritime,28.0,Normandie,50.0,4.0,2.0,6,1.0,28,Normandie,76,2,96,LeHavre,166058,1780,167838.0
202300053751,10.0,3,3,1,0.0,8.0,9.0,3,1.0,2010.0,A01,30,11,2023,17:20,2,76.0,76540,2,1,2.0,6.0,Rue Dufay,"49,42473000","1,07508000",,76.076540,76540,Seine-Maritime,28.0,Normandie,30.0,4.0,2.0,2,2.0,28,Normandie,76,3,97,Rouen,114083,1556,115639.0
202300053751,1.0,1,4,2,0.0,1.0,-1.0, -1,-1.0,1980.0,A01,30,11,2023,17:20,2,76.0,76540,2,1,2.0,6.0,Rue Dufay,"49,42473000","1,07508000",,76.076540,76540,Seine-Maritime,28.0,Normandie,30.0,4.0,2.0,2,2.0,28,Normandie,76,3,97,Rouen,114083,1556,115639.0
202300053760,1.0,1,1,1,0.0,1.0,-1.0, -1,-1.0,1978.0,A01,29,11,2023,18:20,5,76.0,76351,2,2,2.0,6.0,COLBERT (QUAI),"49,49095787","0,12317643",,76.076351,76351,Seine-Maritime,28.0,Normandie,-1.0,4.0,2.0, -1,2.0,28,Normandie,76,2,96,LeHavre,166058,1780,167838.0
202300053760,10.0,3,4,2,0.0,0.0,4.0,3,1.0,1972.0,A01,29,11,2023,18:20,5,76.0,76351,2,2,2.0,6.0,COLBERT (QUAI),"49,49095787","0,12317643",,76.076351,76351,Seine-Maritime,28.0,Normandie,-1.0,4.0,2.0, -1,2.0,28,Normandie,76,2,96,LeHavre,166058,1780,167838.0
202300054008,1.0,1,4,1,0.0,1.0,-1.0, -1,-1.0,1946.0,A01,23,8,2023,14:25,1,76.0,76165,2,6,1.0,4.0,Rue Félix Faure,"49,28921200","1,03562800",,76.076165,76165,Seine-Maritime,28.0,Normandie,50.0,4.0,2.0,2,1.0,28,Normandie,76,3,5,Caudebec-lès-Elbeuf,10135,69,10204.0
202300054008,1.0,1,4,1,0.0,1.0,-1.0, -1,-1.0,1996.0,B01,23,8,2023,14:25,1,76.0,76165,2,6,1.0,4.0,Rue Félix Faure,"49,28921200","1,03562800",,76.076165,76165,Seine-Maritime,28.0,Normandie,50.0,4.0,2.0,2,1.0,28,Normandie,76,3,5,Caudebec-lès-Elbeuf,10135,69,10204.0
202300054008,1.0,1,1,1,0.0,1.0,-1.0, -1,-1.0,2003.0,C01,23,8,2023,14:25,1,76.0,76165,2,6,1.0,4.0,Rue Félix Faure,"49,28921200","1,03562800",,76.076165,76165,Seine-Maritime,28.0,Normandie,50.0,4.0,2.0,2,1.0,28,Normandie,76,3,5,Caudebec-lès-Elbeuf,10135,69,10204.0
202300054008,2.0,2,4,1,0.0,1.0,-1.0, -1,-1.0,2003.0,C01,23,8,2023,14:25,1,76.0,76165,2,6,1.0,4.0,Rue Félix Faure,"49,28921200","1,03562800",,76.076165,76165,Seine-Maritime,28.0,Normandie,50.0,4.0,2.0,2,1.0,28,Normandie,76,3,5,Caudebec-lès-Elbeuf,10135,69,10204.0
202300054018,1.0,1,4,2,0.0,8.0,-1.0, -1,-1.0,2002.0,A01,22,8,2023,11:15,1,76.0,76540,2,9,1.0,2.0,N1338,"49,43724000","1,07208000",,76.076540,76540,Seine-Maritime,28.0,Normandie,50.0,2.0,3.0,2,1.0,28,Normandie,76,3,97,Rouen,114083,1556,115639.0
202300054018,1.0,1,4,2,0.0,8.0,-1.0, -1,-1.0,1998.0,B01,22,8,2023,11:15,1,76.0,76540,2,9,1.0,2.0,N1338,"49,43724000","1,07208000",,76.076540,76540,Seine-Maritime,28.0,Normandie,50.0,2.0,3.0,2,1.0,28,Normandie,76,3,97,Rouen,114083,1556,115639.0
202300054026,1.0,1,1,1,5.0,8.0,-1.0, -1,-1.0,1977.0,A01,20,8,2023,13:10,1,76.0,76131,1,1,1.0,1.0,Cote de la Maison Brulee,"49,34652429","0,93302250",,76.076131,76131,Seine-Maritime,28.0,Normandie,80.0,7.0,-1.0,2,1.0,28,Normandie,76,3,9,La BouilLe710,10,720,
202300054026,1.0,1,2,1,5.0,2.0,-1.0, -1,-1.0,1977.0,B01,20,8,2023,13:10,1,76.0,76131,1,1,1.0,1.0,Cote de la Maison Brulee,"49,34652429","0,93302250",,76.076131,76131,Seine-Maritime,28.0,Normandie,80.0,7.0,-1.0,2,1.0,28,Normandie,76,3,9,La BouilLe710,10,720,
202300054026,2.0,2,3,2,5.0,2.0,-1.0, -1,-1.0,1997.0,B01,20,8,2023,13:10,1,76.0,76131,1,1,1.0,1.0,Cote de la Maison Brulee,"49,34652429","0,93302250",,76.076131,76131,Seine-Maritime,28.0,Normandie,80.0,7.0,-1.0,2,1.0,28,Normandie,76,3,9,La BouilLe710,10,720,
202300054039,1.0,1,1,2,0.0,1.0,-1.0, -1,-1.0,1965.0,C01,21,8,2023,17:40,1,76.0,76351,2,3,1.0,5.0,LOUIS LUMIERE,"49,52702000","0,12994000",,76.076351,76351,Seine-Maritime,28.0,Normandie,50.0,3.0,2.0,2,1.0,28,Normandie,76,2,96,LeHavre,166058,1780,167838.0
202300054039,1.0,1,1,2,0.0,1.0,-1.0, -1,-1.0,1985.0,A01,21,8,2023,17:40,1,76.0,76351,2,3,1.0,5.0,LOUIS LUMIERE,"49,52702000","0,12994000",,76.076351,76351,Seine-Maritime,28.0,Normandie,50.0,3.0,2.0,2,1.0,28,Normandie,76,2,96,LeHavre,166058,1780,167838.0
202300054039,1.0,1,4,1,1.0,8.0,-1.0, -1,-1.0,1969.0,B01,21,8,2023,17:40,1,76.0,76351,2,3,1.0,5.0,LOUIS LUMIERE,"49,52702000","0,12994000",,76.076351,76351,Seine-Maritime,28.0,Normandie,50.0,3.0,2.0,2,1.0,28,Normandie,76,2,96,LeHavre,166058,1780,167838.0
202300054042,1.0,1,3,1,5.0,8.0,-1.0, -1,-1.0,1986.0,A01,21,8,2023,03:15,5,76.0,76351,2,1,1.0,7.0,PASTEUR,"49,50384000","0,13057300",,76.076351,76351,Seine-Maritime,28.0,Normandie,50.0,4.0,2.0,2,1.0,28,Normandie,76,2,96,LeHavre,166058,1780,167838.0
202300054053,1.0,1,4,2,0.0,1.0,-1.0, -1,-1.0,1972.0,A01,18,8,2023,14:35,1,76.0,76351,2,3,1.0,3.0,JEAN JAURES (AVENUE),"49,49769000","0,13690000",,76.076351,76351,Seine-Maritime,28.0,Normandie,50.0,4.0,2.0,5,1.0,28,Normandie,76,2,96,LeHavre,166058,1780,167838.0
202300054053,1.0,1,4,1,0.0,1.0,-1.0, -1,-1.0,1972.0,B01,18,8,2023,14:35,1,76.0,76351,2,3,1.0,3.0,JEAN JAURES (AVENUE),"49,49769000","0,13690000",,76.076351,76351,Seine-Maritime,28.0,Normandie,50.0,4.0,2.0,5,1.0,28,Normandie,76,2,96,LeHavre,166058,1780,167838.0
202300054068,1.0,1,1,1,1.0,1.0,-1.0, -1,-1.0,1991.0,A01,23,8,2023,05:40,5,76.0,76114,2,2,1.0,3.0,SAINT EUSTACHE (RUE DE),"49,56096200","0,47322300",,76.076114,76114,Seine-Maritime,28.0,Normandie,50.0,3.0,2.0,2,1.0,28,Normandie,76,2,3,Bolbec,11635,147,11782.0
202300054068,1.0,1,4,2,1.0,2.0,-1.0, -1,-1.0,2001.0,B01,23,8,2023,05:40,5,76.0,76114,2,2,1.0,3.0,SAINT EUSTACHE (RUE DE),"49,56096200","0,47322300",,76.076114,76114,Seine-Maritime,28.0,Normandie,50.0,3.0,2.0,2,1.0,28,Normandie,76,2,3,Bolbec,11635,147,11782.0
202300054292,1.0,1,4,1,0.0,8.0,-1.0, -1,-1.0,2003.0,B01,7,5,2023,22:30,5,76.0,76322,2,3,1.0,1.0,Rue de la République,"49,41380440","1,03430271",,76.076322,76322,Seine-Maritime,28.0,Normandie,50.0,4.0,2.0,2,1.0,28,Normandie,76,3,13,LeGrand-Quevilly,25975,225,26200.0
202300054292,1.0,1,4,1,0.0,8.0,-1.0, -1,-1.0,1993.0,A01,7,5,2023,22:30,5,76.0,76322,2,3,1.0,1.0,Rue de la République,"49,41380440","1,03430271",,76.076322,76322,Seine-Maritime,28.0,Normandie,50.0,4.0,2.0,2,1.0,28,Normandie,76,3,13,LeGrand-Quevilly,25975,225,26200.0
202300054299,1.0,1,4,1,0.0,1.0,-1.0, -1,-1.0,2001.0,A01,7,5,2023,11:05,1,76.0,76681,1,1,3.0,7.0,Boulevard Industriel,"49,41007038","1,10852480",,76.076681,76681,Seine-Maritime,28.0,Normandie,90.0,7.0,3.0,4,3.0,28,Normandie,76,3,99,Sotteville-lès-Rouen,28965,475,29440.0
202300054351,2.0,2,1,1,3.0,1.0,0.0,0,-1.0,2005.0,A01,28,3,2023,13:53,1,76.0,76377,2,3,1.0,6.0,23 Route de Dieppe,"49,49987600","1,15392700",,76.076377,76377,Seine-Maritime,28.0,Normandie,50.0,7.0,2.0,2,1.0,28,Normandie,76,3,2,IsneauvilLe3657,64,3721,
202300054351,10.0,3,4,2,3.0,0.0,3.0,3,1.0,1980.0,A01,28,3,2023,13:53,1,76.0,76377,2,3,1.0,6.0,23 Route de Dieppe,"49,49987600","1,15392700",,76.076377,76377,Seine-Maritime,28.0,Normandie,50.0,7.0,2.0,2,1.0,28,Normandie,76,3,2,IsneauvilLe3657,64,3721,
202300054351,1.0,1,1,2,3.0,1.0,0.0,0,-1.0,2002.0,A01,28,3,2023,13:53,1,76.0,76377,2,3,1.0,6.0,23 Route de Dieppe,"49,49987600","1,15392700",,76.076377,76377,Seine-Maritime,28.0,Normandie,50.0,7.0,2.0,2,1.0,28,Normandie,76,3,2,IsneauvilLe3657,64,3721,
202300054646,1.0,1,4,1,5.0,2.0,0.0,0,-1.0,1964.0,A01,28,10,2023,14:45,1,76.0,76676,1,1,2.0,3.0,Rue de Guilmesnil,"49,56446400","1,48197400",,76.076676,76676,Seine-Maritime,28.0,Normandie,80.0,3.0,2.0,2,2.0,28,Normandie,76,1,12,Sigy-en-Bray,488,8,496.0
202300054646,1.0,1,1,1,9.0,0.0,0.0,0,-1.0,1954.0,B01,28,10,2023,14:45,1,76.0,76676,1,1,2.0,3.0,Rue de Guilmesnil,"49,56446400","1,48197400",,76.076676,76676,Seine-Maritime,28.0,Normandie,80.0,3.0,2.0,2,2.0,28,Normandie,76,1,12,Sigy-en-Bray,488,8,496.0
202300054763,1.0,1,1,1,1.0,1.0,-1.0, -1,-1.0,1995.0,A01,13,7,2023,08:15,1,76.0,76540,2,1,1.0,6.0,Avenue du Mont Riboudet,"49,44768000","1,06798000",,76.076540,76540,Seine-Maritime,28.0,Normandie,50.0,7.0,1.0,3,1.0,28,Normandie,76,3,97,Rouen,114083,1556,115639.0
202300054763,10.0,3,3,2,1.0,0.0,9.0,B,1.0,1989.0,A01,13,7,2023,08:15,1,76.0,76540,2,1,1.0,6.0,Avenue du Mont Riboudet,"49,44768000","1,06798000",,76.076540,76540,Seine-Maritime,28.0,Normandie,50.0,7.0,1.0,3,1.0,28,Normandie,76,3,97,Rouen,114083,1556,115639.0
202300054767,1.0,1,4,1,1.0,2.0,-1.0, -1,-1.0,2001.0,A01,13,7,2023,12:40,1,76.0,76305,1,1,1.0,7.0,INDUSTRIELLE (ROUTE),"49,48663000","0,21788000",,76.076305,76305,Seine-Maritime,28.0,Normandie,70.0,9.0,3.0,4,1.0,28,Normandie,76,2,16,Gonfreville-l'Orcher,8961,44,9005.0
202200000065,2.0,2,1,1,5.0,1.0,0.0,0,-1.0,1997.0,A01,22,10,2022,05:40,3,76.0,76621,1,1,1.0,6.0,autoroute A28,"49,6431298707","1,2667151729",,76.076621,76621,Seine-Maritime,28.0,Normandie,130.0,1.0,3.0,2,1.0,28,Normandie,76,1,23,Saint-Martin-OsmonvilLe1179,22,1201,
202200000065,1.0,1,2,2,5.0,1.0,0.0,0,-1.0,1968.0,A01,22,10,2022,05:40,3,76.0,76621,1,1,1.0,6.0,autoroute A28,"49,6431298707","1,2667151729",,76.076621,76621,Seine-Maritime,28.0,Normandie,130.0,1.0,3.0,2,1.0,28,Normandie,76,1,23,Saint-Martin-OsmonvilLe1179,22,1201,
202200000070,10.0,3,2,1,4.0,0.0,6.0,B,1.0,1963.0,A01,21,10,2022,14:47,1,76.0,76417,1,1,1.0,1.0,"A28, PK 66.800","49,6888370000","1,3520320000",,76.076417,76417,Seine-Maritime,28.0,Normandie,90.0,1.0,3.0,4,1.0,28,Normandie,76,1,23,MaucombLe398,11,409,
202200000070,1.0,1,1,1,4.0,1.0,0.0,0,-1.0,1982.0,A01,21,10,2022,14:47,1,76.0,76417,1,1,1.0,1.0,"A28, PK 66.800","49,6888370000","1,3520320000",,76.076417,76417,Seine-Maritime,28.0,Normandie,90.0,1.0,3.0,4,1.0,28,Normandie,76,1,23,MaucombLe398,11,409,
202200000235,1.0,1,3,2,5.0,1.0,0.0,0,-1.0,1998.0,A01,10,8,2022,02:40,3,76.0,76401,1,1,1.0,6.0,D913,"49,4181300000","0,7955500000",,76.076401,76401,Seine-Maritime,28.0,Normandie,80.0,3.0,2.0,2,1.0,28,Normandie,76,3,25,Arelaune-en-Seine,2518,43,2561.0
202200000297,10.0,3,3,1,9.0,0.0,4.0,3,1.0,1967.0,A01,8,8,2022,08:45,1,76.0,76540,2,2,1.0,6.0,Rue de Bapeaume,"49,4526500000","1,0565800000",,76.076540,76540,Seine-Maritime,28.0,Normandie,50.0,7.0,2.0,2,1.0,28,Normandie,76,3,97,Rouen,114083,1556,115639.0
202200000297,1.0,1,1,1,4.0,1.0,-1.0, -1,-1.0,2003.0,A01,8,8,2022,08:45,1,76.0,76540,2,2,1.0,6.0,Rue de Bapeaume,"49,4526500000","1,0565800000",,76.076540,76540,Seine-Maritime,28.0,Normandie,50.0,7.0,2.0,2,1.0,28,Normandie,76,3,97,Rouen,114083,1556,115639.0
202200000299,1.0,1,4,2,0.0,1.0,-1.0, -1,-1.0,1992.0,B01,7,8,2022,21:15,5,76.0,76484,2,1,1.0,3.0,Avenue du Général de Gaulle,"49,3432530276","1,0908114910",,76.076484,76484,Seine-Maritime,28.0,Normandie,50.0,7.0,2.0,2,1.0,28,Normandie,76,3,31,Oissel,12367,83,12450.0
202200000299,1.0,1,1,-1,-1.0,-1.0,-1.0, -1,-1.0,,A01,7,8,2022,21:15,5,76.0,76484,2,1,1.0,3.0,Avenue du Général de Gaulle,"49,3432530276","1,0908114910",,76.076484,76484,Seine-Maritime,28.0,Normandie,50.0,7.0,2.0,2,1.0,28,Normandie,76,3,31,Oissel,12367,83,12450.0
202200000301,1.0,1,4,1,5.0,8.0,-1.0, -1,-1.0,1993.0,A01,6,8,2022,06:35,2,76.0,76351,2,1,1.0,6.0,Rue de Mulhouse,"49,4874500000","0,1421000000",,76.076351,76351,Seine-Maritime,28.0,Normandie,50.0,4.0,2.0,1,1.0,28,Normandie,76,2,96,LeHavre,166058,1780,167838.0
202200000301,2.0,2,4,1,0.0,8.0,-1.0, -1,-1.0,1995.0,A01,6,8,2022,06:35,2,76.0,76351,2,1,1.0,6.0,Rue de Mulhouse,"49,4874500000","0,1421000000",,76.076351,76351,Seine-Maritime,28.0,Normandie,50.0,4.0,2.0,1,1.0,28,Normandie,76,2,96,LeHavre,166058,1780,167838.0
202200000577,2.0,2,1,2,5.0,1.0,0.0,0,-1.0,2001.0,B01,26,3,2022,16:37,1,76.0,76261,1,2,1.0,3.0,Route des Brouillards,"49,5642370000","1,5474110000",,76.076261,76261,Seine-Maritime,28.0,Normandie,80.0,3.0,2.0,2,1.0,28,Normandie,76,1,12,La Ferté-Saint-Samson,444,11,455.0
202200000577,1.0,1,1,1,5.0,1.0,0.0,0,-1.0,1992.0,B01,26,3,2022,16:37,1,76.0,76261,1,2,1.0,3.0,Route des Brouillards,"49,5642370000","1,5474110000",,76.076261,76261,Seine-Maritime,28.0,Normandie,80.0,3.0,2.0,2,1.0,28,Normandie,76,1,12,La Ferté-Saint-Samson,444,11,455.0
202200000577,2.0,2,1,2,5.0,2.0,0.0,0,-1.0,1979.0,A01,26,3,2022,16:37,1,76.0,76261,1,2,1.0,3.0,Route des Brouillards,"49,5642370000","1,5474110000",,76.076261,76261,Seine-Maritime,28.0,Normandie,80.0,3.0,2.0,2,1.0,28,Normandie,76,1,12,La Ferté-Saint-Samson,444,11,455.0
202200000577,1.0,1,3,1,5.0,2.0,0.0,0,-1.0,1976.0,A01,26,3,2022,16:37,1,76.0,76261,1,2,1.0,3.0,Route des Brouillards,"49,5642370000","1,5474110000",,76.076261,76261,Seine-Maritime,28.0,Normandie,80.0,3.0,2.0,2,1.0,28,Normandie,76,1,12,La Ferté-Saint-Samson,444,11,455.0
202200000811,1.0,1,1,2,0.0,1.0,-1.0, -1,-1.0,1946.0,A01,17,10,2022,19:15,3,76.0,76481,1,6,1.0,6.0,MONTIVILLIERS (ROUTE DE),"49,5619500000","0,1164100000",,76.076481,76481,Seine-Maritime,28.0,Normandie,50.0,3.0,2.0,2,2.0,28,Normandie,76,2,26,Octeville-sur-Mer,6122,119,6241.0