Num_Acc,place,catu,grav,sexe,trajet,secu,locp,actp,etatp,an_nais,num_veh,jour,mois,an,hrmn,lum,dep,com,agg,int,atm,col,adr,lat,long,gps,com_insee_temp,com_insee,departmentName,regionCode,regionName,vma,catr,circ,nbv,surf,Code,Region,Departement,Arrondissement,Code_Canton,Nom_Commune,Population_municipaLe,Population_comptee_a_part,Population_Totale
202200002740,1.0,1,1,1,0.0,0.0,0.0,0,-1.0,1986.0,A01,6,7,2022,07:10,1,76.0,76484,1,1,1.0,2.0,A13,"49,3443760000","1,0492590000",,76.076484,76484,Seine-Maritime,28.0,Normandie,110.0,1.0,1.0,5,1.0,28,Normandie,76,3,31,Oissel,12367,83,12450.0
202200002740,1.0,1,3,1,0.0,2.0,0.0,0,-1.0,1991.0,B01,6,7,2022,07:10,1,76.0,76484,1,1,1.0,2.0,A13,"49,3443760000","1,0492590000",,76.076484,76484,Seine-Maritime,28.0,Normandie,110.0,1.0,1.0,5,1.0,28,Normandie,76,3,31,Oissel,12367,83,12450.0
202200002820,1.0,1,1,1,0.0,1.0,-1.0, -1,-1.0,1986.0,A01,4,7,2022,15:40,1,76.0,76540,2,2,1.0,6.0,Boulevard de l'Yser,"49,4466100000","1,1056900000",,76.076540,76540,Seine-Maritime,28.0,Normandie,50.0,7.0,2.0,3,1.0,28,Normandie,76,3,97,Rouen,114083,1556,115639.0
202200002820,10.0,3,4,1,0.0,0.0,5.0,2,2.0,2003.0,A01,4,7,2022,15:40,1,76.0,76540,2,2,1.0,6.0,Boulevard de l'Yser,"49,4466100000","1,1056900000",,76.076540,76540,Seine-Maritime,28.0,Normandie,50.0,7.0,2.0,3,1.0,28,Normandie,76,3,97,Rouen,114083,1556,115639.0
202200002820,10.0,3,4,2,0.0,0.0,5.0,2,2.0,2006.0,A01,4,7,2022,15:40,1,76.0,76540,2,2,1.0,6.0,Boulevard de l'Yser,"49,4466100000","1,1056900000",,76.076540,76540,Seine-Maritime,28.0,Normandie,50.0,7.0,2.0,3,1.0,28,Normandie,76,3,97,Rouen,114083,1556,115639.0
202200002820,10.0,3,4,1,0.0,0.0,5.0,9,2.0,2022.0,A01,4,7,2022,15:40,1,76.0,76540,2,2,1.0,6.0,Boulevard de l'Yser,"49,4466100000","1,1056900000",,76.076540,76540,Seine-Maritime,28.0,Normandie,50.0,7.0,2.0,3,1.0,28,Normandie,76,3,97,Rouen,114083,1556,115639.0
202200002820,1.0,1,1,2,9.0,1.0,-1.0, -1,-1.0,1966.0,B01,4,7,2022,15:40,1,76.0,76540,2,2,1.0,6.0,Boulevard de l'Yser,"49,4466100000","1,1056900000",,76.076540,76540,Seine-Maritime,28.0,Normandie,50.0,7.0,2.0,3,1.0,28,Normandie,76,3,97,Rouen,114083,1556,115639.0
202200002821,1.0,1,4,1,5.0,8.0,-1.0, -1,-1.0,2005.0,B01,4,7,2022,14:55,1,76.0,76108,2,1,1.0,2.0,Route de Neufchâtel,"49,4540300000","1,1049800000",,76.076108,76108,Seine-Maritime,28.0,Normandie,50.0,7.0,2.0,2,1.0,28,Normandie,76,3,2,Bois-Guillaume,14262,361,14623.0
202200002821,1.0,1,1,1,1.0,1.0,-1.0, -1,-1.0,1995.0,A01,4,7,2022,14:55,1,76.0,76108,2,1,1.0,2.0,Route de Neufchâtel,"49,4540300000","1,1049800000",,76.076108,76108,Seine-Maritime,28.0,Normandie,50.0,7.0,2.0,2,1.0,28,Normandie,76,3,2,Bois-Guillaume,14262,361,14623.0
202200002822,1.0,1,1,-1,-1.0,-1.0,-1.0, -1,-1.0,,Z01,3,7,2022,19:18,1,76.0,76351,2,2,1.0,3.0,FLANDRES DUNKERQUE,"49,5133390000","0,1694200000",,76.076351,76351,Seine-Maritime,28.0,Normandie,50.0,4.0,2.0,1,1.0,28,Normandie,76,2,96,LeHavre,166058,1780,167838.0
202200002822,1.0,1,4,1,0.0,2.0,-1.0, -1,-1.0,2005.0,A01,3,7,2022,19:18,1,76.0,76351,2,2,1.0,3.0,FLANDRES DUNKERQUE,"49,5133390000","0,1694200000",,76.076351,76351,Seine-Maritime,28.0,Normandie,50.0,4.0,2.0,1,1.0,28,Normandie,76,2,96,LeHavre,166058,1780,167838.0
202200002935,10.0,3,4,1,5.0,0.0,3.0,3,1.0,1958.0,A01,8,8,2022,18:30,1,76.0,76057,2,1,1.0,6.0,Rue Pierre et Marie Curie,"49,5363710000","0,9605100000",,76.076057,76057,Seine-Maritime,28.0,Normandie,50.0,3.0,2.0,2,1.0,28,Normandie,76,3,1,Barentin,12154,238,12392.0
202200002935,1.0,1,1,1,3.0,8.0,0.0,0,-1.0,1934.0,A01,8,8,2022,18:30,1,76.0,76057,2,1,1.0,6.0,Rue Pierre et Marie Curie,"49,5363710000","0,9605100000",,76.076057,76057,Seine-Maritime,28.0,Normandie,50.0,3.0,2.0,2,1.0,28,Normandie,76,3,1,Barentin,12154,238,12392.0
202200003098,1.0,1,1,1,1.0,1.0,0.0,0,-1.0,1995.0,B01,24,11,2022,18:10,3,76.0,76196,1,3,3.0,2.0,Route de Gonneville la Mallet,"49,6428070000","0,2556150000",,76.076196,76196,Seine-Maritime,28.0,Normandie,80.0,3.0,2.0,2,2.0,28,Normandie,76,2,26,Criquetot-l'Esneval,2567,82,2649.0
202200003098,1.0,1,4,1,1.0,2.0,0.0,0,-1.0,2006.0,A01,24,11,2022,18:10,3,76.0,76196,1,3,3.0,2.0,Route de Gonneville la Mallet,"49,6428070000","0,2556150000",,76.076196,76196,Seine-Maritime,28.0,Normandie,80.0,3.0,2.0,2,2.0,28,Normandie,76,2,26,Criquetot-l'Esneval,2567,82,2649.0
202200003146,1.0,1,1,1,9.0,1.0,-1.0, -1,-1.0,1976.0,A01,27,4,2022,13:25,1,76.0,76681,2,1,1.0,3.0,Rue Francois Raspail,"49,4160100000","1,0957300000",,76.076681,76681,Seine-Maritime,28.0,Normandie,50.0,4.0,2.0,2,1.0,28,Normandie,76,3,99,Sotteville-lès-Rouen,28965,475,29440.0
202200003146,10.0,3,3,1,9.0,0.0,2.0,3,2.0,2012.0,A01,27,4,2022,13:25,1,76.0,76681,2,1,1.0,3.0,Rue Francois Raspail,"49,4160100000","1,0957300000",,76.076681,76681,Seine-Maritime,28.0,Normandie,50.0,4.0,2.0,2,1.0,28,Normandie,76,3,99,Sotteville-lès-Rouen,28965,475,29440.0
202200003150,1.0,1,4,1,9.0,1.0,-1.0, -1,-1.0,1981.0,C01,25,4,2022,17:10,1,76.0,76486,1,1,1.0,4.0,D938,"49,3345900000","1,0118500000",,76.076486,76486,Seine-Maritime,28.0,Normandie,70.0,7.0,2.0,2,1.0,28,Normandie,76,3,9,Orival,860,5,865.0
202200003150,1.0,1,4,2,0.0,1.0,-1.0, -1,-1.0,1976.0,B01,25,4,2022,17:10,1,76.0,76486,1,1,1.0,4.0,D938,"49,3345900000","1,0118500000",,76.076486,76486,Seine-Maritime,28.0,Normandie,70.0,7.0,2.0,2,1.0,28,Normandie,76,3,9,Orival,860,5,865.0
202200003150,1.0,1,1,2,9.0,8.0,-1.0, -1,-1.0,1989.0,A01,25,4,2022,17:10,1,76.0,76486,1,1,1.0,4.0,D938,"49,3345900000","1,0118500000",,76.076486,76486,Seine-Maritime,28.0,Normandie,70.0,7.0,2.0,2,1.0,28,Normandie,76,3,9,Orival,860,5,865.0
202200003155,1.0,1,1,1,5.0,1.0,-1.0, -1,-1.0,1956.0,B01,16,4,2022,16:30,1,76.0,76498,1,1,1.0,2.0,N338 - Sud 3,"49,4346200000","1,0692900000",,76.076498,76498,Seine-Maritime,28.0,Normandie,90.0,2.0,3.0,4,1.0,28,Normandie,76,3,27,LePetit-Quevilly,21782,274,22056.0
202200003155,1.0,1,4,1,0.0,8.0,-1.0, -1,-1.0,2001.0,A01,16,4,2022,16:30,1,76.0,76498,1,1,1.0,2.0,N338 - Sud 3,"49,4346200000","1,0692900000",,76.076498,76498,Seine-Maritime,28.0,Normandie,90.0,2.0,3.0,4,1.0,28,Normandie,76,3,27,LePetit-Quevilly,21782,274,22056.0
202200003398,1.0,1,4,1,5.0,1.0,-1.0, -1,-1.0,1984.0,A01,5,6,2022,18:35,1,76.0,76681,2,2,2.0,7.0,Boulevard Industriel,"49,4158100000","1,1074100000",,76.076681,76681,Seine-Maritime,28.0,Normandie,70.0,7.0,3.0,4,2.0,28,Normandie,76,3,99,Sotteville-lès-Rouen,28965,475,29440.0
202200003399,1.0,1,1,1,0.0,1.0,-1.0, -1,-1.0,1979.0,A01,21,3,2022,11:10,1,76.0,76351,2,1,1.0,6.0,HUIT MAI 1945 (AVENUE DU),"49,5159800000","0,1701000000",,76.076351,76351,Seine-Maritime,28.0,Normandie,50.0,4.0,2.0,2,1.0,28,Normandie,76,2,96,LeHavre,166058,1780,167838.0
202200003399,10.0,3,1,2,0.0,0.0,5.0,2,2.0,1991.0,A01,21,3,2022,11:10,1,76.0,76351,2,1,1.0,6.0,HUIT MAI 1945 (AVENUE DU),"49,5159800000","0,1701000000",,76.076351,76351,Seine-Maritime,28.0,Normandie,50.0,4.0,2.0,2,1.0,28,Normandie,76,2,96,LeHavre,166058,1780,167838.0
202200003399,10.0,3,4,1,0.0,0.0,3.0,3,2.0,2019.0,A01,21,3,2022,11:10,1,76.0,76351,2,1,1.0,6.0,HUIT MAI 1945 (AVENUE DU),"49,5159800000","0,1701000000",,76.076351,76351,Seine-Maritime,28.0,Normandie,50.0,4.0,2.0,2,1.0,28,Normandie,76,2,96,LeHavre,166058,1780,167838.0
202200003404,2.0,2,4,2,0.0,1.0,-1.0, -1,-1.0,1952.0,B01,5,6,2022,09:05,1,76.0,76216,2,3,8.0,3.0,Route de Dieppe,"49,4588900000","1,0554600000",,76.076216,76216,Seine-Maritime,28.0,Normandie,50.0,7.0,2.0,2,1.0,28,Normandie,76,3,22,Déville-lès-Rouen,10745,62,10807.0
202200003404,1.0,1,4,1,0.0,1.0,-1.0, -1,-1.0,1951.0,B01,5,6,2022,09:05,1,76.0,76216,2,3,8.0,3.0,Route de Dieppe,"49,4588900000","1,0554600000",,76.076216,76216,Seine-Maritime,28.0,Normandie,50.0,7.0,2.0,2,1.0,28,Normandie,76,3,22,Déville-lès-Rouen,10745,62,10807.0
202200003404,6.0,2,1,2,4.0,1.0,-1.0, -1,-1.0,1990.0,A01,5,6,2022,09:05,1,76.0,76216,2,3,8.0,3.0,Route de Dieppe,"49,4588900000","1,0554600000",,76.076216,76216,Seine-Maritime,28.0,Normandie,50.0,7.0,2.0,2,1.0,28,Normandie,76,3,22,Déville-lès-Rouen,10745,62,10807.0
202200003404,2.0,2,1,1,4.0,1.0,-1.0, -1,-1.0,1973.0,A01,5,6,2022,09:05,1,76.0,76216,2,3,8.0,3.0,Route de Dieppe,"49,4588900000","1,0554600000",,76.076216,76216,Seine-Maritime,28.0,Normandie,50.0,7.0,2.0,2,1.0,28,Normandie,76,3,22,Déville-lès-Rouen,10745,62,10807.0
202200003404,1.0,1,4,1,4.0,1.0,-1.0, -1,-1.0,1995.0,A01,5,6,2022,09:05,1,76.0,76216,2,3,8.0,3.0,Route de Dieppe,"49,4588900000","1,0554600000",,76.076216,76216,Seine-Maritime,28.0,Normandie,50.0,7.0,2.0,2,1.0,28,Normandie,76,3,22,Déville-lès-Rouen,10745,62,10807.0
202200003405,1.0,1,3,1,5.0,2.0,0.0,0,-1.0,1988.0,A01,3,5,2022,17:15,1,76.0,76624,2,1,1.0,7.0,429 Rue de Croixmare,"49,8793780000","1,2278720000",,76.076624,76624,Seine-Maritime,28.0,Normandie,50.0,4.0,2.0,2,9.0,28,Normandie,76,1,8,Saint-Nicolas-d'Aliermont,3764,59,3823.0
202200003408,1.0,1,1,1,0.0,1.0,-1.0, -1,-1.0,1980.0,B01,3,6,2022,19:50,1,76.0,76474,2,1,1.0,1.0,Route de Dieppe,"49,4933000000","1,0487500000",,76.076474,76474,Seine-Maritime,28.0,Normandie,50.0,7.0,2.0,2,1.0,28,Normandie,76,3,24,Notre-Dame-de-BondevilLe6957,82,7039,
202200003408,2.0,2,4,1,0.0,1.0,-1.0, -1,-1.0,2007.0,A01,3,6,2022,19:50,1,76.0,76474,2,1,1.0,1.0,Route de Dieppe,"49,4933000000","1,0487500000",,76.076474,76474,Seine-Maritime,28.0,Normandie,50.0,7.0,2.0,2,1.0,28,Normandie,76,3,24,Notre-Dame-de-BondevilLe6957,82,7039,
202200003408,2.0,2,4,2,0.0,1.0,-1.0, -1,-1.0,2021.0,A01,3,6,2022,19:50,1,76.0,76474,2,1,1.0,1.0,Route de Dieppe,"49,4933000000","1,0487500000",,76.076474,76474,Seine-Maritime,28.0,Normandie,50.0,7.0,2.0,2,1.0,28,Normandie,76,3,24,Notre-Dame-de-BondevilLe6957,82,7039,
202200003408,1.0,1,3,1,0.0,1.0,-1.0, -1,-1.0,1980.0,A01,3,6,2022,19:50,1,76.0,76474,2,1,1.0,1.0,Route de Dieppe,"49,4933000000","1,0487500000",,76.076474,76474,Seine-Maritime,28.0,Normandie,50.0,7.0,2.0,2,1.0,28,Normandie,76,3,24,Notre-Dame-de-BondevilLe6957,82,7039,
202200003413,1.0,1,1,1,0.0,1.0,-1.0, -1,-1.0,1963.0,A01,3,6,2022,18:15,1,76.0,76231,2,1,2.0,3.0,Rue du Général de Gaulle,"49,2857537370","1,0111096501",,76.076231,76231,Seine-Maritime,28.0,Normandie,50.0,4.0,1.0,1,2.0,28,Normandie,76,3,9,Elbeuf,15951,138,16089.0
202200003413,1.0,1,4,1,0.0,8.0,-1.0, -1,-1.0,1981.0,B01,3,6,2022,18:15,1,76.0,76231,2,1,2.0,3.0,Rue du Général de Gaulle,"49,2857537370","1,0111096501",,76.076231,76231,Seine-Maritime,28.0,Normandie,50.0,4.0,1.0,1,2.0,28,Normandie,76,3,9,Elbeuf,15951,138,16089.0
202200003417,1.0,1,1,2,0.0,1.0,-1.0, -1,-1.0,1997.0,A01,3,6,2022,12:00,1,76.0,76351,2,2,1.0,6.0,PARIS (DE),"49,4899100000","0,1075700000",,76.076351,76351,Seine-Maritime,28.0,Normandie,50.0,4.0,2.0,2,1.0,28,Normandie,76,2,96,LeHavre,166058,1780,167838.0
202200003417,10.0,3,3,2,1.0,0.0,4.0,3,1.0,1994.0,A01,3,6,2022,12:00,1,76.0,76351,2,2,1.0,6.0,PARIS (DE),"49,4899100000","0,1075700000",,76.076351,76351,Seine-Maritime,28.0,Normandie,50.0,4.0,2.0,2,1.0,28,Normandie,76,2,96,LeHavre,166058,1780,167838.0
202200003421,2.0,2,4,2,9.0,2.0,-1.0, -1,-1.0,1972.0,A01,3,6,2022,10:40,1,76.0,76351,2,2,1.0,6.0,JEAN WEBER (Rue),"49,5127000000","0,1041800000",,76.076351,76351,Seine-Maritime,28.0,Normandie,50.0,4.0,2.0,2,1.0,28,Normandie,76,2,96,LeHavre,166058,1780,167838.0
202200003421,1.0,1,4,1,9.0,2.0,-1.0, -1,-1.0,1988.0,A01,3,6,2022,10:40,1,76.0,76351,2,2,1.0,6.0,JEAN WEBER (Rue),"49,5127000000","0,1041800000",,76.076351,76351,Seine-Maritime,28.0,Normandie,50.0,4.0,2.0,2,1.0,28,Normandie,76,2,96,LeHavre,166058,1780,167838.0
202200003470,2.0,2,3,2,0.0,1.0,-1.0, -1,-1.0,1976.0,C01,19,3,2022,14:45,1,76.0,76305,1,1,1.0,5.0,N 282,"49,4990000000","0,2029100000",,76.076305,76305,Seine-Maritime,28.0,Normandie,80.0,2.0,2.0,2,1.0,28,Normandie,76,2,16,Gonfreville-l'Orcher,8961,44,9005.0
202200003470,1.0,1,4,1,0.0,1.0,-1.0, -1,-1.0,1976.0,C01,19,3,2022,14:45,1,76.0,76305,1,1,1.0,5.0,N 282,"49,4990000000","0,2029100000",,76.076305,76305,Seine-Maritime,28.0,Normandie,80.0,2.0,2.0,2,1.0,28,Normandie,76,2,16,Gonfreville-l'Orcher,8961,44,9005.0
202200003470,1.0,1,1,1,5.0,1.0,-1.0, -1,-1.0,1996.0,B01,19,3,2022,14:45,1,76.0,76305,1,1,1.0,5.0,N 282,"49,4990000000","0,2029100000",,76.076305,76305,Seine-Maritime,28.0,Normandie,80.0,2.0,2.0,2,1.0,28,Normandie,76,2,16,Gonfreville-l'Orcher,8961,44,9005.0
202200003470,1.0,1,2,1,1.0,1.0,-1.0, -1,-1.0,1990.0,A01,19,3,2022,14:45,1,76.0,76305,1,1,1.0,5.0,N 282,"49,4990000000","0,2029100000",,76.076305,76305,Seine-Maritime,28.0,Normandie,80.0,2.0,2.0,2,1.0,28,Normandie,76,2,16,Gonfreville-l'Orcher,8961,44,9005.0
202200003767,1.0,1,4,1,0.0,8.0,0.0,0,-1.0,1990.0,A01,23,11,2022,20:45,5,76.0,76217,2,3,2.0,1.0,BONNE NOUVELLE (ROUTE),"49,9218268023","1,0931643248",,76.076217,76217,Seine-Maritime,28.0,Normandie,50.0,3.0,2.0,2,2.0,28,Normandie,76,1,95,Dieppe,28358,455,28813.0
202200003767,1.0,1,1,2,1.0,1.0,0.0,0,-1.0,2001.0,B01,23,11,2022,20:45,5,76.0,76217,2,3,2.0,1.0,BONNE NOUVELLE (ROUTE),"49,9218268023","1,0931643248",,76.076217,76217,Seine-Maritime,28.0,Normandie,50.0,3.0,2.0,2,2.0,28,Normandie,76,1,95,Dieppe,28358,455,28813.0
202200003897,1.0,1,1,-1,-1.0,-1.0,-1.0, -1,-1.0,,Z01,31,12,2022,02:10,3,76.0,76341,2,1,2.0,2.0,ROBERT ANCEL,"49,5178400000","0,2032300000",,76.076341,76341,Seine-Maritime,28.0,Normandie,50.0,3.0,2.0,1,2.0,28,Normandie,76,2,15,Harfleur,8315,53,8368.0
202200003897,1.0,1,4,1,0.0,2.0,-1.0, -1,-1.0,2005.0,A01,31,12,2022,02:10,3,76.0,76341,2,1,2.0,2.0,ROBERT ANCEL,"49,5178400000","0,2032300000",,76.076341,76341,Seine-Maritime,28.0,Normandie,50.0,3.0,2.0,1,2.0,28,Normandie,76,2,15,Harfleur,8315,53,8368.0
202200003900,1.0,1,1,1,4.0,1.0,0.0,0,-1.0,1963.0,B01,30,12,2022,15:00,1,76.0,76351,2,1,2.0,3.0,CAPUCHET (DU),"49,5233000000","0,1005000000",,76.076351,76351,Seine-Maritime,28.0,Normandie,30.0,4.0,2.0,1,2.0,28,Normandie,76,2,96,LeHavre,166058,1780,167838.0
202200003900,1.0,1,3,1,0.0,2.0,0.0,0,-1.0,1969.0,A01,30,12,2022,15:00,1,76.0,76351,2,1,2.0,3.0,CAPUCHET (DU),"49,5233000000","0,1005000000",,76.076351,76351,Seine-Maritime,28.0,Normandie,30.0,4.0,2.0,1,2.0,28,Normandie,76,2,96,LeHavre,166058,1780,167838.0
202200004055,1.0,1,4,1,4.0,8.0,0.0,0,-1.0,2000.0,A01,31,12,2022,18:00,5,76.0,76165,2,6,1.0,7.0,Zone industrielle de l'Oison,"49,2898600000","1,0364100000",,76.076165,76165,Seine-Maritime,28.0,Normandie,50.0,4.0,2.0,1,1.0,28,Normandie,76,3,5,Caudebec-lès-Elbeuf,10135,69,10204.0
202200004055,1.0,1,1,1,0.0,8.0,0.0,0,-1.0,1976.0,B01,31,12,2022,18:00,5,76.0,76165,2,6,1.0,7.0,Zone industrielle de l'Oison,"49,2898600000","1,0364100000",,76.076165,76165,Seine-Maritime,28.0,Normandie,50.0,4.0,2.0,1,1.0,28,Normandie,76,3,5,Caudebec-lès-Elbeuf,10135,69,10204.0
202200004260,2.0,2,4,2,0.0,8.0,-1.0, -1,-1.0,2014.0,B01,15,9,2022,18:20,1,76.0,76486,1,1,1.0,1.0,D132,"49,3193550000","0,9887980000",,76.076486,76486,Seine-Maritime,28.0,Normandie,80.0,7.0,2.0,2,1.0,28,Normandie,76,3,9,Orival,860,5,865.0
202200004260,4.0,2,4,1,0.0,8.0,-1.0, -1,-1.0,2021.0,B01,15,9,2022,18:20,1,76.0,76486,1,1,1.0,1.0,D132,"49,3193550000","0,9887980000",,76.076486,76486,Seine-Maritime,28.0,Normandie,80.0,7.0,2.0,2,1.0,28,Normandie,76,3,9,Orival,860,5,865.0
202200004260,3.0,2,4,1,0.0,8.0,-1.0, -1,-1.0,2020.0,B01,15,9,2022,18:20,1,76.0,76486,1,1,1.0,1.0,D132,"49,3193550000","0,9887980000",,76.076486,76486,Seine-Maritime,28.0,Normandie,80.0,7.0,2.0,2,1.0,28,Normandie,76,3,9,Orival,860,5,865.0
202200004260,5.0,2,4,2,0.0,1.0,-1.0, -1,-1.0,2010.0,B01,15,9,2022,18:20,1,76.0,76486,1,1,1.0,1.0,D132,"49,3193550000","0,9887980000",,76.076486,76486,Seine-Maritime,28.0,Normandie,80.0,7.0,2.0,2,1.0,28,Normandie,76,3,9,Orival,860,5,865.0
202200004260,1.0,1,4,2,0.0,8.0,-1.0, -1,-1.0,1990.0,B01,15,9,2022,18:20,1,76.0,76486,1,1,1.0,1.0,D132,"49,3193550000","0,9887980000",,76.076486,76486,Seine-Maritime,28.0,Normandie,80.0,7.0,2.0,2,1.0,28,Normandie,76,3,9,Orival,860,5,865.0
202200004260,2.0,2,4,2,0.0,8.0,-1.0, -1,-1.0,1985.0,A01,15,9,2022,18:20,1,76.0,76486,1,1,1.0,1.0,D132,"49,3193550000","0,9887980000",,76.076486,76486,Seine-Maritime,28.0,Normandie,80.0,7.0,2.0,2,1.0,28,Normandie,76,3,9,Orival,860,5,865.0
202200004260,3.0,2,3,1,0.0,1.0,-1.0, -1,-1.0,1986.0,A01,15,9,2022,18:20,1,76.0,76486,1,1,1.0,1.0,D132,"49,3193550000","0,9887980000",,76.076486,76486,Seine-Maritime,28.0,Normandie,80.0,7.0,2.0,2,1.0,28,Normandie,76,3,9,Orival,860,5,865.0
202200004260,4.0,2,4,1,0.0,8.0,-1.0, -1,-1.0,2006.0,A01,15,9,2022,18:20,1,76.0,76486,1,1,1.0,1.0,D132,"49,3193550000","0,9887980000",,76.076486,76486,Seine-Maritime,28.0,Normandie,80.0,7.0,2.0,2,1.0,28,Normandie,76,3,9,Orival,860,5,865.0
202200004260,5.0,2,4,2,0.0,8.0,-1.0, -1,-1.0,2008.0,A01,15,9,2022,18:20,1,76.0,76486,1,1,1.0,1.0,D132,"49,3193550000","0,9887980000",,76.076486,76486,Seine-Maritime,28.0,Normandie,80.0,7.0,2.0,2,1.0,28,Normandie,76,3,9,Orival,860,5,865.0
202200004260,1.0,1,4,1,0.0,8.0,-1.0, -1,-1.0,1993.0,A01,15,9,2022,18:20,1,76.0,76486,1,1,1.0,1.0,D132,"49,3193550000","0,9887980000",,76.076486,76486,Seine-Maritime,28.0,Normandie,80.0,7.0,2.0,2,1.0,28,Normandie,76,3,9,Orival,860,5,865.0
202200004262,1.0,1,4,2,0.0,8.0,-1.0, -1,-1.0,2000.0,A01,14,9,2022,16:20,1,76.0,76351,2,3,1.0,3.0,DIEPPEDALLE (PASSAGE),"49,5000200000","0,1289000000",,76.076351,76351,Seine-Maritime,28.0,Normandie,50.0,4.0,1.0,1,1.0,28,Normandie,76,2,96,LeHavre,166058,1780,167838.0
202200004262,1.0,1,1,1,0.0,1.0,-1.0, -1,-1.0,2004.0,B01,14,9,2022,16:20,1,76.0,76351,2,3,1.0,3.0,DIEPPEDALLE (PASSAGE),"49,5000200000","0,1289000000",,76.076351,76351,Seine-Maritime,28.0,Normandie,50.0,4.0,1.0,1,1.0,28,Normandie,76,2,96,LeHavre,166058,1780,167838.0
202200004264,2.0,2,1,1,5.0,1.0,-1.0, -1,-1.0,1975.0,B01,14,9,2022,09:55,1,76.0,76351,2,2,1.0,3.0,JOHANN STRAUSS,"49,5059600000","0,1103100000",,76.076351,76351,Seine-Maritime,28.0,Normandie,50.0,4.0,2.0,1,1.0,28,Normandie,76,2,96,LeHavre,166058,1780,167838.0
202200004264,1.0,1,4,2,5.0,1.0,0.0,0,-1.0,1976.0,B01,14,9,2022,09:55,1,76.0,76351,2,2,1.0,3.0,JOHANN STRAUSS,"49,5059600000","0,1103100000",,76.076351,76351,Seine-Maritime,28.0,Normandie,50.0,4.0,2.0,1,1.0,28,Normandie,76,2,96,LeHavre,166058,1780,167838.0
202200004264,1.0,1,1,2,4.0,1.0,0.0,0,-1.0,1991.0,A01,14,9,2022,09:55,1,76.0,76351,2,2,1.0,3.0,JOHANN STRAUSS,"49,5059600000","0,1103100000",,76.076351,76351,Seine-Maritime,28.0,Normandie,50.0,4.0,2.0,1,1.0,28,Normandie,76,2,96,LeHavre,166058,1780,167838.0
202200004266,2.0,2,4,2,0.0,1.0,-1.0, -1,-1.0,1938.0,B01,9,9,2022,23:50,5,76.0,76351,2,2,1.0,3.0,JEAN MACE,"49,4891800000","0,1086700000",,76.076351,76351,Seine-Maritime,28.0,Normandie,50.0,4.0,2.0,2,2.0,28,Normandie,76,2,96,LeHavre,166058,1780,167838.0
202200004266,1.0,1,1,2,0.0,1.0,-1.0, -1,-1.0,1966.0,B01,9,9,2022,23:50,5,76.0,76351,2,2,1.0,3.0,JEAN MACE,"49,4891800000","0,1086700000",,76.076351,76351,Seine-Maritime,28.0,Normandie,50.0,4.0,2.0,2,2.0,28,Normandie,76,2,96,LeHavre,166058,1780,167838.0
202200004266,1.0,1,1,2,0.0,1.0,-1.0, -1,-1.0,1995.0,A01,9,9,2022,23:50,5,76.0,76351,2,2,1.0,3.0,JEAN MACE,"49,4891800000","0,1086700000",,76.076351,76351,Seine-Maritime,28.0,Normandie,50.0,4.0,2.0,2,2.0,28,Normandie,76,2,96,LeHavre,166058,1780,167838.0
202200004267,1.0,1,1,1,0.0,1.0,-1.0, -1,-1.0,1985.0,A01,15,9,2022,17:15,1,76.0,76329,2,9,1.0,3.0,ABBAYE (RUE DE L'),"49,5487100000","0,4931900000",,76.076329,76329,Seine-Maritime,28.0,Normandie,50.0,3.0,2.0,3,1.0,28,Normandie,76,2,3,Gruchet-le-Valasse,3074,39,3113.0
202200004267,1.0,1,3,1,5.0,2.0,-1.0, -1,-1.0,1993.0,B01,15,9,2022,17:15,1,76.0,76329,2,9,1.0,3.0,ABBAYE (RUE DE L'),"49,5487100000","0,4931900000",,76.076329,76329,Seine-Maritime,28.0,Normandie,50.0,3.0,2.0,3,1.0,28,Normandie,76,2,3,Gruchet-le-Valasse,3074,39,3113.0
202200004287,1.0,1,3,1,5.0,2.0,-1.0, -1,-1.0,1954.0,A01,16,10,2022,11:40,1,76.0,76341,2,1,1.0,7.0,FRIEDRICH ENGELS,"49,5125600000","0,1919200000",,76.076341,76341,Seine-Maritime,28.0,Normandie,50.0,4.0,2.0,2,1.0,28,Normandie,76,2,15,Harfleur,8315,53,8368.0
202200004289,1.0,1,4,1,0.0,1.0,-1.0, -1,-1.0,1988.0,A01,9,10,2022,04:58,5,76.0,76351,2,1,1.0,2.0,MONT GAILLARD (AVENUE DU),"49,5232600000","0,1111100000",,76.076351,76351,Seine-Maritime,28.0,Normandie,50.0,4.0,2.0,2,1.0,28,Normandie,76,2,96,LeHavre,166058,1780,167838.0
202200004289,1.0,1,1,-1,-1.0,-1.0,-1.0, -1,-1.0,,Z01,9,10,2022,04:58,5,76.0,76351,2,1,1.0,2.0,MONT GAILLARD (AVENUE DU),"49,5232600000","0,1111100000",,76.076351,76351,Seine-Maritime,28.0,Normandie,50.0,4.0,2.0,2,1.0,28,Normandie,76,2,96,LeHavre,166058,1780,167838.0