Num_Acc,place,catu,grav,sexe,trajet,secu,locp,actp,etatp,an_nais,num_veh,jour,mois,an,hrmn,lum,dep,com,agg,int,atm,col,adr,lat,long,gps,com_insee_temp,com_insee,departmentName,regionCode,regionName,vma,catr,circ,nbv,surf,Code,Region,Departement,Arrondissement,Code_Canton,Nom_Commune,Population_municipaLe,Population_comptee_a_part,Population_Totale
202200004383,1.0,1,3,2,0.0,8.0,-1.0, -1,-1.0,1981.0,A01,16,10,2022,22:30,3,76.0,76319,1,4,1.0,7.0,N138 - Sud 3,"49,3445500000","1,0112200000",,76.076319,76319,Seine-Maritime,28.0,Normandie,110.0,2.0,1.0,3,1.0,28,Normandie,76,3,9,Grand-Couronne,9726,177,9903.0
202200004385,1.0,1,3,2,5.0,1.0,-1.0, -1,-1.0,1982.0,B01,14,10,2022,20:20,5,76.0,76384,2,9,2.0,1.0,MARRECHAL LECLERC (AVENUE DU),"49,5162100000","0,5309200000",,76.076384,76384,Seine-Maritime,28.0,Normandie,50.0,3.0,2.0,2,2.0,28,Normandie,76,2,3,Lillebonne,8729,141,8870.0
202200004385,2.0,2,3,2,5.0,1.0,-1.0, -1,-1.0,2008.0,B01,14,10,2022,20:20,5,76.0,76384,2,9,2.0,1.0,MARRECHAL LECLERC (AVENUE DU),"49,5162100000","0,5309200000",,76.076384,76384,Seine-Maritime,28.0,Normandie,50.0,3.0,2.0,2,2.0,28,Normandie,76,2,3,Lillebonne,8729,141,8870.0
202200004385,4.0,2,3,1,5.0,1.0,-1.0, -1,-1.0,2015.0,B01,14,10,2022,20:20,5,76.0,76384,2,9,2.0,1.0,MARRECHAL LECLERC (AVENUE DU),"49,5162100000","0,5309200000",,76.076384,76384,Seine-Maritime,28.0,Normandie,50.0,3.0,2.0,2,2.0,28,Normandie,76,2,3,Lillebonne,8729,141,8870.0
202200004385,1.0,1,4,1,9.0,8.0,-1.0, -1,-1.0,1982.0,A01,14,10,2022,20:20,5,76.0,76384,2,9,2.0,1.0,MARRECHAL LECLERC (AVENUE DU),"49,5162100000","0,5309200000",,76.076384,76384,Seine-Maritime,28.0,Normandie,50.0,3.0,2.0,2,2.0,28,Normandie,76,2,3,Lillebonne,8729,141,8870.0
202200004450,1.0,1,3,1,0.0,2.0,0.0,0,-1.0,1972.0,C01,5,7,2022,17:20,1,76.0,76591,2,1,1.0,4.0,1085 Route de Gournay,"49,4417260000","1,1840650000",,76.076591,76591,Seine-Maritime,28.0,Normandie,50.0,2.0,2.0,2,1.0,28,Normandie,76,3,6,Saint-Jacques-sur-Darnétal,3152,49,3201.0
202200004450,1.0,1,1,2,0.0,1.0,0.0,0,-1.0,1997.0,B01,5,7,2022,17:20,1,76.0,76591,2,1,1.0,4.0,1085 Route de Gournay,"49,4417260000","1,1840650000",,76.076591,76591,Seine-Maritime,28.0,Normandie,50.0,2.0,2.0,2,1.0,28,Normandie,76,3,6,Saint-Jacques-sur-Darnétal,3152,49,3201.0
202200004450,1.0,1,1,2,0.0,1.0,0.0,0,-1.0,1990.0,A01,5,7,2022,17:20,1,76.0,76591,2,1,1.0,4.0,1085 Route de Gournay,"49,4417260000","1,1840650000",,76.076591,76591,Seine-Maritime,28.0,Normandie,50.0,2.0,2.0,2,1.0,28,Normandie,76,3,6,Saint-Jacques-sur-Darnétal,3152,49,3201.0
202200004648,1.0,1,1,1,0.0,1.0,-1.0, -1,-1.0,1984.0,A01,5,8,2022,17:22,1,76.0,76561,2,1,1.0,3.0,Rue Aristide Briand,"49,3070500000","1,0023210000",,76.076561,76561,Seine-Maritime,28.0,Normandie,50.0,4.0,2.0,2,1.0,28,Normandie,76,3,5,Saint-Aubin-lès-Elbeuf,8428,75,8503.0
202200004648,1.0,1,4,1,0.0,1.0,-1.0, -1,-1.0,1976.0,B01,5,8,2022,17:22,1,76.0,76561,2,1,1.0,3.0,Rue Aristide Briand,"49,3070500000","1,0023210000",,76.076561,76561,Seine-Maritime,28.0,Normandie,50.0,4.0,2.0,2,1.0,28,Normandie,76,3,5,Saint-Aubin-lès-Elbeuf,8428,75,8503.0
202200004728,1.0,1,1,1,4.0,1.0,0.0,0,-1.0,1985.0,B01,5,8,2022,13:00,1,76.0,76244,1,2,1.0,3.0,A28 / D915,"49,6992510000","1,3619080000",,76.076244,76244,Seine-Maritime,28.0,Normandie,70.0,1.0,1.0,1,1.0,28,Normandie,76,1,23,EsclavelLes386,6,392,
202200004728,1.0,1,4,1,1.0,1.0,0.0,0,-1.0,1986.0,A01,5,8,2022,13:00,1,76.0,76244,1,2,1.0,3.0,A28 / D915,"49,6992510000","1,3619080000",,76.076244,76244,Seine-Maritime,28.0,Normandie,70.0,1.0,1.0,1,1.0,28,Normandie,76,1,23,EsclavelLes386,6,392,
202200004734,1.0,1,1,1,1.0,1.0,0.0,0,-1.0,1977.0,A01,5,7,2022,11:30,1,76.0,76689,1,3,1.0,3.0,CD 17,"49,7284530000","0,5124200000",,76.076689,76689,Seine-Maritime,28.0,Normandie,80.0,3.0,2.0,2,1.0,28,Normandie,76,2,11,ThiétrevilLe373,33,406,
202200004734,1.0,1,3,2,4.0,1.0,0.0,0,-1.0,1967.0,B01,5,7,2022,11:30,1,76.0,76689,1,3,1.0,3.0,CD 17,"49,7284530000","0,5124200000",,76.076689,76689,Seine-Maritime,28.0,Normandie,80.0,3.0,2.0,2,1.0,28,Normandie,76,2,11,ThiétrevilLe373,33,406,
202200005230,1.0,1,4,1,3.0,2.0,-1.0, -1,-1.0,1960.0,B01,20,3,2022,19:10,1,76.0,76351,2,3,1.0,3.0,ARISTIDE BRIAND,"49,5002900000","0,1359000000",,76.076351,76351,Seine-Maritime,28.0,Normandie,50.0,4.0,2.0,2,1.0,28,Normandie,76,2,96,LeHavre,166058,1780,167838.0
202200005230,1.0,1,1,1,5.0,1.0,-1.0, -1,-1.0,1981.0,A01,20,3,2022,19:10,1,76.0,76351,2,3,1.0,3.0,ARISTIDE BRIAND,"49,5002900000","0,1359000000",,76.076351,76351,Seine-Maritime,28.0,Normandie,50.0,4.0,2.0,2,1.0,28,Normandie,76,2,96,LeHavre,166058,1780,167838.0
202200005234,1.0,1,3,2,0.0,1.0,-1.0, -1,-1.0,1961.0,A01,20,3,2022,18:35,1,76.0,76351,2,1,1.0,6.0,JULES DELAMARE,"49,4933500000","0,1594400000",,76.076351,76351,Seine-Maritime,28.0,Normandie,50.0,4.0,2.0,2,1.0,28,Normandie,76,2,96,LeHavre,166058,1780,167838.0
202200005239,1.0,1,1,1,0.0,1.0,-1.0, -1,-1.0,1959.0,A01,18,3,2022,09:10,1,76.0,76351,2,6,1.0,3.0,SUEDE (QUAI DE),"49,4917700000","0,1325600000",,76.076351,76351,Seine-Maritime,28.0,Normandie,50.0,4.0,2.0,2,2.0,28,Normandie,76,2,96,LeHavre,166058,1780,167838.0
202200005239,1.0,1,3,2,0.0,2.0,-1.0, -1,-1.0,1990.0,B01,18,3,2022,09:10,1,76.0,76351,2,6,1.0,3.0,SUEDE (QUAI DE),"49,4917700000","0,1325600000",,76.076351,76351,Seine-Maritime,28.0,Normandie,50.0,4.0,2.0,2,2.0,28,Normandie,76,2,96,LeHavre,166058,1780,167838.0
202200005272,1.0,1,4,1,5.0,1.0,-1.0, -1,-1.0,2003.0,A01,31,12,2022,01:20,5,76.0,76484,1,6,2.0,6.0,D18E,"49,3458600000","1,0768600000",,76.076484,76484,Seine-Maritime,28.0,Normandie,70.0,7.0,4.0,2,2.0,28,Normandie,76,3,31,Oissel,12367,83,12450.0
202200005277,1.0,1,4,1,0.0,1.0,0.0,0,-1.0,1998.0,A01,30,12,2022,14:15,1,76.0,76486,1,1,1.0,1.0,Rue de la Gare,"49,3189040000","0,9912060000",,76.076486,76486,Seine-Maritime,28.0,Normandie,70.0,7.0,2.0,2,2.0,28,Normandie,76,3,9,Orival,860,5,865.0
202200005277,1.0,1,1,2,0.0,1.0,0.0,0,-1.0,1970.0,B01,30,12,2022,14:15,1,76.0,76486,1,1,1.0,1.0,Rue de la Gare,"49,3189040000","0,9912060000",,76.076486,76486,Seine-Maritime,28.0,Normandie,70.0,7.0,2.0,2,2.0,28,Normandie,76,3,9,Orival,860,5,865.0
202200005929,1.0,1,4,2,5.0,2.0,0.0,0,-1.0,1969.0,A01,1,5,2022,18:39,1,76.0,76203,1,1,1.0,7.0,route de duclair - RD 5,"49,5901830000","0,7991270000",,76.076203,76203,Seine-Maritime,28.0,Normandie,80.0,3.0,-1.0,2,1.0,28,Normandie,76,3,24,Croix-Mare,719,8,727.0
202200005997,1.0,1,3,1,1.0,2.0,0.0,0,-1.0,1982.0,A01,15,9,2022,13:30,1,76.0,76489,2,1,1.0,7.0,Route des Falaises,"49,4948350000","0,2845180000",,76.076489,76489,Seine-Maritime,28.0,Normandie,50.0,3.0,2.0,2,1.0,28,Normandie,76,2,32,OudalLe479,12,491,
202200006064,1.0,1,4,1,4.0,1.0,0.0,0,-1.0,1994.0,A01,17,10,2022,21:45,3,76.0,76459,1,1,1.0,6.0,pk 1+900 D135,"49,6982480000","1,5171330000",,76.076459,76459,Seine-Maritime,28.0,Normandie,80.0,3.0,2.0,2,1.0,28,Normandie,76,1,23,Nesle-Hodeng,339,5,344.0
202200006072,10.0,3,3,1,0.0,0.0,3.0,3,1.0,1995.0,A01,13,9,2022,13:50,1,76.0,76351,2,1,1.0,6.0,FRISSARD (QUAI),"49,4892500000","0,1231000000",,76.076351,76351,Seine-Maritime,28.0,Normandie,30.0,4.0,2.0,4,1.0,28,Normandie,76,2,96,LeHavre,166058,1780,167838.0
202200006072,1.0,1,1,1,5.0,1.0,-1.0, -1,-1.0,1954.0,A01,13,9,2022,13:50,1,76.0,76351,2,1,1.0,6.0,FRISSARD (QUAI),"49,4892500000","0,1231000000",,76.076351,76351,Seine-Maritime,28.0,Normandie,30.0,4.0,2.0,4,1.0,28,Normandie,76,2,96,LeHavre,166058,1780,167838.0
202200006074,10.0,3,4,2,5.0,0.0,2.0,3,1.0,1953.0,A01,6,9,2022,13:30,1,76.0,76447,2,1,1.0,6.0,PIERRE ROUSSEAU,"49,5435400000","0,1892400000",,76.076447,76447,Seine-Maritime,28.0,Normandie,30.0,4.0,1.0,1,1.0,28,Normandie,76,2,15,Montivilliers,15457,203,15660.0
202200006074,1.0,1,1,1,1.0,1.0,-1.0, -1,-1.0,2001.0,A01,6,9,2022,13:30,1,76.0,76447,2,1,1.0,6.0,PIERRE ROUSSEAU,"49,5435400000","0,1892400000",,76.076447,76447,Seine-Maritime,28.0,Normandie,30.0,4.0,1.0,1,1.0,28,Normandie,76,2,15,Montivilliers,15457,203,15660.0
202200006223,1.0,1,4,1,1.0,1.0,0.0,0,-1.0,1974.0,A01,15,9,2022,04:05,3,76.0,76574,1,1,5.0,6.0,Route départementale 22,"49,7105640000","1,0963150000",,76.076574,76574,Seine-Maritime,28.0,Normandie,80.0,3.0,2.0,2,2.0,28,Normandie,76,1,20,Saint-Denis-sur-Scie,682,8,690.0
202200006223,10.0,3,4,1,4.0,4.0,1.0,9,2.0,1972.0,A01,15,9,2022,04:05,3,76.0,76574,1,1,5.0,6.0,Route départementale 22,"49,7105640000","1,0963150000",,76.076574,76574,Seine-Maritime,28.0,Normandie,80.0,3.0,2.0,2,2.0,28,Normandie,76,1,20,Saint-Denis-sur-Scie,682,8,690.0
202200006223,10.0,3,4,1,4.0,4.0,1.0,9,2.0,1972.0,A01,15,9,2022,04:05,3,76.0,76574,1,1,5.0,6.0,Route départementale 22,"49,7105640000","1,0963150000",,76.076574,76574,Seine-Maritime,28.0,Normandie,80.0,3.0,2.0,2,2.0,28,Normandie,76,1,20,Saint-Denis-sur-Scie,682,8,690.0
202200006352,1.0,1,4,2,5.0,1.0,-1.0, -1,-1.0,1935.0,A01,2,7,2022,17:30,1,76.0,76540,2,1,1.0,6.0,Rue Louette,"49,4511800000","1,0874100000",,76.076540,76540,Seine-Maritime,28.0,Normandie,50.0,4.0,1.0,1,1.0,28,Normandie,76,3,97,Rouen,114083,1556,115639.0
202200006352,2.0,2,1,1,5.0,1.0,-1.0, -1,-1.0,2002.0,A01,2,7,2022,17:30,1,76.0,76540,2,1,1.0,6.0,Rue Louette,"49,4511800000","1,0874100000",,76.076540,76540,Seine-Maritime,28.0,Normandie,50.0,4.0,1.0,1,1.0,28,Normandie,76,3,97,Rouen,114083,1556,115639.0
202200006353,1.0,1,1,1,5.0,1.0,-1.0, -1,-1.0,2000.0,Z01,1,7,2022,01:10,5,76.0,76351,2,2,1.0,2.0,PAUL VERLAINE (AVENUE),"49,5091300000","0,1591300000",,76.076351,76351,Seine-Maritime,28.0,Normandie,50.0,4.0,3.0,4,1.0,28,Normandie,76,2,96,LeHavre,166058,1780,167838.0
202200006353,2.0,2,1,1,5.0,8.0,-1.0, -1,-1.0,1996.0,Z01,1,7,2022,01:10,5,76.0,76351,2,2,1.0,2.0,PAUL VERLAINE (AVENUE),"49,5091300000","0,1591300000",,76.076351,76351,Seine-Maritime,28.0,Normandie,50.0,4.0,3.0,4,1.0,28,Normandie,76,2,96,LeHavre,166058,1780,167838.0
202200006353,1.0,1,2,1,0.0,8.0,-1.0, -1,-1.0,2000.0,A01,1,7,2022,01:10,5,76.0,76351,2,2,1.0,2.0,PAUL VERLAINE (AVENUE),"49,5091300000","0,1591300000",,76.076351,76351,Seine-Maritime,28.0,Normandie,50.0,4.0,3.0,4,1.0,28,Normandie,76,2,96,LeHavre,166058,1780,167838.0
202200006437,5.0,2,3,2,5.0,8.0,0.0,0,-1.0,1986.0,A01,3,7,2022,07:00,1,76.0,76025,1,1,1.0,6.0,Route des Vallons,"49,5458460000","1,5123260000",,76.076025,76025,Seine-Maritime,28.0,Normandie,80.0,3.0,2.0,2,1.0,28,Normandie,76,1,12,Argueil,348,5,353.0
202200006437,2.0,2,4,1,5.0,8.0,0.0,0,-1.0,2004.0,A01,3,7,2022,07:00,1,76.0,76025,1,1,1.0,6.0,Route des Vallons,"49,5458460000","1,5123260000",,76.076025,76025,Seine-Maritime,28.0,Normandie,80.0,3.0,2.0,2,1.0,28,Normandie,76,1,12,Argueil,348,5,353.0
202200006437,1.0,1,4,1,5.0,8.0,0.0,0,-1.0,1997.0,A01,3,7,2022,07:00,1,76.0,76025,1,1,1.0,6.0,Route des Vallons,"49,5458460000","1,5123260000",,76.076025,76025,Seine-Maritime,28.0,Normandie,80.0,3.0,2.0,2,1.0,28,Normandie,76,1,12,Argueil,348,5,353.0
202200006443,10.0,3,4,1,2.0,0.0,3.0,3,1.0,2007.0,A01,1,7,2022,14:45,1,76.0,76711,2,1,1.0,6.0,2 Avenue Jean Moulin,"50,0554750000","1,3659150000",,76.076711,76711,Seine-Maritime,28.0,Normandie,30.0,4.0,1.0,1,1.0,28,Normandie,76,1,10,LeTréport,4424,91,4515.0
202200006443,1.0,1,1,2,5.0,1.0,0.0,0,-1.0,1996.0,A01,1,7,2022,14:45,1,76.0,76711,2,1,1.0,6.0,2 Avenue Jean Moulin,"50,0554750000","1,3659150000",,76.076711,76711,Seine-Maritime,28.0,Normandie,30.0,4.0,1.0,1,1.0,28,Normandie,76,1,10,LeTréport,4424,91,4515.0
202200006594,1.0,1,1,1,5.0,1.0,0.0,0,-1.0,1991.0,B01,12,2,2022,05:15,3,76.0,76220,1,1,1.0,1.0,Route de Londinieres,"49,8845150000","1,2886400000",,76.076220,76220,Seine-Maritime,28.0,Normandie,80.0,3.0,2.0,2,1.0,28,Normandie,76,1,8,Douvrend,523,12,535.0
202200006594,1.0,1,2,2,5.0,2.0,0.0,0,-1.0,1971.0,A01,12,2,2022,05:15,3,76.0,76220,1,1,1.0,1.0,Route de Londinieres,"49,8845150000","1,2886400000",,76.076220,76220,Seine-Maritime,28.0,Normandie,80.0,3.0,2.0,2,1.0,28,Normandie,76,1,8,Douvrend,523,12,535.0
202200006714,1.0,1,1,1,5.0,1.0,-1.0, -1,-1.0,1996.0,A01,10,2,2022,18:20,5,76.0,76681,2,2,2.0,6.0,Rue Marcel Lechevallier,"49,4094900000","1,0837900000",,76.076681,76681,Seine-Maritime,28.0,Normandie,50.0,7.0,2.0,2,2.0,28,Normandie,76,3,99,Sotteville-lès-Rouen,28965,475,29440.0
202200006714,10.0,3,4,2,5.0,0.0,4.0,3,1.0,1996.0,A01,10,2,2022,18:20,5,76.0,76681,2,2,2.0,6.0,Rue Marcel Lechevallier,"49,4094900000","1,0837900000",,76.076681,76681,Seine-Maritime,28.0,Normandie,50.0,7.0,2.0,2,2.0,28,Normandie,76,3,99,Sotteville-lès-Rouen,28965,475,29440.0
202200006716,1.0,1,1,1,5.0,1.0,-1.0, -1,-1.0,1982.0,A01,8,2,2022,19:50,5,76.0,76351,2,2,1.0,3.0,MARECHAL JOFFRE (RUE),"49,4985400000","0,1179600000",,76.076351,76351,Seine-Maritime,28.0,Normandie,50.0,4.0,2.0,2,1.0,28,Normandie,76,2,96,LeHavre,166058,1780,167838.0
202200006716,1.0,1,4,1,0.0,2.0,-1.0, -1,-1.0,1979.0,B01,8,2,2022,19:50,5,76.0,76351,2,2,1.0,3.0,MARECHAL JOFFRE (RUE),"49,4985400000","0,1179600000",,76.076351,76351,Seine-Maritime,28.0,Normandie,50.0,4.0,2.0,2,1.0,28,Normandie,76,2,96,LeHavre,166058,1780,167838.0
202200006717,1.0,1,4,1,0.0,1.0,-1.0, -1,-1.0,1986.0,A01,10,2,2022,18:30,3,76.0,76565,1,1,2.0,7.0,D915,"49,8740000000","1,0990000000",,76.076565,76565,Seine-Maritime,28.0,Normandie,50.0,3.0,2.0,2,2.0,28,Normandie,76,1,7,Saint-Aubin-sur-Scie,1202,101,1303.0
202200006771,1.0,1,1,1,4.0,8.0,0.0,0,-1.0,1999.0,A01,21,9,2022,10:45,1,76.0,76255,2,2,1.0,6.0,Chaussée de Picardie,"50,0541550000","1,4226010000",,76.076255,76255,Seine-Maritime,28.0,Normandie,50.0,3.0,3.0,2,1.0,28,Normandie,76,1,10,Eu,6591,197,6788.0
202200006771,10.0,3,4,2,3.0,0.0,3.0,3,1.0,1959.0,A01,21,9,2022,10:45,1,76.0,76255,2,2,1.0,6.0,Chaussée de Picardie,"50,0541550000","1,4226010000",,76.076255,76255,Seine-Maritime,28.0,Normandie,50.0,3.0,3.0,2,1.0,28,Normandie,76,1,10,Eu,6591,197,6788.0
202200006804,1.0,1,1,1,5.0,8.0,0.0,0,-1.0,1974.0,B01,19,9,2022,16:50,1,76.0,76363,1,1,1.0,1.0,D49,"49,8707840000","1,7118500000",,76.076363,76363,Seine-Maritime,28.0,Normandie,80.0,3.0,2.0,2,1.0,28,Normandie,76,1,10,Hodeng-au-Bosc,572,9,581.0
202200006804,1.0,1,3,1,1.0,2.0,0.0,0,-1.0,1975.0,A01,19,9,2022,16:50,1,76.0,76363,1,1,1.0,1.0,D49,"49,8707840000","1,7118500000",,76.076363,76363,Seine-Maritime,28.0,Normandie,80.0,3.0,2.0,2,1.0,28,Normandie,76,1,10,Hodeng-au-Bosc,572,9,581.0
202200006809,1.0,1,4,1,3.0,2.0,-1.0, -1,-1.0,1975.0,A01,19,11,2022,21:20,5,76.0,76351,2,2,1.0,7.0,ALBERT ANDRE HUET,"49,4948800000","0,1112200000",,76.076351,76351,Seine-Maritime,28.0,Normandie,50.0,4.0,2.0,2,1.0,28,Normandie,76,2,96,LeHavre,166058,1780,167838.0
202200006814,1.0,1,1,2,1.0,1.0,0.0,0,-1.0,1989.0,A01,19,9,2022,08:30,1,76.0,76057,1,6,1.0,3.0,départementale 67,"49,5239970000","0,9620550000",,76.076057,76057,Seine-Maritime,28.0,Normandie,80.0,3.0,1.0,2,1.0,28,Normandie,76,3,1,Barentin,12154,238,12392.0
202200006814,1.0,1,4,1,1.0,2.0,0.0,0,-1.0,1968.0,B01,19,9,2022,08:30,1,76.0,76057,1,6,1.0,3.0,départementale 67,"49,5239970000","0,9620550000",,76.076057,76057,Seine-Maritime,28.0,Normandie,80.0,3.0,1.0,2,1.0,28,Normandie,76,3,1,Barentin,12154,238,12392.0
202200006829,1.0,1,3,1,0.0,2.0,-1.0, -1,-1.0,1973.0,B01,17,9,2022,11:30,1,76.0,76351,2,2,1.0,3.0,PAUL BERT (AVENUE).,"49,5054900000","0,1711400000",,76.076351,76351,Seine-Maritime,28.0,Normandie,50.0,4.0,2.0,2,1.0,28,Normandie,76,2,96,LeHavre,166058,1780,167838.0
202200006829,1.0,1,1,2,0.0,1.0,-1.0, -1,-1.0,1996.0,A01,17,9,2022,11:30,1,76.0,76351,2,2,1.0,3.0,PAUL BERT (AVENUE).,"49,5054900000","0,1711400000",,76.076351,76351,Seine-Maritime,28.0,Normandie,50.0,4.0,2.0,2,1.0,28,Normandie,76,2,96,LeHavre,166058,1780,167838.0
202200006848,1.0,1,3,1,5.0,2.0,0.0,0,-1.0,1978.0,A01,5,8,2022,15:00,1,76.0,76714,1,1,1.0,6.0,11 La Mare Heberge,"49,5414780000","0,4093100000",,76.076714,76714,Seine-Maritime,28.0,Normandie,80.0,3.0,2.0,2,1.0,28,Normandie,76,2,32,LesTrois-Pierres,797,15,812.0
202200006922,4.0,2,1,2,0.0,1.0,-1.0, -1,-1.0,1967.0,B01,2,8,2022,17:15,1,76.0,76351,2,1,1.0,2.0,SALVADOR ALLENDE (RUE),"49,5043800000","0,1472200000",,76.076351,76351,Seine-Maritime,28.0,Normandie,50.0,4.0,2.0,2,1.0,28,Normandie,76,2,96,LeHavre,166058,1780,167838.0
202200006922,3.0,2,4,2,0.0,3.0,-1.0, -1,-1.0,2022.0,B01,2,8,2022,17:15,1,76.0,76351,2,1,1.0,2.0,SALVADOR ALLENDE (RUE),"49,5043800000","0,1472200000",,76.076351,76351,Seine-Maritime,28.0,Normandie,50.0,4.0,2.0,2,1.0,28,Normandie,76,2,96,LeHavre,166058,1780,167838.0
202200006922,2.0,2,1,2,0.0,1.0,-1.0, -1,-1.0,1967.0,B01,2,8,2022,17:15,1,76.0,76351,2,1,1.0,2.0,SALVADOR ALLENDE (RUE),"49,5043800000","0,1472200000",,76.076351,76351,Seine-Maritime,28.0,Normandie,50.0,4.0,2.0,2,1.0,28,Normandie,76,2,96,LeHavre,166058,1780,167838.0
202200006922,1.0,1,1,2,0.0,1.0,-1.0, -1,-1.0,1999.0,B01,2,8,2022,17:15,1,76.0,76351,2,1,1.0,2.0,SALVADOR ALLENDE (RUE),"49,5043800000","0,1472200000",,76.076351,76351,Seine-Maritime,28.0,Normandie,50.0,4.0,2.0,2,1.0,28,Normandie,76,2,96,LeHavre,166058,1780,167838.0
202200006922,1.0,1,1,1,0.0,1.0,-1.0, -1,-1.0,1986.0,A01,2,8,2022,17:15,1,76.0,76351,2,1,1.0,2.0,SALVADOR ALLENDE (RUE),"49,5043800000","0,1472200000",,76.076351,76351,Seine-Maritime,28.0,Normandie,50.0,4.0,2.0,2,1.0,28,Normandie,76,2,96,LeHavre,166058,1780,167838.0
202200006925,1.0,1,3,1,0.0,2.0,-1.0, -1,-1.0,1994.0,B01,2,8,2022,12:58,1,76.0,76351,2,2,1.0,3.0,ETRETAT (D'),"49,4989200000","0,0946800000",,76.076351,76351,Seine-Maritime,28.0,Normandie,50.0,4.0,2.0,2,1.0,28,Normandie,76,2,96,LeHavre,166058,1780,167838.0
202200006925,1.0,1,1,2,0.0,1.0,-1.0, -1,-1.0,1994.0,A01,2,8,2022,12:58,1,76.0,76351,2,2,1.0,3.0,ETRETAT (D'),"49,4989200000","0,0946800000",,76.076351,76351,Seine-Maritime,28.0,Normandie,50.0,4.0,2.0,2,1.0,28,Normandie,76,2,96,LeHavre,166058,1780,167838.0
202200007201,1.0,1,3,1,5.0,8.0,-1.0, -1,-1.0,1994.0,A01,17,4,2022,19:00,1,76.0,76474,1,1,1.0,6.0,Le Mont Cauvel,"49,4868030000","1,0377100000",,76.076474,76474,Seine-Maritime,28.0,Normandie,50.0,5.0,-1.0, -1,1.0,28,Normandie,76,3,24,Notre-Dame-de-BondevilLe6957,82,7039,
202200007203,1.0,1,4,2,9.0,1.0,-1.0, -1,-1.0,1995.0,A01,17,4,2022,10:15,1,76.0,76561,2,1,1.0,3.0,Rue Jean Jaurès,"49,2973220000","1,0133330000",,76.076561,76561,Seine-Maritime,28.0,Normandie,50.0,4.0,2.0,2,1.0,28,Normandie,76,3,5,Saint-Aubin-lès-Elbeuf,8428,75,8503.0
202200007203,2.0,2,1,2,0.0,1.0,-1.0, -1,-1.0,1972.0,B01,17,4,2022,10:15,1,76.0,76561,2,1,1.0,3.0,Rue Jean Jaurès,"49,2973220000","1,0133330000",,76.076561,76561,Seine-Maritime,28.0,Normandie,50.0,4.0,2.0,2,1.0,28,Normandie,76,3,5,Saint-Aubin-lès-Elbeuf,8428,75,8503.0
202200007203,1.0,1,1,1,0.0,1.0,-1.0, -1,-1.0,1963.0,B01,17,4,2022,10:15,1,76.0,76561,2,1,1.0,3.0,Rue Jean Jaurès,"49,2973220000","1,0133330000",,76.076561,76561,Seine-Maritime,28.0,Normandie,50.0,4.0,2.0,2,1.0,28,Normandie,76,3,5,Saint-Aubin-lès-Elbeuf,8428,75,8503.0
202200007210,1.0,1,1,1,5.0,1.0,-1.0, -1,-1.0,2004.0,A01,28,4,2022,23:07,5,76.0,76259,2,9,1.0,3.0,GARE ( PLACE DE LA),"49,7591100000","0,3756900000",,76.076259,76259,Seine-Maritime,28.0,Normandie,30.0,9.0,2.0,4,1.0,28,Normandie,76,2,11,Fécamp,18016,269,18285.0
202200007210,2.0,2,1,1,5.0,1.0,-1.0, -1,-1.0,2005.0,A01,28,4,2022,23:07,5,76.0,76259,2,9,1.0,3.0,GARE ( PLACE DE LA),"49,7591100000","0,3756900000",,76.076259,76259,Seine-Maritime,28.0,Normandie,30.0,9.0,2.0,4,1.0,28,Normandie,76,2,11,Fécamp,18016,269,18285.0
202200007210,3.0,2,4,1,5.0,1.0,-1.0, -1,-1.0,2008.0,A01,28,4,2022,23:07,5,76.0,76259,2,9,1.0,3.0,GARE ( PLACE DE LA),"49,7591100000","0,3756900000",,76.076259,76259,Seine-Maritime,28.0,Normandie,30.0,9.0,2.0,4,1.0,28,Normandie,76,2,11,Fécamp,18016,269,18285.0
202200007210,1.0,1,1,1,5.0,1.0,-1.0, -1,-1.0,2000.0,B01,28,4,2022,23:07,5,76.0,76259,2,9,1.0,3.0,GARE ( PLACE DE LA),"49,7591100000","0,3756900000",,76.076259,76259,Seine-Maritime,28.0,Normandie,30.0,9.0,2.0,4,1.0,28,Normandie,76,2,11,Fécamp,18016,269,18285.0
202200007210,2.0,2,1,1,5.0,1.0,-1.0, -1,-1.0,2000.0,B01,28,4,2022,23:07,5,76.0,76259,2,9,1.0,3.0,GARE ( PLACE DE LA),"49,7591100000","0,3756900000",,76.076259,76259,Seine-Maritime,28.0,Normandie,30.0,9.0,2.0,4,1.0,28,Normandie,76,2,11,Fécamp,18016,269,18285.0
202200007274,1.0,1,1,-1,-1.0,-1.0,-1.0, -1,-1.0,,A01,21,5,2022,07:00,1,76.0,76351,2,1,1.0,6.0,IENA (D'),"49,4915500000","0,1357500000",,76.076351,76351,Seine-Maritime,28.0,Normandie,50.0,4.0,2.0,2,1.0,28,Normandie,76,2,96,LeHavre,166058,1780,167838.0