Num_Acc,place,catu,grav,sexe,trajet,secu,locp,actp,etatp,an_nais,num_veh,jour,mois,an,hrmn,lum,dep,com,agg,int,atm,col,adr,lat,long,gps,com_insee_temp,com_insee,departmentName,regionCode,regionName,vma,catr,circ,nbv,surf,Code,Region,Departement,Arrondissement,Code_Canton,Nom_Commune,Population_municipaLe,Population_comptee_a_part,Population_Totale
202200007274,10.0,3,4,1,5.0,0.0,2.0,3,1.0,1995.0,A01,21,5,2022,07:00,1,76.0,76351,2,1,1.0,6.0,IENA (D'),"49,4915500000","0,1357500000",,76.076351,76351,Seine-Maritime,28.0,Normandie,50.0,4.0,2.0,2,1.0,28,Normandie,76,2,96,LeHavre,166058,1780,167838.0
202200007400,1.0,1,1,2,1.0,1.0,0.0,0,-1.0,1977.0,A01,21,3,2022,17:15,1,76.0,76647,2,2,1.0,3.0,vieille route,"49,5236900000","0,3609070000",,76.076647,76647,Seine-Maritime,28.0,Normandie,50.0,3.0,2.0,2,1.0,28,Normandie,76,2,32,Saint-Romain-de-Colbosc,4436,43,4479.0
202200007400,1.0,1,3,1,5.0,2.0,0.0,0,-1.0,2005.0,B01,21,3,2022,17:15,1,76.0,76647,2,2,1.0,3.0,vieille route,"49,5236900000","0,3609070000",,76.076647,76647,Seine-Maritime,28.0,Normandie,50.0,3.0,2.0,2,1.0,28,Normandie,76,2,32,Saint-Romain-de-Colbosc,4436,43,4479.0
202200007536,2.0,2,4,1,0.0,1.0,-1.0, -1,-1.0,1996.0,A01,19,3,2022,21:15,5,76.0,76681,2,1,1.0,6.0,Rue de Paris,"49,4127200000","1,0987490000",,76.076681,76681,Seine-Maritime,28.0,Normandie,50.0,7.0,2.0,2,1.0,28,Normandie,76,3,99,Sotteville-lès-Rouen,28965,475,29440.0
202200007536,1.0,1,4,1,0.0,1.0,-1.0, -1,-1.0,1998.0,A01,19,3,2022,21:15,5,76.0,76681,2,1,1.0,6.0,Rue de Paris,"49,4127200000","1,0987490000",,76.076681,76681,Seine-Maritime,28.0,Normandie,50.0,7.0,2.0,2,1.0,28,Normandie,76,3,99,Sotteville-lès-Rouen,28965,475,29440.0
202200007587,1.0,1,2,1,5.0,2.0,0.0,0,-1.0,1937.0,B01,2,6,2022,15:20,1,76.0,76517,1,2,1.0,3.0,Intersection route de crèvecoeur - route d'Houppeville,"49,5221820000","1,1362270000",,76.076517,76517,Seine-Maritime,28.0,Normandie,80.0,3.0,2.0,2,1.0,28,Normandie,76,3,2,Quincampoix,3110,68,3178.0
202200007587,1.0,1,1,2,1.0,1.0,0.0,0,-1.0,1963.0,A01,2,6,2022,15:20,1,76.0,76517,1,2,1.0,3.0,Intersection route de crèvecoeur - route d'Houppeville,"49,5221820000","1,1362270000",,76.076517,76517,Seine-Maritime,28.0,Normandie,80.0,3.0,2.0,2,1.0,28,Normandie,76,3,2,Quincampoix,3110,68,3178.0
202200007601,2.0,2,4,2,5.0,1.0,0.0,0,-1.0,2005.0,A01,1,5,2022,12:15,1,76.0,76709,1,1,1.0,7.0,Route de Yainville,"49,4648190000","0,8297470000",,76.076709,76709,Seine-Maritime,28.0,Normandie,80.0,7.0,2.0,2,1.0,28,Normandie,76,3,1,LeTrait,4780,38,4818.0
202200007601,1.0,1,4,1,5.0,1.0,0.0,0,-1.0,2002.0,A01,1,5,2022,12:15,1,76.0,76709,1,1,1.0,7.0,Route de Yainville,"49,4648190000","0,8297470000",,76.076709,76709,Seine-Maritime,28.0,Normandie,80.0,7.0,2.0,2,1.0,28,Normandie,76,3,1,LeTrait,4780,38,4818.0
202200007743,1.0,1,4,2,3.0,1.0,0.0,0,-1.0,1970.0,A01,29,12,2022,18:25,3,76.0,76332,1,1,1.0,6.0,Rue du Calvaire Justine,"49,6166740000","1,6871200000",,76.076332,76332,Seine-Maritime,28.0,Normandie,80.0,3.0,2.0,2,1.0,28,Normandie,76,1,12,Grumesnil,459,7,466.0
202200007745,1.0,1,1,1,5.0,1.0,0.0,0,-1.0,1985.0,B01,1,5,2022,14:40,1,76.0,76223,1,1,1.0,2.0,D6015,"49,6266830000","0,8037190000",,76.076223,76223,Seine-Maritime,28.0,Normandie,-1.0,3.0,2.0,2,1.0,28,Normandie,76,3,24,Écalles-Alix,528,6,534.0
202200007745,1.0,1,3,1,5.0,2.0,0.0,0,-1.0,1950.0,A01,1,5,2022,14:40,1,76.0,76223,1,1,1.0,2.0,D6015,"49,6266830000","0,8037190000",,76.076223,76223,Seine-Maritime,28.0,Normandie,-1.0,3.0,2.0,2,1.0,28,Normandie,76,3,24,Écalles-Alix,528,6,534.0
202200007763,2.0,2,1,1,5.0,1.0,0.0,0,-1.0,1999.0,A01,19,3,2022,07:30,1,76.0,76279,1,1,1.0,1.0,D40,"49,6162160000","0,5930040000",,76.076279,76279,Seine-Maritime,28.0,Normandie,80.0,3.0,2.0,2,1.0,28,Normandie,76,2,33,Foucart,349,0,349.0
202200007763,1.0,1,1,1,5.0,1.0,0.0,0,-1.0,1993.0,A01,19,3,2022,07:30,1,76.0,76279,1,1,1.0,1.0,D40,"49,6162160000","0,5930040000",,76.076279,76279,Seine-Maritime,28.0,Normandie,80.0,3.0,2.0,2,1.0,28,Normandie,76,2,33,Foucart,349,0,349.0
202200007763,1.0,1,1,2,5.0,1.0,0.0,0,-1.0,2000.0,B01,19,3,2022,07:30,1,76.0,76279,1,1,1.0,1.0,D40,"49,6162160000","0,5930040000",,76.076279,76279,Seine-Maritime,28.0,Normandie,80.0,3.0,2.0,2,1.0,28,Normandie,76,2,33,Foucart,349,0,349.0
202200007763,7.0,2,4,2,5.0,1.0,0.0,0,-1.0,1976.0,B01,19,3,2022,07:30,1,76.0,76279,1,1,1.0,1.0,D40,"49,6162160000","0,5930040000",,76.076279,76279,Seine-Maritime,28.0,Normandie,80.0,3.0,2.0,2,1.0,28,Normandie,76,2,33,Foucart,349,0,349.0
202200007763,2.0,2,1,1,5.0,1.0,0.0,0,-1.0,1974.0,B01,19,3,2022,07:30,1,76.0,76279,1,1,1.0,1.0,D40,"49,6162160000","0,5930040000",,76.076279,76279,Seine-Maritime,28.0,Normandie,80.0,3.0,2.0,2,1.0,28,Normandie,76,2,33,Foucart,349,0,349.0
202200007881,10.0,3,3,2,2.0,0.0,1.0,3,1.0,2011.0,A01,13,9,2022,16:50,1,76.0,76429,2,1,1.0,6.0,Rue Thiers,"49,4069435419","1,1431488469",,76.076429,76429,Seine-Maritime,28.0,Normandie,50.0,4.0,2.0,2,1.0,28,Normandie,76,3,21,LeMesnil-Esnard,7980,353,8333.0
202200007881,1.0,1,1,2,2.0,1.0,-1.0, -1,-1.0,1978.0,A01,13,9,2022,16:50,1,76.0,76429,2,1,1.0,6.0,Rue Thiers,"49,4069435419","1,1431488469",,76.076429,76429,Seine-Maritime,28.0,Normandie,50.0,4.0,2.0,2,1.0,28,Normandie,76,3,21,LeMesnil-Esnard,7980,353,8333.0
202200008222,1.0,1,4,2,0.0,1.0,-1.0, -1,-1.0,1990.0,A01,1,7,2022,10:30,1,76.0,76319,1,1,1.0,2.0,Avenue de Caen,"49,3433626554","0,9767818451",,76.076319,76319,Seine-Maritime,28.0,Normandie,50.0,4.0,2.0,2,1.0,28,Normandie,76,3,9,Grand-Couronne,9726,177,9903.0
202200008222,4.0,2,4,2,0.0,3.0,-1.0, -1,-1.0,2018.0,A01,1,7,2022,10:30,1,76.0,76319,1,1,1.0,2.0,Avenue de Caen,"49,3433626554","0,9767818451",,76.076319,76319,Seine-Maritime,28.0,Normandie,50.0,4.0,2.0,2,1.0,28,Normandie,76,3,9,Grand-Couronne,9726,177,9903.0
202200008222,1.0,1,1,1,4.0,8.0,-1.0, -1,-1.0,1986.0,B01,1,7,2022,10:30,1,76.0,76319,1,1,1.0,2.0,Avenue de Caen,"49,3433626554","0,9767818451",,76.076319,76319,Seine-Maritime,28.0,Normandie,50.0,4.0,2.0,2,1.0,28,Normandie,76,3,9,Grand-Couronne,9726,177,9903.0
202200008224,1.0,1,4,1,5.0,8.0,-1.0, -1,-1.0,1992.0,A01,9,5,2022,01:00,5,76.0,76351,2,2,1.0,3.0,FREDERIC BELLANGER,"49,4954600000","0,0995200000",,76.076351,76351,Seine-Maritime,28.0,Normandie,50.0,4.0,2.0,2,1.0,28,Normandie,76,2,96,LeHavre,166058,1780,167838.0
202200008224,1.0,1,1,-1,-1.0,-1.0,-1.0, -1,-1.0,,Z01,9,5,2022,01:00,5,76.0,76351,2,2,1.0,3.0,FREDERIC BELLANGER,"49,4954600000","0,0995200000",,76.076351,76351,Seine-Maritime,28.0,Normandie,50.0,4.0,2.0,2,1.0,28,Normandie,76,2,96,LeHavre,166058,1780,167838.0
202200008515,1.0,1,4,1,5.0,2.0,0.0,0,-1.0,2007.0,B01,11,2,2022,18:40,5,76.0,76557,2,2,1.0,3.0,D982,"49,5271370000","0,6960330000",,76.076557,76557,Seine-Maritime,28.0,Normandie,50.0,3.0,2.0,2,1.0,28,Normandie,76,3,25,Saint-Arnoult,1453,23,1476.0
202200008515,1.0,1,1,1,3.0,1.0,0.0,0,-1.0,1982.0,A01,11,2,2022,18:40,5,76.0,76557,2,2,1.0,3.0,D982,"49,5271370000","0,6960330000",,76.076557,76557,Seine-Maritime,28.0,Normandie,50.0,3.0,2.0,2,1.0,28,Normandie,76,3,25,Saint-Arnoult,1453,23,1476.0
202200008550,1.0,1,1,2,0.0,8.0,-1.0, -1,-1.0,1962.0,A01,9,2,2022,13:30,1,76.0,76540,2,3,1.0,3.0,Boulevard des Belges,"49,4452300000","1,0859100000",,76.076540,76540,Seine-Maritime,28.0,Normandie,50.0,7.0,2.0,4,1.0,28,Normandie,76,3,97,Rouen,114083,1556,115639.0
202200008550,1.0,1,4,2,4.0,8.0,-1.0, -1,-1.0,2001.0,B01,9,2,2022,13:30,1,76.0,76540,2,3,1.0,3.0,Boulevard des Belges,"49,4452300000","1,0859100000",,76.076540,76540,Seine-Maritime,28.0,Normandie,50.0,7.0,2.0,4,1.0,28,Normandie,76,3,97,Rouen,114083,1556,115639.0
202200008732,2.0,2,1,1,5.0,8.0,-1.0, -1,-1.0,1980.0,A01,2,8,2022,12:00,1,76.0,76351,2,1,1.0,7.0,JACQUES ANQUETIL (AVENUE),"49,5126700000","0,1467000000",,76.076351,76351,Seine-Maritime,28.0,Normandie,50.0,4.0,2.0,2,1.0,28,Normandie,76,2,96,LeHavre,166058,1780,167838.0
202200008732,4.0,2,4,1,5.0,8.0,-1.0, -1,-1.0,2013.0,A01,2,8,2022,12:00,1,76.0,76351,2,1,1.0,7.0,JACQUES ANQUETIL (AVENUE),"49,5126700000","0,1467000000",,76.076351,76351,Seine-Maritime,28.0,Normandie,50.0,4.0,2.0,2,1.0,28,Normandie,76,2,96,LeHavre,166058,1780,167838.0
202200008732,1.0,1,1,2,5.0,8.0,-1.0, -1,-1.0,1984.0,A01,2,8,2022,12:00,1,76.0,76351,2,1,1.0,7.0,JACQUES ANQUETIL (AVENUE),"49,5126700000","0,1467000000",,76.076351,76351,Seine-Maritime,28.0,Normandie,50.0,4.0,2.0,2,1.0,28,Normandie,76,2,96,LeHavre,166058,1780,167838.0
202200008733,10.0,3,4,2,5.0,0.0,3.0,3,2.0,1977.0,B01,1,8,2022,19:30,1,76.0,76217,2,1,7.0,2.0,AVENUE JEAN JAURES,"49,9096200000","1,0662300000",,76.076217,76217,Seine-Maritime,28.0,Normandie,50.0,4.0,2.0,2,1.0,28,Normandie,76,1,95,Dieppe,28358,455,28813.0
202200008733,1.0,1,1,1,0.0,1.0,-1.0, -1,-1.0,1944.0,B01,1,8,2022,19:30,1,76.0,76217,2,1,7.0,2.0,AVENUE JEAN JAURES,"49,9096200000","1,0662300000",,76.076217,76217,Seine-Maritime,28.0,Normandie,50.0,4.0,2.0,2,1.0,28,Normandie,76,1,95,Dieppe,28358,455,28813.0
202200008733,1.0,1,1,2,5.0,1.0,-1.0, -1,-1.0,1977.0,A01,1,8,2022,19:30,1,76.0,76217,2,1,7.0,2.0,AVENUE JEAN JAURES,"49,9096200000","1,0662300000",,76.076217,76217,Seine-Maritime,28.0,Normandie,50.0,4.0,2.0,2,1.0,28,Normandie,76,1,95,Dieppe,28358,455,28813.0
202200008734,10.0,3,2,2,5.0,0.0,9.0,9,1.0,2002.0,A01,27,7,2022,23:45,5,76.0,76217,2,1,1.0,6.0,BELVEDERE,"49,9097099778","1,0777229816",,76.076217,76217,Seine-Maritime,28.0,Normandie,30.0,6.0,-1.0,0,1.0,28,Normandie,76,1,95,Dieppe,28358,455,28813.0
202200008734,1.0,1,1,2,5.0,1.0,-1.0, -1,-1.0,2002.0,A01,27,7,2022,23:45,5,76.0,76217,2,1,1.0,6.0,BELVEDERE,"49,9097099778","1,0777229816",,76.076217,76217,Seine-Maritime,28.0,Normandie,30.0,6.0,-1.0,0,1.0,28,Normandie,76,1,95,Dieppe,28358,455,28813.0
202200008935,1.0,1,1,1,5.0,1.0,0.0,0,-1.0,1947.0,A01,21,11,2022,19:16,3,76.0,76532,1,2,3.0,1.0,Route des Murs,"49,6193370000","1,3224690000",,76.076532,76532,Seine-Maritime,28.0,Normandie,80.0,3.0,2.0,2,2.0,28,Normandie,76,1,23,Rocquemont,778,17,795.0
202200008935,2.0,2,4,2,0.0,1.0,0.0,0,-1.0,1999.0,B01,21,11,2022,19:16,3,76.0,76532,1,2,3.0,1.0,Route des Murs,"49,6193370000","1,3224690000",,76.076532,76532,Seine-Maritime,28.0,Normandie,80.0,3.0,2.0,2,2.0,28,Normandie,76,1,23,Rocquemont,778,17,795.0
202200008935,1.0,1,4,1,0.0,1.0,0.0,0,-1.0,2003.0,B01,21,11,2022,19:16,3,76.0,76532,1,2,3.0,1.0,Route des Murs,"49,6193370000","1,3224690000",,76.076532,76532,Seine-Maritime,28.0,Normandie,80.0,3.0,2.0,2,2.0,28,Normandie,76,1,23,Rocquemont,778,17,795.0
202200009080,1.0,1,4,1,1.0,2.0,0.0,0,-1.0,1968.0,A01,27,12,2022,14:15,1,76.0,76540,2,2,1.0,2.0,Boulevard Jean Jaures,"49,4523500000","1,0591300000",,76.076540,76540,Seine-Maritime,28.0,Normandie,50.0,7.0,2.0,2,1.0,28,Normandie,76,3,97,Rouen,114083,1556,115639.0
202200009080,1.0,1,1,-1,-1.0,-1.0,-1.0, -1,-1.0,,Z01,27,12,2022,14:15,1,76.0,76540,2,2,1.0,2.0,Boulevard Jean Jaures,"49,4523500000","1,0591300000",,76.076540,76540,Seine-Maritime,28.0,Normandie,50.0,7.0,2.0,2,1.0,28,Normandie,76,3,97,Rouen,114083,1556,115639.0
202200009084,1.0,1,1,1,0.0,8.0,0.0,0,-1.0,1966.0,A01,27,12,2022,11:35,1,76.0,76391,2,1,7.0,6.0,Rue des Canadiens,"49,3017770000","0,9520510000",,76.076391,76391,Seine-Maritime,28.0,Normandie,50.0,4.0,2.0,2,1.0,28,Normandie,76,3,9,La Londe,2362,71,2433.0
202200009084,10.0,3,3,1,5.0,0.0,9.0,B,1.0,1958.0,A01,27,12,2022,11:35,1,76.0,76391,2,1,7.0,6.0,Rue des Canadiens,"49,3017770000","0,9520510000",,76.076391,76391,Seine-Maritime,28.0,Normandie,50.0,4.0,2.0,2,1.0,28,Normandie,76,3,9,La Londe,2362,71,2433.0
202200009088,1.0,1,1,1,9.0,8.0,0.0,0,-1.0,1954.0,A01,26,12,2022,06:48,3,76.0,76322,1,1,1.0,6.0,N338 - Sud 3,"49,4163900000","1,0461400000",,76.076322,76322,Seine-Maritime,28.0,Normandie,90.0,2.0,3.0,6,2.0,28,Normandie,76,3,13,LeGrand-Quevilly,25975,225,26200.0
202200009088,10.0,3,2,1,5.0,0.0,1.0,3,1.0,1945.0,A01,26,12,2022,06:48,3,76.0,76322,1,1,1.0,6.0,N338 - Sud 3,"49,4163900000","1,0461400000",,76.076322,76322,Seine-Maritime,28.0,Normandie,90.0,2.0,3.0,6,2.0,28,Normandie,76,3,13,LeGrand-Quevilly,25975,225,26200.0
202200009261,1.0,1,4,1,0.0,1.0,-1.0, -1,-1.0,1996.0,B01,18,3,2022,18:00,1,76.0,76165,2,2,1.0,1.0,Rue Armand Barbès,"49,2807700000","1,0126600000",,76.076165,76165,Seine-Maritime,28.0,Normandie,50.0,4.0,2.0,2,1.0,28,Normandie,76,3,5,Caudebec-lès-Elbeuf,10135,69,10204.0
202200009261,2.0,2,1,2,0.0,1.0,-1.0, -1,-1.0,1987.0,A01,18,3,2022,18:00,1,76.0,76165,2,2,1.0,1.0,Rue Armand Barbès,"49,2807700000","1,0126600000",,76.076165,76165,Seine-Maritime,28.0,Normandie,50.0,4.0,2.0,2,1.0,28,Normandie,76,3,5,Caudebec-lès-Elbeuf,10135,69,10204.0
202200009261,3.0,2,4,2,0.0,1.0,-1.0, -1,-1.0,2021.0,A01,18,3,2022,18:00,1,76.0,76165,2,2,1.0,1.0,Rue Armand Barbès,"49,2807700000","1,0126600000",,76.076165,76165,Seine-Maritime,28.0,Normandie,50.0,4.0,2.0,2,1.0,28,Normandie,76,3,5,Caudebec-lès-Elbeuf,10135,69,10204.0
202200009261,1.0,1,1,1,0.0,1.0,-1.0, -1,-1.0,1993.0,A01,18,3,2022,18:00,1,76.0,76165,2,2,1.0,1.0,Rue Armand Barbès,"49,2807700000","1,0126600000",,76.076165,76165,Seine-Maritime,28.0,Normandie,50.0,4.0,2.0,2,1.0,28,Normandie,76,3,5,Caudebec-lès-Elbeuf,10135,69,10204.0
202200009340,1.0,1,2,1,3.0,1.0,0.0,0,-1.0,1951.0,A01,28,12,2022,10:10,1,76.0,76490,2,1,1.0,7.0,297 Rue de l'Ecole,"49,7264670000","0,6035500000",,76.076490,76490,Seine-Maritime,28.0,Normandie,30.0,3.0,2.0,2,1.0,28,Normandie,76,1,33,Ourville-en-Caux,1105,15,1120.0
202200009340,2.0,2,1,2,3.0,1.0,0.0,0,-1.0,1958.0,A01,28,12,2022,10:10,1,76.0,76490,2,1,1.0,7.0,297 Rue de l'Ecole,"49,7264670000","0,6035500000",,76.076490,76490,Seine-Maritime,28.0,Normandie,30.0,3.0,2.0,2,1.0,28,Normandie,76,1,33,Ourville-en-Caux,1105,15,1120.0
202200009603,10.0,3,4,1,0.0,0.0,4.0,3,1.0,1983.0,A01,26,12,2022,22:30,5,76.0,76498,2,2,1.0,6.0,Rue Ursin Scheid,"49,4223000000","1,0645100000",,76.076498,76498,Seine-Maritime,28.0,Normandie,50.0,4.0,2.0,2,1.0,28,Normandie,76,3,27,LePetit-Quevilly,21782,274,22056.0
202200009603,1.0,1,1,1,1.0,1.0,0.0,0,-1.0,1965.0,A01,26,12,2022,22:30,5,76.0,76498,2,2,1.0,6.0,Rue Ursin Scheid,"49,4223000000","1,0645100000",,76.076498,76498,Seine-Maritime,28.0,Normandie,50.0,4.0,2.0,2,1.0,28,Normandie,76,3,27,LePetit-Quevilly,21782,274,22056.0
202200009606,1.0,1,3,2,0.0,1.0,0.0,0,-1.0,2002.0,A01,26,12,2022,08:40,1,76.0,76341,1,1,1.0,6.0,RD 6382,"49,5105400000","0,1978100000",,76.076341,76341,Seine-Maritime,28.0,Normandie,70.0,3.0,3.0,4,2.0,28,Normandie,76,2,15,Harfleur,8315,53,8368.0
202200009610,1.0,1,3,1,0.0,8.0,0.0,0,-1.0,1999.0,B01,25,12,2022,03:45,4,76.0,76447,2,1,1.0,6.0,PRESIDENT WILSON,"49,5437000000","0,1826100000",,76.076447,76447,Seine-Maritime,28.0,Normandie,50.0,4.0,2.0,3,2.0,28,Normandie,76,2,15,Montivilliers,15457,203,15660.0
202200009610,1.0,1,1,-1,-1.0,-1.0,-1.0, -1,-1.0,,Z01,25,12,2022,03:45,4,76.0,76447,2,1,1.0,6.0,PRESIDENT WILSON,"49,5437000000","0,1826100000",,76.076447,76447,Seine-Maritime,28.0,Normandie,50.0,4.0,2.0,3,2.0,28,Normandie,76,2,15,Montivilliers,15457,203,15660.0
202200009612,1.0,1,1,1,5.0,1.0,0.0,0,-1.0,1949.0,A01,23,12,2022,18:10,5,76.0,76351,2,2,1.0,6.0,BERNARDIN DE SAINT PIERRE,"49,4908800000","0,1051600000",,76.076351,76351,Seine-Maritime,28.0,Normandie,50.0,4.0,2.0,2,1.0,28,Normandie,76,2,96,LeHavre,166058,1780,167838.0
202200009612,10.0,3,3,2,5.0,0.0,3.0,3,1.0,1939.0,A01,23,12,2022,18:10,5,76.0,76351,2,2,1.0,6.0,BERNARDIN DE SAINT PIERRE,"49,4908800000","0,1051600000",,76.076351,76351,Seine-Maritime,28.0,Normandie,50.0,4.0,2.0,2,1.0,28,Normandie,76,2,96,LeHavre,166058,1780,167838.0
202200009614,1.0,1,1,1,5.0,1.0,0.0,0,-1.0,1994.0,A01,23,12,2022,06:30,5,76.0,76351,2,1,2.0,6.0,PARIS (DE),"49,4856400000","0,1072600000",,76.076351,76351,Seine-Maritime,28.0,Normandie,30.0,4.0,2.0,1,2.0,28,Normandie,76,2,96,LeHavre,166058,1780,167838.0
202200009614,2.0,2,4,2,5.0,1.0,0.0,0,-1.0,2003.0,A01,23,12,2022,06:30,5,76.0,76351,2,1,2.0,6.0,PARIS (DE),"49,4856400000","0,1072600000",,76.076351,76351,Seine-Maritime,28.0,Normandie,30.0,4.0,2.0,1,2.0,28,Normandie,76,2,96,LeHavre,166058,1780,167838.0
202200009614,4.0,2,1,1,5.0,1.0,0.0,0,-1.0,2003.0,A01,23,12,2022,06:30,5,76.0,76351,2,1,2.0,6.0,PARIS (DE),"49,4856400000","0,1072600000",,76.076351,76351,Seine-Maritime,28.0,Normandie,30.0,4.0,2.0,1,2.0,28,Normandie,76,2,96,LeHavre,166058,1780,167838.0
202200009614,5.0,2,1,1,0.0,1.0,0.0,0,-1.0,2003.0,A01,23,12,2022,06:30,5,76.0,76351,2,1,2.0,6.0,PARIS (DE),"49,4856400000","0,1072600000",,76.076351,76351,Seine-Maritime,28.0,Normandie,30.0,4.0,2.0,1,2.0,28,Normandie,76,2,96,LeHavre,166058,1780,167838.0
202200009614,3.0,2,1,1,0.0,1.0,0.0,0,-1.0,2004.0,A01,23,12,2022,06:30,5,76.0,76351,2,1,2.0,6.0,PARIS (DE),"49,4856400000","0,1072600000",,76.076351,76351,Seine-Maritime,28.0,Normandie,30.0,4.0,2.0,1,2.0,28,Normandie,76,2,96,LeHavre,166058,1780,167838.0
202200009617,1.0,1,2,1,9.0,1.0,0.0,0,-1.0,1996.0,A01,26,12,2022,01:55,3,76.0,76382,1,1,9.0,6.0,D6015,"49,5781100000","0,5170000000",,76.076382,76382,Seine-Maritime,28.0,Normandie,80.0,3.0,2.0,3,2.0,28,Normandie,76,2,3,Lanquetot,1152,19,1171.0
202200009641,1.0,1,1,1,5.0,1.0,-1.0, -1,-1.0,1938.0,A01,26,4,2022,15:20,1,76.0,76351,2,2,1.0,6.0,AUGUSTIN NORMAND,"49,4904700000","0,0995900000",,76.076351,76351,Seine-Maritime,28.0,Normandie,50.0,4.0,2.0,2,1.0,28,Normandie,76,2,96,LeHavre,166058,1780,167838.0
202200009641,10.0,3,4,1,5.0,0.0,2.0,3,1.0,1939.0,A01,26,4,2022,15:20,1,76.0,76351,2,2,1.0,6.0,AUGUSTIN NORMAND,"49,4904700000","0,0995900000",,76.076351,76351,Seine-Maritime,28.0,Normandie,50.0,4.0,2.0,2,1.0,28,Normandie,76,2,96,LeHavre,166058,1780,167838.0
202200009674,1.0,1,4,2,0.0,1.0,0.0,0,-1.0,1969.0,A01,25,12,2022,14:10,1,76.0,76212,1,1,1.0,7.0,D43 (Bretelle de sortie),"49,4561626871","1,1438173056",,76.076212,76212,Seine-Maritime,28.0,Normandie,50.0,7.0,1.0,1,2.0,28,Normandie,76,3,6,Darnétal,9738,74,9812.0
202200009674,2.0,2,1,1,0.0,1.0,0.0,0,-1.0,1971.0,A01,25,12,2022,14:10,1,76.0,76212,1,1,1.0,7.0,D43 (Bretelle de sortie),"49,4561626871","1,1438173056",,76.076212,76212,Seine-Maritime,28.0,Normandie,50.0,7.0,1.0,1,2.0,28,Normandie,76,3,6,Darnétal,9738,74,9812.0
202200009678,1.0,1,3,1,0.0,8.0,0.0,0,-1.0,1994.0,A01,19,3,2022,18:20,2,76.0,76220,1,1,1.0,7.0,Route de la Garenne,"49,8783430000","1,2916560000",,76.076220,76220,Seine-Maritime,28.0,Normandie,80.0,4.0,2.0,2,1.0,28,Normandie,76,1,8,Douvrend,523,12,535.0
202200010065,1.0,1,4,1,4.0,2.0,0.0,0,-1.0,1965.0,B01,9,2,2022,12:10,1,76.0,76101,2,9,7.0,3.0,Rue Notre-Dame,"49,9311937084","1,6291147470",,76.076101,76101,Seine-Maritime,28.0,Normandie,50.0,4.0,2.0,2,1.0,28,Normandie,76,1,10,Blangy-sur-BresLe2862,28,2890,
202200010065,1.0,1,1,2,3.0,1.0,0.0,0,-1.0,1989.0,A01,9,2,2022,12:10,1,76.0,76101,2,9,7.0,3.0,Rue Notre-Dame,"49,9311937084","1,6291147470",,76.076101,76101,Seine-Maritime,28.0,Normandie,50.0,4.0,2.0,2,1.0,28,Normandie,76,1,10,Blangy-sur-BresLe2862,28,2890,
202200010189,1.0,1,1,1,0.0,1.0,-1.0, -1,-1.0,1985.0,C01,8,2,2022,14:20,1,76.0,76540,1,1,1.0,5.0,Avenue Gustave Flaubert,"49,4447600000","1,0633600000",,76.076540,76540,Seine-Maritime,28.0,Normandie,70.0,2.0,3.0,6,1.0,28,Normandie,76,3,97,Rouen,114083,1556,115639.0
202200010189,1.0,1,4,2,0.0,1.0,-1.0, -1,-1.0,1970.0,B01,8,2,2022,14:20,1,76.0,76540,1,1,1.0,5.0,Avenue Gustave Flaubert,"49,4447600000","1,0633600000",,76.076540,76540,Seine-Maritime,28.0,Normandie,70.0,2.0,3.0,6,1.0,28,Normandie,76,3,97,Rouen,114083,1556,115639.0
202200010189,1.0,1,1,1,4.0,1.0,-1.0, -1,-1.0,1962.0,A01,8,2,2022,14:20,1,76.0,76540,1,1,1.0,5.0,Avenue Gustave Flaubert,"49,4447600000","1,0633600000",,76.076540,76540,Seine-Maritime,28.0,Normandie,70.0,2.0,3.0,6,1.0,28,Normandie,76,3,97,Rouen,114083,1556,115639.0
202200010215,1.0,1,4,1,0.0,2.0,-1.0, -1,-1.0,1995.0,A01,12,6,2022,00:55,5,76.0,76351,2,1,1.0,6.0,APLEMONT (AVENUE D'),"49,5028100000","0,1829400000",,76.076351,76351,Seine-Maritime,28.0,Normandie,50.0,4.0,2.0,2,1.0,28,Normandie,76,2,96,LeHavre,166058,1780,167838.0
202200010353,1.0,1,4,1,1.0,1.0,-1.0, -1,-1.0,1976.0,A01,11,10,2022,19:40,1,76.0,76351,1,1,1.0,6.0,ESTUAIRE (ROUTE DE L'),"49,4641100000","0,1834400000",,76.076351,76351,Seine-Maritime,28.0,Normandie,70.0,4.0,2.0,2,1.0,28,Normandie,76,2,96,LeHavre,166058,1780,167838.0
202200010459,1.0,1,3,1,1.0,2.0,0.0,0,-1.0,1998.0,A01,1,7,2022,12:30,1,76.0,76616,1,1,1.0,3.0,Route de Montivilliers,"49,5349020000","0,2320540000",,76.076616,76616,Seine-Maritime,28.0,Normandie,80.0,3.0,2.0,2,1.0,28,Normandie,76,2,26,Saint-Martin-du-Manoir,1459,34,1493.0