Num_Acc,place,catu,grav,sexe,trajet,secu,locp,actp,etatp,an_nais,num_veh,jour,mois,an,hrmn,lum,dep,com,agg,int,atm,col,adr,lat,long,gps,com_insee_temp,com_insee,departmentName,regionCode,regionName,vma,catr,circ,nbv,surf,Code,Region,Departement,Arrondissement,Code_Canton,Nom_Commune,Population_municipaLe,Population_comptee_a_part,Population_Totale
202200018807,1.0,1,1,1,1.0,1.0,-1.0, -1,-1.0,1978.0,A01,28,1,2022,19:30,5,76.0,76351,2,1,1.0,6.0,GUSTAVE BRINDEAU (RUE),"49,4926300000","0,1396100000",,76.076351,76351,Seine-Maritime,28.0,Normandie,5.0,4.0,2.0,2,1.0,28,Normandie,76,2,96,LeHavre,166058,1780,167838.0
202200019113,1.0,1,3,1,0.0,8.0,-1.0, -1,-1.0,2003.0,A01,11,3,2022,14:44,1,76.0,76540,2,4,2.0,3.0,Route du Havre,"49,4506100000","1,0588600000",,76.076540,76540,Seine-Maritime,28.0,Normandie,50.0,7.0,1.0,4,2.0,28,Normandie,76,3,97,Rouen,114083,1556,115639.0
202200019113,1.0,1,1,1,5.0,1.0,-1.0, -1,-1.0,1945.0,B01,11,3,2022,14:44,1,76.0,76540,2,4,2.0,3.0,Route du Havre,"49,4506100000","1,0588600000",,76.076540,76540,Seine-Maritime,28.0,Normandie,50.0,7.0,1.0,4,2.0,28,Normandie,76,3,97,Rouen,114083,1556,115639.0
202200019255,1.0,1,1,1,4.0,1.0,0.0,0,-1.0,2000.0,B01,21,12,2022,10:15,1,76.0,76233,1,1,1.0,1.0,D49,"49,7911830000","1,7471270000",,76.076233,76233,Seine-Maritime,28.0,Normandie,80.0,3.0,2.0,2,2.0,28,Normandie,76,1,12,Ellecourt,154,4,158.0
202200019255,1.0,1,2,1,5.0,1.0,0.0,0,-1.0,1944.0,A01,21,12,2022,10:15,1,76.0,76233,1,1,1.0,1.0,D49,"49,7911830000","1,7471270000",,76.076233,76233,Seine-Maritime,28.0,Normandie,80.0,3.0,2.0,2,2.0,28,Normandie,76,1,12,Ellecourt,154,4,158.0
202200019374,2.0,2,3,2,5.0,1.0,0.0,0,-1.0,2002.0,A01,12,3,2022,10:30,1,76.0,76101,1,9,1.0,6.0,A28 PK 029+600,"49,9240540000","1,6390870000",,76.076101,76101,Seine-Maritime,28.0,Normandie,130.0,1.0,3.0,4,1.0,28,Normandie,76,1,10,Blangy-sur-BresLe2862,28,2890,
202200019374,1.0,1,4,1,5.0,1.0,0.0,0,-1.0,1999.0,A01,12,3,2022,10:30,1,76.0,76101,1,9,1.0,6.0,A28 PK 029+600,"49,9240540000","1,6390870000",,76.076101,76101,Seine-Maritime,28.0,Normandie,130.0,1.0,3.0,4,1.0,28,Normandie,76,1,10,Blangy-sur-BresLe2862,28,2890,
202200019495,1.0,1,1,1,0.0,1.0,-1.0, -1,-1.0,1997.0,A01,3,9,2022,22:43,5,76.0,76351,2,2,1.0,3.0,GEORGE V (QUAI),"49,4907700000","0,1166500000",,76.076351,76351,Seine-Maritime,28.0,Normandie,50.0,4.0,1.0,3,1.0,28,Normandie,76,2,96,LeHavre,166058,1780,167838.0
202200019495,2.0,2,4,2,0.0,1.0,-1.0, -1,-1.0,1998.0,A01,3,9,2022,22:43,5,76.0,76351,2,2,1.0,3.0,GEORGE V (QUAI),"49,4907700000","0,1166500000",,76.076351,76351,Seine-Maritime,28.0,Normandie,50.0,4.0,1.0,3,1.0,28,Normandie,76,2,96,LeHavre,166058,1780,167838.0
202200019495,1.0,1,1,1,0.0,1.0,-1.0, -1,-1.0,1979.0,B01,3,9,2022,22:43,5,76.0,76351,2,2,1.0,3.0,GEORGE V (QUAI),"49,4907700000","0,1166500000",,76.076351,76351,Seine-Maritime,28.0,Normandie,50.0,4.0,1.0,3,1.0,28,Normandie,76,2,96,LeHavre,166058,1780,167838.0
202200019859,1.0,1,1,1,3.0,1.0,0.0,0,-1.0,1954.0,B01,9,10,2022,10:55,1,76.0,76698,2,3,1.0,3.0,Route de Dieppe,"49,8157140000","1,1724140000",,76.076698,76698,Seine-Maritime,28.0,Normandie,-1.0,3.0,2.0,2,1.0,28,Normandie,76,1,20,Torcy-le-Petit,508,8,516.0
202200019859,1.0,1,4,1,3.0,2.0,0.0,0,-1.0,1953.0,A01,9,10,2022,10:55,1,76.0,76698,2,3,1.0,3.0,Route de Dieppe,"49,8157140000","1,1724140000",,76.076698,76698,Seine-Maritime,28.0,Normandie,-1.0,3.0,2.0,2,1.0,28,Normandie,76,1,20,Torcy-le-Petit,508,8,516.0
202200020007,1.0,1,1,1,5.0,1.0,0.0,0,-1.0,2003.0,A01,8,10,2022,16:00,1,76.0,76465,1,1,1.0,5.0,D1314,"49,7221050000","1,4682980000",,76.076465,76465,Seine-Maritime,28.0,Normandie,-1.0,3.0,2.0,2,1.0,28,Normandie,76,1,23,Neuville-Ferrières,546,9,555.0
202200020007,1.0,1,3,2,5.0,1.0,0.0,0,-1.0,1977.0,B01,8,10,2022,16:00,1,76.0,76465,1,1,1.0,5.0,D1314,"49,7221050000","1,4682980000",,76.076465,76465,Seine-Maritime,28.0,Normandie,-1.0,3.0,2.0,2,1.0,28,Normandie,76,1,23,Neuville-Ferrières,546,9,555.0
202200020007,2.0,2,3,2,5.0,1.0,0.0,0,-1.0,2010.0,B01,8,10,2022,16:00,1,76.0,76465,1,1,1.0,5.0,D1314,"49,7221050000","1,4682980000",,76.076465,76465,Seine-Maritime,28.0,Normandie,-1.0,3.0,2.0,2,1.0,28,Normandie,76,1,23,Neuville-Ferrières,546,9,555.0
202200020007,7.0,2,3,1,5.0,1.0,0.0,0,-1.0,2004.0,B01,8,10,2022,16:00,1,76.0,76465,1,1,1.0,5.0,D1314,"49,7221050000","1,4682980000",,76.076465,76465,Seine-Maritime,28.0,Normandie,-1.0,3.0,2.0,2,1.0,28,Normandie,76,1,23,Neuville-Ferrières,546,9,555.0
202200020007,1.0,1,1,1,5.0,1.0,0.0,0,-1.0,1994.0,C01,8,10,2022,16:00,1,76.0,76465,1,1,1.0,5.0,D1314,"49,7221050000","1,4682980000",,76.076465,76465,Seine-Maritime,28.0,Normandie,-1.0,3.0,2.0,2,1.0,28,Normandie,76,1,23,Neuville-Ferrières,546,9,555.0
202200020047,1.0,1,1,1,0.0,1.0,-1.0, -1,-1.0,1957.0,A01,29,9,2022,09:10,1,76.0,76351,2,2,1.0,6.0,HILAIRE COLOMBEL,"49,4967000000","0,1343400000",,76.076351,76351,Seine-Maritime,28.0,Normandie,50.0,4.0,2.0,1,2.0,28,Normandie,76,2,96,LeHavre,166058,1780,167838.0
202200020047,10.0,3,4,1,0.0,0.0,3.0,3,1.0,1946.0,A01,29,9,2022,09:10,1,76.0,76351,2,2,1.0,6.0,HILAIRE COLOMBEL,"49,4967000000","0,1343400000",,76.076351,76351,Seine-Maritime,28.0,Normandie,50.0,4.0,2.0,1,2.0,28,Normandie,76,2,96,LeHavre,166058,1780,167838.0
202200020049,10.0,3,3,1,2.0,0.0,2.0,3,1.0,2011.0,A01,28,9,2022,10:15,1,76.0,76351,2,1,2.0,6.0,VERDUN (RUE DE),"49,5024742327","0,1661982703",,76.076351,76351,Seine-Maritime,28.0,Normandie,50.0,4.0,2.0,3,2.0,28,Normandie,76,2,96,LeHavre,166058,1780,167838.0
202200020049,2.0,2,1,1,4.0,1.0,-1.0, -1,-1.0,2004.0,A01,28,9,2022,10:15,1,76.0,76351,2,1,2.0,6.0,VERDUN (RUE DE),"49,5024742327","0,1661982703",,76.076351,76351,Seine-Maritime,28.0,Normandie,50.0,4.0,2.0,3,2.0,28,Normandie,76,2,96,LeHavre,166058,1780,167838.0
202200020049,1.0,1,1,1,4.0,1.0,-1.0, -1,-1.0,1982.0,A01,28,9,2022,10:15,1,76.0,76351,2,1,2.0,6.0,VERDUN (RUE DE),"49,5024742327","0,1661982703",,76.076351,76351,Seine-Maritime,28.0,Normandie,50.0,4.0,2.0,3,2.0,28,Normandie,76,2,96,LeHavre,166058,1780,167838.0
202200020084,1.0,1,1,2,1.0,1.0,-1.0, -1,-1.0,1991.0,B01,7,10,2022,14:10,1,76.0,76575,1,3,1.0,2.0,Boulevard Lénine,"49,3941300000","1,1116900000",,76.076575,76575,Seine-Maritime,28.0,Normandie,90.0,7.0,3.0,4,1.0,28,Normandie,76,3,98,Saint-Étienne-du-Rouvray,28508,225,28733.0
202200020084,1.0,1,3,1,1.0,2.0,-1.0, -1,-1.0,1983.0,A01,7,10,2022,14:10,1,76.0,76575,1,3,1.0,2.0,Boulevard Lénine,"49,3941300000","1,1116900000",,76.076575,76575,Seine-Maritime,28.0,Normandie,90.0,7.0,3.0,4,1.0,28,Normandie,76,3,98,Saint-Étienne-du-Rouvray,28508,225,28733.0
202200020362,1.0,1,1,1,4.0,1.0,0.0,0,-1.0,1963.0,C01,14,11,2022,08:30,3,76.0,76503,1,1,5.0,5.0,A 151 - PK 03+500 sens DIEPPE - ROUEN,"49,5224260000","1,0039830000",,76.076503,76503,Seine-Maritime,28.0,Normandie,130.0,1.0,3.0,4,1.0,28,Normandie,76,3,24,Pissy-PôvilLe1281,20,1301,
202200020362,1.0,1,1,1,4.0,1.0,0.0,0,-1.0,1991.0,B01,14,11,2022,08:30,3,76.0,76503,1,1,5.0,5.0,A 151 - PK 03+500 sens DIEPPE - ROUEN,"49,5224260000","1,0039830000",,76.076503,76503,Seine-Maritime,28.0,Normandie,130.0,1.0,3.0,4,1.0,28,Normandie,76,3,24,Pissy-PôvilLe1281,20,1301,
202200020362,1.0,1,3,1,1.0,1.0,0.0,0,-1.0,1988.0,A01,14,11,2022,08:30,3,76.0,76503,1,1,5.0,5.0,A 151 - PK 03+500 sens DIEPPE - ROUEN,"49,5224260000","1,0039830000",,76.076503,76503,Seine-Maritime,28.0,Normandie,130.0,1.0,3.0,4,1.0,28,Normandie,76,3,24,Pissy-PôvilLe1281,20,1301,
202200020391,1.0,1,4,1,4.0,1.0,0.0,0,-1.0,1986.0,A01,14,11,2022,07:00,3,76.0,76469,1,1,5.0,6.0,CD921,"49,4873850000","1,4874030000",,76.076469,76469,Seine-Maritime,28.0,Normandie,70.0,3.0,2.0,2,2.0,28,Normandie,76,1,12,Nolléval,420,5,425.0
202200020432,1.0,1,3,2,5.0,1.0,0.0,0,-1.0,1950.0,A01,1,2,2022,18:45,3,76.0,76484,1,1,2.0,7.0,A13,"49,3437680000","1,0455570000",,76.076484,76484,Seine-Maritime,28.0,Normandie,110.0,1.0,3.0,4,2.0,28,Normandie,76,3,31,Oissel,12367,83,12450.0
202200020436,1.0,1,1,1,0.0,1.0,0.0,0,-1.0,1993.0,A01,5,11,2022,00:30,3,76.0,76314,1,1,1.0,6.0,Autoroute A 29,"49,5690154040","0,3495614501",,76.076314,76314,Seine-Maritime,28.0,Normandie,130.0,1.0,1.0,4,1.0,28,Normandie,76,2,32,GraimbouvilLe612,13,625,
202200020436,1.0,1,4,1,5.0,1.0,0.0,0,-1.0,1989.0,B01,5,11,2022,00:30,3,76.0,76314,1,1,1.0,6.0,Autoroute A 29,"49,5690154040","0,3495614501",,76.076314,76314,Seine-Maritime,28.0,Normandie,130.0,1.0,1.0,4,1.0,28,Normandie,76,2,32,GraimbouvilLe612,13,625,
202200020436,2.0,2,4,2,5.0,1.0,0.0,0,-1.0,1992.0,B01,5,11,2022,00:30,3,76.0,76314,1,1,1.0,6.0,Autoroute A 29,"49,5690154040","0,3495614501",,76.076314,76314,Seine-Maritime,28.0,Normandie,130.0,1.0,1.0,4,1.0,28,Normandie,76,2,32,GraimbouvilLe612,13,625,
202200020509,1.0,1,1,2,0.0,1.0,0.0,0,-1.0,2003.0,A01,31,1,2022,17:00,1,76.0,76562,1,1,1.0,3.0,D149,"49,8625710000","1,1750490000",,76.076562,76562,Seine-Maritime,28.0,Normandie,80.0,3.0,2.0,2,1.0,28,Normandie,76,1,8,Saint-Aubin-le-Cauf,835,22,857.0
202200020509,1.0,1,3,1,0.0,2.0,0.0,0,-1.0,1972.0,B01,31,1,2022,17:00,1,76.0,76562,1,1,1.0,3.0,D149,"49,8625710000","1,1750490000",,76.076562,76562,Seine-Maritime,28.0,Normandie,80.0,3.0,2.0,2,1.0,28,Normandie,76,1,8,Saint-Aubin-le-Cauf,835,22,857.0
202200020517,1.0,1,3,1,1.0,1.0,0.0,0,-1.0,1988.0,A01,1,2,2022,16:15,1,76.0,76655,1,1,1.0,6.0,D20,"49,8564840000","0,7222100000",,76.076655,76655,Seine-Maritime,28.0,Normandie,80.0,3.0,2.0,2,1.0,28,Normandie,76,1,33,Saint-Valery-en-Caux,3915,162,4077.0
202200020524,1.0,1,4,1,0.0,8.0,-1.0, -1,-1.0,1988.0,A01,26,7,2022,21:10,5,76.0,76216,2,1,1.0,6.0,Rue Jean Richard,"49,4642300000","1,0471100000",,76.076216,76216,Seine-Maritime,28.0,Normandie,50.0,7.0,2.0,2,1.0,28,Normandie,76,3,22,Déville-lès-Rouen,10745,62,10807.0
202200020526,1.0,1,3,2,0.0,2.0,-1.0, -1,-1.0,1994.0,A01,26,7,2022,08:35,1,76.0,76322,1,1,1.0,6.0,N338 - Sud 3,"49,3994700000","1,0325700000",,76.076322,76322,Seine-Maritime,28.0,Normandie,50.0,2.0,3.0,3,1.0,28,Normandie,76,3,13,LeGrand-Quevilly,25975,225,26200.0
202200020529,1.0,1,1,1,4.0,1.0,-1.0, -1,-1.0,1986.0,B01,23,7,2022,17:19,1,76.0,76305,2,3,1.0,3.0,OUDALLE (ROUTE),"49,5033900000","0,2071500000",,76.076305,76305,Seine-Maritime,28.0,Normandie,50.0,3.0,2.0,2,1.0,28,Normandie,76,2,16,Gonfreville-l'Orcher,8961,44,9005.0
202200020529,1.0,1,4,1,0.0,2.0,-1.0, -1,-1.0,2002.0,A01,23,7,2022,17:19,1,76.0,76305,2,3,1.0,3.0,OUDALLE (ROUTE),"49,5033900000","0,2071500000",,76.076305,76305,Seine-Maritime,28.0,Normandie,50.0,3.0,2.0,2,1.0,28,Normandie,76,2,16,Gonfreville-l'Orcher,8961,44,9005.0
202200020531,2.0,2,4,1,5.0,1.0,0.0,0,-1.0,1979.0,A01,28,1,2022,14:00,1,76.0,76181,1,1,5.0,6.0,autoroute a29,"49,6284733750","0,6105975062",,76.076181,76181,Seine-Maritime,28.0,Normandie,130.0,1.0,3.0,2,1.0,28,Normandie,76,2,33,ClévilLe144,3,147,
202200020531,1.0,1,4,2,5.0,1.0,0.0,0,-1.0,1992.0,A01,28,1,2022,14:00,1,76.0,76181,1,1,5.0,6.0,autoroute a29,"49,6284733750","0,6105975062",,76.076181,76181,Seine-Maritime,28.0,Normandie,130.0,1.0,3.0,2,1.0,28,Normandie,76,2,33,ClévilLe144,3,147,
202200020808,1.0,1,1,1,5.0,1.0,-1.0, -1,-1.0,1965.0,A01,21,3,2022,01:13,5,76.0,76540,2,1,1.0,2.0,Avenue du Grand Cours,"49,4266000000","1,1043500000",,76.076540,76540,Seine-Maritime,28.0,Normandie,70.0,7.0,2.0,6,1.0,28,Normandie,76,3,97,Rouen,114083,1556,115639.0
202200020808,1.0,1,4,1,4.0,1.0,-1.0, -1,-1.0,1976.0,B01,21,3,2022,01:13,5,76.0,76540,2,1,1.0,2.0,Avenue du Grand Cours,"49,4266000000","1,1043500000",,76.076540,76540,Seine-Maritime,28.0,Normandie,70.0,7.0,2.0,6,1.0,28,Normandie,76,3,97,Rouen,114083,1556,115639.0
202200020810,1.0,1,4,2,0.0,8.0,-1.0, -1,-1.0,1976.0,A01,24,7,2022,16:00,1,76.0,76351,2,2,1.0,3.0,LOUIS EUDIER,"49,4852100000","0,1303800000",,76.076351,76351,Seine-Maritime,28.0,Normandie,50.0,4.0,2.0,2,1.0,28,Normandie,76,2,96,LeHavre,166058,1780,167838.0
202200020810,1.0,1,1,2,0.0,1.0,-1.0, -1,-1.0,1988.0,B01,24,7,2022,16:00,1,76.0,76351,2,2,1.0,3.0,LOUIS EUDIER,"49,4852100000","0,1303800000",,76.076351,76351,Seine-Maritime,28.0,Normandie,50.0,4.0,2.0,2,1.0,28,Normandie,76,2,96,LeHavre,166058,1780,167838.0
202200020811,1.0,1,4,2,5.0,8.0,-1.0, -1,-1.0,1987.0,B01,22,7,2022,23:43,3,76.0,76576,1,1,1.0,3.0,SCHWOB JAMES (RUE),"49,5516000000","0,4462000000",,76.076576,76576,Seine-Maritime,28.0,Normandie,50.0,4.0,2.0,1,1.0,28,Normandie,76,2,3,Saint-Eustache-la-Forêt,1233,16,1249.0
202200020811,1.0,1,1,1,5.0,1.0,-1.0, -1,-1.0,1977.0,A01,22,7,2022,23:43,3,76.0,76576,1,1,1.0,3.0,SCHWOB JAMES (RUE),"49,5516000000","0,4462000000",,76.076576,76576,Seine-Maritime,28.0,Normandie,50.0,4.0,2.0,1,1.0,28,Normandie,76,2,3,Saint-Eustache-la-Forêt,1233,16,1249.0
202200020829,1.0,1,4,1,5.0,8.0,-1.0, -1,-1.0,1990.0,A01,26,5,2022,02:10,3,76.0,76540,2,1,1.0,7.0,Rampe Saint Hilaire,"49,4451500000","1,1109400000",,76.076540,76540,Seine-Maritime,28.0,Normandie,30.0,4.0,1.0,1,1.0,28,Normandie,76,3,97,Rouen,114083,1556,115639.0
202200020829,2.0,2,4,2,5.0,8.0,-1.0, -1,-1.0,1984.0,A01,26,5,2022,02:10,3,76.0,76540,2,1,1.0,7.0,Rampe Saint Hilaire,"49,4451500000","1,1109400000",,76.076540,76540,Seine-Maritime,28.0,Normandie,30.0,4.0,1.0,1,1.0,28,Normandie,76,3,97,Rouen,114083,1556,115639.0
202200020831,1.0,1,1,2,5.0,1.0,-1.0, -1,-1.0,1987.0,A01,5,5,2022,09:15,1,76.0,76165,2,1,1.0,6.0,Rue Félix Faure,"49,2872600000","1,0240700000",,76.076165,76165,Seine-Maritime,28.0,Normandie,30.0,4.0,2.0,2,1.0,28,Normandie,76,3,5,Caudebec-lès-Elbeuf,10135,69,10204.0
202200020831,10.0,3,4,1,0.0,0.0,3.0,3,1.0,1961.0,A01,5,5,2022,09:15,1,76.0,76165,2,1,1.0,6.0,Rue Félix Faure,"49,2872600000","1,0240700000",,76.076165,76165,Seine-Maritime,28.0,Normandie,30.0,4.0,2.0,2,1.0,28,Normandie,76,3,5,Caudebec-lès-Elbeuf,10135,69,10204.0
202200020834,1.0,1,1,-1,-1.0,-1.0,-1.0, -1,-1.0,,A01,21,5,2022,06:50,1,76.0,76351,2,2,1.0,3.0,VERDUN (RUE DE),"49,5013900000","0,1500100000",,76.076351,76351,Seine-Maritime,28.0,Normandie,50.0,3.0,2.0,2,1.0,28,Normandie,76,2,96,LeHavre,166058,1780,167838.0
202200020834,1.0,1,4,1,5.0,8.0,-1.0, -1,-1.0,1993.0,B01,21,5,2022,06:50,1,76.0,76351,2,2,1.0,3.0,VERDUN (RUE DE),"49,5013900000","0,1500100000",,76.076351,76351,Seine-Maritime,28.0,Normandie,50.0,3.0,2.0,2,1.0,28,Normandie,76,2,96,LeHavre,166058,1780,167838.0
202200020901,1.0,1,4,2,1.0,1.0,0.0,0,-1.0,1989.0,A01,5,12,2022,19:00,3,76.0,76533,1,9,2.0,5.0,A 131,"49,4949990000","0,2637630000",,76.076533,76533,Seine-Maritime,28.0,Normandie,130.0,1.0,3.0,4,2.0,28,Normandie,76,2,16,RogervilLe1706,19,1725,
202200020901,1.0,1,4,2,1.0,1.0,0.0,0,-1.0,1968.0,B01,5,12,2022,19:00,3,76.0,76533,1,9,2.0,5.0,A 131,"49,4949990000","0,2637630000",,76.076533,76533,Seine-Maritime,28.0,Normandie,130.0,1.0,3.0,4,2.0,28,Normandie,76,2,16,RogervilLe1706,19,1725,
202200020901,1.0,1,1,-1,-1.0,-1.0,-1.0, -1,-1.0,,C01,5,12,2022,19:00,3,76.0,76533,1,9,2.0,5.0,A 131,"49,4949990000","0,2637630000",,76.076533,76533,Seine-Maritime,28.0,Normandie,130.0,1.0,3.0,4,2.0,28,Normandie,76,2,16,RogervilLe1706,19,1725,
202200021165,10.0,3,3,2,5.0,0.0,5.0,3,1.0,1937.0,A01,18,12,2022,17:50,3,76.0,76392,2,1,3.0,6.0,Rue du Maréchal Leclerc,"49,8343910000","1,4004670000",,76.076392,76392,Seine-Maritime,28.0,Normandie,50.0,3.0,-1.0,2,2.0,28,Normandie,76,1,23,Londinières,1243,20,1263.0
202200021165,1.0,1,1,1,1.0,1.0,0.0,0,-1.0,1981.0,A01,18,12,2022,17:50,3,76.0,76392,2,1,3.0,6.0,Rue du Maréchal Leclerc,"49,8343910000","1,4004670000",,76.076392,76392,Seine-Maritime,28.0,Normandie,50.0,3.0,-1.0,2,2.0,28,Normandie,76,1,23,Londinières,1243,20,1263.0
202200021279,1.0,1,1,1,1.0,1.0,0.0,0,-1.0,1999.0,A01,11,3,2022,07:40,1,76.0,76377,2,1,1.0,6.0,2199 Route de Neufchatel,"49,5023550000","1,1566860000",,76.076377,76377,Seine-Maritime,28.0,Normandie,50.0,7.0,2.0,2,1.0,28,Normandie,76,3,2,IsneauvilLe3657,64,3721,
202200021279,10.0,3,3,1,2.0,0.0,3.0,3,1.0,2005.0,A01,11,3,2022,07:40,1,76.0,76377,2,1,1.0,6.0,2199 Route de Neufchatel,"49,5023550000","1,1566860000",,76.076377,76377,Seine-Maritime,28.0,Normandie,50.0,7.0,2.0,2,1.0,28,Normandie,76,3,2,IsneauvilLe3657,64,3721,
202200021360,2.0,2,4,1,0.0,8.0,-1.0, -1,-1.0,2004.0,A01,4,9,2022,03:20,5,76.0,76540,2,2,1.0,6.0,Avenue de Caen,"49,4290200000","1,0716400000",,76.076540,76540,Seine-Maritime,28.0,Normandie,50.0,7.0,2.0,2,1.0,28,Normandie,76,3,97,Rouen,114083,1556,115639.0
202200021360,1.0,1,1,-1,-1.0,-1.0,-1.0, -1,-1.0,,A01,4,9,2022,03:20,5,76.0,76540,2,2,1.0,6.0,Avenue de Caen,"49,4290200000","1,0716400000",,76.076540,76540,Seine-Maritime,28.0,Normandie,50.0,7.0,2.0,2,1.0,28,Normandie,76,3,97,Rouen,114083,1556,115639.0
202200021448,10.0,3,4,2,5.0,0.0,6.0,0,1.0,2007.0,A01,4,9,2022,16:45,1,76.0,76647,1,1,1.0,6.0,Route de la Gare,"49,5407120000","0,3432640000",,76.076647,76647,Seine-Maritime,28.0,Normandie,80.0,4.0,-1.0,2,1.0,28,Normandie,76,2,32,Saint-Romain-de-Colbosc,4436,43,4479.0
202200021448,1.0,1,1,-1,-1.0,-1.0,-1.0, -1,-1.0,,A01,4,9,2022,16:45,1,76.0,76647,1,1,1.0,6.0,Route de la Gare,"49,5407120000","0,3432640000",,76.076647,76647,Seine-Maritime,28.0,Normandie,80.0,4.0,-1.0,2,1.0,28,Normandie,76,2,32,Saint-Romain-de-Colbosc,4436,43,4479.0
202200021496,3.0,2,4,1,0.0,1.0,-1.0, -1,-1.0,2021.0,A01,17,4,2022,18:30,1,76.0,76351,2,1,1.0,6.0,JEAN JAURES (AVENUE),"49,5009200000","0,1795900000",,76.076351,76351,Seine-Maritime,28.0,Normandie,50.0,4.0,2.0,2,1.0,28,Normandie,76,2,96,LeHavre,166058,1780,167838.0
202200021496,1.0,1,4,2,0.0,1.0,-1.0, -1,-1.0,1995.0,A01,17,4,2022,18:30,1,76.0,76351,2,1,1.0,6.0,JEAN JAURES (AVENUE),"49,5009200000","0,1795900000",,76.076351,76351,Seine-Maritime,28.0,Normandie,50.0,4.0,2.0,2,1.0,28,Normandie,76,2,96,LeHavre,166058,1780,167838.0
202200021498,1.0,1,1,1,5.0,1.0,-1.0, -1,-1.0,2003.0,A01,16,4,2022,19:40,1,76.0,76351,2,1,1.0,6.0,Boulevard François 1er,"49,4869200000","0,1036000000",,76.076351,76351,Seine-Maritime,28.0,Normandie,50.0,4.0,3.0,4,1.0,28,Normandie,76,2,96,LeHavre,166058,1780,167838.0
202200021498,2.0,2,1,1,0.0,1.0,-1.0, -1,-1.0,2003.0,A01,16,4,2022,19:40,1,76.0,76351,2,1,1.0,6.0,Boulevard François 1er,"49,4869200000","0,1036000000",,76.076351,76351,Seine-Maritime,28.0,Normandie,50.0,4.0,3.0,4,1.0,28,Normandie,76,2,96,LeHavre,166058,1780,167838.0
202200021498,4.0,2,3,2,5.0,1.0,-1.0, -1,-1.0,2002.0,A01,16,4,2022,19:40,1,76.0,76351,2,1,1.0,6.0,Boulevard François 1er,"49,4869200000","0,1036000000",,76.076351,76351,Seine-Maritime,28.0,Normandie,50.0,4.0,3.0,4,1.0,28,Normandie,76,2,96,LeHavre,166058,1780,167838.0
202200021498,3.0,2,4,2,5.0,1.0,-1.0, -1,-1.0,2001.0,A01,16,4,2022,19:40,1,76.0,76351,2,1,1.0,6.0,Boulevard François 1er,"49,4869200000","0,1036000000",,76.076351,76351,Seine-Maritime,28.0,Normandie,50.0,4.0,3.0,4,1.0,28,Normandie,76,2,96,LeHavre,166058,1780,167838.0
202200021500,1.0,1,1,2,0.0,1.0,-1.0, -1,-1.0,2001.0,A01,14,4,2022,18:45,1,76.0,76481,2,4,1.0,6.0,SAINT ANDRIEUX (CHEMIN DE),"49,5448000000","0,1007500000",,76.076481,76481,Seine-Maritime,28.0,Normandie,50.0,4.0,2.0,2,1.0,28,Normandie,76,2,26,Octeville-sur-Mer,6122,119,6241.0
202200021500,10.0,3,4,2,5.0,0.0,1.0,3,1.0,1973.0,A01,14,4,2022,18:45,1,76.0,76481,2,4,1.0,6.0,SAINT ANDRIEUX (CHEMIN DE),"49,5448000000","0,1007500000",,76.076481,76481,Seine-Maritime,28.0,Normandie,50.0,4.0,2.0,2,1.0,28,Normandie,76,2,26,Octeville-sur-Mer,6122,119,6241.0
202200021524,1.0,1,3,1,1.0,1.0,0.0,0,-1.0,2003.0,A01,24,6,2022,13:55,1,76.0,76227,1,1,1.0,2.0,A29,"49,6602610000","0,9122230000",,76.076227,76227,Seine-Maritime,28.0,Normandie,130.0,1.0,1.0,2,1.0,28,Normandie,76,3,35,Ectot-l'Auber,703,10,713.0
202200021524,1.0,1,1,1,1.0,1.0,0.0,0,-1.0,1979.0,B01,24,6,2022,13:55,1,76.0,76227,1,1,1.0,2.0,A29,"49,6602610000","0,9122230000",,76.076227,76227,Seine-Maritime,28.0,Normandie,130.0,1.0,1.0,2,1.0,28,Normandie,76,3,35,Ectot-l'Auber,703,10,713.0
202200021539,1.0,1,3,1,9.0,1.0,0.0,0,-1.0,2002.0,A01,21,6,2022,02:45,4,76.0,76196,1,1,1.0,6.0,Route de Turretot,"49,6285854641","0,2604453563",,76.076196,76196,Seine-Maritime,28.0,Normandie,80.0,3.0,2.0,2,1.0,28,Normandie,76,2,26,Criquetot-l'Esneval,2567,82,2649.0
202200021605,1.0,1,4,1,0.0,1.0,0.0,0,-1.0,1990.0,A01,24,6,2022,18:55,1,76.0,76164,2,1,1.0,7.0,11 Route de Norville,"49,4974480000","0,6659070000",,76.076164,76164,Seine-Maritime,28.0,Normandie,70.0,3.0,2.0,2,1.0,28,Normandie,76,3,25,Rives-en-Seine,4078,66,4144.0
202200021658,2.0,2,1,2,5.0,1.0,0.0,0,-1.0,1960.0,B01,20,4,2022,18:41,1,76.0,76340,1,1,1.0,3.0,Route de Doudeville,"49,7015160000","0,7856890000",,76.076340,76340,Seine-Maritime,28.0,Normandie,80.0,3.0,2.0,2,1.0,28,Normandie,76,3,35,HarcanvilLe527,9,536,