Num_Acc,place,catu,grav,sexe,trajet,secu,locp,actp,etatp,an_nais,num_veh,jour,mois,an,hrmn,lum,dep,com,agg,int,atm,col,adr,lat,long,gps,com_insee_temp,com_insee,departmentName,regionCode,regionName,vma,catr,circ,nbv,surf,Code,Region,Departement,Arrondissement,Code_Canton,Nom_Commune,Population_municipaLe,Population_comptee_a_part,Population_Totale
202200024316,1.0,1,1,1,4.0,1.0,-1.0, -1,-1.0,1974.0,A01,27,1,2022,12:50,1,76.0,76108,2,1,1.0,6.0,Route de Darnetal,"49,4695100000","1,1256100000",,76.076108,76108,Seine-Maritime,28.0,Normandie,50.0,4.0,2.0,2,1.0,28,Normandie,76,3,2,Bois-Guillaume,14262,361,14623.0
202200024318,1.0,1,1,-1,-1.0,-1.0,-1.0, -1,-1.0,,Z01,25,1,2022,07:10,5,76.0,76351,2,6,1.0,2.0,route de l'estuaire,"49,4667100000","0,1805900000",,76.076351,76351,Seine-Maritime,28.0,Normandie,50.0,4.0,2.0,2,2.0,28,Normandie,76,2,96,LeHavre,166058,1780,167838.0
202200024318,1.0,1,4,1,1.0,1.0,-1.0, -1,-1.0,2002.0,A01,25,1,2022,07:10,5,76.0,76351,2,6,1.0,2.0,route de l'estuaire,"49,4667100000","0,1805900000",,76.076351,76351,Seine-Maritime,28.0,Normandie,50.0,4.0,2.0,2,2.0,28,Normandie,76,2,96,LeHavre,166058,1780,167838.0
202200024319,1.0,1,1,1,5.0,1.0,-1.0, -1,-1.0,2000.0,B01,27,1,2022,16:35,1,76.0,76565,1,1,2.0,2.0,D915,"49,8913000000","1,0815800000",,76.076565,76565,Seine-Maritime,28.0,Normandie,80.0,3.0,2.0,2,2.0,28,Normandie,76,1,7,Saint-Aubin-sur-Scie,1202,101,1303.0
202200024319,3.0,2,4,1,5.0,1.0,-1.0, -1,-1.0,2019.0,A01,27,1,2022,16:35,1,76.0,76565,1,1,2.0,2.0,D915,"49,8913000000","1,0815800000",,76.076565,76565,Seine-Maritime,28.0,Normandie,80.0,3.0,2.0,2,2.0,28,Normandie,76,1,7,Saint-Aubin-sur-Scie,1202,101,1303.0
202200024319,1.0,1,1,2,5.0,1.0,-1.0, -1,-1.0,1986.0,A01,27,1,2022,16:35,1,76.0,76565,1,1,2.0,2.0,D915,"49,8913000000","1,0815800000",,76.076565,76565,Seine-Maritime,28.0,Normandie,80.0,3.0,2.0,2,2.0,28,Normandie,76,1,7,Saint-Aubin-sur-Scie,1202,101,1303.0
202200024342,10.0,3,4,1,5.0,0.0,1.0,5,2.0,1996.0,A01,12,11,2022,06:30,3,76.0,76557,1,1,5.0,6.0,Route du Havre,"49,5250876286","0,7118153572",,76.076557,76557,Seine-Maritime,28.0,Normandie,50.0,3.0,2.0,2,1.0,28,Normandie,76,3,25,Saint-Arnoult,1453,23,1476.0
202200024342,10.0,3,4,1,5.0,0.0,1.0,5,2.0,1993.0,A01,12,11,2022,06:30,3,76.0,76557,1,1,5.0,6.0,Route du Havre,"49,5250876286","0,7118153572",,76.076557,76557,Seine-Maritime,28.0,Normandie,50.0,3.0,2.0,2,1.0,28,Normandie,76,3,25,Saint-Arnoult,1453,23,1476.0
202200024342,1.0,1,1,1,5.0,1.0,0.0,0,-1.0,2001.0,A01,12,11,2022,06:30,3,76.0,76557,1,1,5.0,6.0,Route du Havre,"49,5250876286","0,7118153572",,76.076557,76557,Seine-Maritime,28.0,Normandie,50.0,3.0,2.0,2,1.0,28,Normandie,76,3,25,Saint-Arnoult,1453,23,1476.0
202200024670,1.0,1,1,1,0.0,8.0,0.0,0,-1.0,1964.0,A01,15,12,2022,07:30,5,76.0,76231,2,1,1.0,1.0,Rue Jean Jaurès,"49,2917042479","1,0099898279",,76.076231,76231,Seine-Maritime,28.0,Normandie,50.0,7.0,2.0,2,2.0,28,Normandie,76,3,9,Elbeuf,15951,138,16089.0
202200024670,1.0,1,4,1,0.0,2.0,0.0,0,-1.0,2005.0,B01,15,12,2022,07:30,5,76.0,76231,2,1,1.0,1.0,Rue Jean Jaurès,"49,2917042479","1,0099898279",,76.076231,76231,Seine-Maritime,28.0,Normandie,50.0,7.0,2.0,2,2.0,28,Normandie,76,3,9,Elbeuf,15951,138,16089.0
202200024673,1.0,1,2,1,5.0,1.0,0.0,0,-1.0,1998.0,A01,15,12,2022,02:40,5,76.0,76561,2,2,1.0,6.0,Rue de la Republique,"49,2974800000","1,0110100000",,76.076561,76561,Seine-Maritime,28.0,Normandie,50.0,7.0,2.0,2,1.0,28,Normandie,76,3,5,Saint-Aubin-lès-Elbeuf,8428,75,8503.0
202200024756,1.0,1,2,1,5.0,1.0,-1.0, -1,-1.0,1986.0,A01,21,5,2022,20:10,1,76.0,76351,2,3,1.0,6.0,BOURDALOUE,"49,4997000000","0,1436700000",,76.076351,76351,Seine-Maritime,28.0,Normandie,50.0,4.0,2.0,2,1.0,28,Normandie,76,2,96,LeHavre,166058,1780,167838.0
202200024759,2.0,2,3,2,5.0,1.0,-1.0, -1,-1.0,1961.0,B01,22,5,2022,15:40,1,76.0,76217,2,1,1.0,1.0,AVENUE JEAN RIBLET,"49,9216451533","1,0938526325",,76.076217,76217,Seine-Maritime,28.0,Normandie,50.0,4.0,-1.0,2,1.0,28,Normandie,76,1,95,Dieppe,28358,455,28813.0
202200024759,1.0,1,3,1,5.0,1.0,-1.0, -1,-1.0,1958.0,B01,22,5,2022,15:40,1,76.0,76217,2,1,1.0,1.0,AVENUE JEAN RIBLET,"49,9216451533","1,0938526325",,76.076217,76217,Seine-Maritime,28.0,Normandie,50.0,4.0,-1.0,2,1.0,28,Normandie,76,1,95,Dieppe,28358,455,28813.0
202200024759,1.0,1,4,1,1.0,1.0,-1.0, -1,-1.0,1993.0,A01,22,5,2022,15:40,1,76.0,76217,2,1,1.0,1.0,AVENUE JEAN RIBLET,"49,9216451533","1,0938526325",,76.076217,76217,Seine-Maritime,28.0,Normandie,50.0,4.0,-1.0,2,1.0,28,Normandie,76,1,95,Dieppe,28358,455,28813.0
202200024761,1.0,1,3,1,5.0,8.0,-1.0, -1,-1.0,2001.0,A01,22,5,2022,14:20,1,76.0,76414,2,1,1.0,6.0,RD 485,"49,9129100000","1,1054900000",,76.076414,76414,Seine-Maritime,28.0,Normandie,90.0,3.0,1.0,4,1.0,28,Normandie,76,1,8,Martin-Église,1600,55,1655.0
202200025064,1.0,1,2,1,0.0,2.0,-1.0, -1,-1.0,1972.0,A01,6,3,2022,16:08,1,76.0,76447,2,4,1.0,6.0,FAUBOURG ASSIQUET,"49,5470500000","0,1958500000",,76.076447,76447,Seine-Maritime,28.0,Normandie,50.0,3.0,2.0,2,1.0,28,Normandie,76,2,15,Montivilliers,15457,203,15660.0
202200025149,1.0,1,3,1,0.0,0.0,0.0,0,-1.0,1984.0,B01,3,9,2022,15:35,1,76.0,76711,2,1,1.0,2.0,9 Rue du Docteur Pépin,"50,0598579563","1,3772138566",,76.076711,76711,Seine-Maritime,28.0,Normandie,50.0,3.0,2.0,2,2.0,28,Normandie,76,1,10,LeTréport,4424,91,4515.0
202200025149,2.0,2,1,2,5.0,1.0,0.0,0,-1.0,1969.0,A01,3,9,2022,15:35,1,76.0,76711,2,1,1.0,2.0,9 Rue du Docteur Pépin,"50,0598579563","1,3772138566",,76.076711,76711,Seine-Maritime,28.0,Normandie,50.0,3.0,2.0,2,2.0,28,Normandie,76,1,10,LeTréport,4424,91,4515.0
202200025149,1.0,1,1,1,5.0,1.0,0.0,0,-1.0,1969.0,A01,3,9,2022,15:35,1,76.0,76711,2,1,1.0,2.0,9 Rue du Docteur Pépin,"50,0598579563","1,3772138566",,76.076711,76711,Seine-Maritime,28.0,Normandie,50.0,3.0,2.0,2,2.0,28,Normandie,76,1,10,LeTréport,4424,91,4515.0
202200025225,1.0,1,1,1,0.0,1.0,-1.0, -1,-1.0,1941.0,B01,1,9,2022,11:00,1,76.0,76108,2,4,1.0,3.0,Route de Neufchâtel,"49,4668700000","1,1169800000",,76.076108,76108,Seine-Maritime,28.0,Normandie,50.0,7.0,2.0,2,1.0,28,Normandie,76,3,2,Bois-Guillaume,14262,361,14623.0
202200025225,1.0,1,4,1,0.0,2.0,-1.0, -1,-1.0,1958.0,A01,1,9,2022,11:00,1,76.0,76108,2,4,1.0,3.0,Route de Neufchâtel,"49,4668700000","1,1169800000",,76.076108,76108,Seine-Maritime,28.0,Normandie,50.0,7.0,2.0,2,1.0,28,Normandie,76,3,2,Bois-Guillaume,14262,361,14623.0
202200025226,1.0,1,4,2,0.0,8.0,-1.0, -1,-1.0,1978.0,B01,30,8,2022,19:15,1,76.0,76351,2,2,1.0,3.0,Rue Frédéric Bellanger,"49,4953200000","0,1010300000",,76.076351,76351,Seine-Maritime,28.0,Normandie,50.0,4.0,2.0,2,1.0,28,Normandie,76,2,96,LeHavre,166058,1780,167838.0
202200025226,1.0,1,1,1,0.0,8.0,-1.0, -1,-1.0,2003.0,A01,30,8,2022,19:15,1,76.0,76351,2,2,1.0,3.0,Rue Frédéric Bellanger,"49,4953200000","0,1010300000",,76.076351,76351,Seine-Maritime,28.0,Normandie,50.0,4.0,2.0,2,1.0,28,Normandie,76,2,96,LeHavre,166058,1780,167838.0
202200025227,1.0,1,4,1,0.0,2.0,-1.0, -1,-1.0,2004.0,A01,19,8,2022,15:45,1,76.0,76351,2,3,2.0,6.0,SOUTHAMPTON (QUAI DE),"49,4862900000","0,1103600000",,76.076351,76351,Seine-Maritime,28.0,Normandie,50.0,4.0,2.0,3,2.0,28,Normandie,76,2,96,LeHavre,166058,1780,167838.0
202200025227,10.0,3,4,1,0.0,0.0,3.0,3,2.0,1990.0,A01,19,8,2022,15:45,1,76.0,76351,2,3,2.0,6.0,SOUTHAMPTON (QUAI DE),"49,4862900000","0,1103600000",,76.076351,76351,Seine-Maritime,28.0,Normandie,50.0,4.0,2.0,3,2.0,28,Normandie,76,2,96,LeHavre,166058,1780,167838.0
202200025504,1.0,1,4,1,0.0,2.0,-1.0, -1,-1.0,1998.0,A01,9,5,2022,12:40,1,76.0,76497,1,1,1.0,7.0,N338 - Sud 3,"49,3752573389","1,0469198227",,76.076497,76497,Seine-Maritime,28.0,Normandie,110.0,2.0,3.0,6,1.0,28,Normandie,76,3,13,Petit-Couronne,8688,175,8863.0
202200025506,1.0,1,1,2,5.0,1.0,-1.0, -1,-1.0,2001.0,A01,19,6,2022,04:00,5,76.0,76351,2,2,2.0,3.0,REPUBLIQUE (COURS DE LA),"49,4919800000","0,1239200000",,76.076351,76351,Seine-Maritime,28.0,Normandie,50.0,4.0,3.0,8,2.0,28,Normandie,76,2,96,LeHavre,166058,1780,167838.0
202200025506,2.0,2,1,2,5.0,1.0,-1.0, -1,-1.0,1999.0,A01,19,6,2022,04:00,5,76.0,76351,2,2,2.0,3.0,REPUBLIQUE (COURS DE LA),"49,4919800000","0,1239200000",,76.076351,76351,Seine-Maritime,28.0,Normandie,50.0,4.0,3.0,8,2.0,28,Normandie,76,2,96,LeHavre,166058,1780,167838.0
202200025506,4.0,2,4,2,5.0,1.0,-1.0, -1,-1.0,2002.0,A01,19,6,2022,04:00,5,76.0,76351,2,2,2.0,3.0,REPUBLIQUE (COURS DE LA),"49,4919800000","0,1239200000",,76.076351,76351,Seine-Maritime,28.0,Normandie,50.0,4.0,3.0,8,2.0,28,Normandie,76,2,96,LeHavre,166058,1780,167838.0
202200025506,3.0,2,1,1,5.0,1.0,-1.0, -1,-1.0,2001.0,A01,19,6,2022,04:00,5,76.0,76351,2,2,2.0,3.0,REPUBLIQUE (COURS DE LA),"49,4919800000","0,1239200000",,76.076351,76351,Seine-Maritime,28.0,Normandie,50.0,4.0,3.0,8,2.0,28,Normandie,76,2,96,LeHavre,166058,1780,167838.0
202200025506,5.0,2,1,2,5.0,1.0,-1.0, -1,-1.0,1997.0,A01,19,6,2022,04:00,5,76.0,76351,2,2,2.0,3.0,REPUBLIQUE (COURS DE LA),"49,4919800000","0,1239200000",,76.076351,76351,Seine-Maritime,28.0,Normandie,50.0,4.0,3.0,8,2.0,28,Normandie,76,2,96,LeHavre,166058,1780,167838.0
202200025506,1.0,1,1,1,5.0,1.0,-1.0, -1,-1.0,1994.0,B01,19,6,2022,04:00,5,76.0,76351,2,2,2.0,3.0,REPUBLIQUE (COURS DE LA),"49,4919800000","0,1239200000",,76.076351,76351,Seine-Maritime,28.0,Normandie,50.0,4.0,3.0,8,2.0,28,Normandie,76,2,96,LeHavre,166058,1780,167838.0
202200025528,1.0,1,3,2,0.0,1.0,-1.0, -1,-1.0,1951.0,A01,13,4,2022,12:08,1,76.0,76351,2,1,1.0,6.0,PONT VII (ROUTE DU),"49,4938300000","0,1800100000",,76.076351,76351,Seine-Maritime,28.0,Normandie,50.0,4.0,2.0,2,1.0,28,Normandie,76,2,96,LeHavre,166058,1780,167838.0
202200025681,1.0,1,2,1,5.0,0.0,0.0,0,-1.0,1987.0,A01,17,4,2022,20:10,1,76.0,76220,2,1,1.0,6.0,84 Rue de la Chaussee,"49,8695670000","1,3223670000",,76.076220,76220,Seine-Maritime,28.0,Normandie,50.0,3.0,2.0,2,1.0,28,Normandie,76,1,8,Douvrend,523,12,535.0
202200025694,1.0,1,3,1,5.0,8.0,0.0,0,-1.0,2000.0,A01,17,4,2022,08:20,1,76.0,76612,1,1,7.0,7.0,2 Route d Edruchon,"49,8337240000","1,6851350000",,76.076612,76612,Seine-Maritime,28.0,Normandie,80.0,3.0,2.0,2,1.0,28,Normandie,76,1,10,Saint-Martin-au-Bosc,269,6,275.0
202200025879,1.0,1,4,1,0.0,8.0,-1.0, -1,-1.0,2006.0,B01,26,1,2022,15:55,1,76.0,76681,2,4,1.0,1.0,Rue Andre Poirier,"49,4035000000","1,1005000000",,76.076681,76681,Seine-Maritime,28.0,Normandie,30.0,4.0,2.0,2,1.0,28,Normandie,76,3,99,Sotteville-lès-Rouen,28965,475,29440.0
202200025879,2.0,2,1,2,0.0,1.0,-1.0, -1,-1.0,2009.0,A01,26,1,2022,15:55,1,76.0,76681,2,4,1.0,1.0,Rue Andre Poirier,"49,4035000000","1,1005000000",,76.076681,76681,Seine-Maritime,28.0,Normandie,30.0,4.0,2.0,2,1.0,28,Normandie,76,3,99,Sotteville-lès-Rouen,28965,475,29440.0
202200025879,1.0,1,1,1,0.0,1.0,-1.0, -1,-1.0,1981.0,A01,26,1,2022,15:55,1,76.0,76681,2,4,1.0,1.0,Rue Andre Poirier,"49,4035000000","1,1005000000",,76.076681,76681,Seine-Maritime,28.0,Normandie,30.0,4.0,2.0,2,1.0,28,Normandie,76,3,99,Sotteville-lès-Rouen,28965,475,29440.0
202200026045,1.0,1,1,1,5.0,8.0,-1.0, -1,-1.0,1993.0,A01,9,11,2022,22:00,5,76.0,76231,2,6,1.0,3.0,Place Francois Mitterrand,"49,2870100000","1,0090000000",,76.076231,76231,Seine-Maritime,28.0,Normandie,50.0,4.0,1.0,2,1.0,28,Normandie,76,3,9,Elbeuf,15951,138,16089.0
202200026045,1.0,1,4,2,4.0,2.0,-1.0, -1,-1.0,1997.0,B01,9,11,2022,22:00,5,76.0,76231,2,6,1.0,3.0,Place Francois Mitterrand,"49,2870100000","1,0090000000",,76.076231,76231,Seine-Maritime,28.0,Normandie,50.0,4.0,1.0,2,1.0,28,Normandie,76,3,9,Elbeuf,15951,138,16089.0
202200026046,1.0,1,4,1,5.0,2.0,-1.0, -1,-1.0,2007.0,A01,9,11,2022,17:50,3,76.0,76165,2,1,9.0,6.0,Rue de la Commune 1871,"49,2744800000","1,0177500000",,76.076165,76165,Seine-Maritime,28.0,Normandie,30.0,6.0,-1.0, -1,2.0,28,Normandie,76,3,5,Caudebec-lès-Elbeuf,10135,69,10204.0
202200026102,1.0,1,1,1,4.0,1.0,-1.0, -1,-1.0,1983.0,B01,4,10,2022,16:50,1,76.0,76540,2,3,1.0,3.0,Avenue de la Libération,"49,4261200000","1,0691900000",,76.076540,76540,Seine-Maritime,28.0,Normandie,50.0,7.0,2.0,2,1.0,28,Normandie,76,3,97,Rouen,114083,1556,115639.0
202200026102,9.0,2,1,1,0.0,8.0,-1.0, -1,-1.0,1987.0,B01,4,10,2022,16:50,1,76.0,76540,2,3,1.0,3.0,Avenue de la Libération,"49,4261200000","1,0691900000",,76.076540,76540,Seine-Maritime,28.0,Normandie,50.0,7.0,2.0,2,1.0,28,Normandie,76,3,97,Rouen,114083,1556,115639.0
202200026102,7.0,2,4,1,0.0,1.0,-1.0, -1,-1.0,2020.0,B01,4,10,2022,16:50,1,76.0,76540,2,3,1.0,3.0,Avenue de la Libération,"49,4261200000","1,0691900000",,76.076540,76540,Seine-Maritime,28.0,Normandie,50.0,7.0,2.0,2,1.0,28,Normandie,76,3,97,Rouen,114083,1556,115639.0
202200026102,1.0,1,4,2,0.0,8.0,-1.0, -1,-1.0,1981.0,A01,4,10,2022,16:50,1,76.0,76540,2,3,1.0,3.0,Avenue de la Libération,"49,4261200000","1,0691900000",,76.076540,76540,Seine-Maritime,28.0,Normandie,50.0,7.0,2.0,2,1.0,28,Normandie,76,3,97,Rouen,114083,1556,115639.0
202200026102,2.0,2,1,1,0.0,8.0,-1.0, -1,-1.0,2011.0,A01,4,10,2022,16:50,1,76.0,76540,2,3,1.0,3.0,Avenue de la Libération,"49,4261200000","1,0691900000",,76.076540,76540,Seine-Maritime,28.0,Normandie,50.0,7.0,2.0,2,1.0,28,Normandie,76,3,97,Rouen,114083,1556,115639.0
202200026104,1.0,1,1,1,4.0,1.0,-1.0, -1,-1.0,1983.0,C01,4,10,2022,08:30,1,76.0,76322,1,1,1.0,5.0,N338 - Sud 3,"49,4120000000","1,0410000000",,76.076322,76322,Seine-Maritime,28.0,Normandie,90.0,2.0,3.0,5,1.0,28,Normandie,76,3,13,LeGrand-Quevilly,25975,225,26200.0
202200026104,1.0,1,1,1,1.0,1.0,-1.0, -1,-1.0,1984.0,B01,4,10,2022,08:30,1,76.0,76322,1,1,1.0,5.0,N338 - Sud 3,"49,4120000000","1,0410000000",,76.076322,76322,Seine-Maritime,28.0,Normandie,90.0,2.0,3.0,5,1.0,28,Normandie,76,3,13,LeGrand-Quevilly,25975,225,26200.0
202200026104,1.0,1,2,1,1.0,2.0,-1.0, -1,-1.0,1959.0,A01,4,10,2022,08:30,1,76.0,76322,1,1,1.0,5.0,N338 - Sud 3,"49,4120000000","1,0410000000",,76.076322,76322,Seine-Maritime,28.0,Normandie,90.0,2.0,3.0,5,1.0,28,Normandie,76,3,13,LeGrand-Quevilly,25975,225,26200.0
202200026106,1.0,1,1,1,4.0,8.0,-1.0, -1,-1.0,1984.0,A01,4,10,2022,09:00,1,76.0,76540,2,9,1.0,6.0,Place Jacques Lelieur,"49,4399700000","1,0916200000",,76.076540,76540,Seine-Maritime,28.0,Normandie,5.0,4.0,-1.0, -1,1.0,28,Normandie,76,3,97,Rouen,114083,1556,115639.0
202200026106,10.0,3,4,2,5.0,0.0,0.0,9,1.0,1942.0,A01,4,10,2022,09:00,1,76.0,76540,2,9,1.0,6.0,Place Jacques Lelieur,"49,4399700000","1,0916200000",,76.076540,76540,Seine-Maritime,28.0,Normandie,5.0,4.0,-1.0, -1,1.0,28,Normandie,76,3,97,Rouen,114083,1556,115639.0
202200026108,1.0,1,4,1,9.0,8.0,-1.0, -1,-1.0,2007.0,A01,4,10,2022,10:00,1,76.0,76231,2,3,1.0,2.0,Rue du Neubourg,"49,2799740000","1,0072830000",,76.076231,76231,Seine-Maritime,28.0,Normandie,50.0,7.0,2.0,2,1.0,28,Normandie,76,3,9,Elbeuf,15951,138,16089.0
202200026108,1.0,1,1,2,9.0,1.0,-1.0, -1,-1.0,1957.0,B01,4,10,2022,10:00,1,76.0,76231,2,3,1.0,2.0,Rue du Neubourg,"49,2799740000","1,0072830000",,76.076231,76231,Seine-Maritime,28.0,Normandie,50.0,7.0,2.0,2,1.0,28,Normandie,76,3,9,Elbeuf,15951,138,16089.0
202200026110,1.0,1,3,1,1.0,2.0,-1.0, -1,-1.0,1961.0,B01,3,10,2022,17:20,1,76.0,76351,2,2,1.0,3.0,GRAVILLE (BD DE),"49,4924900000","0,1484400000",,76.076351,76351,Seine-Maritime,28.0,Normandie,50.0,4.0,2.0,4,1.0,28,Normandie,76,2,96,LeHavre,166058,1780,167838.0
202200026110,1.0,1,1,-1,-1.0,-1.0,-1.0, -1,-1.0,,Z01,3,10,2022,17:20,1,76.0,76351,2,2,1.0,3.0,GRAVILLE (BD DE),"49,4924900000","0,1484400000",,76.076351,76351,Seine-Maritime,28.0,Normandie,50.0,4.0,2.0,4,1.0,28,Normandie,76,2,96,LeHavre,166058,1780,167838.0
202200026112,1.0,1,4,1,5.0,1.0,-1.0, -1,-1.0,2001.0,A01,2,10,2022,03:28,5,76.0,76447,2,1,1.0,1.0,MARECHAL FOCH,"49,5403600000","0,1874800000",,76.076447,76447,Seine-Maritime,28.0,Normandie,50.0,3.0,2.0,2,2.0,28,Normandie,76,2,15,Montivilliers,15457,203,15660.0
202200026112,2.0,2,4,1,5.0,1.0,-1.0, -1,-1.0,2004.0,A01,2,10,2022,03:28,5,76.0,76447,2,1,1.0,1.0,MARECHAL FOCH,"49,5403600000","0,1874800000",,76.076447,76447,Seine-Maritime,28.0,Normandie,50.0,3.0,2.0,2,2.0,28,Normandie,76,2,15,Montivilliers,15457,203,15660.0
202200026112,3.0,2,4,2,5.0,1.0,-1.0, -1,-1.0,2004.0,A01,2,10,2022,03:28,5,76.0,76447,2,1,1.0,1.0,MARECHAL FOCH,"49,5403600000","0,1874800000",,76.076447,76447,Seine-Maritime,28.0,Normandie,50.0,3.0,2.0,2,2.0,28,Normandie,76,2,15,Montivilliers,15457,203,15660.0
202200026112,1.0,1,3,1,5.0,1.0,-1.0, -1,-1.0,1987.0,B01,2,10,2022,03:28,5,76.0,76447,2,1,1.0,1.0,MARECHAL FOCH,"49,5403600000","0,1874800000",,76.076447,76447,Seine-Maritime,28.0,Normandie,50.0,3.0,2.0,2,2.0,28,Normandie,76,2,15,Montivilliers,15457,203,15660.0
202200026252,1.0,1,1,1,1.0,1.0,0.0,0,-1.0,1998.0,B01,10,11,2022,17:40,1,76.0,76503,1,1,1.0,1.0,Route d'Eslettes,"49,5413630000","1,0109140000",,76.076503,76503,Seine-Maritime,28.0,Normandie,80.0,3.0,2.0,2,1.0,28,Normandie,76,3,24,Pissy-PôvilLe1281,20,1301,
202200026252,1.0,1,3,2,5.0,1.0,0.0,0,-1.0,1980.0,A01,10,11,2022,17:40,1,76.0,76503,1,1,1.0,1.0,Route d'Eslettes,"49,5413630000","1,0109140000",,76.076503,76503,Seine-Maritime,28.0,Normandie,80.0,3.0,2.0,2,1.0,28,Normandie,76,3,24,Pissy-PôvilLe1281,20,1301,
202200026352,1.0,1,1,1,9.0,1.0,-1.0, -1,-1.0,1954.0,A01,22,7,2022,16:20,1,76.0,76498,2,2,1.0,6.0,Rue Pierre Corneille,"49,4270200000","1,0524900000",,76.076498,76498,Seine-Maritime,28.0,Normandie,50.0,4.0,2.0,2,1.0,28,Normandie,76,3,27,LePetit-Quevilly,21782,274,22056.0
202200026352,10.0,3,4,1,0.0,0.0,5.0,A,1.0,1988.0,A01,22,7,2022,16:20,1,76.0,76498,2,2,1.0,6.0,Rue Pierre Corneille,"49,4270200000","1,0524900000",,76.076498,76498,Seine-Maritime,28.0,Normandie,50.0,4.0,2.0,2,1.0,28,Normandie,76,3,27,LePetit-Quevilly,21782,274,22056.0
202200026353,1.0,1,3,1,1.0,1.0,-1.0, -1,-1.0,2004.0,A01,22,7,2022,07:00,1,76.0,76319,1,1,1.0,3.0,N138 - Sud 3,"49,3609879030","1,0355953410",,76.076319,76319,Seine-Maritime,28.0,Normandie,110.0,2.0,1.0,3,1.0,28,Normandie,76,3,9,Grand-Couronne,9726,177,9903.0
202200026353,1.0,1,1,1,1.0,1.0,-1.0, -1,-1.0,1984.0,B01,22,7,2022,07:00,1,76.0,76319,1,1,1.0,3.0,N138 - Sud 3,"49,3609879030","1,0355953410",,76.076319,76319,Seine-Maritime,28.0,Normandie,110.0,2.0,1.0,3,1.0,28,Normandie,76,3,9,Grand-Couronne,9726,177,9903.0
202200026356,3.0,2,4,2,0.0,1.0,-1.0, -1,-1.0,2017.0,A01,20,7,2022,20:35,1,76.0,76351,2,4,1.0,4.0,VERDUN (RUE DE),"49,5022400000","0,1867400000",,76.076351,76351,Seine-Maritime,28.0,Normandie,50.0,3.0,2.0,3,1.0,28,Normandie,76,2,96,LeHavre,166058,1780,167838.0
202200026356,1.0,1,1,2,0.0,1.0,-1.0, -1,-1.0,1997.0,A01,20,7,2022,20:35,1,76.0,76351,2,4,1.0,4.0,VERDUN (RUE DE),"49,5022400000","0,1867400000",,76.076351,76351,Seine-Maritime,28.0,Normandie,50.0,3.0,2.0,3,1.0,28,Normandie,76,2,96,LeHavre,166058,1780,167838.0
202200026356,1.0,1,1,1,0.0,1.0,-1.0, -1,-1.0,1989.0,B01,20,7,2022,20:35,1,76.0,76351,2,4,1.0,4.0,VERDUN (RUE DE),"49,5022400000","0,1867400000",,76.076351,76351,Seine-Maritime,28.0,Normandie,50.0,3.0,2.0,3,1.0,28,Normandie,76,2,96,LeHavre,166058,1780,167838.0
202200026356,1.0,1,1,-1,-1.0,-1.0,-1.0, -1,-1.0,,Z01,20,7,2022,20:35,1,76.0,76351,2,4,1.0,4.0,VERDUN (RUE DE),"49,5022400000","0,1867400000",,76.076351,76351,Seine-Maritime,28.0,Normandie,50.0,3.0,2.0,3,1.0,28,Normandie,76,2,96,LeHavre,166058,1780,167838.0
202200026455,1.0,1,4,2,1.0,1.0,0.0,0,-1.0,1988.0,A01,14,12,2022,10:30,1,76.0,76486,1,1,4.0,1.0,Route de Moulineaux,"49,3208340000","0,9910160000",,76.076486,76486,Seine-Maritime,28.0,Normandie,80.0,4.0,2.0,2,7.0,28,Normandie,76,3,9,Orival,860,5,865.0
202200026455,1.0,1,4,1,1.0,1.0,0.0,0,-1.0,1985.0,B01,14,12,2022,10:30,1,76.0,76486,1,1,4.0,1.0,Route de Moulineaux,"49,3208340000","0,9910160000",,76.076486,76486,Seine-Maritime,28.0,Normandie,80.0,4.0,2.0,2,7.0,28,Normandie,76,3,9,Orival,860,5,865.0
202200026458,1.0,1,4,1,0.0,8.0,0.0,0,-1.0,1975.0,A01,14,12,2022,07:15,5,76.0,76498,2,1,4.0,6.0,Avenue des Canadiens,"49,4136540000","1,0737310000",,76.076498,76498,Seine-Maritime,28.0,Normandie,50.0,4.0,2.0,2,5.0,28,Normandie,76,3,27,LePetit-Quevilly,21782,274,22056.0
202200026619,1.0,1,1,2,5.0,1.0,0.0,0,-1.0,2002.0,A01,23,7,2022,07:30,1,76.0,76509,1,2,1.0,3.0,D15,"49,4935600000","1,2285380000",,76.076509,76509,Seine-Maritime,28.0,Normandie,80.0,3.0,2.0,2,1.0,28,Normandie,76,3,21,Préaux,1863,32,1895.0
202200026619,1.0,1,4,2,0.0,1.0,0.0,0,-1.0,1990.0,B01,23,7,2022,07:30,1,76.0,76509,1,2,1.0,3.0,D15,"49,4935600000","1,2285380000",,76.076509,76509,Seine-Maritime,28.0,Normandie,80.0,3.0,2.0,2,1.0,28,Normandie,76,3,21,Préaux,1863,32,1895.0