Num_Acc,place,catu,grav,sexe,trajet,secu,locp,actp,etatp,an_nais,num_veh,jour,mois,an,hrmn,lum,dep,com,agg,int,atm,col,adr,lat,long,gps,com_insee_temp,com_insee,departmentName,regionCode,regionName,vma,catr,circ,nbv,surf,Code,Region,Departement,Arrondissement,Code_Canton,Nom_Commune,Population_municipaLe,Population_comptee_a_part,Population_Totale
202200026622,1.0,1,1,1,0.0,8.0,0.0,0,-1.0,1947.0,A01,23,7,2022,10:50,1,76.0,76179,2,1,1.0,6.0,Rue Pierre Mauger,"49,5986970000","1,1106950000",,76.076179,76179,Seine-Maritime,28.0,Normandie,50.0,3.0,2.0,2,1.0,28,Normandie,76,3,2,Clères,1380,15,1395.0
202200026622,10.0,3,4,2,0.0,0.0,2.0,3,1.0,1962.0,A01,23,7,2022,10:50,1,76.0,76179,2,1,1.0,6.0,Rue Pierre Mauger,"49,5986970000","1,1106950000",,76.076179,76179,Seine-Maritime,28.0,Normandie,50.0,3.0,2.0,2,1.0,28,Normandie,76,3,2,Clères,1380,15,1395.0
202200026762,2.0,2,1,1,0.0,1.0,0.0,0,-1.0,1991.0,A01,10,12,2022,22:41,5,76.0,76341,1,1,1.0,6.0,RD 6382,"49,5034309847","0,1941972971",,76.076341,76341,Seine-Maritime,28.0,Normandie,90.0,3.0,3.0,4,1.0,28,Normandie,76,2,15,Harfleur,8315,53,8368.0
202200026762,2.0,2,1,1,0.0,1.0,0.0,0,-1.0,1992.0,A01,10,12,2022,22:41,5,76.0,76341,1,1,1.0,6.0,RD 6382,"49,5034309847","0,1941972971",,76.076341,76341,Seine-Maritime,28.0,Normandie,90.0,3.0,3.0,4,1.0,28,Normandie,76,2,15,Harfleur,8315,53,8368.0
202200026762,1.0,1,4,2,0.0,1.0,0.0,0,-1.0,1994.0,A01,10,12,2022,22:41,5,76.0,76341,1,1,1.0,6.0,RD 6382,"49,5034309847","0,1941972971",,76.076341,76341,Seine-Maritime,28.0,Normandie,90.0,3.0,3.0,4,1.0,28,Normandie,76,2,15,Harfleur,8315,53,8368.0
202200026776,1.0,1,2,1,5.0,1.0,0.0,0,-1.0,1973.0,A01,22,7,2022,22:08,2,76.0,76276,2,1,1.0,6.0,106 Avenue des Sources,"49,6094020000","1,5343600000",,76.076276,76276,Seine-Maritime,28.0,Normandie,50.0,3.0,2.0,2,1.0,28,Normandie,76,1,12,Forges-les-Eaux,3702,157,3859.0
202200026904,1.0,1,3,1,0.0,8.0,-1.0, -1,-1.0,1992.0,A01,6,3,2022,15:45,1,76.0,76600,2,1,1.0,6.0,RTE D EPREVILLE,"49,7343210000","0,3555650000",,76.076600,76600,Seine-Maritime,28.0,Normandie,70.0,3.0,2.0,2,1.0,28,Normandie,76,2,11,Saint-Léonard,1713,34,1747.0
202200027017,10.0,3,4,1,0.0,0.0,9.0,3,1.0,1985.0,A01,6,3,2022,00:40,5,76.0,76540,2,1,9.0,6.0,Avenue du mont Riboudet,"49,4443000000","1,0752000000",,76.076540,76540,Seine-Maritime,28.0,Normandie,50.0,7.0,1.0,2,1.0,28,Normandie,76,3,97,Rouen,114083,1556,115639.0
202200027017,2.0,2,1,1,5.0,1.0,-1.0, -1,-1.0,1991.0,A01,6,3,2022,00:40,5,76.0,76540,2,1,9.0,6.0,Avenue du mont Riboudet,"49,4443000000","1,0752000000",,76.076540,76540,Seine-Maritime,28.0,Normandie,50.0,7.0,1.0,2,1.0,28,Normandie,76,3,97,Rouen,114083,1556,115639.0
202200027017,1.0,1,1,2,5.0,1.0,-1.0, -1,-1.0,1993.0,A01,6,3,2022,00:40,5,76.0,76540,2,1,9.0,6.0,Avenue du mont Riboudet,"49,4443000000","1,0752000000",,76.076540,76540,Seine-Maritime,28.0,Normandie,50.0,7.0,1.0,2,1.0,28,Normandie,76,3,97,Rouen,114083,1556,115639.0
202200027075,1.0,1,1,1,1.0,1.0,0.0,0,-1.0,1995.0,A01,1,9,2022,07:55,1,76.0,76516,1,1,1.0,1.0,D928,"49,7208170000","1,4254760000",,76.076516,76516,Seine-Maritime,28.0,Normandie,70.0,3.0,3.0,2,1.0,28,Normandie,76,1,23,Quièvrecourt,406,18,424.0
202200027075,1.0,1,3,2,0.0,1.0,0.0,0,-1.0,1943.0,B01,1,9,2022,07:55,1,76.0,76516,1,1,1.0,1.0,D928,"49,7208170000","1,4254760000",,76.076516,76516,Seine-Maritime,28.0,Normandie,70.0,3.0,3.0,2,1.0,28,Normandie,76,1,23,Quièvrecourt,406,18,424.0
202200027075,2.0,2,3,1,0.0,1.0,0.0,0,-1.0,1972.0,B01,1,9,2022,07:55,1,76.0,76516,1,1,1.0,1.0,D928,"49,7208170000","1,4254760000",,76.076516,76516,Seine-Maritime,28.0,Normandie,70.0,3.0,3.0,2,1.0,28,Normandie,76,1,23,Quièvrecourt,406,18,424.0
202200027076,1.0,1,1,1,5.0,1.0,0.0,0,-1.0,2002.0,A01,28,8,2022,23:15,3,76.0,76415,1,1,1.0,6.0,D 915,"49,6848530000","1,3759090000",,76.076415,76415,Seine-Maritime,28.0,Normandie,80.0,3.0,2.0,2,1.0,28,Normandie,76,1,23,Massy,320,5,325.0
202200027076,2.0,2,3,2,5.0,1.0,0.0,0,-1.0,2003.0,A01,28,8,2022,23:15,3,76.0,76415,1,1,1.0,6.0,D 915,"49,6848530000","1,3759090000",,76.076415,76415,Seine-Maritime,28.0,Normandie,80.0,3.0,2.0,2,1.0,28,Normandie,76,1,23,Massy,320,5,325.0
202200027112,1.0,1,4,1,0.0,8.0,-1.0, -1,-1.0,2008.0,A01,30,8,2022,21:45,3,76.0,76447,2,4,1.0,2.0,MANOIR (DU),"49,5555000000","0,1679800000",,76.076447,76447,Seine-Maritime,28.0,Normandie,50.0,3.0,2.0,2,1.0,28,Normandie,76,2,15,Montivilliers,15457,203,15660.0
202200027112,1.0,1,1,-1,-1.0,-1.0,-1.0, -1,-1.0,,Z01,30,8,2022,21:45,3,76.0,76447,2,4,1.0,2.0,MANOIR (DU),"49,5555000000","0,1679800000",,76.076447,76447,Seine-Maritime,28.0,Normandie,50.0,3.0,2.0,2,1.0,28,Normandie,76,2,15,Montivilliers,15457,203,15660.0
202200027113,4.0,2,4,1,5.0,1.0,-1.0, -1,-1.0,2006.0,B01,31,8,2022,18:09,1,76.0,76329,1,1,1.0,1.0,VALLEE DE LA FONTAINE MUREE (LA),"49,5406200000","0,5118600000",,76.076329,76329,Seine-Maritime,28.0,Normandie,70.0,4.0,2.0,1,1.0,28,Normandie,76,2,3,Gruchet-le-Valasse,3074,39,3113.0
202200027113,7.0,2,4,2,5.0,1.0,-1.0, -1,-1.0,2017.0,B01,31,8,2022,18:09,1,76.0,76329,1,1,1.0,1.0,VALLEE DE LA FONTAINE MUREE (LA),"49,5406200000","0,5118600000",,76.076329,76329,Seine-Maritime,28.0,Normandie,70.0,4.0,2.0,1,1.0,28,Normandie,76,2,3,Gruchet-le-Valasse,3074,39,3113.0
202200027113,8.0,2,4,2,5.0,1.0,-1.0, -1,-1.0,2015.0,B01,31,8,2022,18:09,1,76.0,76329,1,1,1.0,1.0,VALLEE DE LA FONTAINE MUREE (LA),"49,5406200000","0,5118600000",,76.076329,76329,Seine-Maritime,28.0,Normandie,70.0,4.0,2.0,1,1.0,28,Normandie,76,2,3,Gruchet-le-Valasse,3074,39,3113.0
202200027113,9.0,2,4,2,0.0,1.0,-1.0, -1,-1.0,2013.0,B01,31,8,2022,18:09,1,76.0,76329,1,1,1.0,1.0,VALLEE DE LA FONTAINE MUREE (LA),"49,5406200000","0,5118600000",,76.076329,76329,Seine-Maritime,28.0,Normandie,70.0,4.0,2.0,1,1.0,28,Normandie,76,2,3,Gruchet-le-Valasse,3074,39,3113.0
202200027113,3.0,2,4,2,5.0,1.0,-1.0, -1,-1.0,2009.0,B01,31,8,2022,18:09,1,76.0,76329,1,1,1.0,1.0,VALLEE DE LA FONTAINE MUREE (LA),"49,5406200000","0,5118600000",,76.076329,76329,Seine-Maritime,28.0,Normandie,70.0,4.0,2.0,1,1.0,28,Normandie,76,2,3,Gruchet-le-Valasse,3074,39,3113.0
202200027113,2.0,2,4,2,5.0,1.0,-1.0, -1,-1.0,2006.0,B01,31,8,2022,18:09,1,76.0,76329,1,1,1.0,1.0,VALLEE DE LA FONTAINE MUREE (LA),"49,5406200000","0,5118600000",,76.076329,76329,Seine-Maritime,28.0,Normandie,70.0,4.0,2.0,1,1.0,28,Normandie,76,2,3,Gruchet-le-Valasse,3074,39,3113.0
202200027113,1.0,1,4,2,5.0,1.0,-1.0, -1,-1.0,1987.0,B01,31,8,2022,18:09,1,76.0,76329,1,1,1.0,1.0,VALLEE DE LA FONTAINE MUREE (LA),"49,5406200000","0,5118600000",,76.076329,76329,Seine-Maritime,28.0,Normandie,70.0,4.0,2.0,1,1.0,28,Normandie,76,2,3,Gruchet-le-Valasse,3074,39,3113.0
202200027113,1.0,1,4,2,1.0,1.0,-1.0, -1,-1.0,1998.0,A01,31,8,2022,18:09,1,76.0,76329,1,1,1.0,1.0,VALLEE DE LA FONTAINE MUREE (LA),"49,5406200000","0,5118600000",,76.076329,76329,Seine-Maritime,28.0,Normandie,70.0,4.0,2.0,1,1.0,28,Normandie,76,2,3,Gruchet-le-Valasse,3074,39,3113.0
202200027221,1.0,1,4,1,5.0,2.0,0.0,0,-1.0,1983.0,A01,17,4,2022,15:00,1,76.0,76305,1,1,1.0,2.0,A131,"49,4969880000","0,2303080000",,76.076305,76305,Seine-Maritime,28.0,Normandie,130.0,1.0,3.0,4,1.0,28,Normandie,76,2,16,Gonfreville-l'Orcher,8961,44,9005.0
202200027221,2.0,2,4,2,5.0,2.0,0.0,0,-1.0,1979.0,A01,17,4,2022,15:00,1,76.0,76305,1,1,1.0,2.0,A131,"49,4969880000","0,2303080000",,76.076305,76305,Seine-Maritime,28.0,Normandie,130.0,1.0,3.0,4,1.0,28,Normandie,76,2,16,Gonfreville-l'Orcher,8961,44,9005.0
202200027221,1.0,1,1,1,5.0,1.0,0.0,0,-1.0,1993.0,B01,17,4,2022,15:00,1,76.0,76305,1,1,1.0,2.0,A131,"49,4969880000","0,2303080000",,76.076305,76305,Seine-Maritime,28.0,Normandie,130.0,1.0,3.0,4,1.0,28,Normandie,76,2,16,Gonfreville-l'Orcher,8961,44,9005.0
202200027221,2.0,2,1,2,5.0,1.0,0.0,0,-1.0,1997.0,B01,17,4,2022,15:00,1,76.0,76305,1,1,1.0,2.0,A131,"49,4969880000","0,2303080000",,76.076305,76305,Seine-Maritime,28.0,Normandie,130.0,1.0,3.0,4,1.0,28,Normandie,76,2,16,Gonfreville-l'Orcher,8961,44,9005.0
202200027331,10.0,3,4,1,0.0,0.0,5.0,1,1.0,1961.0,A01,13,4,2022,17:15,1,76.0,76351,2,1,1.0,6.0,FREDERIC BELLANGER,"49,4954300000","0,0994200000",,76.076351,76351,Seine-Maritime,28.0,Normandie,50.0,4.0,2.0,2,1.0,28,Normandie,76,2,96,LeHavre,166058,1780,167838.0
202200027331,1.0,1,1,1,0.0,8.0,-1.0, -1,-1.0,1996.0,A01,13,4,2022,17:15,1,76.0,76351,2,1,1.0,6.0,FREDERIC BELLANGER,"49,4954300000","0,0994200000",,76.076351,76351,Seine-Maritime,28.0,Normandie,50.0,4.0,2.0,2,1.0,28,Normandie,76,2,96,LeHavre,166058,1780,167838.0
202200027332,1.0,1,4,2,4.0,1.0,-1.0, -1,-1.0,1971.0,B01,12,4,2022,19:05,1,76.0,76351,2,2,1.0,3.0,GLYCINES (DES),"49,5065800000","0,1589400000",,76.076351,76351,Seine-Maritime,28.0,Normandie,50.0,4.0,2.0,2,1.0,28,Normandie,76,2,96,LeHavre,166058,1780,167838.0
202200027332,1.0,1,1,1,0.0,1.0,-1.0, -1,-1.0,1999.0,A01,12,4,2022,19:05,1,76.0,76351,2,2,1.0,3.0,GLYCINES (DES),"49,5065800000","0,1589400000",,76.076351,76351,Seine-Maritime,28.0,Normandie,50.0,4.0,2.0,2,1.0,28,Normandie,76,2,96,LeHavre,166058,1780,167838.0
202200027336,1.0,1,1,1,4.0,1.0,0.0,0,-1.0,1963.0,B01,20,6,2022,14:20,1,76.0,76657,1,1,1.0,2.0,A131,"49,4850310000","0,3229350000",,76.076657,76657,Seine-Maritime,28.0,Normandie,110.0,1.0,1.0,4,1.0,28,Normandie,76,2,32,Saint-Vigor-d'YmonvilLe1167,24,1191,
202200027336,2.0,2,4,1,4.0,1.0,0.0,0,-1.0,1961.0,A01,20,6,2022,14:20,1,76.0,76657,1,1,1.0,2.0,A131,"49,4850310000","0,3229350000",,76.076657,76657,Seine-Maritime,28.0,Normandie,110.0,1.0,1.0,4,1.0,28,Normandie,76,2,32,Saint-Vigor-d'YmonvilLe1167,24,1191,
202200027336,1.0,1,4,1,4.0,1.0,0.0,0,-1.0,1978.0,A01,20,6,2022,14:20,1,76.0,76657,1,1,1.0,2.0,A131,"49,4850310000","0,3229350000",,76.076657,76657,Seine-Maritime,28.0,Normandie,110.0,1.0,1.0,4,1.0,28,Normandie,76,2,32,Saint-Vigor-d'YmonvilLe1167,24,1191,
202200027485,1.0,1,3,1,0.0,1.0,-1.0, -1,-1.0,1947.0,A01,18,6,2022,19:00,1,76.0,76552,2,2,1.0,6.0,CAP ( RTE DU ),"49,5058100000","0,0812900000",,76.076552,76552,Seine-Maritime,28.0,Normandie,50.0,3.0,2.0,2,1.0,28,Normandie,76,2,19,Sainte-Adresse,7116,188,7304.0
202200027486,1.0,1,1,1,0.0,1.0,-1.0, -1,-1.0,2003.0,B01,17,6,2022,17:35,1,76.0,76270,1,1,1.0,2.0,Route Départementale 31,"49,5525000000","0,1431200000",,76.076270,76270,Seine-Maritime,28.0,Normandie,70.0,3.0,2.0,4,1.0,28,Normandie,76,2,26,Fontaine-la-Mallet,2635,54,2689.0
202200027486,1.0,1,4,1,0.0,2.0,-1.0, -1,-1.0,2004.0,A01,17,6,2022,17:35,1,76.0,76270,1,1,1.0,2.0,Route Départementale 31,"49,5525000000","0,1431200000",,76.076270,76270,Seine-Maritime,28.0,Normandie,70.0,3.0,2.0,4,1.0,28,Normandie,76,2,26,Fontaine-la-Mallet,2635,54,2689.0
202200027631,1.0,1,4,2,0.0,1.0,0.0,0,-1.0,1979.0,C01,21,6,2022,13:55,1,76.0,76592,1,1,1.0,5.0,La Grand Route,"49,5058850000","0,5026940000",,76.076592,76592,Seine-Maritime,28.0,Normandie,70.0,3.0,-1.0,2,1.0,28,Normandie,76,2,3,Saint-Jean-de-FollevilLe800,26,826,
202200027631,1.0,1,3,1,0.0,2.0,0.0,0,-1.0,1967.0,B01,21,6,2022,13:55,1,76.0,76592,1,1,1.0,5.0,La Grand Route,"49,5058850000","0,5026940000",,76.076592,76592,Seine-Maritime,28.0,Normandie,70.0,3.0,-1.0,2,1.0,28,Normandie,76,2,3,Saint-Jean-de-FollevilLe800,26,826,
202200027631,1.0,1,1,1,0.0,1.0,0.0,0,-1.0,1979.0,A01,21,6,2022,13:55,1,76.0,76592,1,1,1.0,5.0,La Grand Route,"49,5058850000","0,5026940000",,76.076592,76592,Seine-Maritime,28.0,Normandie,70.0,3.0,-1.0,2,1.0,28,Normandie,76,2,3,Saint-Jean-de-FollevilLe800,26,826,
202200027636,2.0,2,1,1,0.0,2.0,0.0,0,-1.0,1993.0,A01,21,6,2022,12:45,1,76.0,76030,1,3,2.0,7.0,D915,"49,8463510000","1,1270860000",,76.076030,76030,Seine-Maritime,28.0,Normandie,80.0,3.0,2.0,2,2.0,28,Normandie,76,1,7,Aubermesnil-Beaumais,518,3,521.0
202200027636,1.0,1,3,2,9.0,2.0,0.0,0,-1.0,1996.0,A01,21,6,2022,12:45,1,76.0,76030,1,3,2.0,7.0,D915,"49,8463510000","1,1270860000",,76.076030,76030,Seine-Maritime,28.0,Normandie,80.0,3.0,2.0,2,2.0,28,Normandie,76,1,7,Aubermesnil-Beaumais,518,3,521.0
202200027685,1.0,1,4,2,0.0,1.0,-1.0, -1,-1.0,1961.0,A01,21,1,2022,14:35,1,76.0,76447,2,3,1.0,6.0,ANTOINE DE SAINT EXUPERY,"49,5493000000","0,1786700000",,76.076447,76447,Seine-Maritime,28.0,Normandie,50.0,3.0,2.0,2,1.0,28,Normandie,76,2,15,Montivilliers,15457,203,15660.0
202200027686,10.0,3,4,1,1.0,8.0,1.0,2,1.0,1993.0,A01,24,1,2022,08:15,2,76.0,76217,2,3,1.0,6.0,REPUBLIQUE (DE LA),"49,9217800000","1,0737600000",,76.076217,76217,Seine-Maritime,28.0,Normandie,50.0,4.0,1.0,1,1.0,28,Normandie,76,1,95,Dieppe,28358,455,28813.0
202200027686,1.0,1,1,2,1.0,1.0,-1.0, -1,-1.0,1975.0,A01,24,1,2022,08:15,2,76.0,76217,2,3,1.0,6.0,REPUBLIQUE (DE LA),"49,9217800000","1,0737600000",,76.076217,76217,Seine-Maritime,28.0,Normandie,50.0,4.0,1.0,1,1.0,28,Normandie,76,1,95,Dieppe,28358,455,28813.0
202200027858,1.0,1,4,1,2.0,0.0,0.0,0,-1.0,2009.0,A01,10,11,2022,11:15,1,76.0,76624,2,3,1.0,3.0,Rue du Docteur Vitet,"49,8770290000","1,2209570000",,76.076624,76624,Seine-Maritime,28.0,Normandie,50.0,4.0,2.0,2,1.0,28,Normandie,76,1,8,Saint-Nicolas-d'Aliermont,3764,59,3823.0
202200027858,1.0,1,1,1,5.0,1.0,0.0,0,-1.0,1991.0,B01,10,11,2022,11:15,1,76.0,76624,2,3,1.0,3.0,Rue du Docteur Vitet,"49,8770290000","1,2209570000",,76.076624,76624,Seine-Maritime,28.0,Normandie,50.0,4.0,2.0,2,1.0,28,Normandie,76,1,8,Saint-Nicolas-d'Aliermont,3764,59,3823.0
202200027890,10.0,3,4,1,0.0,0.0,9.0,3,2.0,2012.0,A01,27,9,2022,13:40,1,76.0,76231,2,3,2.0,6.0,Rue Camille Randoing,"49,2875110000","1,0061400000",,76.076231,76231,Seine-Maritime,28.0,Normandie,50.0,4.0,2.0,2,2.0,28,Normandie,76,3,9,Elbeuf,15951,138,16089.0
202200027890,1.0,1,1,1,0.0,1.0,0.0,0,-1.0,1985.0,A01,27,9,2022,13:40,1,76.0,76231,2,3,2.0,6.0,Rue Camille Randoing,"49,2875110000","1,0061400000",,76.076231,76231,Seine-Maritime,28.0,Normandie,50.0,4.0,2.0,2,2.0,28,Normandie,76,3,9,Elbeuf,15951,138,16089.0
202200027892,10.0,3,3,1,0.0,0.0,5.0,B,1.0,1966.0,A01,12,9,2022,21:50,5,76.0,76540,2,4,1.0,6.0,Avenue Jean Rondeaux,"49,4336670000","1,0754940000",,76.076540,76540,Seine-Maritime,28.0,Normandie,50.0,7.0,2.0,2,1.0,28,Normandie,76,3,97,Rouen,114083,1556,115639.0
202200027892,1.0,1,1,1,0.0,1.0,-1.0, -1,-1.0,1996.0,A01,12,9,2022,21:50,5,76.0,76540,2,4,1.0,6.0,Avenue Jean Rondeaux,"49,4336670000","1,0754940000",,76.076540,76540,Seine-Maritime,28.0,Normandie,50.0,7.0,2.0,2,1.0,28,Normandie,76,3,97,Rouen,114083,1556,115639.0
202200027918,1.0,1,3,1,1.0,1.0,0.0,0,-1.0,1971.0,A01,9,11,2022,07:50,1,76.0,76164,1,3,7.0,3.0,D982 route de caudebec,"49,5225360000","0,7556000000",,76.076164,76164,Seine-Maritime,28.0,Normandie,70.0,3.0,1.0,2,1.0,28,Normandie,76,3,25,Rives-en-Seine,4078,66,4144.0
202200027918,1.0,1,4,2,1.0,1.0,0.0,0,-1.0,1969.0,B01,9,11,2022,07:50,1,76.0,76164,1,3,7.0,3.0,D982 route de caudebec,"49,5225360000","0,7556000000",,76.076164,76164,Seine-Maritime,28.0,Normandie,70.0,3.0,1.0,2,1.0,28,Normandie,76,3,25,Rives-en-Seine,4078,66,4144.0
202200028045,1.0,1,4,1,9.0,8.0,0.0,0,-1.0,1977.0,A01,8,11,2022,10:50,1,76.0,76540,2,1,1.0,6.0,Quai Pierre Corneille,"49,4376100000","1,0940100000",,76.076540,76540,Seine-Maritime,28.0,Normandie,50.0,7.0,2.0,5,1.0,28,Normandie,76,3,97,Rouen,114083,1556,115639.0
202200028153,1.0,1,1,1,4.0,1.0,-1.0, -1,-1.0,2001.0,B01,20,5,2022,12:20,1,76.0,76305,1,1,3.0,2.0,INDUSTRIELLE (ROUTE),"49,4817000000","0,2436100000",,76.076305,76305,Seine-Maritime,28.0,Normandie,70.0,4.0,3.0,4,2.0,28,Normandie,76,2,16,Gonfreville-l'Orcher,8961,44,9005.0
202200028153,1.0,1,4,1,0.0,2.0,-1.0, -1,-1.0,1990.0,A01,20,5,2022,12:20,1,76.0,76305,1,1,3.0,2.0,INDUSTRIELLE (ROUTE),"49,4817000000","0,2436100000",,76.076305,76305,Seine-Maritime,28.0,Normandie,70.0,4.0,3.0,4,2.0,28,Normandie,76,2,16,Gonfreville-l'Orcher,8961,44,9005.0
202200028155,1.0,1,3,1,5.0,2.0,-1.0, -1,-1.0,1974.0,A01,18,5,2022,23:29,3,76.0,76476,2,9,1.0,6.0,1965 Route de l’Abbaye,"49,5139900000","0,6187900000",,76.076476,76476,Seine-Maritime,28.0,Normandie,70.0,3.0,2.0,1,1.0,28,Normandie,76,2,25,Port-Jérôme-sur-Seine,10387,172,10559.0
202200028238,1.0,1,1,1,5.0,1.0,0.0,0,-1.0,1994.0,A01,18,9,2022,04:30,4,76.0,76006,2,1,1.0,1.0,Route de la Fosse au Loup,"49,6970830000","0,8216030000",,76.076006,76006,Seine-Maritime,28.0,Normandie,50.0,3.0,2.0,2,1.0,28,Normandie,76,3,35,Amfreville-les-Champs,184,4,188.0
202200028238,2.0,2,4,2,5.0,1.0,0.0,0,-1.0,1997.0,B01,18,9,2022,04:30,4,76.0,76006,2,1,1.0,1.0,Route de la Fosse au Loup,"49,6970830000","0,8216030000",,76.076006,76006,Seine-Maritime,28.0,Normandie,50.0,3.0,2.0,2,1.0,28,Normandie,76,3,35,Amfreville-les-Champs,184,4,188.0
202200028238,1.0,1,1,2,5.0,1.0,0.0,0,-1.0,1995.0,B01,18,9,2022,04:30,4,76.0,76006,2,1,1.0,1.0,Route de la Fosse au Loup,"49,6970830000","0,8216030000",,76.076006,76006,Seine-Maritime,28.0,Normandie,50.0,3.0,2.0,2,1.0,28,Normandie,76,3,35,Amfreville-les-Champs,184,4,188.0
202200028551,1.0,1,3,1,5.0,8.0,0.0,0,-1.0,1994.0,A01,21,8,2022,19:45,2,76.0,76271,2,1,1.0,6.0,Rue du Rombosc,"49,5672480000","1,1503640000",,76.076271,76271,Seine-Maritime,28.0,Normandie,80.0,4.0,-1.0,1,1.0,28,Normandie,76,3,2,Fontaine-le-Bourg,1843,18,1861.0
202200028610,1.0,1,1,2,0.0,1.0,0.0,0,-1.0,1991.0,A01,12,12,2022,11:45,1,76.0,76484,1,1,1.0,4.0,Pont de Tourville,"49,3386100000","1,1020600000",,76.076484,76484,Seine-Maritime,28.0,Normandie,70.0,7.0,2.0,2,1.0,28,Normandie,76,3,31,Oissel,12367,83,12450.0
202200028610,4.0,2,4,2,0.0,1.0,0.0,0,-1.0,2016.0,A01,12,12,2022,11:45,1,76.0,76484,1,1,1.0,4.0,Pont de Tourville,"49,3386100000","1,1020600000",,76.076484,76484,Seine-Maritime,28.0,Normandie,70.0,7.0,2.0,2,1.0,28,Normandie,76,3,31,Oissel,12367,83,12450.0
202200028610,3.0,2,1,1,0.0,1.0,0.0,0,-1.0,2021.0,A01,12,12,2022,11:45,1,76.0,76484,1,1,1.0,4.0,Pont de Tourville,"49,3386100000","1,1020600000",,76.076484,76484,Seine-Maritime,28.0,Normandie,70.0,7.0,2.0,2,1.0,28,Normandie,76,3,31,Oissel,12367,83,12450.0
202200028610,1.0,1,4,1,0.0,1.0,0.0,0,-1.0,1972.0,B01,12,12,2022,11:45,1,76.0,76484,1,1,1.0,4.0,Pont de Tourville,"49,3386100000","1,1020600000",,76.076484,76484,Seine-Maritime,28.0,Normandie,70.0,7.0,2.0,2,1.0,28,Normandie,76,3,31,Oissel,12367,83,12450.0
202200028610,1.0,1,1,2,0.0,1.0,0.0,0,-1.0,1975.0,C01,12,12,2022,11:45,1,76.0,76484,1,1,1.0,4.0,Pont de Tourville,"49,3386100000","1,1020600000",,76.076484,76484,Seine-Maritime,28.0,Normandie,70.0,7.0,2.0,2,1.0,28,Normandie,76,3,31,Oissel,12367,83,12450.0
202200028612,2.0,2,2,1,0.0,0.0,0.0,0,-1.0,2001.0,A01,11,12,2022,02:00,5,76.0,76540,2,2,1.0,6.0,Rue de la Petite Chartreuse,"49,4364000000","1,1270100000",,76.076540,76540,Seine-Maritime,28.0,Normandie,50.0,4.0,1.0,2,1.0,28,Normandie,76,3,97,Rouen,114083,1556,115639.0
202200028612,1.0,1,2,1,9.0,0.0,0.0,0,-1.0,2003.0,A01,11,12,2022,02:00,5,76.0,76540,2,2,1.0,6.0,Rue de la Petite Chartreuse,"49,4364000000","1,1270100000",,76.076540,76540,Seine-Maritime,28.0,Normandie,50.0,4.0,1.0,2,1.0,28,Normandie,76,3,97,Rouen,114083,1556,115639.0
202200028614,1.0,1,2,1,5.0,2.0,0.0,0,-1.0,1989.0,A01,11,12,2022,01:30,5,76.0,76540,1,1,8.0,7.0,N28,"49,4370800000","1,1098300000",,76.076540,76540,Seine-Maritime,28.0,Normandie,70.0,2.0,3.0,8,1.0,28,Normandie,76,3,97,Rouen,114083,1556,115639.0
202200028614,2.0,2,3,2,5.0,2.0,0.0,0,-1.0,1996.0,A01,11,12,2022,01:30,5,76.0,76540,1,1,8.0,7.0,N28,"49,4370800000","1,1098300000",,76.076540,76540,Seine-Maritime,28.0,Normandie,70.0,2.0,3.0,8,1.0,28,Normandie,76,3,97,Rouen,114083,1556,115639.0
202200028686,1.0,1,1,2,0.0,1.0,-1.0, -1,-1.0,1996.0,A01,20,7,2022,17:20,1,76.0,76575,2,1,1.0,6.0,Avenue de Felling,"49,3932300000","1,0664500000",,76.076575,76575,Seine-Maritime,28.0,Normandie,30.0,4.0,2.0,2,1.0,28,Normandie,76,3,98,Saint-Étienne-du-Rouvray,28508,225,28733.0
202200028686,10.0,3,4,1,0.0,0.0,1.0,3,2.0,2016.0,A01,20,7,2022,17:20,1,76.0,76575,2,1,1.0,6.0,Avenue de Felling,"49,3932300000","1,0664500000",,76.076575,76575,Seine-Maritime,28.0,Normandie,30.0,4.0,2.0,2,1.0,28,Normandie,76,3,98,Saint-Étienne-du-Rouvray,28508,225,28733.0
202200028801,1.0,1,2,1,0.0,1.0,0.0,0,-1.0,1971.0,A01,6,3,2022,18:55,2,76.0,76344,1,1,1.0,7.0,D9,"49,7094960000","1,6651150000",,76.076344,76344,Seine-Maritime,28.0,Normandie,80.0,3.0,2.0,2,1.0,28,Normandie,76,1,12,Haudricourt,440,9,449.0
202200028875,1.0,1,4,1,5.0,1.0,-1.0, -1,-1.0,1971.0,A01,3,3,2022,23:30,3,76.0,76341,1,1,1.0,6.0,RD 6382,"49,5205200000","0,1904200000",,76.076341,76341,Seine-Maritime,28.0,Normandie,70.0,3.0,3.0,4,2.0,28,Normandie,76,2,15,Harfleur,8315,53,8368.0
202200028956,1.0,1,4,1,0.0,1.0,-1.0, -1,-1.0,1985.0,A01,28,8,2022,17:15,1,76.0,76447,2,1,1.0,6.0,REPUBLIQUE,"49,5445500000","0,1902700000",,76.076447,76447,Seine-Maritime,28.0,Normandie,50.0,4.0,1.0,1,1.0,28,Normandie,76,2,15,Montivilliers,15457,203,15660.0