Num_Acc,place,catu,grav,sexe,trajet,secu,locp,actp,etatp,an_nais,num_veh,jour,mois,an,hrmn,lum,dep,com,agg,int,atm,col,adr,lat,long,gps,com_insee_temp,com_insee,departmentName,regionCode,regionName,vma,catr,circ,nbv,surf,Code,Region,Departement,Arrondissement,Code_Canton,Nom_Commune,Population_municipaLe,Population_comptee_a_part,Population_Totale
202200029112,10.0,3,4,1,0.0,0.0,4.0,3,2.0,2015.0,A01,27,8,2022,12:45,1,76.0,76351,2,2,1.0,6.0,Rue Guillemard,"49,4990000000","0,0945800000",,76.076351,76351,Seine-Maritime,28.0,Normandie,50.0,4.0,2.0,2,1.0,28,Normandie,76,2,96,LeHavre,166058,1780,167838.0
202200029112,10.0,3,4,2,0.0,0.0,4.0,3,2.0,2015.0,A01,27,8,2022,12:45,1,76.0,76351,2,2,1.0,6.0,Rue Guillemard,"49,4990000000","0,0945800000",,76.076351,76351,Seine-Maritime,28.0,Normandie,50.0,4.0,2.0,2,1.0,28,Normandie,76,2,96,LeHavre,166058,1780,167838.0
202200029112,10.0,3,4,1,0.0,0.0,4.0,3,2.0,1978.0,A01,27,8,2022,12:45,1,76.0,76351,2,2,1.0,6.0,Rue Guillemard,"49,4990000000","0,0945800000",,76.076351,76351,Seine-Maritime,28.0,Normandie,50.0,4.0,2.0,2,1.0,28,Normandie,76,2,96,LeHavre,166058,1780,167838.0
202200029112,1.0,1,1,1,0.0,1.0,-1.0, -1,-1.0,1948.0,A01,27,8,2022,12:45,1,76.0,76351,2,2,1.0,6.0,Rue Guillemard,"49,4990000000","0,0945800000",,76.076351,76351,Seine-Maritime,28.0,Normandie,50.0,4.0,2.0,2,1.0,28,Normandie,76,2,96,LeHavre,166058,1780,167838.0
202200029126,1.0,1,2,1,5.0,0.0,-1.0, -1,-1.0,2002.0,A01,28,8,2022,13:10,1,76.0,76319,1,1,1.0,7.0,N138 - Sud 3,"49,3573262763","1,0331803308",,76.076319,76319,Seine-Maritime,28.0,Normandie,110.0,2.0,1.0,2,1.0,28,Normandie,76,3,9,Grand-Couronne,9726,177,9903.0
202200029156,2.0,2,4,1,5.0,2.0,0.0,0,-1.0,1987.0,A01,16,4,2022,05:20,3,76.0,76533,1,1,1.0,7.0,Route de Saint Aubin,"49,5095500000","0,2727480000",,76.076533,76533,Seine-Maritime,28.0,Normandie,80.0,4.0,2.0,2,1.0,28,Normandie,76,2,16,RogervilLe1706,19,1725,
202200029156,1.0,1,1,-1,-1.0,-1.0,-1.0, -1,-1.0,,A01,16,4,2022,05:20,3,76.0,76533,1,1,1.0,7.0,Route de Saint Aubin,"49,5095500000","0,2727480000",,76.076533,76533,Seine-Maritime,28.0,Normandie,80.0,4.0,2.0,2,1.0,28,Normandie,76,2,16,RogervilLe1706,19,1725,
202200029312,1.0,1,3,1,1.0,1.0,0.0,0,-1.0,1990.0,A01,21,6,2022,17:20,1,76.0,76660,1,1,1.0,6.0,La Grande Côte,"49,5003820000","0,3116510000",,76.076660,76660,Seine-Maritime,28.0,Normandie,80.0,3.0,2.0,2,1.0,28,Normandie,76,2,32,SandouvilLe800,11,811,
202200029406,1.0,1,1,2,4.0,8.0,-1.0, -1,-1.0,1976.0,A01,19,6,2022,18:11,1,76.0,76681,2,5,1.0,2.0,Rue Leon Blum,"49,4196500000","1,0901860000",,76.076681,76681,Seine-Maritime,28.0,Normandie,50.0,4.0,1.0,1,1.0,28,Normandie,76,3,99,Sotteville-lès-Rouen,28965,475,29440.0
202200029406,1.0,1,4,1,4.0,1.0,-1.0, -1,-1.0,1980.0,B01,19,6,2022,18:11,1,76.0,76681,2,5,1.0,2.0,Rue Leon Blum,"49,4196500000","1,0901860000",,76.076681,76681,Seine-Maritime,28.0,Normandie,50.0,4.0,1.0,1,1.0,28,Normandie,76,3,99,Sotteville-lès-Rouen,28965,475,29440.0
202200029408,1.0,1,4,1,0.0,1.0,-1.0, -1,-1.0,1988.0,B01,19,6,2022,02:20,5,76.0,76565,2,9,2.0,1.0,AVENUE DE LA LIBERATION,"49,8927800000","1,0748500000",,76.076565,76565,Seine-Maritime,28.0,Normandie,50.0,2.0,2.0,0,2.0,28,Normandie,76,1,7,Saint-Aubin-sur-Scie,1202,101,1303.0
202200029408,1.0,1,4,1,0.0,1.0,-1.0, -1,-1.0,1973.0,A01,19,6,2022,02:20,5,76.0,76565,2,9,2.0,1.0,AVENUE DE LA LIBERATION,"49,8927800000","1,0748500000",,76.076565,76565,Seine-Maritime,28.0,Normandie,50.0,2.0,2.0,0,2.0,28,Normandie,76,1,7,Saint-Aubin-sur-Scie,1202,101,1303.0
202200029540,1.0,1,1,1,5.0,1.0,0.0,0,-1.0,1972.0,B01,3,4,2022,11:45,1,76.0,76758,2,6,1.0,3.0,Rue Joseph Coddeville,"49,6135880000","0,7617150000",,76.076758,76758,Seine-Maritime,28.0,Normandie,50.0,4.0,2.0,2,1.0,28,Normandie,76,3,35,Yvetot,11385,208,11593.0
202200029540,9.0,2,1,1,5.0,3.0,0.0,0,-1.0,2018.0,B01,3,4,2022,11:45,1,76.0,76758,2,6,1.0,3.0,Rue Joseph Coddeville,"49,6135880000","0,7617150000",,76.076758,76758,Seine-Maritime,28.0,Normandie,50.0,4.0,2.0,2,1.0,28,Normandie,76,3,35,Yvetot,11385,208,11593.0
202200029540,2.0,2,1,1,5.0,1.0,0.0,0,-1.0,2003.0,B01,3,4,2022,11:45,1,76.0,76758,2,6,1.0,3.0,Rue Joseph Coddeville,"49,6135880000","0,7617150000",,76.076758,76758,Seine-Maritime,28.0,Normandie,50.0,4.0,2.0,2,1.0,28,Normandie,76,3,35,Yvetot,11385,208,11593.0
202200029540,2.0,2,3,1,5.0,2.0,0.0,0,-1.0,2006.0,A01,3,4,2022,11:45,1,76.0,76758,2,6,1.0,3.0,Rue Joseph Coddeville,"49,6135880000","0,7617150000",,76.076758,76758,Seine-Maritime,28.0,Normandie,50.0,4.0,2.0,2,1.0,28,Normandie,76,3,35,Yvetot,11385,208,11593.0
202200029540,1.0,1,1,1,5.0,2.0,0.0,0,-1.0,2006.0,A01,3,4,2022,11:45,1,76.0,76758,2,6,1.0,3.0,Rue Joseph Coddeville,"49,6135880000","0,7617150000",,76.076758,76758,Seine-Maritime,28.0,Normandie,50.0,4.0,2.0,2,1.0,28,Normandie,76,3,35,Yvetot,11385,208,11593.0
202200029606,10.0,3,4,2,9.0,8.0,2.0,B,1.0,1998.0,A01,12,4,2022,09:15,1,76.0,76476,2,1,1.0,6.0,HIRONDELLES (RUE DES),"49,4904700000","0,5771400000",,76.076476,76476,Seine-Maritime,28.0,Normandie,50.0,4.0,-1.0,2,1.0,28,Normandie,76,2,25,Port-Jérôme-sur-Seine,10387,172,10559.0
202200029606,1.0,1,1,1,9.0,1.0,-1.0, -1,-1.0,1984.0,A01,12,4,2022,09:15,1,76.0,76476,2,1,1.0,6.0,HIRONDELLES (RUE DES),"49,4904700000","0,5771400000",,76.076476,76476,Seine-Maritime,28.0,Normandie,50.0,4.0,-1.0,2,1.0,28,Normandie,76,2,25,Port-Jérôme-sur-Seine,10387,172,10559.0
202200029728,1.0,1,3,1,5.0,1.0,-1.0, -1,-1.0,1999.0,A01,23,1,2022,14:00,1,76.0,76484,1,1,1.0,3.0,Route des Essarts,"49,3451200000","1,0596300000",,76.076484,76484,Seine-Maritime,28.0,Normandie,80.0,7.0,2.0,2,1.0,28,Normandie,76,3,31,Oissel,12367,83,12450.0
202200029728,1.0,1,4,1,5.0,1.0,-1.0, -1,-1.0,1963.0,B01,23,1,2022,14:00,1,76.0,76484,1,1,1.0,3.0,Route des Essarts,"49,3451200000","1,0596300000",,76.076484,76484,Seine-Maritime,28.0,Normandie,80.0,7.0,2.0,2,1.0,28,Normandie,76,3,31,Oissel,12367,83,12450.0
202200029772,1.0,1,4,1,0.0,1.0,-1.0, -1,-1.0,1995.0,A01,5,11,2022,20:33,5,76.0,76351,2,2,1.0,6.0,ALBERT 1ER,"49,4956989566","0,0957155225",,76.076351,76351,Seine-Maritime,28.0,Normandie,30.0,4.0,3.0,4,2.0,28,Normandie,76,2,96,LeHavre,166058,1780,167838.0
202200029773,1.0,1,1,1,4.0,1.0,-1.0, -1,-1.0,1985.0,A01,4,11,2022,15:00,1,76.0,76341,1,1,1.0,4.0,RD 6015,"49,5081100000","0,1968900000",,76.076341,76341,Seine-Maritime,28.0,Normandie,70.0,3.0,3.0,4,1.0,28,Normandie,76,2,15,Harfleur,8315,53,8368.0
202200029773,1.0,1,1,1,0.0,1.0,-1.0, -1,-1.0,1965.0,D01,4,11,2022,15:00,1,76.0,76341,1,1,1.0,4.0,RD 6015,"49,5081100000","0,1968900000",,76.076341,76341,Seine-Maritime,28.0,Normandie,70.0,3.0,3.0,4,1.0,28,Normandie,76,2,15,Harfleur,8315,53,8368.0
202200029773,1.0,1,1,1,0.0,1.0,-1.0, -1,-1.0,1936.0,C01,4,11,2022,15:00,1,76.0,76341,1,1,1.0,4.0,RD 6015,"49,5081100000","0,1968900000",,76.076341,76341,Seine-Maritime,28.0,Normandie,70.0,3.0,3.0,4,1.0,28,Normandie,76,2,15,Harfleur,8315,53,8368.0
202200029773,2.0,2,4,2,0.0,1.0,-1.0, -1,-1.0,2022.0,B01,4,11,2022,15:00,1,76.0,76341,1,1,1.0,4.0,RD 6015,"49,5081100000","0,1968900000",,76.076341,76341,Seine-Maritime,28.0,Normandie,70.0,3.0,3.0,4,1.0,28,Normandie,76,2,15,Harfleur,8315,53,8368.0
202200029773,2.0,2,1,1,0.0,1.0,-1.0, -1,-1.0,1997.0,B01,4,11,2022,15:00,1,76.0,76341,1,1,1.0,4.0,RD 6015,"49,5081100000","0,1968900000",,76.076341,76341,Seine-Maritime,28.0,Normandie,70.0,3.0,3.0,4,1.0,28,Normandie,76,2,15,Harfleur,8315,53,8368.0
202200029773,1.0,1,1,1,0.0,1.0,-1.0, -1,-1.0,1994.0,B01,4,11,2022,15:00,1,76.0,76341,1,1,1.0,4.0,RD 6015,"49,5081100000","0,1968900000",,76.076341,76341,Seine-Maritime,28.0,Normandie,70.0,3.0,3.0,4,1.0,28,Normandie,76,2,15,Harfleur,8315,53,8368.0
202200029773,2.0,2,1,1,0.0,1.0,-1.0, -1,-1.0,2017.0,B01,4,11,2022,15:00,1,76.0,76341,1,1,1.0,4.0,RD 6015,"49,5081100000","0,1968900000",,76.076341,76341,Seine-Maritime,28.0,Normandie,70.0,3.0,3.0,4,1.0,28,Normandie,76,2,15,Harfleur,8315,53,8368.0
202200029884,1.0,1,3,1,5.0,2.0,0.0,0,-1.0,2007.0,A01,9,11,2022,00:45,3,76.0,76489,2,1,1.0,6.0,Route de la Vallée,"49,5045480000","0,2988890000",,76.076489,76489,Seine-Maritime,28.0,Normandie,50.0,4.0,2.0,2,1.0,28,Normandie,76,2,32,OudalLe479,12,491,
202200029994,1.0,1,4,2,4.0,2.0,-1.0, -1,-1.0,2001.0,A01,3,10,2022,11:30,1,76.0,76319,2,1,2.0,7.0,Avenue des Poiriers,"49,3381142294","1,0238248646",,76.076319,76319,Seine-Maritime,28.0,Normandie,30.0,4.0,2.0,2,2.0,28,Normandie,76,3,9,Grand-Couronne,9726,177,9903.0
202200029996,1.0,1,4,1,1.0,2.0,-1.0, -1,-1.0,1991.0,A01,3,10,2022,07:40,2,76.0,76540,2,3,5.0,2.0,Quai de France,"49,4373100000","1,0552200000",,76.076540,76540,Seine-Maritime,28.0,Normandie,50.0,4.0,2.0,4,1.0,28,Normandie,76,3,97,Rouen,114083,1556,115639.0
202200029996,1.0,1,1,1,4.0,1.0,-1.0, -1,-1.0,1971.0,B01,3,10,2022,07:40,2,76.0,76540,2,3,5.0,2.0,Quai de France,"49,4373100000","1,0552200000",,76.076540,76540,Seine-Maritime,28.0,Normandie,50.0,4.0,2.0,4,1.0,28,Normandie,76,3,97,Rouen,114083,1556,115639.0
202200029999,1.0,1,1,1,4.0,1.0,-1.0, -1,-1.0,1989.0,B01,30,9,2022,12:30,1,76.0,76305,1,2,1.0,3.0,ENTREPRISES (ROUTE DES),"49,4815800000","0,2197600000",,76.076305,76305,Seine-Maritime,28.0,Normandie,50.0,4.0,2.0,2,1.0,28,Normandie,76,2,16,Gonfreville-l'Orcher,8961,44,9005.0
202200029999,2.0,2,1,1,4.0,1.0,-1.0, -1,-1.0,1998.0,B01,30,9,2022,12:30,1,76.0,76305,1,2,1.0,3.0,ENTREPRISES (ROUTE DES),"49,4815800000","0,2197600000",,76.076305,76305,Seine-Maritime,28.0,Normandie,50.0,4.0,2.0,2,1.0,28,Normandie,76,2,16,Gonfreville-l'Orcher,8961,44,9005.0
202200029999,1.0,1,4,1,4.0,1.0,-1.0, -1,-1.0,1962.0,A01,30,9,2022,12:30,1,76.0,76305,1,2,1.0,3.0,ENTREPRISES (ROUTE DES),"49,4815800000","0,2197600000",,76.076305,76305,Seine-Maritime,28.0,Normandie,50.0,4.0,2.0,2,1.0,28,Normandie,76,2,16,Gonfreville-l'Orcher,8961,44,9005.0
202200030002,1.0,1,2,1,0.0,1.0,-1.0, -1,-1.0,2005.0,A01,2,10,2022,23:40,5,76.0,76351,2,2,1.0,6.0,ETRETAT (D'),"49,4976600000","0,0967200000",,76.076351,76351,Seine-Maritime,28.0,Normandie,50.0,4.0,2.0,2,1.0,28,Normandie,76,2,96,LeHavre,166058,1780,167838.0
202200030230,1.0,1,4,1,9.0,2.0,-1.0, -1,-1.0,1995.0,B01,19,5,2022,20:40,1,76.0,76540,2,6,1.0,3.0,Boulevard de l'Europe,"49,4261000000","1,0877500000",,76.076540,76540,Seine-Maritime,28.0,Normandie,50.0,7.0,2.0,2,1.0,28,Normandie,76,3,97,Rouen,114083,1556,115639.0
202200030230,1.0,1,1,1,9.0,1.0,-1.0, -1,-1.0,1983.0,A01,19,5,2022,20:40,1,76.0,76540,2,6,1.0,3.0,Boulevard de l'Europe,"49,4261000000","1,0877500000",,76.076540,76540,Seine-Maritime,28.0,Normandie,50.0,7.0,2.0,2,1.0,28,Normandie,76,3,97,Rouen,114083,1556,115639.0
202200030509,1.0,1,1,1,0.0,8.0,-1.0, -1,-1.0,1994.0,A01,17,6,2022,14:10,1,76.0,76351,2,2,1.0,3.0,WINSTON CHURCHILL,"49,4940700000","0,1384300000",,76.076351,76351,Seine-Maritime,28.0,Normandie,50.0,4.0,2.0,7,1.0,28,Normandie,76,2,96,LeHavre,166058,1780,167838.0
202200030509,1.0,1,4,1,0.0,8.0,-1.0, -1,-1.0,1993.0,B01,17,6,2022,14:10,1,76.0,76351,2,2,1.0,3.0,WINSTON CHURCHILL,"49,4940700000","0,1384300000",,76.076351,76351,Seine-Maritime,28.0,Normandie,50.0,4.0,2.0,7,1.0,28,Normandie,76,2,96,LeHavre,166058,1780,167838.0
202200030577,1.0,1,4,2,0.0,8.0,0.0,0,-1.0,1980.0,A01,10,12,2022,10:30,1,76.0,76108,2,6,5.0,6.0,Chemin de la Breteque,"49,4818500000","1,1096900000",,76.076108,76108,Seine-Maritime,28.0,Normandie,90.0,7.0,2.0,2,2.0,28,Normandie,76,3,2,Bois-Guillaume,14262,361,14623.0
202200030577,2.0,2,4,2,0.0,8.0,0.0,0,-1.0,2006.0,A01,10,12,2022,10:30,1,76.0,76108,2,6,5.0,6.0,Chemin de la Breteque,"49,4818500000","1,1096900000",,76.076108,76108,Seine-Maritime,28.0,Normandie,90.0,7.0,2.0,2,2.0,28,Normandie,76,3,2,Bois-Guillaume,14262,361,14623.0
202200030745,2.0,2,3,1,5.0,1.0,0.0,0,-1.0,1996.0,A01,5,3,2022,08:10,1,76.0,76057,1,6,2.0,6.0,Route Départementale 67,"49,5268520000","0,9620980000",,76.076057,76057,Seine-Maritime,28.0,Normandie,-1.0,3.0,1.0,2,2.0,28,Normandie,76,3,1,Barentin,12154,238,12392.0
202200030745,1.0,1,1,2,5.0,1.0,0.0,0,-1.0,1996.0,A01,5,3,2022,08:10,1,76.0,76057,1,6,2.0,6.0,Route Départementale 67,"49,5268520000","0,9620980000",,76.076057,76057,Seine-Maritime,28.0,Normandie,-1.0,3.0,1.0,2,2.0,28,Normandie,76,3,1,Barentin,12154,238,12392.0
202200030759,10.0,3,4,1,1.0,0.0,9.0,3,1.0,1996.0,A01,3,3,2022,06:45,5,76.0,76540,2,2,1.0,6.0,Quai Jean Moulin,"49,4367500000","1,0875200000",,76.076540,76540,Seine-Maritime,28.0,Normandie,50.0,4.0,2.0,4,1.0,28,Normandie,76,3,97,Rouen,114083,1556,115639.0
202200030759,1.0,1,4,1,1.0,2.0,-1.0, -1,-1.0,2006.0,A01,3,3,2022,06:45,5,76.0,76540,2,2,1.0,6.0,Quai Jean Moulin,"49,4367500000","1,0875200000",,76.076540,76540,Seine-Maritime,28.0,Normandie,50.0,4.0,2.0,4,1.0,28,Normandie,76,3,97,Rouen,114083,1556,115639.0
202200030779,1.0,1,4,2,5.0,1.0,-1.0, -1,-1.0,1973.0,A01,2,3,2022,15:47,1,76.0,76565,1,6,1.0,4.0,RD 915,"49,8734200000","1,0997200000",,76.076565,76565,Seine-Maritime,28.0,Normandie,80.0,3.0,2.0,2,1.0,28,Normandie,76,1,7,Saint-Aubin-sur-Scie,1202,101,1303.0
202200030779,2.0,2,4,2,5.0,1.0,-1.0, -1,-1.0,2004.0,A01,2,3,2022,15:47,1,76.0,76565,1,6,1.0,4.0,RD 915,"49,8734200000","1,0997200000",,76.076565,76565,Seine-Maritime,28.0,Normandie,80.0,3.0,2.0,2,1.0,28,Normandie,76,1,7,Saint-Aubin-sur-Scie,1202,101,1303.0
202200030779,1.0,1,4,1,4.0,1.0,-1.0, -1,-1.0,1984.0,B01,2,3,2022,15:47,1,76.0,76565,1,6,1.0,4.0,RD 915,"49,8734200000","1,0997200000",,76.076565,76565,Seine-Maritime,28.0,Normandie,80.0,3.0,2.0,2,1.0,28,Normandie,76,1,7,Saint-Aubin-sur-Scie,1202,101,1303.0
202200030779,1.0,1,1,1,0.0,1.0,-1.0, -1,-1.0,1969.0,C01,2,3,2022,15:47,1,76.0,76565,1,6,1.0,4.0,RD 915,"49,8734200000","1,0997200000",,76.076565,76565,Seine-Maritime,28.0,Normandie,80.0,3.0,2.0,2,1.0,28,Normandie,76,1,7,Saint-Aubin-sur-Scie,1202,101,1303.0
202200030779,2.0,2,4,2,0.0,1.0,-1.0, -1,-1.0,1954.0,C01,2,3,2022,15:47,1,76.0,76565,1,6,1.0,4.0,RD 915,"49,8734200000","1,0997200000",,76.076565,76565,Seine-Maritime,28.0,Normandie,80.0,3.0,2.0,2,1.0,28,Normandie,76,1,7,Saint-Aubin-sur-Scie,1202,101,1303.0
202200030854,1.0,1,2,1,9.0,1.0,0.0,0,-1.0,2000.0,A01,30,8,2022,00:50,4,76.0,76404,1,6,1.0,6.0,D925,"49,5781390000","0,2402560000",,76.076404,76404,Seine-Maritime,28.0,Normandie,90.0,3.0,1.0,2,1.0,28,Normandie,76,2,26,Manéglise,1264,23,1287.0
202200030876,2.0,2,3,2,1.0,2.0,0.0,0,-1.0,2000.0,A01,30,8,2022,09:45,1,76.0,76406,2,2,1.0,3.0,D 11,"49,6989560000","0,3478400000",,76.076406,76406,Seine-Maritime,28.0,Normandie,50.0,3.0,2.0,2,1.0,28,Normandie,76,2,11,ManiquervilLe432,6,438,
202200030876,1.0,1,3,1,1.0,2.0,0.0,0,-1.0,2002.0,A01,30,8,2022,09:45,1,76.0,76406,2,2,1.0,3.0,D 11,"49,6989560000","0,3478400000",,76.076406,76406,Seine-Maritime,28.0,Normandie,50.0,3.0,2.0,2,1.0,28,Normandie,76,2,11,ManiquervilLe432,6,438,
202200030876,1.0,1,1,2,5.0,1.0,0.0,0,-1.0,1965.0,B01,30,8,2022,09:45,1,76.0,76406,2,2,1.0,3.0,D 11,"49,6989560000","0,3478400000",,76.076406,76406,Seine-Maritime,28.0,Normandie,50.0,3.0,2.0,2,1.0,28,Normandie,76,2,11,ManiquervilLe432,6,438,
202200030977,10.0,3,4,1,0.0,0.0,9.0,3,2.0,2018.0,A01,28,8,2022,22:55,5,76.0,76231,2,1,1.0,6.0,Rue du Général de Gaulle,"49,2865400000","1,0096500000",,76.076231,76231,Seine-Maritime,28.0,Normandie,50.0,7.0,1.0,1,1.0,28,Normandie,76,3,9,Elbeuf,15951,138,16089.0
202200030977,1.0,1,1,2,0.0,8.0,-1.0, -1,-1.0,1997.0,A01,28,8,2022,22:55,5,76.0,76231,2,1,1.0,6.0,Rue du Général de Gaulle,"49,2865400000","1,0096500000",,76.076231,76231,Seine-Maritime,28.0,Normandie,50.0,7.0,1.0,1,1.0,28,Normandie,76,3,9,Elbeuf,15951,138,16089.0
202200031042,1.0,1,1,1,5.0,1.0,0.0,0,-1.0,2003.0,A01,29,8,2022,18:05,1,76.0,76312,2,1,1.0,6.0,Boulevard Montmorency,"49,4814600000","1,7214740000",,76.076312,76312,Seine-Maritime,28.0,Normandie,50.0,3.0,2.0,1,1.0,28,Normandie,76,1,12,Gournay-en-Bray,5944,85,6029.0
202200031042,10.0,3,3,2,0.0,0.0,2.0,3,1.0,1946.0,A01,29,8,2022,18:05,1,76.0,76312,2,1,1.0,6.0,Boulevard Montmorency,"49,4814600000","1,7214740000",,76.076312,76312,Seine-Maritime,28.0,Normandie,50.0,3.0,2.0,1,1.0,28,Normandie,76,1,12,Gournay-en-Bray,5944,85,6029.0
202200031230,1.0,1,4,1,0.0,2.0,-1.0, -1,-1.0,2003.0,A01,19,6,2022,01:35,3,76.0,76322,1,1,1.0,6.0,N338 - Sud 3,"49,3939376084","1,0368957582",,76.076322,76322,Seine-Maritime,28.0,Normandie,110.0,2.0,3.0,4,1.0,28,Normandie,76,3,13,LeGrand-Quevilly,25975,225,26200.0
202200031234,1.0,1,1,1,0.0,1.0,-1.0, -1,-1.0,1997.0,A01,18,6,2022,15:30,1,76.0,76540,2,3,1.0,2.0,Rue du Renard,"49,4492300000","1,0791300000",,76.076540,76540,Seine-Maritime,28.0,Normandie,50.0,4.0,1.0,1,1.0,28,Normandie,76,3,97,Rouen,114083,1556,115639.0
202200031234,1.0,1,4,1,0.0,1.0,-1.0, -1,-1.0,2001.0,B01,18,6,2022,15:30,1,76.0,76540,2,3,1.0,2.0,Rue du Renard,"49,4492300000","1,0791300000",,76.076540,76540,Seine-Maritime,28.0,Normandie,50.0,4.0,1.0,1,1.0,28,Normandie,76,3,97,Rouen,114083,1556,115639.0
202200031234,2.0,2,4,1,0.0,1.0,-1.0, -1,-1.0,2002.0,B01,18,6,2022,15:30,1,76.0,76540,2,3,1.0,2.0,Rue du Renard,"49,4492300000","1,0791300000",,76.076540,76540,Seine-Maritime,28.0,Normandie,50.0,4.0,1.0,1,1.0,28,Normandie,76,3,97,Rouen,114083,1556,115639.0
202200031372,1.0,1,4,1,0.0,8.0,-1.0, -1,-1.0,2003.0,A01,22,1,2022,14:45,1,76.0,76540,2,2,1.0,3.0,Allée Aimé Césaire,"49,4429200000","1,0778700000",,76.076540,76540,Seine-Maritime,28.0,Normandie,50.0,7.0,1.0,1,1.0,28,Normandie,76,3,97,Rouen,114083,1556,115639.0
202200031372,1.0,1,1,1,0.0,1.0,-1.0, -1,-1.0,1991.0,B01,22,1,2022,14:45,1,76.0,76540,2,2,1.0,3.0,Allée Aimé Césaire,"49,4429200000","1,0778700000",,76.076540,76540,Seine-Maritime,28.0,Normandie,50.0,7.0,1.0,1,1.0,28,Normandie,76,3,97,Rouen,114083,1556,115639.0
202200031391,1.0,1,4,1,0.0,2.0,-1.0, -1,-1.0,1969.0,A01,9,4,2022,16:15,1,76.0,76270,1,1,1.0,6.0,D6382,"49,5305100000","0,1262600000",,76.076270,76270,Seine-Maritime,28.0,Normandie,90.0,3.0,3.0,4,1.0,28,Normandie,76,2,26,Fontaine-la-Mallet,2635,54,2689.0
202200031394,1.0,1,4,2,0.0,1.0,-1.0, -1,-1.0,1974.0,A01,8,4,2022,16:00,1,76.0,76552,2,1,1.0,6.0,CAVEE HAIZE (DE LA),"49,5168600000","0,0774100000",,76.076552,76552,Seine-Maritime,28.0,Normandie,50.0,4.0,2.0,2,1.0,28,Normandie,76,2,19,Sainte-Adresse,7116,188,7304.0
202200031440,1.0,1,4,1,5.0,2.0,0.0,0,-1.0,2000.0,A01,18,6,2022,16:15,1,76.0,76211,1,1,1.0,6.0,D149,"49,9142958119","1,5366804600",,76.076211,76211,Seine-Maritime,28.0,Normandie,80.0,3.0,2.0,2,1.0,28,Normandie,76,1,10,Dancourt,233,2,235.0
202200031617,1.0,1,1,1,3.0,1.0,-1.0, -1,-1.0,1956.0,B01,14,4,2022,19:10,1,76.0,76305,2,9,1.0,3.0,CAMP PHILIP MORIS (RUE),"49,5093000000","0,2276800000",,76.076305,76305,Seine-Maritime,28.0,Normandie,50.0,4.0,1.0,1,1.0,28,Normandie,76,2,16,Gonfreville-l'Orcher,8961,44,9005.0
202200031617,1.0,1,4,1,0.0,2.0,-1.0, -1,-1.0,1951.0,A01,14,4,2022,19:10,1,76.0,76305,2,9,1.0,3.0,CAMP PHILIP MORIS (RUE),"49,5093000000","0,2276800000",,76.076305,76305,Seine-Maritime,28.0,Normandie,50.0,4.0,1.0,1,1.0,28,Normandie,76,2,16,Gonfreville-l'Orcher,8961,44,9005.0
202200031620,1.0,1,4,1,0.0,2.0,-1.0, -1,-1.0,2001.0,B01,13,4,2022,22:50,5,76.0,76351,2,3,1.0,2.0,COMMANDANT FRATACCI (COURS),"49,4910800000","0,1228700000",,76.076351,76351,Seine-Maritime,28.0,Normandie,50.0,4.0,2.0,4,1.0,28,Normandie,76,2,96,LeHavre,166058,1780,167838.0
202200031620,1.0,1,1,-1,-1.0,-1.0,-1.0, -1,-1.0,,A01,13,4,2022,22:50,5,76.0,76351,2,3,1.0,2.0,COMMANDANT FRATACCI (COURS),"49,4910800000","0,1228700000",,76.076351,76351,Seine-Maritime,28.0,Normandie,50.0,4.0,2.0,4,1.0,28,Normandie,76,2,96,LeHavre,166058,1780,167838.0
202200031623,1.0,1,4,1,4.0,1.0,-1.0, -1,-1.0,1999.0,A01,8,4,2022,09:00,1,76.0,76481,1,1,3.0,2.0,D6382,"49,5325900000","0,1170800000",,76.076481,76481,Seine-Maritime,28.0,Normandie,90.0,3.0,3.0,4,2.0,28,Normandie,76,2,26,Octeville-sur-Mer,6122,119,6241.0
202200031623,1.0,1,4,1,4.0,1.0,-1.0, -1,-1.0,1986.0,B01,8,4,2022,09:00,1,76.0,76481,1,1,3.0,2.0,D6382,"49,5325900000","0,1170800000",,76.076481,76481,Seine-Maritime,28.0,Normandie,90.0,3.0,3.0,4,2.0,28,Normandie,76,2,26,Octeville-sur-Mer,6122,119,6241.0
202200031725,1.0,1,4,1,5.0,2.0,-1.0, -1,-1.0,1970.0,A01,23,4,2022,18:36,1,76.0,76114,2,1,1.0,7.0,GREGEOTTE (RUE DE LA),"49,5665200000","0,4689200000",,76.076114,76114,Seine-Maritime,28.0,Normandie,50.0,4.0,2.0,2,1.0,28,Normandie,76,2,3,Bolbec,11635,147,11782.0
202200031784,1.0,1,1,1,5.0,1.0,0.0,0,-1.0,2000.0,A01,6,11,2022,16:45,2,76.0,76408,2,1,7.0,6.0,Route des Hêtres,"49,6074770000","0,3391870000",,76.076408,76408,Seine-Maritime,28.0,Normandie,50.0,3.0,2.0,2,2.0,28,Normandie,76,2,32,Manneville-la-Goupil,1052,14,1066.0