Num_Acc,place,catu,grav,sexe,trajet,secu,locp,actp,etatp,an_nais,num_veh,jour,mois,an,hrmn,lum,dep,com,agg,int,atm,col,adr,lat,long,gps,com_insee_temp,com_insee,departmentName,regionCode,regionName,vma,catr,circ,nbv,surf,Code,Region,Departement,Arrondissement,Code_Canton,Nom_Commune,Population_municipaLe,Population_comptee_a_part,Population_Totale
202200031784,10.0,3,3,1,5.0,0.0,1.0,1,1.0,1966.0,A01,6,11,2022,16:45,2,76.0,76408,2,1,7.0,6.0,Route des Hêtres,"49,6074770000","0,3391870000",,76.076408,76408,Seine-Maritime,28.0,Normandie,50.0,3.0,2.0,2,2.0,28,Normandie,76,2,32,Manneville-la-Goupil,1052,14,1066.0
202200032227,1.0,1,4,1,5.0,1.0,-1.0, -1,-1.0,1958.0,A01,1,10,2022,08:35,1,76.0,76414,2,9,8.0,6.0,D485,"49,9147974186","1,1037354961",,76.076414,76414,Seine-Maritime,28.0,Normandie,50.0,3.0,3.0,3,1.0,28,Normandie,76,1,8,Martin-Église,1600,55,1655.0
202200032299,1.0,1,4,1,5.0,8.0,0.0,0,-1.0,2009.0,B01,9,12,2022,15:15,1,76.0,76322,2,1,1.0,1.0,Rue Paul Painleve,"49,4060180000","1,0605450000",,76.076322,76322,Seine-Maritime,28.0,Normandie,50.0,4.0,2.0,2,1.0,28,Normandie,76,3,13,LeGrand-Quevilly,25975,225,26200.0
202200032299,1.0,1,1,2,1.0,1.0,0.0,0,-1.0,1972.0,A01,9,12,2022,15:15,1,76.0,76322,2,1,1.0,1.0,Rue Paul Painleve,"49,4060180000","1,0605450000",,76.076322,76322,Seine-Maritime,28.0,Normandie,50.0,4.0,2.0,2,1.0,28,Normandie,76,3,13,LeGrand-Quevilly,25975,225,26200.0
202200032300,1.0,1,1,1,0.0,1.0,0.0,0,-1.0,1945.0,B01,9,12,2022,10:35,1,76.0,76351,2,3,1.0,2.0,SOUTHAMPTON (QUAI DE),"49,4865300000","0,1115400000",,76.076351,76351,Seine-Maritime,28.0,Normandie,50.0,4.0,2.0,3,1.0,28,Normandie,76,2,96,LeHavre,166058,1780,167838.0
202200032300,1.0,1,4,1,0.0,2.0,0.0,0,-1.0,1991.0,A01,9,12,2022,10:35,1,76.0,76351,2,3,1.0,2.0,SOUTHAMPTON (QUAI DE),"49,4865300000","0,1115400000",,76.076351,76351,Seine-Maritime,28.0,Normandie,50.0,4.0,2.0,3,1.0,28,Normandie,76,2,96,LeHavre,166058,1780,167838.0
202200032301,1.0,1,4,1,5.0,1.0,-1.0, -1,-1.0,1993.0,B01,8,12,2022,15:05,1,76.0,76351,2,2,1.0,3.0,COMMANDANT ABADIE,"49,5012900000","0,1699000000",,76.076351,76351,Seine-Maritime,28.0,Normandie,50.0,4.0,-1.0,1,1.0,28,Normandie,76,2,96,LeHavre,166058,1780,167838.0
202200032301,1.0,1,1,2,5.0,1.0,-1.0, -1,-1.0,1987.0,A01,8,12,2022,15:05,1,76.0,76351,2,2,1.0,3.0,COMMANDANT ABADIE,"49,5012900000","0,1699000000",,76.076351,76351,Seine-Maritime,28.0,Normandie,50.0,4.0,-1.0,1,1.0,28,Normandie,76,2,96,LeHavre,166058,1780,167838.0
202200032384,1.0,1,4,1,1.0,2.0,0.0,0,-1.0,1964.0,B01,13,7,2022,08:50,1,76.0,76533,1,1,1.0,2.0,A29 - PK 24+600,"49,4825191185","0,2632082999",,76.076533,76533,Seine-Maritime,28.0,Normandie,110.0,1.0,3.0,2,1.0,28,Normandie,76,2,16,RogervilLe1706,19,1725,
202200032384,1.0,1,1,1,4.0,1.0,0.0,0,-1.0,1993.0,A01,13,7,2022,08:50,1,76.0,76533,1,1,1.0,2.0,A29 - PK 24+600,"49,4825191185","0,2632082999",,76.076533,76533,Seine-Maritime,28.0,Normandie,110.0,1.0,3.0,2,1.0,28,Normandie,76,2,16,RogervilLe1706,19,1725,
202200032430,1.0,1,4,2,0.0,1.0,0.0,0,-1.0,1996.0,A01,19,7,2022,19:23,1,76.0,76666,1,1,1.0,7.0,Route de Gaillefontaine,"49,5822020000","1,6311750000",,76.076666,76666,Seine-Maritime,28.0,Normandie,80.0,3.0,2.0,2,1.0,28,Normandie,76,1,12,Saumont-la-Poterie,414,16,430.0
202200032618,1.0,1,1,2,0.0,1.0,-1.0, -1,-1.0,1942.0,A01,2,3,2022,16:30,1,76.0,76681,2,3,1.0,3.0,Rue Pierre Corneille,"49,4194688837","1,0949890316",,76.076681,76681,Seine-Maritime,28.0,Normandie,30.0,7.0,2.0,2,1.0,28,Normandie,76,3,99,Sotteville-lès-Rouen,28965,475,29440.0
202200032618,1.0,1,4,2,0.0,1.0,-1.0, -1,-1.0,1999.0,B01,2,3,2022,16:30,1,76.0,76681,2,3,1.0,3.0,Rue Pierre Corneille,"49,4194688837","1,0949890316",,76.076681,76681,Seine-Maritime,28.0,Normandie,30.0,7.0,2.0,2,1.0,28,Normandie,76,3,99,Sotteville-lès-Rouen,28965,475,29440.0
202200032845,1.0,1,1,2,1.0,1.0,-1.0, -1,-1.0,1968.0,A01,1,3,2022,21:40,5,76.0,76575,2,6,2.0,7.0,Avenue du Val l'Abbé,"49,3803400000","1,1008090000",,76.076575,76575,Seine-Maritime,28.0,Normandie,50.0,7.0,1.0,2,2.0,28,Normandie,76,3,98,Saint-Étienne-du-Rouvray,28508,225,28733.0
202200032845,1.0,1,3,2,1.0,8.0,-1.0, -1,-1.0,1977.0,B01,1,3,2022,21:40,5,76.0,76575,2,6,2.0,7.0,Avenue du Val l'Abbé,"49,3803400000","1,1008090000",,76.076575,76575,Seine-Maritime,28.0,Normandie,50.0,7.0,1.0,2,2.0,28,Normandie,76,3,98,Saint-Étienne-du-Rouvray,28508,225,28733.0
202200032847,1.0,1,3,1,0.0,1.0,-1.0, -1,-1.0,1983.0,A01,23,2,2022,04:35,3,76.0,76108,2,1,2.0,7.0,Chemin de la Breteque,"49,4823888898","1,1089076847",,76.076108,76108,Seine-Maritime,28.0,Normandie,30.0,7.0,2.0,2,2.0,28,Normandie,76,3,2,Bois-Guillaume,14262,361,14623.0
202200032918,1.0,1,3,1,5.0,1.0,0.0,0,-1.0,2001.0,A01,28,8,2022,03:30,3,76.0,76566,2,1,1.0,7.0,Route du Hameau Gris,"49,6035770000","0,9720970000",,76.076566,76566,Seine-Maritime,28.0,Normandie,80.0,3.0,2.0,2,1.0,28,Normandie,76,3,24,Sainte-Austreberthe,665,6,671.0
202200032918,2.0,2,3,2,5.0,1.0,0.0,0,-1.0,2002.0,A01,28,8,2022,03:30,3,76.0,76566,2,1,1.0,7.0,Route du Hameau Gris,"49,6035770000","0,9720970000",,76.076566,76566,Seine-Maritime,28.0,Normandie,80.0,3.0,2.0,2,1.0,28,Normandie,76,3,24,Sainte-Austreberthe,665,6,671.0
202200032951,1.0,1,1,-1,-1.0,-1.0,-1.0, -1,-1.0,,Z01,21,1,2022,11:15,1,76.0,76540,2,1,1.0,6.0,Rue Saint Nicaise,"49,4448100000","1,1032800000",,76.076540,76540,Seine-Maritime,28.0,Normandie,50.0,4.0,1.0,1,1.0,28,Normandie,76,3,97,Rouen,114083,1556,115639.0
202200032951,10.0,3,4,1,5.0,8.0,1.0,3,1.0,1956.0,Z01,21,1,2022,11:15,1,76.0,76540,2,1,1.0,6.0,Rue Saint Nicaise,"49,4448100000","1,1032800000",,76.076540,76540,Seine-Maritime,28.0,Normandie,50.0,4.0,1.0,1,1.0,28,Normandie,76,3,97,Rouen,114083,1556,115639.0
202200032954,1.0,1,1,1,0.0,1.0,-1.0, -1,-1.0,1982.0,A01,20,1,2022,13:50,1,76.0,76351,2,3,1.0,3.0,CHARLES VICTOIRE (rue),"49,5262400000","0,1212600000",,76.076351,76351,Seine-Maritime,28.0,Normandie,50.0,4.0,2.0,2,1.0,28,Normandie,76,2,96,LeHavre,166058,1780,167838.0
202200032954,1.0,1,1,2,0.0,1.0,-1.0, -1,-1.0,1995.0,B01,20,1,2022,13:50,1,76.0,76351,2,3,1.0,3.0,CHARLES VICTOIRE (rue),"49,5262400000","0,1212600000",,76.076351,76351,Seine-Maritime,28.0,Normandie,50.0,4.0,2.0,2,1.0,28,Normandie,76,2,96,LeHavre,166058,1780,167838.0
202200032954,2.0,2,3,2,0.0,1.0,-1.0, -1,-1.0,1988.0,B01,20,1,2022,13:50,1,76.0,76351,2,3,1.0,3.0,CHARLES VICTOIRE (rue),"49,5262400000","0,1212600000",,76.076351,76351,Seine-Maritime,28.0,Normandie,50.0,4.0,2.0,2,1.0,28,Normandie,76,2,96,LeHavre,166058,1780,167838.0
202200033006,10.0,3,3,2,5.0,0.0,4.0,3,1.0,1933.0,A01,26,8,2022,10:40,1,76.0,76296,2,2,1.0,6.0,1 Route de Rogerville,"49,5183300000","0,2640100000",,76.076296,76296,Seine-Maritime,28.0,Normandie,50.0,3.0,2.0,2,1.0,28,Normandie,76,2,16,GainnevilLe2511,39,2550,
202200033006,1.0,1,1,1,3.0,1.0,-1.0, -1,-1.0,1949.0,A01,26,8,2022,10:40,1,76.0,76296,2,2,1.0,6.0,1 Route de Rogerville,"49,5183300000","0,2640100000",,76.076296,76296,Seine-Maritime,28.0,Normandie,50.0,3.0,2.0,2,1.0,28,Normandie,76,2,16,GainnevilLe2511,39,2550,
202200033058,1.0,1,3,1,5.0,1.0,0.0,0,-1.0,1948.0,A01,11,4,2022,14:30,1,76.0,76101,1,1,1.0,6.0,echangeur 5 A28,"49,9288890000","1,6402140000",,76.076101,76101,Seine-Maritime,28.0,Normandie,30.0,1.0,1.0,1,1.0,28,Normandie,76,1,10,Blangy-sur-BresLe2862,28,2890,
202200033082,1.0,1,3,1,5.0,8.0,0.0,0,-1.0,1995.0,A01,12,4,2022,17:45,1,76.0,76739,1,1,1.0,7.0,RD49,"49,8384250000","1,7157980000",,76.076739,76739,Seine-Maritime,28.0,Normandie,80.0,3.0,2.0,2,1.0,28,Normandie,76,1,12,Vieux-Rouen-sur-BresLe573,6,579,
202200033104,1.0,1,4,2,0.0,8.0,-1.0, -1,-1.0,1989.0,B01,17,6,2022,19:45,2,76.0,76540,2,3,7.0,3.0,Rue de la Republique,"49,4380700000","1,0966300000",,76.076540,76540,Seine-Maritime,28.0,Normandie,50.0,4.0,2.0,1,1.0,28,Normandie,76,3,97,Rouen,114083,1556,115639.0
202200033104,1.0,1,1,1,0.0,1.0,-1.0, -1,-1.0,1983.0,A01,17,6,2022,19:45,2,76.0,76540,2,3,7.0,3.0,Rue de la Republique,"49,4380700000","1,0966300000",,76.076540,76540,Seine-Maritime,28.0,Normandie,50.0,4.0,2.0,1,1.0,28,Normandie,76,3,97,Rouen,114083,1556,115639.0
202200033381,1.0,1,4,2,5.0,1.0,-1.0, -1,-1.0,2000.0,A01,1,1,2022,02:45,5,76.0,76540,2,2,1.0,3.0,Rue de Bapeaume,"49,4527975868","1,0566276311",,76.076540,76540,Seine-Maritime,28.0,Normandie,50.0,7.0,2.0,3,1.0,28,Normandie,76,3,97,Rouen,114083,1556,115639.0
202200033381,1.0,1,1,-1,-1.0,-1.0,-1.0, -1,-1.0,,B01,1,1,2022,02:45,5,76.0,76540,2,2,1.0,3.0,Rue de Bapeaume,"49,4527975868","1,0566276311",,76.076540,76540,Seine-Maritime,28.0,Normandie,50.0,7.0,2.0,3,1.0,28,Normandie,76,3,97,Rouen,114083,1556,115639.0
202200033427,1.0,1,4,2,4.0,1.0,0.0,0,-1.0,1994.0,A01,11,4,2022,10:40,1,76.0,76748,1,1,1.0,7.0,Route de Crosville,"49,8122000000","0,6288390000",,76.076748,76748,Seine-Maritime,28.0,Normandie,80.0,3.0,2.0,2,1.0,28,Normandie,76,1,33,Vittefleur,657,8,665.0
202200033657,2.0,2,4,1,5.0,1.0,0.0,0,-1.0,1997.0,A01,6,11,2022,12:00,1,76.0,76560,1,1,3.0,7.0,D7,"49,4124880000","1,1734560000",,76.076560,76560,Seine-Maritime,28.0,Normandie,80.0,7.0,2.0,2,2.0,28,Normandie,76,3,6,Saint-Aubin-Épinay,1019,18,1037.0
202200033657,1.0,1,3,2,5.0,1.0,0.0,0,-1.0,1998.0,A01,6,11,2022,12:00,1,76.0,76560,1,1,3.0,7.0,D7,"49,4124880000","1,1734560000",,76.076560,76560,Seine-Maritime,28.0,Normandie,80.0,7.0,2.0,2,2.0,28,Normandie,76,3,6,Saint-Aubin-Épinay,1019,18,1037.0
202200033902,1.0,1,4,1,5.0,2.0,0.0,0,-1.0,1964.0,A01,18,5,2022,16:05,1,76.0,76684,1,6,1.0,2.0,D982,"49,4824120000","0,4421890000",,76.076684,76684,Seine-Maritime,28.0,Normandie,-1.0,3.0,1.0,1,1.0,28,Normandie,76,2,3,TancarvilLe1218,24,1242,
202200033902,1.0,1,1,1,5.0,8.0,0.0,0,-1.0,1965.0,B01,18,5,2022,16:05,1,76.0,76684,1,6,1.0,2.0,D982,"49,4824120000","0,4421890000",,76.076684,76684,Seine-Maritime,28.0,Normandie,-1.0,3.0,1.0,1,1.0,28,Normandie,76,2,3,TancarvilLe1218,24,1242,
202200033969,1.0,1,4,1,0.0,8.0,-1.0, -1,-1.0,1977.0,A01,16,5,2022,20:50,1,76.0,76351,2,1,1.0,7.0,ARISTIDE BRIAND,"49,5000600000","0,1313900000",,76.076351,76351,Seine-Maritime,28.0,Normandie,50.0,4.0,2.0,2,1.0,28,Normandie,76,2,96,LeHavre,166058,1780,167838.0
202200034086,1.0,1,2,2,5.0,8.0,0.0,0,-1.0,1981.0,A01,1,10,2022,20:56,4,76.0,76705,1,1,1.0,7.0,A13,"49,3298590000","1,0863480000",,76.076705,76705,Seine-Maritime,28.0,Normandie,110.0,1.0,3.0,7,1.0,28,Normandie,76,3,5,Tourville-la-Rivière,2568,19,2587.0
202200034108,1.0,1,1,1,4.0,8.0,0.0,0,-1.0,1999.0,B01,8,12,2022,12:00,1,76.0,76540,2,2,1.0,3.0,Route du Havre,"49,4504100000","1,0592100000",,76.076540,76540,Seine-Maritime,28.0,Normandie,50.0,7.0,2.0,2,1.0,28,Normandie,76,3,97,Rouen,114083,1556,115639.0
202200034108,7.0,2,4,2,0.0,8.0,0.0,0,-1.0,1988.0,B01,8,12,2022,12:00,1,76.0,76540,2,2,1.0,3.0,Route du Havre,"49,4504100000","1,0592100000",,76.076540,76540,Seine-Maritime,28.0,Normandie,50.0,7.0,2.0,2,1.0,28,Normandie,76,3,97,Rouen,114083,1556,115639.0
202200034108,1.0,1,1,1,4.0,8.0,0.0,0,-1.0,1965.0,A01,8,12,2022,12:00,1,76.0,76540,2,2,1.0,3.0,Route du Havre,"49,4504100000","1,0592100000",,76.076540,76540,Seine-Maritime,28.0,Normandie,50.0,7.0,2.0,2,1.0,28,Normandie,76,3,97,Rouen,114083,1556,115639.0
202200034110,1.0,1,1,1,1.0,1.0,0.0,0,-1.0,1991.0,A01,7,12,2022,13:00,1,76.0,76351,2,1,1.0,2.0,THEOPHILE GAUTIER,"49,5143400000","0,0908500000",,76.076351,76351,Seine-Maritime,28.0,Normandie,50.0,4.0,2.0,2,1.0,28,Normandie,76,2,96,LeHavre,166058,1780,167838.0
202200034110,1.0,1,1,1,4.0,1.0,0.0,0,-1.0,1973.0,B01,7,12,2022,13:00,1,76.0,76351,2,1,1.0,2.0,THEOPHILE GAUTIER,"49,5143400000","0,0908500000",,76.076351,76351,Seine-Maritime,28.0,Normandie,50.0,4.0,2.0,2,1.0,28,Normandie,76,2,96,LeHavre,166058,1780,167838.0
202200034110,3.0,2,4,1,4.0,8.0,0.0,0,-1.0,2000.0,B01,7,12,2022,13:00,1,76.0,76351,2,1,1.0,2.0,THEOPHILE GAUTIER,"49,5143400000","0,0908500000",,76.076351,76351,Seine-Maritime,28.0,Normandie,50.0,4.0,2.0,2,1.0,28,Normandie,76,2,96,LeHavre,166058,1780,167838.0
202200034112,1.0,1,1,1,0.0,1.0,0.0,0,-1.0,1981.0,A01,7,12,2022,09:30,2,76.0,76351,2,2,2.0,1.0,IRENE JOLIOT CURIE (RUE),"49,5224000000","0,1047000000",,76.076351,76351,Seine-Maritime,28.0,Normandie,50.0,4.0,2.0,2,2.0,28,Normandie,76,2,96,LeHavre,166058,1780,167838.0
202200034112,1.0,1,3,1,0.0,2.0,0.0,0,-1.0,1962.0,B01,7,12,2022,09:30,2,76.0,76351,2,2,2.0,1.0,IRENE JOLIOT CURIE (RUE),"49,5224000000","0,1047000000",,76.076351,76351,Seine-Maritime,28.0,Normandie,50.0,4.0,2.0,2,2.0,28,Normandie,76,2,96,LeHavre,166058,1780,167838.0
202200034208,2.0,2,1,1,2.0,1.0,0.0,0,-1.0,2003.0,A01,30,9,2022,16:30,1,76.0,76517,1,1,1.0,6.0,A28,"49,5309600000","1,2075520000",,76.076517,76517,Seine-Maritime,28.0,Normandie,110.0,1.0,1.0,2,1.0,28,Normandie,76,3,2,Quincampoix,3110,68,3178.0
202200034208,9.0,2,1,2,2.0,1.0,0.0,0,-1.0,2003.0,A01,30,9,2022,16:30,1,76.0,76517,1,1,1.0,6.0,A28,"49,5309600000","1,2075520000",,76.076517,76517,Seine-Maritime,28.0,Normandie,110.0,1.0,1.0,2,1.0,28,Normandie,76,3,2,Quincampoix,3110,68,3178.0
202200034208,7.0,2,3,1,2.0,1.0,0.0,0,-1.0,2000.0,A01,30,9,2022,16:30,1,76.0,76517,1,1,1.0,6.0,A28,"49,5309600000","1,2075520000",,76.076517,76517,Seine-Maritime,28.0,Normandie,110.0,1.0,1.0,2,1.0,28,Normandie,76,3,2,Quincampoix,3110,68,3178.0
202200034208,1.0,1,1,1,2.0,1.0,0.0,0,-1.0,2002.0,A01,30,9,2022,16:30,1,76.0,76517,1,1,1.0,6.0,A28,"49,5309600000","1,2075520000",,76.076517,76517,Seine-Maritime,28.0,Normandie,110.0,1.0,1.0,2,1.0,28,Normandie,76,3,2,Quincampoix,3110,68,3178.0
202200034259,1.0,1,2,2,0.0,8.0,0.0,0,-1.0,2000.0,A01,10,12,2022,00:45,3,76.0,76751,1,1,4.0,6.0,1627 Route de Bolbec,"49,6258800000","0,5188530000",,76.076751,76751,Seine-Maritime,28.0,Normandie,80.0,3.0,2.0,2,7.0,28,Normandie,76,2,33,Yébleron,1278,15,1293.0
202200034277,2.0,2,4,2,5.0,1.0,0.0,0,-1.0,1981.0,C01,10,12,2022,19:20,3,76.0,76196,1,4,1.0,5.0,d139,"49,6427830000","0,2556040000",,76.076196,76196,Seine-Maritime,28.0,Normandie,80.0,3.0,2.0,2,1.0,28,Normandie,76,2,26,Criquetot-l'Esneval,2567,82,2649.0
202200034277,1.0,1,3,1,5.0,1.0,0.0,0,-1.0,1975.0,C01,10,12,2022,19:20,3,76.0,76196,1,4,1.0,5.0,d139,"49,6427830000","0,2556040000",,76.076196,76196,Seine-Maritime,28.0,Normandie,80.0,3.0,2.0,2,1.0,28,Normandie,76,2,26,Criquetot-l'Esneval,2567,82,2649.0
202200034277,1.0,1,3,1,5.0,0.0,0.0,0,-1.0,1999.0,B01,10,12,2022,19:20,3,76.0,76196,1,4,1.0,5.0,d139,"49,6427830000","0,2556040000",,76.076196,76196,Seine-Maritime,28.0,Normandie,80.0,3.0,2.0,2,1.0,28,Normandie,76,2,26,Criquetot-l'Esneval,2567,82,2649.0
202200034277,2.0,2,2,2,5.0,1.0,0.0,0,-1.0,2000.0,B01,10,12,2022,19:20,3,76.0,76196,1,4,1.0,5.0,d139,"49,6427830000","0,2556040000",,76.076196,76196,Seine-Maritime,28.0,Normandie,80.0,3.0,2.0,2,1.0,28,Normandie,76,2,26,Criquetot-l'Esneval,2567,82,2649.0
202200034277,1.0,1,3,1,5.0,1.0,0.0,0,-1.0,1941.0,A01,10,12,2022,19:20,3,76.0,76196,1,4,1.0,5.0,d139,"49,6427830000","0,2556040000",,76.076196,76196,Seine-Maritime,28.0,Normandie,80.0,3.0,2.0,2,1.0,28,Normandie,76,2,26,Criquetot-l'Esneval,2567,82,2649.0
202200034365,1.0,1,1,2,0.0,1.0,0.0,0,-1.0,1956.0,A01,5,12,2022,08:45,1,76.0,76351,2,2,1.0,6.0,INGOUVILLE (RUE),"49,4974800000","0,1093800000",,76.076351,76351,Seine-Maritime,28.0,Normandie,50.0,4.0,2.0,4,1.0,28,Normandie,76,2,96,LeHavre,166058,1780,167838.0
202200034365,10.0,3,4,2,0.0,0.0,4.0,3,2.0,2017.0,A01,5,12,2022,08:45,1,76.0,76351,2,2,1.0,6.0,INGOUVILLE (RUE),"49,4974800000","0,1093800000",,76.076351,76351,Seine-Maritime,28.0,Normandie,50.0,4.0,2.0,4,1.0,28,Normandie,76,2,96,LeHavre,166058,1780,167838.0
202200034391,7.0,2,4,2,5.0,1.0,0.0,0,-1.0,2015.0,A01,17,7,2022,11:45,1,76.0,76125,1,1,1.0,1.0,D151,"49,6362700000","1,1730400000",,76.076125,76125,Seine-Maritime,28.0,Normandie,80.0,3.0,2.0,2,1.0,28,Normandie,76,3,23,Bosc-le-Hard,1579,18,1597.0
202200034391,9.0,2,4,2,5.0,1.0,0.0,0,-1.0,2012.0,A01,17,7,2022,11:45,1,76.0,76125,1,1,1.0,1.0,D151,"49,6362700000","1,1730400000",,76.076125,76125,Seine-Maritime,28.0,Normandie,80.0,3.0,2.0,2,1.0,28,Normandie,76,3,23,Bosc-le-Hard,1579,18,1597.0
202200034391,1.0,1,3,2,5.0,1.0,0.0,0,-1.0,1987.0,A01,17,7,2022,11:45,1,76.0,76125,1,1,1.0,1.0,D151,"49,6362700000","1,1730400000",,76.076125,76125,Seine-Maritime,28.0,Normandie,80.0,3.0,2.0,2,1.0,28,Normandie,76,3,23,Bosc-le-Hard,1579,18,1597.0
202200034391,1.0,1,3,2,0.0,1.0,0.0,0,-1.0,1956.0,B01,17,7,2022,11:45,1,76.0,76125,1,1,1.0,1.0,D151,"49,6362700000","1,1730400000",,76.076125,76125,Seine-Maritime,28.0,Normandie,80.0,3.0,2.0,2,1.0,28,Normandie,76,3,23,Bosc-le-Hard,1579,18,1597.0
202200034505,1.0,1,3,1,5.0,8.0,-1.0, -1,-1.0,1939.0,A01,15,7,2022,16:05,1,76.0,76540,2,3,1.0,6.0,Rue des Carmes,"49,4414100000","1,0943800000",,76.076540,76540,Seine-Maritime,28.0,Normandie,5.0,4.0,2.0,2,1.0,28,Normandie,76,3,97,Rouen,114083,1556,115639.0
202200034505,2.0,2,2,2,5.0,8.0,-1.0, -1,-1.0,1943.0,A01,15,7,2022,16:05,1,76.0,76540,2,3,1.0,6.0,Rue des Carmes,"49,4414100000","1,0943800000",,76.076540,76540,Seine-Maritime,28.0,Normandie,5.0,4.0,2.0,2,1.0,28,Normandie,76,3,97,Rouen,114083,1556,115639.0
202200034505,10.0,3,3,2,0.0,0.0,9.0,B,1.0,1986.0,A01,15,7,2022,16:05,1,76.0,76540,2,3,1.0,6.0,Rue des Carmes,"49,4414100000","1,0943800000",,76.076540,76540,Seine-Maritime,28.0,Normandie,5.0,4.0,2.0,2,1.0,28,Normandie,76,3,97,Rouen,114083,1556,115639.0
202200034668,1.0,1,4,1,4.0,1.0,0.0,0,-1.0,2001.0,A01,26,8,2022,13:00,1,76.0,76648,1,2,1.0,7.0,D12,"49,6550020000","1,2723650000",,76.076648,76648,Seine-Maritime,28.0,Normandie,80.0,3.0,2.0,2,1.0,28,Normandie,76,1,23,Saint-Saëns,2317,20,2337.0
202200034826,1.0,1,4,2,0.0,2.0,-1.0, -1,-1.0,1983.0,B01,28,2,2022,19:45,4,76.0,76540,2,1,1.0,2.0,N338 - Sud 3,"49,4349000000","1,0738700000",,76.076540,76540,Seine-Maritime,28.0,Normandie,50.0,2.0,3.0,3,1.0,28,Normandie,76,3,97,Rouen,114083,1556,115639.0
202200034826,1.0,1,1,1,4.0,1.0,-1.0, -1,-1.0,1990.0,A01,28,2,2022,19:45,4,76.0,76540,2,1,1.0,2.0,N338 - Sud 3,"49,4349000000","1,0738700000",,76.076540,76540,Seine-Maritime,28.0,Normandie,50.0,2.0,3.0,3,1.0,28,Normandie,76,3,97,Rouen,114083,1556,115639.0
202200034830,10.0,3,4,2,0.0,0.0,3.0,3,1.0,1975.0,A01,26,2,2022,17:25,1,76.0,76351,2,2,1.0,6.0,TOURNEVILLE (DE),"49,5003800000","0,1226100000",,76.076351,76351,Seine-Maritime,28.0,Normandie,30.0,4.0,1.0,1,1.0,28,Normandie,76,2,96,LeHavre,166058,1780,167838.0
202200034830,1.0,1,1,2,0.0,1.0,-1.0, -1,-1.0,1990.0,A01,26,2,2022,17:25,1,76.0,76351,2,2,1.0,6.0,TOURNEVILLE (DE),"49,5003800000","0,1226100000",,76.076351,76351,Seine-Maritime,28.0,Normandie,30.0,4.0,1.0,1,1.0,28,Normandie,76,2,96,LeHavre,166058,1780,167838.0
202200034986,1.0,1,1,1,4.0,1.0,0.0,0,-1.0,1995.0,B01,13,1,2022,07:20,3,76.0,76484,1,1,5.0,2.0,A13,"49,3363820000","1,0751530000",,76.076484,76484,Seine-Maritime,28.0,Normandie,110.0,1.0,3.0,7,1.0,28,Normandie,76,3,31,Oissel,12367,83,12450.0
202200034986,1.0,1,3,1,4.0,1.0,0.0,0,-1.0,1999.0,A01,13,1,2022,07:20,3,76.0,76484,1,1,5.0,2.0,A13,"49,3363820000","1,0751530000",,76.076484,76484,Seine-Maritime,28.0,Normandie,110.0,1.0,3.0,7,1.0,28,Normandie,76,3,31,Oissel,12367,83,12450.0
202200035125,1.0,1,1,2,5.0,1.0,-1.0, -1,-1.0,1996.0,B01,17,4,2022,22:15,5,76.0,76216,1,1,1.0,2.0,A150,"49,4551078489","1,0517169535",,76.076216,76216,Seine-Maritime,28.0,Normandie,90.0,1.0,3.0,4,1.0,28,Normandie,76,3,22,Déville-lès-Rouen,10745,62,10807.0
202200035125,1.0,1,4,1,1.0,2.0,-1.0, -1,-1.0,1998.0,A01,17,4,2022,22:15,5,76.0,76216,1,1,1.0,2.0,A150,"49,4551078489","1,0517169535",,76.076216,76216,Seine-Maritime,28.0,Normandie,90.0,1.0,3.0,4,1.0,28,Normandie,76,3,22,Déville-lès-Rouen,10745,62,10807.0
202200035164,1.0,1,3,1,5.0,0.0,0.0,0,-1.0,2008.0,B01,26,8,2022,15:30,1,76.0,76315,1,2,1.0,2.0,Route de Fauville,"49,7583910000","0,6170390000",,76.076315,76315,Seine-Maritime,28.0,Normandie,80.0,3.0,2.0,2,1.0,28,Normandie,76,1,33,Grainville-la-Teinturière,1072,18,1090.0
202200035164,1.0,1,1,1,9.0,1.0,0.0,0,-1.0,1994.0,A01,26,8,2022,15:30,1,76.0,76315,1,2,1.0,2.0,Route de Fauville,"49,7583910000","0,6170390000",,76.076315,76315,Seine-Maritime,28.0,Normandie,80.0,3.0,2.0,2,1.0,28,Normandie,76,1,33,Grainville-la-Teinturière,1072,18,1090.0
202200035276,1.0,1,4,2,1.0,1.0,0.0,0,-1.0,1991.0,A01,26,2,2022,07:50,2,76.0,76489,1,1,5.0,6.0,N1029,"49,4735340000","0,2699380000",,76.076489,76489,Seine-Maritime,28.0,Normandie,90.0,2.0,3.0,4,7.0,28,Normandie,76,2,32,OudalLe479,12,491,