Num_Acc,place,catu,grav,sexe,trajet,secu,locp,actp,etatp,an_nais,num_veh,jour,mois,an,hrmn,lum,dep,com,agg,int,atm,col,adr,lat,long,gps,com_insee_temp,com_insee,departmentName,regionCode,regionName,vma,catr,circ,nbv,surf,Code,Region,Departement,Arrondissement,Code_Canton,Nom_Commune,Population_municipaLe,Population_comptee_a_part,Population_Totale
202200035346,2.0,2,4,2,0.0,1.0,-1.0, -1,-1.0,1936.0,C01,8,4,2022,14:40,1,76.0,76410,1,1,3.0,5.0,Cote de la Valette,"49,4882300000","1,0300200000",,76.076410,76410,Seine-Maritime,28.0,Normandie,80.0,7.0,2.0,2,2.0,28,Normandie,76,3,4,Maromme,11024,122,11146.0
202200035346,3.0,2,4,2,0.0,1.0,-1.0, -1,-1.0,1936.0,C01,8,4,2022,14:40,1,76.0,76410,1,1,3.0,5.0,Cote de la Valette,"49,4882300000","1,0300200000",,76.076410,76410,Seine-Maritime,28.0,Normandie,80.0,7.0,2.0,2,2.0,28,Normandie,76,3,4,Maromme,11024,122,11146.0
202200035346,4.0,2,4,2,9.0,1.0,-1.0, -1,-1.0,2007.0,C01,8,4,2022,14:40,1,76.0,76410,1,1,3.0,5.0,Cote de la Valette,"49,4882300000","1,0300200000",,76.076410,76410,Seine-Maritime,28.0,Normandie,80.0,7.0,2.0,2,2.0,28,Normandie,76,3,4,Maromme,11024,122,11146.0
202200035346,1.0,1,4,1,9.0,1.0,-1.0, -1,-1.0,1972.0,C01,8,4,2022,14:40,1,76.0,76410,1,1,3.0,5.0,Cote de la Valette,"49,4882300000","1,0300200000",,76.076410,76410,Seine-Maritime,28.0,Normandie,80.0,7.0,2.0,2,2.0,28,Normandie,76,3,4,Maromme,11024,122,11146.0
202200035346,1.0,1,1,1,0.0,1.0,-1.0, -1,-1.0,1952.0,B01,8,4,2022,14:40,1,76.0,76410,1,1,3.0,5.0,Cote de la Valette,"49,4882300000","1,0300200000",,76.076410,76410,Seine-Maritime,28.0,Normandie,80.0,7.0,2.0,2,2.0,28,Normandie,76,3,4,Maromme,11024,122,11146.0
202200035346,2.0,2,3,2,0.0,1.0,-1.0, -1,-1.0,1953.0,A01,8,4,2022,14:40,1,76.0,76410,1,1,3.0,5.0,Cote de la Valette,"49,4882300000","1,0300200000",,76.076410,76410,Seine-Maritime,28.0,Normandie,80.0,7.0,2.0,2,2.0,28,Normandie,76,3,4,Maromme,11024,122,11146.0
202200035346,1.0,1,4,2,4.0,1.0,-1.0, -1,-1.0,1960.0,A01,8,4,2022,14:40,1,76.0,76410,1,1,3.0,5.0,Cote de la Valette,"49,4882300000","1,0300200000",,76.076410,76410,Seine-Maritime,28.0,Normandie,80.0,7.0,2.0,2,2.0,28,Normandie,76,3,4,Maromme,11024,122,11146.0
202200035349,1.0,1,1,1,0.0,1.0,-1.0, -1,-1.0,1993.0,A01,7,4,2022,23:10,5,76.0,76351,2,3,1.0,6.0,VERDUN (RUE DE),"49,5020400000","0,1573100000",,76.076351,76351,Seine-Maritime,28.0,Normandie,50.0,3.0,2.0,3,1.0,28,Normandie,76,2,96,LeHavre,166058,1780,167838.0
202200035349,1.0,1,4,1,0.0,1.0,-1.0, -1,-1.0,2000.0,B01,7,4,2022,23:10,5,76.0,76351,2,3,1.0,6.0,VERDUN (RUE DE),"49,5020400000","0,1573100000",,76.076351,76351,Seine-Maritime,28.0,Normandie,50.0,3.0,2.0,3,1.0,28,Normandie,76,2,96,LeHavre,166058,1780,167838.0
202200035349,2.0,2,4,2,0.0,1.0,-1.0, -1,-1.0,2002.0,B01,7,4,2022,23:10,5,76.0,76351,2,3,1.0,6.0,VERDUN (RUE DE),"49,5020400000","0,1573100000",,76.076351,76351,Seine-Maritime,28.0,Normandie,50.0,3.0,2.0,3,1.0,28,Normandie,76,2,96,LeHavre,166058,1780,167838.0
202200035351,1.0,1,1,1,0.0,1.0,-1.0, -1,-1.0,1979.0,B01,7,4,2022,14:30,1,76.0,76341,2,1,1.0,1.0,LUCIE AUBRAC (RUE),"49,5068400000","0,2059500000",,76.076341,76341,Seine-Maritime,28.0,Normandie,50.0,4.0,2.0,2,1.0,28,Normandie,76,2,15,Harfleur,8315,53,8368.0
202200035351,4.0,2,4,2,5.0,1.0,-1.0, -1,-1.0,2005.0,A01,7,4,2022,14:30,1,76.0,76341,2,1,1.0,1.0,LUCIE AUBRAC (RUE),"49,5068400000","0,2059500000",,76.076341,76341,Seine-Maritime,28.0,Normandie,50.0,4.0,2.0,2,1.0,28,Normandie,76,2,15,Harfleur,8315,53,8368.0
202200035351,1.0,1,1,2,5.0,1.0,-1.0, -1,-1.0,2001.0,A01,7,4,2022,14:30,1,76.0,76341,2,1,1.0,1.0,LUCIE AUBRAC (RUE),"49,5068400000","0,2059500000",,76.076341,76341,Seine-Maritime,28.0,Normandie,50.0,4.0,2.0,2,1.0,28,Normandie,76,2,15,Harfleur,8315,53,8368.0
202200035580,10.0,3,2,2,5.0,0.0,1.0,4,1.0,1929.0,A01,3,11,2022,10:25,1,76.0,76540,2,1,1.0,6.0,Place du Boulingrin,"49,4471500000","1,1064300000",,76.076540,76540,Seine-Maritime,28.0,Normandie,20.0,6.0,-1.0, -1,1.0,28,Normandie,76,3,97,Rouen,114083,1556,115639.0
202200035580,1.0,1,1,1,1.0,1.0,-1.0, -1,-1.0,1968.0,A01,3,11,2022,10:25,1,76.0,76540,2,1,1.0,6.0,Place du Boulingrin,"49,4471500000","1,1064300000",,76.076540,76540,Seine-Maritime,28.0,Normandie,20.0,6.0,-1.0, -1,1.0,28,Normandie,76,3,97,Rouen,114083,1556,115639.0
202200035602,1.0,1,1,1,0.0,1.0,-1.0, -1,-1.0,2003.0,B01,4,11,2022,00:45,5,76.0,76540,2,2,8.0,3.0,Boulevard de l'Europe,"49,4285338193","1,0946298552",,76.076540,76540,Seine-Maritime,28.0,Normandie,50.0,4.0,2.0,4,2.0,28,Normandie,76,3,97,Rouen,114083,1556,115639.0
202200035602,1.0,1,3,1,0.0,8.0,-1.0, -1,-1.0,1981.0,A01,4,11,2022,00:45,5,76.0,76540,2,2,8.0,3.0,Boulevard de l'Europe,"49,4285338193","1,0946298552",,76.076540,76540,Seine-Maritime,28.0,Normandie,50.0,4.0,2.0,4,2.0,28,Normandie,76,3,97,Rouen,114083,1556,115639.0
202200035603,1.0,1,1,2,0.0,8.0,0.0,0,-1.0,1973.0,A01,3,11,2022,21:35,5,76.0,76103,2,1,1.0,3.0,Route de Paris,"49,4210500000","1,1269000000",,76.076103,76103,Seine-Maritime,28.0,Normandie,50.0,7.0,2.0,2,1.0,28,Normandie,76,3,6,Bonsecours,6455,95,6550.0
202200035603,1.0,1,4,1,4.0,2.0,0.0,0,-1.0,1986.0,B01,3,11,2022,21:35,5,76.0,76103,2,1,1.0,3.0,Route de Paris,"49,4210500000","1,1269000000",,76.076103,76103,Seine-Maritime,28.0,Normandie,50.0,7.0,2.0,2,1.0,28,Normandie,76,3,6,Bonsecours,6455,95,6550.0
202200035678,1.0,1,4,1,0.0,1.0,-1.0, -1,-1.0,2000.0,A01,1,11,2022,19:00,3,76.0,76481,1,1,3.0,6.0,RD 6382,"49,5329600000","0,1144300000",,76.076481,76481,Seine-Maritime,28.0,Normandie,90.0,3.0,3.0,4,2.0,28,Normandie,76,2,26,Octeville-sur-Mer,6122,119,6241.0
202200035678,2.0,2,4,1,0.0,1.0,-1.0, -1,-1.0,2002.0,A01,1,11,2022,19:00,3,76.0,76481,1,1,3.0,6.0,RD 6382,"49,5329600000","0,1144300000",,76.076481,76481,Seine-Maritime,28.0,Normandie,90.0,3.0,3.0,4,2.0,28,Normandie,76,2,26,Octeville-sur-Mer,6122,119,6241.0
202200035678,1.0,1,1,-1,-1.0,-1.0,-1.0, -1,-1.0,,Z01,1,11,2022,19:00,3,76.0,76481,1,1,3.0,6.0,RD 6382,"49,5329600000","0,1144300000",,76.076481,76481,Seine-Maritime,28.0,Normandie,90.0,3.0,3.0,4,2.0,28,Normandie,76,2,26,Octeville-sur-Mer,6122,119,6241.0
202200035795,1.0,1,3,1,5.0,1.0,0.0,0,-1.0,1944.0,A01,17,5,2022,15:45,1,76.0,76258,1,1,1.0,6.0,A 29,"49,6299855578","0,6401935592",,76.076258,76258,Seine-Maritime,28.0,Normandie,130.0,1.0,1.0,2,1.0,28,Normandie,76,2,33,Terres-de-Caux,4208,112,4320.0
202200035807,1.0,1,3,2,5.0,0.0,0.0,0,-1.0,1965.0,A01,17,5,2022,14:08,1,76.0,76641,1,1,1.0,6.0,Rue d Orimont,"49,8525110000","0,9043550000",,76.076641,76641,Seine-Maritime,28.0,Normandie,80.0,9.0,2.0,2,1.0,28,Normandie,76,1,33,Saint-Pierre-le-Vieux,194,5,199.0
202200035894,1.0,1,1,1,0.0,1.0,-1.0, -1,-1.0,1999.0,A01,6,5,2022,06:20,1,76.0,76497,1,1,1.0,6.0,N138 - Sud 3,"49,3697400000","1,0420100000",,76.076497,76497,Seine-Maritime,28.0,Normandie,110.0,2.0,3.0,6,1.0,28,Normandie,76,3,13,Petit-Couronne,8688,175,8863.0
202200035894,2.0,2,3,1,0.0,8.0,-1.0, -1,-1.0,1998.0,A01,6,5,2022,06:20,1,76.0,76497,1,1,1.0,6.0,N138 - Sud 3,"49,3697400000","1,0420100000",,76.076497,76497,Seine-Maritime,28.0,Normandie,110.0,2.0,3.0,6,1.0,28,Normandie,76,3,13,Petit-Couronne,8688,175,8863.0
202200035895,1.0,1,1,2,1.0,1.0,-1.0, -1,-1.0,1998.0,A01,16,5,2022,08:10,1,76.0,76319,1,1,1.0,3.0,D13,"49,3553900000","1,0255400000",,76.076319,76319,Seine-Maritime,28.0,Normandie,80.0,7.0,2.0,2,1.0,28,Normandie,76,3,9,Grand-Couronne,9726,177,9903.0
202200035895,1.0,1,4,1,0.0,2.0,-1.0, -1,-1.0,1967.0,B01,16,5,2022,08:10,1,76.0,76319,1,1,1.0,3.0,D13,"49,3553900000","1,0255400000",,76.076319,76319,Seine-Maritime,28.0,Normandie,80.0,7.0,2.0,2,1.0,28,Normandie,76,3,9,Grand-Couronne,9726,177,9903.0
202200035896,10.0,3,4,2,5.0,8.0,5.0,9,1.0,1952.0,Z01,13,5,2022,18:03,1,76.0,76351,2,1,1.0,6.0,ALBERT 1ER,"49,4996300000","0,0898000000",,76.076351,76351,Seine-Maritime,28.0,Normandie,50.0,4.0,1.0,2,1.0,28,Normandie,76,2,96,LeHavre,166058,1780,167838.0
202200035896,1.0,1,1,-1,-1.0,-1.0,-1.0, -1,-1.0,,Z01,13,5,2022,18:03,1,76.0,76351,2,1,1.0,6.0,ALBERT 1ER,"49,4996300000","0,0898000000",,76.076351,76351,Seine-Maritime,28.0,Normandie,50.0,4.0,1.0,2,1.0,28,Normandie,76,2,96,LeHavre,166058,1780,167838.0
202200036178,1.0,1,3,1,9.0,2.0,0.0,0,-1.0,1980.0,A01,9,12,2022,01:30,3,76.0,76684,1,6,1.0,6.0,D982,"49,4825830000","0,4427680000",,76.076684,76684,Seine-Maritime,28.0,Normandie,50.0,3.0,-1.0,1,2.0,28,Normandie,76,2,3,TancarvilLe1218,24,1242,
202200036206,1.0,1,3,1,5.0,0.0,0.0,0,-1.0,1991.0,A01,16,7,2022,17:15,1,76.0,76101,1,1,1.0,7.0,A28,"49,9106580000","1,6222140000",,76.076101,76101,Seine-Maritime,28.0,Normandie,130.0,1.0,3.0,4,1.0,28,Normandie,76,1,10,Blangy-sur-BresLe2862,28,2890,
202200036206,2.0,2,1,2,5.0,0.0,0.0,0,-1.0,1988.0,A01,16,7,2022,17:15,1,76.0,76101,1,1,1.0,7.0,A28,"49,9106580000","1,6222140000",,76.076101,76101,Seine-Maritime,28.0,Normandie,130.0,1.0,3.0,4,1.0,28,Normandie,76,1,10,Blangy-sur-BresLe2862,28,2890,
202200036206,7.0,2,1,1,5.0,3.0,0.0,0,-1.0,2017.0,A01,16,7,2022,17:15,1,76.0,76101,1,1,1.0,7.0,A28,"49,9106580000","1,6222140000",,76.076101,76101,Seine-Maritime,28.0,Normandie,130.0,1.0,3.0,4,1.0,28,Normandie,76,1,10,Blangy-sur-BresLe2862,28,2890,
202200036206,8.0,2,1,1,5.0,3.0,0.0,0,-1.0,2014.0,A01,16,7,2022,17:15,1,76.0,76101,1,1,1.0,7.0,A28,"49,9106580000","1,6222140000",,76.076101,76101,Seine-Maritime,28.0,Normandie,130.0,1.0,3.0,4,1.0,28,Normandie,76,1,10,Blangy-sur-BresLe2862,28,2890,
202200036206,9.0,2,1,2,5.0,3.0,0.0,0,-1.0,2016.0,A01,16,7,2022,17:15,1,76.0,76101,1,1,1.0,7.0,A28,"49,9106580000","1,6222140000",,76.076101,76101,Seine-Maritime,28.0,Normandie,130.0,1.0,3.0,4,1.0,28,Normandie,76,1,10,Blangy-sur-BresLe2862,28,2890,
202200036220,1.0,1,1,1,5.0,1.0,0.0,0,-1.0,2002.0,A01,16,7,2022,21:20,1,76.0,76591,2,1,1.0,1.0,Rue des Jonquets,"49,4480244439","1,2232144475",,76.076591,76591,Seine-Maritime,28.0,Normandie,50.0,4.0,2.0,2,1.0,28,Normandie,76,3,6,Saint-Jacques-sur-Darnétal,3152,49,3201.0
202200036220,1.0,1,4,1,5.0,0.0,0.0,0,-1.0,1982.0,B01,16,7,2022,21:20,1,76.0,76591,2,1,1.0,1.0,Rue des Jonquets,"49,4480244439","1,2232144475",,76.076591,76591,Seine-Maritime,28.0,Normandie,50.0,4.0,2.0,2,1.0,28,Normandie,76,3,6,Saint-Jacques-sur-Darnétal,3152,49,3201.0
202200036413,1.0,1,1,1,4.0,8.0,0.0,0,-1.0,1988.0,A01,7,12,2022,12:55,1,76.0,76434,2,2,1.0,6.0,Rue de la Lande,"49,3922690000","1,2620540000",,76.076434,76434,Seine-Maritime,28.0,Normandie,50.0,3.0,2.0,2,1.0,28,Normandie,76,3,21,Mesnil-Raoul,1171,8,1179.0
202200036413,10.0,3,3,2,2.0,0.0,1.0,3,1.0,2011.0,A01,7,12,2022,12:55,1,76.0,76434,2,2,1.0,6.0,Rue de la Lande,"49,3922690000","1,2620540000",,76.076434,76434,Seine-Maritime,28.0,Normandie,50.0,3.0,2.0,2,1.0,28,Normandie,76,3,21,Mesnil-Raoul,1171,8,1179.0
202200036463,1.0,1,1,1,0.0,1.0,-1.0, -1,-1.0,1977.0,A01,15,7,2022,17:00,1,76.0,76540,2,3,1.0,2.0,Rue de Fontenay,"49,4364100000","1,1029800000",,76.076540,76540,Seine-Maritime,28.0,Normandie,50.0,4.0,2.0,2,-1.0,28,Normandie,76,3,97,Rouen,114083,1556,115639.0
202200036463,10.0,3,4,2,0.0,0.0,5.0,B,1.0,1941.0,A01,15,7,2022,17:00,1,76.0,76540,2,3,1.0,2.0,Rue de Fontenay,"49,4364100000","1,1029800000",,76.076540,76540,Seine-Maritime,28.0,Normandie,50.0,4.0,2.0,2,-1.0,28,Normandie,76,3,97,Rouen,114083,1556,115639.0
202200036464,1.0,1,4,1,0.0,2.0,-1.0, -1,-1.0,2007.0,A01,15,7,2022,09:25,1,76.0,76447,1,1,1.0,7.0,Route d'Octeville,"49,5486800000","0,1598300000",,76.076447,76447,Seine-Maritime,28.0,Normandie,80.0,3.0,2.0,4,1.0,28,Normandie,76,2,15,Montivilliers,15457,203,15660.0
202200036467,1.0,1,4,2,0.0,8.0,-1.0, -1,-1.0,2012.0,B01,14,7,2022,16:35,1,76.0,76351,2,3,1.0,6.0,LEO DELIBES,"49,5060600000","0,1674500000",,76.076351,76351,Seine-Maritime,28.0,Normandie,50.0,4.0,2.0,2,1.0,28,Normandie,76,2,96,LeHavre,166058,1780,167838.0
202200036467,1.0,1,1,1,1.0,1.0,-1.0, -1,-1.0,1990.0,A01,14,7,2022,16:35,1,76.0,76351,2,3,1.0,6.0,LEO DELIBES,"49,5060600000","0,1674500000",,76.076351,76351,Seine-Maritime,28.0,Normandie,50.0,4.0,2.0,2,1.0,28,Normandie,76,2,96,LeHavre,166058,1780,167838.0
202200036469,1.0,1,4,1,5.0,1.0,-1.0, -1,-1.0,1948.0,A01,15,7,2022,01:00,5,76.0,76351,2,1,1.0,6.0,CLEMENT MARICAL,"49,5018800000","0,0974100000",,76.076351,76351,Seine-Maritime,28.0,Normandie,50.0,4.0,1.0,1,1.0,28,Normandie,76,2,96,LeHavre,166058,1780,167838.0
202200036596,1.0,1,1,1,0.0,2.0,-1.0, -1,-1.0,1978.0,A01,27,2,2022,15:00,1,76.0,76474,2,1,1.0,6.0,Route de Dieppe,"49,4966400000","1,0485400000",,76.076474,76474,Seine-Maritime,28.0,Normandie,50.0,7.0,2.0,2,1.0,28,Normandie,76,3,24,Notre-Dame-de-BondevilLe6957,82,7039,
202200036596,10.0,3,4,2,0.0,0.0,3.0,3,1.0,1999.0,A01,27,2,2022,15:00,1,76.0,76474,2,1,1.0,6.0,Route de Dieppe,"49,4966400000","1,0485400000",,76.076474,76474,Seine-Maritime,28.0,Normandie,50.0,7.0,2.0,2,1.0,28,Normandie,76,3,24,Notre-Dame-de-BondevilLe6957,82,7039,
202200036672,1.0,1,2,1,0.0,8.0,-1.0, -1,-1.0,2000.0,B01,17,1,2022,15:39,1,76.0,76216,2,1,1.0,6.0,Rue du Petit Aulnay,"49,4617600000","1,0438200000",,76.076216,76216,Seine-Maritime,28.0,Normandie,30.0,7.0,2.0,2,1.0,28,Normandie,76,3,22,Déville-lès-Rouen,10745,62,10807.0
202200036672,1.0,1,1,2,4.0,1.0,-1.0, -1,-1.0,1987.0,A01,17,1,2022,15:39,1,76.0,76216,2,1,1.0,6.0,Rue du Petit Aulnay,"49,4617600000","1,0438200000",,76.076216,76216,Seine-Maritime,28.0,Normandie,30.0,7.0,2.0,2,1.0,28,Normandie,76,3,22,Déville-lès-Rouen,10745,62,10807.0
202200036675,1.0,1,1,-1,-1.0,-1.0,-1.0, -1,-1.0,,B01,14,1,2022,13:30,1,76.0,76351,2,1,1.0,1.0,BENOIT MALON,"49,5175900000","0,1757300000",,76.076351,76351,Seine-Maritime,28.0,Normandie,50.0,4.0,2.0,1,1.0,28,Normandie,76,2,96,LeHavre,166058,1780,167838.0
202200036675,1.0,1,3,1,0.0,2.0,-1.0, -1,-1.0,1995.0,A01,14,1,2022,13:30,1,76.0,76351,2,1,1.0,1.0,BENOIT MALON,"49,5175900000","0,1757300000",,76.076351,76351,Seine-Maritime,28.0,Normandie,50.0,4.0,2.0,1,1.0,28,Normandie,76,2,96,LeHavre,166058,1780,167838.0
202200036685,1.0,1,1,1,4.0,1.0,-1.0, -1,-1.0,1997.0,A01,24,8,2022,10:35,1,76.0,76540,2,3,1.0,1.0,Rue du Mont Gargan,"49,4365700000","1,1104700000",,76.076540,76540,Seine-Maritime,28.0,Normandie,30.0,7.0,2.0,2,1.0,28,Normandie,76,3,97,Rouen,114083,1556,115639.0
202200036685,1.0,1,4,1,5.0,8.0,-1.0, -1,-1.0,1994.0,B01,24,8,2022,10:35,1,76.0,76540,2,3,1.0,1.0,Rue du Mont Gargan,"49,4365700000","1,1104700000",,76.076540,76540,Seine-Maritime,28.0,Normandie,30.0,7.0,2.0,2,1.0,28,Normandie,76,3,97,Rouen,114083,1556,115639.0
202200036687,1.0,1,3,1,9.0,2.0,-1.0, -1,-1.0,1991.0,A01,24,8,2022,09:40,1,76.0,76540,2,1,1.0,6.0,Rue Francis Yard,"49,4469200000","1,1097000000",,76.076540,76540,Seine-Maritime,28.0,Normandie,50.0,4.0,1.0,1,1.0,28,Normandie,76,3,97,Rouen,114083,1556,115639.0
202200036977,1.0,1,3,1,5.0,8.0,0.0,0,-1.0,1990.0,A01,17,6,2022,02:45,3,76.0,76647,1,1,1.0,7.0,1541 Route de la Cerlangue,"49,5157920000","0,3829770000",,76.076647,76647,Seine-Maritime,28.0,Normandie,80.0,3.0,2.0,2,1.0,28,Normandie,76,2,32,Saint-Romain-de-Colbosc,4436,43,4479.0
202200037051,1.0,1,3,2,3.0,8.0,-1.0, -1,-1.0,1980.0,B01,14,6,2022,19:25,1,76.0,76259,2,2,1.0,3.0,LEBORGNE ( RUE CHARLES),"49,7525880000","0,3711830000",,76.076259,76259,Seine-Maritime,28.0,Normandie,50.0,4.0,2.0,5,1.0,28,Normandie,76,2,11,Fécamp,18016,269,18285.0
202200037051,1.0,1,1,1,5.0,1.0,-1.0, -1,-1.0,1994.0,A01,14,6,2022,19:25,1,76.0,76259,2,2,1.0,3.0,LEBORGNE ( RUE CHARLES),"49,7525880000","0,3711830000",,76.076259,76259,Seine-Maritime,28.0,Normandie,50.0,4.0,2.0,5,1.0,28,Normandie,76,2,11,Fécamp,18016,269,18285.0
202200037107,10.0,3,1,2,5.0,0.0,1.0,1,3.0,1967.0,A01,14,6,2022,19:19,1,76.0,76351,2,1,1.0,6.0,CIRCULAIRE (AVENUE),"49,5214400000","0,1353800000",,76.076351,76351,Seine-Maritime,28.0,Normandie,50.0,4.0,-1.0,2,1.0,28,Normandie,76,2,96,LeHavre,166058,1780,167838.0
202200037107,1.0,1,3,1,5.0,2.0,-1.0, -1,-1.0,1969.0,A01,14,6,2022,19:19,1,76.0,76351,2,1,1.0,6.0,CIRCULAIRE (AVENUE),"49,5214400000","0,1353800000",,76.076351,76351,Seine-Maritime,28.0,Normandie,50.0,4.0,-1.0,2,1.0,28,Normandie,76,2,96,LeHavre,166058,1780,167838.0
202200037308,4.0,2,4,2,0.0,1.0,-1.0, -1,-1.0,2005.0,C01,28,2,2022,17:30,1,76.0,76540,2,1,1.0,4.0,Quai Jean Moulin,"49,4353337152","1,0920882225",,76.076540,76540,Seine-Maritime,28.0,Normandie,50.0,4.0,2.0,4,1.0,28,Normandie,76,3,97,Rouen,114083,1556,115639.0
202200037308,1.0,1,4,2,0.0,1.0,-1.0, -1,-1.0,1978.0,C01,28,2,2022,17:30,1,76.0,76540,2,1,1.0,4.0,Quai Jean Moulin,"49,4353337152","1,0920882225",,76.076540,76540,Seine-Maritime,28.0,Normandie,50.0,4.0,2.0,4,1.0,28,Normandie,76,3,97,Rouen,114083,1556,115639.0
202200037308,1.0,1,1,1,0.0,1.0,-1.0, -1,-1.0,1978.0,B01,28,2,2022,17:30,1,76.0,76540,2,1,1.0,4.0,Quai Jean Moulin,"49,4353337152","1,0920882225",,76.076540,76540,Seine-Maritime,28.0,Normandie,50.0,4.0,2.0,4,1.0,28,Normandie,76,3,97,Rouen,114083,1556,115639.0
202200037308,1.0,1,1,1,0.0,1.0,-1.0, -1,-1.0,1968.0,A01,28,2,2022,17:30,1,76.0,76540,2,1,1.0,4.0,Quai Jean Moulin,"49,4353337152","1,0920882225",,76.076540,76540,Seine-Maritime,28.0,Normandie,50.0,4.0,2.0,4,1.0,28,Normandie,76,3,97,Rouen,114083,1556,115639.0
202200037309,2.0,2,4,2,5.0,1.0,-1.0, -1,-1.0,1963.0,A01,7,4,2022,10:00,1,76.0,76351,2,3,1.0,6.0,BELLOT,"49,4852900000","0,1273600000",,76.076351,76351,Seine-Maritime,28.0,Normandie,50.0,4.0,2.0,2,1.0,28,Normandie,76,2,96,LeHavre,166058,1780,167838.0
202200037309,1.0,1,3,1,5.0,1.0,-1.0, -1,-1.0,1944.0,A01,7,4,2022,10:00,1,76.0,76351,2,3,1.0,6.0,BELLOT,"49,4852900000","0,1273600000",,76.076351,76351,Seine-Maritime,28.0,Normandie,50.0,4.0,2.0,2,1.0,28,Normandie,76,2,96,LeHavre,166058,1780,167838.0
202200037310,1.0,1,4,1,0.0,1.0,-1.0, -1,-1.0,1970.0,B01,6,4,2022,19:00,1,76.0,76351,2,3,2.0,3.0,SOCRATE,"49,5164600000","0,1560900000",,76.076351,76351,Seine-Maritime,28.0,Normandie,50.0,4.0,2.0,3,2.0,28,Normandie,76,2,96,LeHavre,166058,1780,167838.0
202200037310,1.0,1,1,2,5.0,1.0,-1.0, -1,-1.0,1997.0,A01,6,4,2022,19:00,1,76.0,76351,2,3,2.0,3.0,SOCRATE,"49,5164600000","0,1560900000",,76.076351,76351,Seine-Maritime,28.0,Normandie,50.0,4.0,2.0,3,2.0,28,Normandie,76,2,96,LeHavre,166058,1780,167838.0
202200037461,1.0,1,4,2,4.0,1.0,0.0,0,-1.0,1999.0,B01,1,4,2022,11:55,1,76.0,76517,1,2,1.0,3.0,D47,"49,5221370000","1,1362370000",,76.076517,76517,Seine-Maritime,28.0,Normandie,80.0,3.0,2.0,2,1.0,28,Normandie,76,3,2,Quincampoix,3110,68,3178.0
202200037461,2.0,2,1,1,4.0,1.0,0.0,0,-1.0,1992.0,B01,1,4,2022,11:55,1,76.0,76517,1,2,1.0,3.0,D47,"49,5221370000","1,1362370000",,76.076517,76517,Seine-Maritime,28.0,Normandie,80.0,3.0,2.0,2,1.0,28,Normandie,76,3,2,Quincampoix,3110,68,3178.0
202200037461,7.0,2,4,1,4.0,1.0,0.0,0,-1.0,2003.0,B01,1,4,2022,11:55,1,76.0,76517,1,2,1.0,3.0,D47,"49,5221370000","1,1362370000",,76.076517,76517,Seine-Maritime,28.0,Normandie,80.0,3.0,2.0,2,1.0,28,Normandie,76,3,2,Quincampoix,3110,68,3178.0
202200037461,1.0,1,1,1,0.0,1.0,0.0,0,-1.0,1979.0,A01,1,4,2022,11:55,1,76.0,76517,1,2,1.0,3.0,D47,"49,5221370000","1,1362370000",,76.076517,76517,Seine-Maritime,28.0,Normandie,80.0,3.0,2.0,2,1.0,28,Normandie,76,3,2,Quincampoix,3110,68,3178.0
202200037575,1.0,1,3,1,5.0,2.0,0.0,0,-1.0,1946.0,B01,2,11,2022,20:50,3,76.0,76242,1,1,2.0,2.0,Route de Paris,"49,4582290000","1,7243060000",,76.076242,76242,Seine-Maritime,28.0,Normandie,80.0,3.0,2.0,2,2.0,28,Normandie,76,1,12,Ernemont-la-Villette,207,4,211.0
202200037575,1.0,1,1,1,5.0,1.0,0.0,0,-1.0,1975.0,A01,2,11,2022,20:50,3,76.0,76242,1,1,2.0,2.0,Route de Paris,"49,4582290000","1,7243060000",,76.076242,76242,Seine-Maritime,28.0,Normandie,80.0,3.0,2.0,2,2.0,28,Normandie,76,1,12,Ernemont-la-Villette,207,4,211.0
202200037629,1.0,1,1,-1,-1.0,-1.0,-1.0, -1,-1.0,,A01,1,11,2022,10:05,1,76.0,76322,2,2,1.0,3.0,Avenue des Canadiens,"49,4092700000","1,0707600000",,76.076322,76322,Seine-Maritime,28.0,Normandie,50.0,7.0,2.0,2,1.0,28,Normandie,76,3,13,LeGrand-Quevilly,25975,225,26200.0
202200037629,1.0,1,4,1,9.0,1.0,-1.0, -1,-1.0,1955.0,B01,1,11,2022,10:05,1,76.0,76322,2,2,1.0,3.0,Avenue des Canadiens,"49,4092700000","1,0707600000",,76.076322,76322,Seine-Maritime,28.0,Normandie,50.0,7.0,2.0,2,1.0,28,Normandie,76,3,13,LeGrand-Quevilly,25975,225,26200.0
202200037864,1.0,1,1,1,0.0,1.0,-1.0, -1,-1.0,1958.0,A01,27,9,2022,17:50,1,76.0,76351,2,3,1.0,6.0,FELIX FAURE,"49,5000100000","0,1042900000",,76.076351,76351,Seine-Maritime,28.0,Normandie,50.0,4.0,2.0,2,1.0,28,Normandie,76,2,96,LeHavre,166058,1780,167838.0