Num_Acc,place,catu,grav,sexe,trajet,secu,locp,actp,etatp,an_nais,num_veh,jour,mois,an,hrmn,lum,dep,com,agg,int,atm,col,adr,lat,long,gps,com_insee_temp,com_insee,departmentName,regionCode,regionName,vma,catr,circ,nbv,surf,Code,Region,Departement,Arrondissement,Code_Canton,Nom_Commune,Population_municipaLe,Population_comptee_a_part,Population_Totale
202200040556,1.0,1,1,1,4.0,1.0,-1.0, -1,-1.0,1993.0,A01,24,2,2022,13:50,1,76.0,76540,2,1,2.0,6.0,Boulevard de l'Europe,"49,4278200000","1,0823500000",,76.076540,76540,Seine-Maritime,28.0,Normandie,50.0,4.0,2.0,5,2.0,28,Normandie,76,3,97,Rouen,114083,1556,115639.0
202200040632,1.0,1,3,1,0.0,8.0,-1.0, -1,-1.0,1989.0,A01,21,8,2022,10:00,1,76.0,76451,2,1,1.0,6.0,72 Avenue du Mont aux Malades,"49,4688530000","1,0667110000",,76.076451,76451,Seine-Maritime,28.0,Normandie,50.0,4.0,2.0,2,1.0,28,Normandie,76,3,22,Mont-Saint-Aignan,20066,415,20481.0
202200040761,1.0,1,1,1,5.0,1.0,-1.0, -1,-1.0,1956.0,A01,11,7,2022,11:05,1,76.0,76351,2,2,1.0,3.0,PIERRE GUILLAUME PETIT,"49,5184400000","0,0967500000",,76.076351,76351,Seine-Maritime,28.0,Normandie,30.0,4.0,2.0,1,1.0,28,Normandie,76,2,96,LeHavre,166058,1780,167838.0
202200040761,1.0,1,4,1,5.0,2.0,-1.0, -1,-1.0,1958.0,B01,11,7,2022,11:05,1,76.0,76351,2,2,1.0,3.0,PIERRE GUILLAUME PETIT,"49,5184400000","0,0967500000",,76.076351,76351,Seine-Maritime,28.0,Normandie,30.0,4.0,2.0,1,1.0,28,Normandie,76,2,96,LeHavre,166058,1780,167838.0
202200040769,1.0,1,1,1,4.0,1.0,-1.0, -1,-1.0,1989.0,A01,11,7,2022,16:37,1,76.0,76414,1,1,1.0,2.0,D1,"49,8962700000","1,1401500000",,76.076414,76414,Seine-Maritime,28.0,Normandie,80.0,3.0,2.0,2,1.0,28,Normandie,76,1,8,Martin-Église,1600,55,1655.0
202200040769,1.0,1,4,1,5.0,2.0,-1.0, -1,-1.0,1956.0,B01,11,7,2022,16:37,1,76.0,76414,1,1,1.0,2.0,D1,"49,8962700000","1,1401500000",,76.076414,76414,Seine-Maritime,28.0,Normandie,80.0,3.0,2.0,2,1.0,28,Normandie,76,1,8,Martin-Église,1600,55,1655.0
202200040798,2.0,2,3,2,5.0,1.0,0.0,0,-1.0,1969.0,B01,22,8,2022,16:15,1,76.0,76291,1,1,1.0,1.0,RD 104,"49,7158230000","0,3529570000",,76.076291,76291,Seine-Maritime,28.0,Normandie,80.0,3.0,2.0,2,1.0,28,Normandie,76,2,11,FrobervilLe1164,25,1189,
202200040798,1.0,1,3,1,5.0,1.0,0.0,0,-1.0,1970.0,B01,22,8,2022,16:15,1,76.0,76291,1,1,1.0,1.0,RD 104,"49,7158230000","0,3529570000",,76.076291,76291,Seine-Maritime,28.0,Normandie,80.0,3.0,2.0,2,1.0,28,Normandie,76,2,11,FrobervilLe1164,25,1189,
202200040798,1.0,1,2,2,1.0,1.0,0.0,0,-1.0,1987.0,A01,22,8,2022,16:15,1,76.0,76291,1,1,1.0,1.0,RD 104,"49,7158230000","0,3529570000",,76.076291,76291,Seine-Maritime,28.0,Normandie,80.0,3.0,2.0,2,1.0,28,Normandie,76,2,11,FrobervilLe1164,25,1189,
202200041016,1.0,1,4,1,0.0,1.0,-1.0, -1,-1.0,1964.0,B01,23,2,2022,19:15,5,76.0,76366,2,2,6.0,1.0,Route de Fresquiennes,"49,5097000000","1,0333600000",,76.076366,76366,Seine-Maritime,28.0,Normandie,50.0,7.0,2.0,2,1.0,28,Normandie,76,3,24,LeHoulme,4133,32,4165.0
202200041016,1.0,1,4,1,0.0,1.0,-1.0, -1,-1.0,1980.0,A01,23,2,2022,19:15,5,76.0,76366,2,2,6.0,1.0,Route de Fresquiennes,"49,5097000000","1,0333600000",,76.076366,76366,Seine-Maritime,28.0,Normandie,50.0,7.0,2.0,2,1.0,28,Normandie,76,3,24,LeHoulme,4133,32,4165.0
202200041018,10.0,3,4,2,2.0,0.0,1.0,3,1.0,2010.0,A01,23,2,2022,07:50,2,76.0,76681,2,2,1.0,6.0,Avenue du 14 Juillet,"49,4095000000","1,0835400000",,76.076681,76681,Seine-Maritime,28.0,Normandie,50.0,7.0,2.0,2,1.0,28,Normandie,76,3,99,Sotteville-lès-Rouen,28965,475,29440.0
202200041018,1.0,1,1,1,4.0,1.0,-1.0, -1,-1.0,1987.0,A01,23,2,2022,07:50,2,76.0,76681,2,2,1.0,6.0,Avenue du 14 Juillet,"49,4095000000","1,0835400000",,76.076681,76681,Seine-Maritime,28.0,Normandie,50.0,7.0,2.0,2,1.0,28,Normandie,76,3,99,Sotteville-lès-Rouen,28965,475,29440.0
202200041082,1.0,1,4,1,5.0,1.0,-1.0, -1,-1.0,2000.0,A01,20,8,2022,06:30,2,76.0,76486,1,1,1.0,6.0,D132,"49,3155000000","0,9861000000",,76.076486,76486,Seine-Maritime,28.0,Normandie,80.0,7.0,2.0,2,1.0,28,Normandie,76,3,9,Orival,860,5,865.0
202200041082,2.0,2,2,1,5.0,1.0,-1.0, -1,-1.0,2000.0,A01,20,8,2022,06:30,2,76.0,76486,1,1,1.0,6.0,D132,"49,3155000000","0,9861000000",,76.076486,76486,Seine-Maritime,28.0,Normandie,80.0,7.0,2.0,2,1.0,28,Normandie,76,3,9,Orival,860,5,865.0
202200041082,4.0,2,4,1,5.0,1.0,-1.0, -1,-1.0,2001.0,A01,20,8,2022,06:30,2,76.0,76486,1,1,1.0,6.0,D132,"49,3155000000","0,9861000000",,76.076486,76486,Seine-Maritime,28.0,Normandie,80.0,7.0,2.0,2,1.0,28,Normandie,76,3,9,Orival,860,5,865.0
202200041082,3.0,2,4,1,5.0,1.0,-1.0, -1,-1.0,2004.0,A01,20,8,2022,06:30,2,76.0,76486,1,1,1.0,6.0,D132,"49,3155000000","0,9861000000",,76.076486,76486,Seine-Maritime,28.0,Normandie,80.0,7.0,2.0,2,1.0,28,Normandie,76,3,9,Orival,860,5,865.0
202200041086,1.0,1,4,1,5.0,8.0,-1.0, -1,-1.0,2002.0,A01,20,8,2022,07:00,1,76.0,76157,2,1,1.0,6.0,Cote de Canteleu,"49,4417800000","1,0320300000",,76.076157,76157,Seine-Maritime,28.0,Normandie,50.0,7.0,2.0,2,1.0,28,Normandie,76,3,4,Canteleu,13966,360,14326.0
202200041086,2.0,2,3,1,5.0,8.0,-1.0, -1,-1.0,1994.0,A01,20,8,2022,07:00,1,76.0,76157,2,1,1.0,6.0,Cote de Canteleu,"49,4417800000","1,0320300000",,76.076157,76157,Seine-Maritime,28.0,Normandie,50.0,7.0,2.0,2,1.0,28,Normandie,76,3,4,Canteleu,13966,360,14326.0
202200041090,1.0,1,3,2,0.0,1.0,0.0,0,-1.0,1963.0,B01,14,6,2022,18:00,1,76.0,76159,1,1,1.0,1.0,Departementale 925,"49,7870070000","0,6473030000",,76.076159,76159,Seine-Maritime,28.0,Normandie,80.0,3.0,2.0,2,1.0,28,Normandie,76,1,33,Cany-BarvilLe2947,46,2993,
202200041090,1.0,1,3,1,1.0,1.0,0.0,0,-1.0,2003.0,A01,14,6,2022,18:00,1,76.0,76159,1,1,1.0,1.0,Departementale 925,"49,7870070000","0,6473030000",,76.076159,76159,Seine-Maritime,28.0,Normandie,80.0,3.0,2.0,2,1.0,28,Normandie,76,1,33,Cany-BarvilLe2947,46,2993,
202200041092,1.0,1,3,2,1.0,1.0,0.0,0,-1.0,2003.0,A01,13,6,2022,08:00,2,76.0,76072,1,1,1.0,1.0,Route du Val de Saane,"49,7049650000","0,9853680000",,76.076072,76072,Seine-Maritime,28.0,Normandie,80.0,3.0,2.0,2,1.0,28,Normandie,76,1,20,Belleville-en-Caux,755,11,766.0
202200041092,1.0,1,1,1,5.0,1.0,0.0,0,-1.0,1952.0,B01,13,6,2022,08:00,2,76.0,76072,1,1,1.0,1.0,Route du Val de Saane,"49,7049650000","0,9853680000",,76.076072,76072,Seine-Maritime,28.0,Normandie,80.0,3.0,2.0,2,1.0,28,Normandie,76,1,20,Belleville-en-Caux,755,11,766.0
202200041093,1.0,1,4,2,1.0,1.0,0.0,0,-1.0,1997.0,B01,14,6,2022,07:35,1,76.0,76675,1,2,1.0,2.0,D927,"49,5934800000","1,0495160000",,76.076675,76675,Seine-Maritime,28.0,Normandie,80.0,3.0,2.0,2,1.0,28,Normandie,76,3,2,SiervilLe1108,16,1124,
202200041093,1.0,1,1,1,1.0,1.0,0.0,0,-1.0,1972.0,A01,14,6,2022,07:35,1,76.0,76675,1,2,1.0,2.0,D927,"49,5934800000","1,0495160000",,76.076675,76675,Seine-Maritime,28.0,Normandie,80.0,3.0,2.0,2,1.0,28,Normandie,76,3,2,SiervilLe1108,16,1124,
202200041166,2.0,2,1,2,5.0,1.0,0.0,0,-1.0,1976.0,I01,31,10,2022,18:10,4,76.0,76457,1,1,3.0,5.0,A13,"49,3383220000","0,9778260000",,76.076457,76457,Seine-Maritime,28.0,Normandie,130.0,1.0,3.0,5,2.0,28,Normandie,76,3,9,Moulineaux,932,16,948.0
202200041166,1.0,1,1,1,5.0,1.0,0.0,0,-1.0,1978.0,I01,31,10,2022,18:10,4,76.0,76457,1,1,3.0,5.0,A13,"49,3383220000","0,9778260000",,76.076457,76457,Seine-Maritime,28.0,Normandie,130.0,1.0,3.0,5,2.0,28,Normandie,76,3,9,Moulineaux,932,16,948.0
202200041166,2.0,2,1,2,5.0,1.0,0.0,0,-1.0,2003.0,H01,31,10,2022,18:10,4,76.0,76457,1,1,3.0,5.0,A13,"49,3383220000","0,9778260000",,76.076457,76457,Seine-Maritime,28.0,Normandie,130.0,1.0,3.0,5,2.0,28,Normandie,76,3,9,Moulineaux,932,16,948.0
202200041166,1.0,1,1,2,5.0,1.0,0.0,0,-1.0,1976.0,H01,31,10,2022,18:10,4,76.0,76457,1,1,3.0,5.0,A13,"49,3383220000","0,9778260000",,76.076457,76457,Seine-Maritime,28.0,Normandie,130.0,1.0,3.0,5,2.0,28,Normandie,76,3,9,Moulineaux,932,16,948.0
202200041166,1.0,1,1,1,5.0,1.0,0.0,0,-1.0,1951.0,G01,31,10,2022,18:10,4,76.0,76457,1,1,3.0,5.0,A13,"49,3383220000","0,9778260000",,76.076457,76457,Seine-Maritime,28.0,Normandie,130.0,1.0,3.0,5,2.0,28,Normandie,76,3,9,Moulineaux,932,16,948.0
202200041166,2.0,2,1,2,5.0,1.0,0.0,0,-1.0,1971.0,F01,31,10,2022,18:10,4,76.0,76457,1,1,3.0,5.0,A13,"49,3383220000","0,9778260000",,76.076457,76457,Seine-Maritime,28.0,Normandie,130.0,1.0,3.0,5,2.0,28,Normandie,76,3,9,Moulineaux,932,16,948.0
202200041166,9.0,2,1,2,5.0,1.0,0.0,0,-1.0,2017.0,F01,31,10,2022,18:10,4,76.0,76457,1,1,3.0,5.0,A13,"49,3383220000","0,9778260000",,76.076457,76457,Seine-Maritime,28.0,Normandie,130.0,1.0,3.0,5,2.0,28,Normandie,76,3,9,Moulineaux,932,16,948.0
202200041166,1.0,1,1,2,5.0,1.0,0.0,0,-1.0,1976.0,F01,31,10,2022,18:10,4,76.0,76457,1,1,3.0,5.0,A13,"49,3383220000","0,9778260000",,76.076457,76457,Seine-Maritime,28.0,Normandie,130.0,1.0,3.0,5,2.0,28,Normandie,76,3,9,Moulineaux,932,16,948.0
202200041166,1.0,1,4,1,5.0,1.0,0.0,0,-1.0,1969.0,E01,31,10,2022,18:10,4,76.0,76457,1,1,3.0,5.0,A13,"49,3383220000","0,9778260000",,76.076457,76457,Seine-Maritime,28.0,Normandie,130.0,1.0,3.0,5,2.0,28,Normandie,76,3,9,Moulineaux,932,16,948.0
202200041166,1.0,1,1,1,0.0,1.0,0.0,0,-1.0,1985.0,D01,31,10,2022,18:10,4,76.0,76457,1,1,3.0,5.0,A13,"49,3383220000","0,9778260000",,76.076457,76457,Seine-Maritime,28.0,Normandie,130.0,1.0,3.0,5,2.0,28,Normandie,76,3,9,Moulineaux,932,16,948.0
202200041166,2.0,2,1,1,0.0,1.0,0.0,0,-1.0,1993.0,D01,31,10,2022,18:10,4,76.0,76457,1,1,3.0,5.0,A13,"49,3383220000","0,9778260000",,76.076457,76457,Seine-Maritime,28.0,Normandie,130.0,1.0,3.0,5,2.0,28,Normandie,76,3,9,Moulineaux,932,16,948.0
202200041166,9.0,2,1,2,0.0,1.0,0.0,0,-1.0,1998.0,D01,31,10,2022,18:10,4,76.0,76457,1,1,3.0,5.0,A13,"49,3383220000","0,9778260000",,76.076457,76457,Seine-Maritime,28.0,Normandie,130.0,1.0,3.0,5,2.0,28,Normandie,76,3,9,Moulineaux,932,16,948.0
202200041166,2.0,2,1,2,3.0,1.0,0.0,0,-1.0,1969.0,C01,31,10,2022,18:10,4,76.0,76457,1,1,3.0,5.0,A13,"49,3383220000","0,9778260000",,76.076457,76457,Seine-Maritime,28.0,Normandie,130.0,1.0,3.0,5,2.0,28,Normandie,76,3,9,Moulineaux,932,16,948.0
202200041166,1.0,1,1,1,3.0,1.0,0.0,0,-1.0,1963.0,C01,31,10,2022,18:10,4,76.0,76457,1,1,3.0,5.0,A13,"49,3383220000","0,9778260000",,76.076457,76457,Seine-Maritime,28.0,Normandie,130.0,1.0,3.0,5,2.0,28,Normandie,76,3,9,Moulineaux,932,16,948.0
202200041166,2.0,2,1,1,5.0,1.0,0.0,0,-1.0,2013.0,B01,31,10,2022,18:10,4,76.0,76457,1,1,3.0,5.0,A13,"49,3383220000","0,9778260000",,76.076457,76457,Seine-Maritime,28.0,Normandie,130.0,1.0,3.0,5,2.0,28,Normandie,76,3,9,Moulineaux,932,16,948.0
202200041166,2.0,2,1,1,5.0,1.0,0.0,0,-1.0,1977.0,B01,31,10,2022,18:10,4,76.0,76457,1,1,3.0,5.0,A13,"49,3383220000","0,9778260000",,76.076457,76457,Seine-Maritime,28.0,Normandie,130.0,1.0,3.0,5,2.0,28,Normandie,76,3,9,Moulineaux,932,16,948.0
202200041166,9.0,2,1,1,5.0,1.0,0.0,0,-1.0,2013.0,B01,31,10,2022,18:10,4,76.0,76457,1,1,3.0,5.0,A13,"49,3383220000","0,9778260000",,76.076457,76457,Seine-Maritime,28.0,Normandie,130.0,1.0,3.0,5,2.0,28,Normandie,76,3,9,Moulineaux,932,16,948.0
202200041166,2.0,2,1,2,5.0,1.0,0.0,0,-1.0,2008.0,B01,31,10,2022,18:10,4,76.0,76457,1,1,3.0,5.0,A13,"49,3383220000","0,9778260000",,76.076457,76457,Seine-Maritime,28.0,Normandie,130.0,1.0,3.0,5,2.0,28,Normandie,76,3,9,Moulineaux,932,16,948.0
202200041166,1.0,1,1,2,5.0,1.0,0.0,0,-1.0,1979.0,B01,31,10,2022,18:10,4,76.0,76457,1,1,3.0,5.0,A13,"49,3383220000","0,9778260000",,76.076457,76457,Seine-Maritime,28.0,Normandie,130.0,1.0,3.0,5,2.0,28,Normandie,76,3,9,Moulineaux,932,16,948.0
202200041166,1.0,1,2,1,1.0,2.0,0.0,0,-1.0,1975.0,A01,31,10,2022,18:10,4,76.0,76457,1,1,3.0,5.0,A13,"49,3383220000","0,9778260000",,76.076457,76457,Seine-Maritime,28.0,Normandie,130.0,1.0,3.0,5,2.0,28,Normandie,76,3,9,Moulineaux,932,16,948.0
202200041274,1.0,1,1,1,0.0,1.0,-1.0, -1,-1.0,1987.0,B01,2,4,2022,13:40,1,76.0,76270,1,1,2.0,3.0,rue louis lumiere,"49,5289800000","0,1341900000",,76.076270,76270,Seine-Maritime,28.0,Normandie,70.0,3.0,2.0,4,2.0,28,Normandie,76,2,26,Fontaine-la-Mallet,2635,54,2689.0
202200041274,1.0,1,4,1,5.0,8.0,-1.0, -1,-1.0,1961.0,A01,2,4,2022,13:40,1,76.0,76270,1,1,2.0,3.0,rue louis lumiere,"49,5289800000","0,1341900000",,76.076270,76270,Seine-Maritime,28.0,Normandie,70.0,3.0,2.0,4,2.0,28,Normandie,76,2,26,Fontaine-la-Mallet,2635,54,2689.0
202200041275,1.0,1,4,1,0.0,2.0,-1.0, -1,-1.0,1994.0,A01,3,4,2022,13:20,1,76.0,76351,2,1,1.0,6.0,JEAN JAURES (AVENUE),"49,5001000000","0,1598200000",,76.076351,76351,Seine-Maritime,28.0,Normandie,50.0,4.0,2.0,2,1.0,28,Normandie,76,2,96,LeHavre,166058,1780,167838.0
202200041471,10.0,3,4,1,5.0,0.0,4.0,3,2.0,2009.0,A01,29,10,2022,19:10,5,76.0,76540,2,1,1.0,6.0,CORNEILLE. PONT PIERRE,"49,4417816672","1,1161697070",,76.076540,76540,Seine-Maritime,28.0,Normandie,50.0,4.0,3.0,5,1.0,28,Normandie,76,3,97,Rouen,114083,1556,115639.0
202200041471,10.0,3,4,1,5.0,0.0,4.0,3,2.0,2010.0,A01,29,10,2022,19:10,5,76.0,76540,2,1,1.0,6.0,CORNEILLE. PONT PIERRE,"49,4417816672","1,1161697070",,76.076540,76540,Seine-Maritime,28.0,Normandie,50.0,4.0,3.0,5,1.0,28,Normandie,76,3,97,Rouen,114083,1556,115639.0
202200041471,1.0,1,1,-1,-1.0,-1.0,-1.0, -1,-1.0,,A01,29,10,2022,19:10,5,76.0,76540,2,1,1.0,6.0,CORNEILLE. PONT PIERRE,"49,4417816672","1,1161697070",,76.076540,76540,Seine-Maritime,28.0,Normandie,50.0,4.0,3.0,5,1.0,28,Normandie,76,3,97,Rouen,114083,1556,115639.0
202200041585,1.0,1,1,2,0.0,1.0,-1.0, -1,-1.0,1949.0,A01,13,5,2022,19:50,1,76.0,76231,2,1,1.0,6.0,Place du Champ de Foire,"49,2902400000","1,0128400000",,76.076231,76231,Seine-Maritime,28.0,Normandie,30.0,4.0,2.0,2,1.0,28,Normandie,76,3,9,Elbeuf,15951,138,16089.0
202200041585,10.0,3,4,1,0.0,0.0,2.0,3,2.0,2013.0,A01,13,5,2022,19:50,1,76.0,76231,2,1,1.0,6.0,Place du Champ de Foire,"49,2902400000","1,0128400000",,76.076231,76231,Seine-Maritime,28.0,Normandie,30.0,4.0,2.0,2,1.0,28,Normandie,76,3,9,Elbeuf,15951,138,16089.0
202200041585,10.0,3,4,2,0.0,0.0,2.0,3,2.0,1986.0,A01,13,5,2022,19:50,1,76.0,76231,2,1,1.0,6.0,Place du Champ de Foire,"49,2902400000","1,0128400000",,76.076231,76231,Seine-Maritime,28.0,Normandie,30.0,4.0,2.0,2,1.0,28,Normandie,76,3,9,Elbeuf,15951,138,16089.0
202200041586,1.0,1,1,1,5.0,1.0,-1.0, -1,-1.0,2003.0,A01,13,5,2022,14:25,1,76.0,76216,2,2,1.0,3.0,Rue Jules Ferry,"49,4690100000","1,0442100000",,76.076216,76216,Seine-Maritime,28.0,Normandie,50.0,7.0,2.0,2,1.0,28,Normandie,76,3,22,Déville-lès-Rouen,10745,62,10807.0
202200041586,1.0,1,3,1,4.0,1.0,-1.0, -1,-1.0,1974.0,B01,13,5,2022,14:25,1,76.0,76216,2,2,1.0,3.0,Rue Jules Ferry,"49,4690100000","1,0442100000",,76.076216,76216,Seine-Maritime,28.0,Normandie,50.0,7.0,2.0,2,1.0,28,Normandie,76,3,22,Déville-lès-Rouen,10745,62,10807.0
202200041587,1.0,1,1,2,3.0,1.0,-1.0, -1,-1.0,1964.0,A01,13,5,2022,16:00,1,76.0,76165,2,1,1.0,6.0,Rue de la République,"49,2808850271","1,0262399912",,76.076165,76165,Seine-Maritime,28.0,Normandie,50.0,6.0,-1.0, -1,1.0,28,Normandie,76,3,5,Caudebec-lès-Elbeuf,10135,69,10204.0
202200041587,10.0,3,4,1,0.0,0.0,9.0,9,1.0,1979.0,A01,13,5,2022,16:00,1,76.0,76165,2,1,1.0,6.0,Rue de la République,"49,2808850271","1,0262399912",,76.076165,76165,Seine-Maritime,28.0,Normandie,50.0,6.0,-1.0, -1,1.0,28,Normandie,76,3,5,Caudebec-lès-Elbeuf,10135,69,10204.0
202200041588,1.0,1,4,1,0.0,1.0,-1.0, -1,-1.0,1986.0,B01,13,5,2022,14:00,1,76.0,76322,1,1,1.0,2.0,N338 - Sud 3,"49,4189200000","1,0491600000",,76.076322,76322,Seine-Maritime,28.0,Normandie,90.0,2.0,3.0,5,1.0,28,Normandie,76,3,13,LeGrand-Quevilly,25975,225,26200.0
202200041588,1.0,1,4,2,0.0,1.0,-1.0, -1,-1.0,1967.0,A01,13,5,2022,14:00,1,76.0,76322,1,1,1.0,2.0,N338 - Sud 3,"49,4189200000","1,0491600000",,76.076322,76322,Seine-Maritime,28.0,Normandie,90.0,2.0,3.0,5,1.0,28,Normandie,76,3,13,LeGrand-Quevilly,25975,225,26200.0
202200041589,10.0,3,4,1,0.0,0.0,9.0,9,1.0,1953.0,A01,13,5,2022,13:00,1,76.0,76681,2,3,1.0,6.0,Rue Gaston Contremoulins,"49,4206513924","1,0966844559",,76.076681,76681,Seine-Maritime,28.0,Normandie,50.0,4.0,2.0,2,1.0,28,Normandie,76,3,99,Sotteville-lès-Rouen,28965,475,29440.0
202200041589,1.0,1,1,1,0.0,1.0,-1.0, -1,-1.0,1997.0,A01,13,5,2022,13:00,1,76.0,76681,2,3,1.0,6.0,Rue Gaston Contremoulins,"49,4206513924","1,0966844559",,76.076681,76681,Seine-Maritime,28.0,Normandie,50.0,4.0,2.0,2,1.0,28,Normandie,76,3,99,Sotteville-lès-Rouen,28965,475,29440.0
202200041590,1.0,1,2,1,5.0,8.0,-1.0, -1,-1.0,2001.0,A01,7,5,2022,04:05,5,76.0,76575,2,1,1.0,6.0,Avenue des Canadiens,"49,4069700000","1,0692400000",,76.076575,76575,Seine-Maritime,28.0,Normandie,50.0,7.0,2.0,2,1.0,28,Normandie,76,3,98,Saint-Étienne-du-Rouvray,28508,225,28733.0
202200041590,4.0,2,4,2,5.0,8.0,-1.0, -1,-1.0,2000.0,A01,7,5,2022,04:05,5,76.0,76575,2,1,1.0,6.0,Avenue des Canadiens,"49,4069700000","1,0692400000",,76.076575,76575,Seine-Maritime,28.0,Normandie,50.0,7.0,2.0,2,1.0,28,Normandie,76,3,98,Saint-Étienne-du-Rouvray,28508,225,28733.0
202200041590,2.0,2,3,1,5.0,8.0,-1.0, -1,-1.0,2003.0,A01,7,5,2022,04:05,5,76.0,76575,2,1,1.0,6.0,Avenue des Canadiens,"49,4069700000","1,0692400000",,76.076575,76575,Seine-Maritime,28.0,Normandie,50.0,7.0,2.0,2,1.0,28,Normandie,76,3,98,Saint-Étienne-du-Rouvray,28508,225,28733.0
202200041591,1.0,1,4,1,0.0,2.0,-1.0, -1,-1.0,1982.0,A01,13,5,2022,00:00,5,76.0,76351,2,1,1.0,7.0,PASTEUR,"49,5031800000","0,1276500000",,76.076351,76351,Seine-Maritime,28.0,Normandie,50.0,4.0,2.0,2,1.0,28,Normandie,76,2,96,LeHavre,166058,1780,167838.0
202200041735,10.0,3,3,2,5.0,0.0,3.0,3,1.0,1952.0,A01,12,1,2022,07:25,5,76.0,76351,2,3,1.0,6.0,Rue Jules Verne,"49,5084400000","0,1278400000",,76.076351,76351,Seine-Maritime,28.0,Normandie,50.0,4.0,2.0,2,2.0,28,Normandie,76,2,96,LeHavre,166058,1780,167838.0
202200041735,1.0,1,1,2,1.0,1.0,-1.0, -1,-1.0,1963.0,A01,12,1,2022,07:25,5,76.0,76351,2,3,1.0,6.0,Rue Jules Verne,"49,5084400000","0,1278400000",,76.076351,76351,Seine-Maritime,28.0,Normandie,50.0,4.0,2.0,2,2.0,28,Normandie,76,2,96,LeHavre,166058,1780,167838.0
202200041759,1.0,1,1,1,4.0,1.0,-1.0, -1,-1.0,1973.0,B01,13,1,2022,14:40,1,76.0,76216,2,3,6.0,3.0,Route de Dieppe,"49,4754902548","1,0483324885",,76.076216,76216,Seine-Maritime,28.0,Normandie,50.0,7.0,2.0,2,1.0,28,Normandie,76,3,22,Déville-lès-Rouen,10745,62,10807.0
202200041759,7.0,2,4,2,0.0,8.0,-1.0, -1,-1.0,2004.0,B01,13,1,2022,14:40,1,76.0,76216,2,3,6.0,3.0,Route de Dieppe,"49,4754902548","1,0483324885",,76.076216,76216,Seine-Maritime,28.0,Normandie,50.0,7.0,2.0,2,1.0,28,Normandie,76,3,22,Déville-lès-Rouen,10745,62,10807.0
202200041759,9.0,2,4,2,0.0,8.0,-1.0, -1,-1.0,2004.0,B01,13,1,2022,14:40,1,76.0,76216,2,3,6.0,3.0,Route de Dieppe,"49,4754902548","1,0483324885",,76.076216,76216,Seine-Maritime,28.0,Normandie,50.0,7.0,2.0,2,1.0,28,Normandie,76,3,22,Déville-lès-Rouen,10745,62,10807.0
202200041759,4.0,2,4,2,0.0,8.0,-1.0, -1,-1.0,2004.0,B01,13,1,2022,14:40,1,76.0,76216,2,3,6.0,3.0,Route de Dieppe,"49,4754902548","1,0483324885",,76.076216,76216,Seine-Maritime,28.0,Normandie,50.0,7.0,2.0,2,1.0,28,Normandie,76,3,22,Déville-lès-Rouen,10745,62,10807.0
202200041759,7.0,2,4,2,0.0,8.0,-1.0, -1,-1.0,2005.0,B01,13,1,2022,14:40,1,76.0,76216,2,3,6.0,3.0,Route de Dieppe,"49,4754902548","1,0483324885",,76.076216,76216,Seine-Maritime,28.0,Normandie,50.0,7.0,2.0,2,1.0,28,Normandie,76,3,22,Déville-lès-Rouen,10745,62,10807.0
202200041759,8.0,2,1,2,0.0,8.0,-1.0, -1,-1.0,2005.0,B01,13,1,2022,14:40,1,76.0,76216,2,3,6.0,3.0,Route de Dieppe,"49,4754902548","1,0483324885",,76.076216,76216,Seine-Maritime,28.0,Normandie,50.0,7.0,2.0,2,1.0,28,Normandie,76,3,22,Déville-lès-Rouen,10745,62,10807.0
202200041759,8.0,2,1,2,0.0,8.0,-1.0, -1,-1.0,2004.0,B01,13,1,2022,14:40,1,76.0,76216,2,3,6.0,3.0,Route de Dieppe,"49,4754902548","1,0483324885",,76.076216,76216,Seine-Maritime,28.0,Normandie,50.0,7.0,2.0,2,1.0,28,Normandie,76,3,22,Déville-lès-Rouen,10745,62,10807.0
202200041759,1.0,1,4,2,0.0,1.0,-1.0, -1,-1.0,1974.0,A01,13,1,2022,14:40,1,76.0,76216,2,3,6.0,3.0,Route de Dieppe,"49,4754902548","1,0483324885",,76.076216,76216,Seine-Maritime,28.0,Normandie,50.0,7.0,2.0,2,1.0,28,Normandie,76,3,22,Déville-lès-Rouen,10745,62,10807.0
202200041830,1.0,1,1,1,4.0,1.0,0.0,0,-1.0,1957.0,B01,11,1,2022,10:00,1,76.0,76244,1,1,1.0,2.0,A28,"49,6967000000","1,3591500000",,76.076244,76244,Seine-Maritime,28.0,Normandie,130.0,1.0,3.0,4,2.0,28,Normandie,76,1,23,EsclavelLes386,6,392,