Num_Acc,place,catu,grav,sexe,trajet,secu,locp,actp,etatp,an_nais,num_veh,jour,mois,an,hrmn,lum,dep,com,agg,int,atm,col,adr,lat,long,gps,com_insee_temp,com_insee,departmentName,regionCode,regionName,vma,catr,circ,nbv,surf,Code,Region,Departement,Arrondissement,Code_Canton,Nom_Commune,Population_municipaLe,Population_comptee_a_part,Population_Totale
202200044373,1.0,1,4,1,0.0,2.0,-1.0, -1,-1.0,1974.0,A01,17,8,2022,02:25,5,76.0,76447,2,4,1.0,6.0,FAUBOURG ASSIQUET,"49,5469700000","0,1957500000",,76.076447,76447,Seine-Maritime,28.0,Normandie,50.0,3.0,2.0,2,1.0,28,Normandie,76,2,15,Montivilliers,15457,203,15660.0
202200044380,1.0,1,1,2,1.0,1.0,-1.0, -1,-1.0,1971.0,B01,18,8,2022,10:30,1,76.0,76217,2,4,1.0,3.0,Avenue Leon Gambetta,"49,9177000000","1,0742800000",,76.076217,76217,Seine-Maritime,28.0,Normandie,50.0,3.0,2.0,3,1.0,28,Normandie,76,1,95,Dieppe,28358,455,28813.0
202200044380,1.0,1,3,1,5.0,2.0,-1.0, -1,-1.0,1969.0,A01,18,8,2022,10:30,1,76.0,76217,2,4,1.0,3.0,Avenue Leon Gambetta,"49,9177000000","1,0742800000",,76.076217,76217,Seine-Maritime,28.0,Normandie,50.0,3.0,2.0,3,1.0,28,Normandie,76,1,95,Dieppe,28358,455,28813.0
202200044405,1.0,1,4,2,4.0,1.0,-1.0, -1,-1.0,1976.0,B01,18,2,2022,07:25,2,76.0,76351,2,2,1.0,3.0,PONTS (DES),"49,5209483681","0,1245074719",,76.076351,76351,Seine-Maritime,28.0,Normandie,50.0,4.0,2.0,2,1.0,28,Normandie,76,2,96,LeHavre,166058,1780,167838.0
202200044405,1.0,1,1,-1,-1.0,-1.0,-1.0, -1,-1.0,,A01,18,2,2022,07:25,2,76.0,76351,2,2,1.0,3.0,PONTS (DES),"49,5209483681","0,1245074719",,76.076351,76351,Seine-Maritime,28.0,Normandie,50.0,4.0,2.0,2,1.0,28,Normandie,76,2,96,LeHavre,166058,1780,167838.0
202200044553,1.0,1,4,2,0.0,2.0,0.0,0,-1.0,2001.0,B01,12,7,2022,08:50,1,76.0,76558,2,1,1.0,1.0,17 Rue de l'Eglise,"49,3664540000","1,1583710000",,76.076558,76558,Seine-Maritime,28.0,Normandie,30.0,7.0,2.0,2,1.0,28,Normandie,76,3,6,Saint-Aubin-CellovilLe1181,8,1189,
202200044553,1.0,1,1,2,2.0,8.0,0.0,0,-1.0,2000.0,A01,12,7,2022,08:50,1,76.0,76558,2,1,1.0,1.0,17 Rue de l'Eglise,"49,3664540000","1,1583710000",,76.076558,76558,Seine-Maritime,28.0,Normandie,30.0,7.0,2.0,2,1.0,28,Normandie,76,3,6,Saint-Aubin-CellovilLe1181,8,1189,
202200044654,1.0,1,2,1,1.0,2.0,-1.0, -1,-1.0,2001.0,A01,1,4,2022,14:50,1,76.0,76351,2,1,9.0,6.0,JULES DURAND (BD),"49,4899000000","0,1567700000",,76.076351,76351,Seine-Maritime,28.0,Normandie,50.0,3.0,2.0,2,2.0,28,Normandie,76,2,96,LeHavre,166058,1780,167838.0
202200044654,1.0,1,1,-1,0.0,-1.0,-1.0, -1,-1.0,,B01,1,4,2022,14:50,1,76.0,76351,2,1,9.0,6.0,JULES DURAND (BD),"49,4899000000","0,1567700000",,76.076351,76351,Seine-Maritime,28.0,Normandie,50.0,3.0,2.0,2,2.0,28,Normandie,76,2,96,LeHavre,166058,1780,167838.0
202200044658,1.0,1,1,1,2.0,1.0,-1.0, -1,-1.0,2000.0,B01,1,4,2022,10:00,1,76.0,76351,2,9,2.0,3.0,ROBERT SCHUMAN (PLACE),"49,5139300000","0,1619800000",,76.076351,76351,Seine-Maritime,28.0,Normandie,50.0,6.0,-1.0, -1,2.0,28,Normandie,76,2,96,LeHavre,166058,1780,167838.0
202200044658,1.0,1,4,1,2.0,2.0,-1.0, -1,-1.0,2005.0,A01,1,4,2022,10:00,1,76.0,76351,2,9,2.0,3.0,ROBERT SCHUMAN (PLACE),"49,5139300000","0,1619800000",,76.076351,76351,Seine-Maritime,28.0,Normandie,50.0,6.0,-1.0, -1,2.0,28,Normandie,76,2,96,LeHavre,166058,1780,167838.0
202200044806,1.0,1,3,1,5.0,2.0,0.0,0,-1.0,2006.0,B01,12,6,2022,18:45,1,76.0,76146,2,3,1.0,3.0,Grande Rue,"49,5844420000","1,3570420000",,76.076146,76146,Seine-Maritime,28.0,Normandie,50.0,3.0,2.0,2,1.0,28,Normandie,76,3,21,Buchy,2805,108,2913.0
202200044806,1.0,1,1,2,5.0,1.0,0.0,0,-1.0,1948.0,A01,12,6,2022,18:45,1,76.0,76146,2,3,1.0,3.0,Grande Rue,"49,5844420000","1,3570420000",,76.076146,76146,Seine-Maritime,28.0,Normandie,50.0,3.0,2.0,2,1.0,28,Normandie,76,3,21,Buchy,2805,108,2913.0
202200044810,2.0,2,4,2,5.0,1.0,0.0,0,-1.0,1968.0,A01,11,6,2022,15:00,1,76.0,76100,2,1,1.0,7.0,D7,"49,5024700000","1,2974610000",,76.076100,76100,Seine-Maritime,28.0,Normandie,50.0,3.0,2.0,2,1.0,28,Normandie,76,3,21,Blainville-Crevon,1227,19,1246.0
202200044810,1.0,1,3,1,5.0,1.0,0.0,0,-1.0,1964.0,A01,11,6,2022,15:00,1,76.0,76100,2,1,1.0,7.0,D7,"49,5024700000","1,2974610000",,76.076100,76100,Seine-Maritime,28.0,Normandie,50.0,3.0,2.0,2,1.0,28,Normandie,76,3,21,Blainville-Crevon,1227,19,1246.0
202200045040,1.0,1,3,1,0.0,2.0,-1.0, -1,-1.0,2004.0,A01,14,8,2022,06:35,1,76.0,76351,2,4,1.0,7.0,INGOUVILLE (RUE),"49,4986900000","0,1070900000",,76.076351,76351,Seine-Maritime,28.0,Normandie,50.0,4.0,2.0,2,1.0,28,Normandie,76,2,96,LeHavre,166058,1780,167838.0
202200045044,1.0,1,1,2,5.0,2.0,-1.0, -1,-1.0,2007.0,B01,17,8,2022,19:09,1,76.0,76114,2,9,1.0,3.0,MICHEL LOUISE (RUE),"49,5683164873","0,4854100943",,76.076114,76114,Seine-Maritime,28.0,Normandie,50.0,4.0,1.0,2,1.0,28,Normandie,76,2,3,Bolbec,11635,147,11782.0
202200045044,2.0,2,4,2,0.0,2.0,-1.0, -1,-1.0,2007.0,B01,17,8,2022,19:09,1,76.0,76114,2,9,1.0,3.0,MICHEL LOUISE (RUE),"49,5683164873","0,4854100943",,76.076114,76114,Seine-Maritime,28.0,Normandie,50.0,4.0,1.0,2,1.0,28,Normandie,76,2,3,Bolbec,11635,147,11782.0
202200045044,1.0,1,1,1,0.0,1.0,-1.0, -1,-1.0,1997.0,A01,17,8,2022,19:09,1,76.0,76114,2,9,1.0,3.0,MICHEL LOUISE (RUE),"49,5683164873","0,4854100943",,76.076114,76114,Seine-Maritime,28.0,Normandie,50.0,4.0,1.0,2,1.0,28,Normandie,76,2,3,Bolbec,11635,147,11782.0
202200045137,1.0,1,4,1,0.0,2.0,-1.0, -1,-1.0,1960.0,A01,26,10,2022,18:25,1,76.0,76351,2,1,1.0,6.0,VERDUN (RUE DE),"49,5023600000","0,1866800000",,76.076351,76351,Seine-Maritime,28.0,Normandie,50.0,3.0,-1.0,3,1.0,28,Normandie,76,2,96,LeHavre,166058,1780,167838.0
202200045141,1.0,1,3,1,0.0,2.0,0.0,0,-1.0,1996.0,B01,27,10,2022,18:15,1,76.0,76217,2,1,1.0,3.0,GAMBETTA (AVENUE),"49,9217300000","1,0732400000",,76.076217,76217,Seine-Maritime,28.0,Normandie,30.0,3.0,3.0,3,1.0,28,Normandie,76,1,95,Dieppe,28358,455,28813.0
202200045141,1.0,1,1,1,0.0,1.0,0.0,0,-1.0,1985.0,A01,27,10,2022,18:15,1,76.0,76217,2,1,1.0,3.0,GAMBETTA (AVENUE),"49,9217300000","1,0732400000",,76.076217,76217,Seine-Maritime,28.0,Normandie,30.0,3.0,3.0,3,1.0,28,Normandie,76,1,95,Dieppe,28358,455,28813.0
202200045147,1.0,1,1,1,4.0,1.0,0.0,0,-1.0,1989.0,A01,27,10,2022,15:45,1,76.0,76217,2,2,1.0,3.0,Normandie Sussex (Avenue),"49,9181800000","1,0872000000",,76.076217,76217,Seine-Maritime,28.0,Normandie,50.0,4.0,3.0,4,1.0,28,Normandie,76,1,95,Dieppe,28358,455,28813.0
202200045147,2.0,2,1,1,4.0,1.0,-1.0, -1,-1.0,1973.0,A01,27,10,2022,15:45,1,76.0,76217,2,2,1.0,3.0,Normandie Sussex (Avenue),"49,9181800000","1,0872000000",,76.076217,76217,Seine-Maritime,28.0,Normandie,50.0,4.0,3.0,4,1.0,28,Normandie,76,1,95,Dieppe,28358,455,28813.0
202200045147,1.0,1,4,2,2.0,1.0,0.0,0,-1.0,2004.0,B01,27,10,2022,15:45,1,76.0,76217,2,2,1.0,3.0,Normandie Sussex (Avenue),"49,9181800000","1,0872000000",,76.076217,76217,Seine-Maritime,28.0,Normandie,50.0,4.0,3.0,4,1.0,28,Normandie,76,1,95,Dieppe,28358,455,28813.0
202200045151,1.0,1,1,1,5.0,1.0,-1.0, -1,-1.0,1943.0,A01,27,10,2022,08:00,2,76.0,76217,2,6,2.0,3.0,POISSONNERIE (ARCADES DE LA ),"49,9264200000","1,0800500000",,76.076217,76217,Seine-Maritime,28.0,Normandie,30.0,3.0,1.0,2,2.0,28,Normandie,76,1,95,Dieppe,28358,455,28813.0
202200045151,1.0,1,3,2,1.0,2.0,-1.0, -1,-1.0,1967.0,B01,27,10,2022,08:00,2,76.0,76217,2,6,2.0,3.0,POISSONNERIE (ARCADES DE LA ),"49,9264200000","1,0800500000",,76.076217,76217,Seine-Maritime,28.0,Normandie,30.0,3.0,1.0,2,2.0,28,Normandie,76,1,95,Dieppe,28358,455,28813.0
202200045283,1.0,1,1,1,4.0,8.0,-1.0, -1,-1.0,1981.0,A01,31,3,2022,17:05,1,76.0,76540,2,2,2.0,6.0,Avenue du Mont Riboudet,"49,4464130000","1,0707940000",,76.076540,76540,Seine-Maritime,28.0,Normandie,50.0,7.0,1.0,3,2.0,28,Normandie,76,3,97,Rouen,114083,1556,115639.0
202200045283,10.0,3,4,2,0.0,0.0,9.0,B,1.0,1992.0,A01,31,3,2022,17:05,1,76.0,76540,2,2,2.0,6.0,Avenue du Mont Riboudet,"49,4464130000","1,0707940000",,76.076540,76540,Seine-Maritime,28.0,Normandie,50.0,7.0,1.0,3,2.0,28,Normandie,76,3,97,Rouen,114083,1556,115639.0
202200045459,1.0,1,2,1,5.0,8.0,-1.0, -1,-1.0,1992.0,A01,8,5,2022,04:00,5,76.0,76165,2,1,1.0,6.0,Rue de la Porte Verte,"49,2849700000","1,0276900000",,76.076165,76165,Seine-Maritime,28.0,Normandie,50.0,4.0,2.0,2,1.0,28,Normandie,76,3,5,Caudebec-lès-Elbeuf,10135,69,10204.0
202200045460,1.0,1,1,1,0.0,1.0,-1.0, -1,-1.0,1995.0,A01,10,5,2022,17:40,1,76.0,76351,2,4,1.0,4.0,BERNARD LACHEVRE,"49,5196400000","0,1106300000",,76.076351,76351,Seine-Maritime,28.0,Normandie,50.0,4.0,2.0,2,1.0,28,Normandie,76,2,96,LeHavre,166058,1780,167838.0
202200045460,1.0,1,4,1,0.0,1.0,-1.0, -1,-1.0,2002.0,B01,10,5,2022,17:40,1,76.0,76351,2,4,1.0,4.0,BERNARD LACHEVRE,"49,5196400000","0,1106300000",,76.076351,76351,Seine-Maritime,28.0,Normandie,50.0,4.0,2.0,2,1.0,28,Normandie,76,2,96,LeHavre,166058,1780,167838.0
202200045460,1.0,1,4,2,5.0,1.0,-1.0, -1,-1.0,1994.0,C01,10,5,2022,17:40,1,76.0,76351,2,4,1.0,4.0,BERNARD LACHEVRE,"49,5196400000","0,1106300000",,76.076351,76351,Seine-Maritime,28.0,Normandie,50.0,4.0,2.0,2,1.0,28,Normandie,76,2,96,LeHavre,166058,1780,167838.0
202200045592,1.0,1,3,2,4.0,1.0,0.0,0,-1.0,1997.0,A01,12,1,2022,19:55,3,76.0,76618,1,1,5.0,6.0,43 rue des champs,"49,9350430000","1,2779440000",,76.076618,76618,Seine-Maritime,28.0,Normandie,80.0,3.0,-1.0,2,6.0,28,Normandie,76,1,8,Petit-Caux,9625,210,9835.0
202200045652,1.0,1,1,1,0.0,1.0,-1.0, -1,-1.0,2005.0,A01,10,1,2022,21:10,3,76.0,76540,2,1,1.0,6.0,Boulevard Gambetta,"49,4372917489","1,1035922170",,76.076540,76540,Seine-Maritime,28.0,Normandie,30.0,4.0,2.0,2,1.0,28,Normandie,76,3,97,Rouen,114083,1556,115639.0
202200045652,10.0,3,4,1,5.0,0.0,3.0,3,1.0,1946.0,A01,10,1,2022,21:10,3,76.0,76540,2,1,1.0,6.0,Boulevard Gambetta,"49,4372917489","1,1035922170",,76.076540,76540,Seine-Maritime,28.0,Normandie,30.0,4.0,2.0,2,1.0,28,Normandie,76,3,97,Rouen,114083,1556,115639.0
202200045653,1.0,1,4,1,1.0,1.0,-1.0, -1,-1.0,1971.0,B01,9,1,2022,04:30,3,76.0,76447,1,1,1.0,1.0,RAOUL DUFY,"49,5635430046","0,1596826315",,76.076447,76447,Seine-Maritime,28.0,Normandie,70.0,3.0,2.0,2,2.0,28,Normandie,76,2,15,Montivilliers,15457,203,15660.0
202200045653,1.0,1,1,1,5.0,1.0,-1.0, -1,-1.0,1989.0,A01,9,1,2022,04:30,3,76.0,76447,1,1,1.0,1.0,RAOUL DUFY,"49,5635430046","0,1596826315",,76.076447,76447,Seine-Maritime,28.0,Normandie,70.0,3.0,2.0,2,2.0,28,Normandie,76,2,15,Montivilliers,15457,203,15660.0
202200045810,1.0,1,1,1,4.0,8.0,0.0,0,-1.0,1972.0,A01,23,9,2022,10:45,1,76.0,76686,1,2,1.0,3.0,Intersection D10 / rue des pivoines,"49,7534690000","0,5389680000",,76.076686,76686,Seine-Maritime,28.0,Normandie,80.0,3.0,2.0,1,1.0,28,Normandie,76,2,11,Theuville-aux-Maillots,530,8,538.0
202200045810,1.0,1,3,1,3.0,1.0,0.0,0,-1.0,1949.0,B01,23,9,2022,10:45,1,76.0,76686,1,2,1.0,3.0,Intersection D10 / rue des pivoines,"49,7534690000","0,5389680000",,76.076686,76686,Seine-Maritime,28.0,Normandie,80.0,3.0,2.0,1,1.0,28,Normandie,76,2,11,Theuville-aux-Maillots,530,8,538.0
202200045878,7.0,2,3,1,5.0,3.0,0.0,0,-1.0,2018.0,A01,23,9,2022,22:50,3,76.0,76164,1,1,2.0,6.0,D490,"49,5328820000","0,7547090000",,76.076164,76164,Seine-Maritime,28.0,Normandie,80.0,3.0,2.0,2,2.0,28,Normandie,76,3,25,Rives-en-Seine,4078,66,4144.0
202200045878,1.0,1,3,1,5.0,8.0,0.0,0,-1.0,1989.0,A01,23,9,2022,22:50,3,76.0,76164,1,1,2.0,6.0,D490,"49,5328820000","0,7547090000",,76.076164,76164,Seine-Maritime,28.0,Normandie,80.0,3.0,2.0,2,2.0,28,Normandie,76,3,25,Rives-en-Seine,4078,66,4144.0
202200045981,1.0,1,3,1,0.0,1.0,-1.0, -1,-1.0,2003.0,B01,22,9,2022,21:15,5,76.0,76178,2,6,1.0,1.0,Rue de la Résistance,"49,3200600000","1,0444600000",,76.076178,76178,Seine-Maritime,28.0,Normandie,30.0,7.0,1.0,1,1.0,28,Normandie,76,3,5,Cléon,4907,30,4937.0
202200045981,1.0,1,1,-1,-1.0,-1.0,-1.0, -1,-1.0,,A01,22,9,2022,21:15,5,76.0,76178,2,6,1.0,1.0,Rue de la Résistance,"49,3200600000","1,0444600000",,76.076178,76178,Seine-Maritime,28.0,Normandie,30.0,7.0,1.0,1,1.0,28,Normandie,76,3,5,Cléon,4907,30,4937.0
202200045981,2.0,2,1,1,0.0,1.0,-1.0, -1,-1.0,1995.0,A01,22,9,2022,21:15,5,76.0,76178,2,6,1.0,1.0,Rue de la Résistance,"49,3200600000","1,0444600000",,76.076178,76178,Seine-Maritime,28.0,Normandie,30.0,7.0,1.0,1,1.0,28,Normandie,76,3,5,Cléon,4907,30,4937.0
202200045984,1.0,1,4,2,2.0,8.0,-1.0, -1,-1.0,2005.0,A01,22,9,2022,10:15,1,76.0,76351,2,6,1.0,6.0,GEORGES BRAQUE (RUE),"49,4952100000","0,1053500000",,76.076351,76351,Seine-Maritime,28.0,Normandie,50.0,4.0,2.0,2,1.0,28,Normandie,76,2,96,LeHavre,166058,1780,167838.0
202200046151,1.0,1,4,1,5.0,2.0,0.0,0,-1.0,1971.0,A01,18,8,2022,15:30,1,76.0,76100,2,3,1.0,3.0,Route de Saint-Arnoult,"49,4943540000","1,2876430000",,76.076100,76100,Seine-Maritime,28.0,Normandie,70.0,3.0,2.0,2,1.0,28,Normandie,76,3,21,Blainville-Crevon,1227,19,1246.0
202200046151,1.0,1,1,2,5.0,1.0,0.0,0,-1.0,1984.0,B01,18,8,2022,15:30,1,76.0,76100,2,3,1.0,3.0,Route de Saint-Arnoult,"49,4943540000","1,2876430000",,76.076100,76100,Seine-Maritime,28.0,Normandie,70.0,3.0,2.0,2,1.0,28,Normandie,76,3,21,Blainville-Crevon,1227,19,1246.0
202200046216,1.0,1,4,1,5.0,8.0,-1.0, -1,-1.0,1969.0,B01,10,6,2022,13:00,1,76.0,76484,2,2,1.0,1.0,Avenue du Général de Gaulle,"49,3428330000","1,0903600000",,76.076484,76484,Seine-Maritime,28.0,Normandie,50.0,7.0,2.0,2,1.0,28,Normandie,76,3,31,Oissel,12367,83,12450.0
202200046216,1.0,1,1,1,5.0,1.0,-1.0, -1,-1.0,1965.0,A01,10,6,2022,13:00,1,76.0,76484,2,2,1.0,1.0,Avenue du Général de Gaulle,"49,3428330000","1,0903600000",,76.076484,76484,Seine-Maritime,28.0,Normandie,50.0,7.0,2.0,2,1.0,28,Normandie,76,3,31,Oissel,12367,83,12450.0
202200046221,1.0,1,4,2,1.0,1.0,-1.0, -1,-1.0,1967.0,B01,10,6,2022,08:00,1,76.0,76322,2,6,1.0,2.0,Avenue Franklin Roosevelt,"49,3996223985","1,0561949225",,76.076322,76322,Seine-Maritime,28.0,Normandie,50.0,4.0,1.0,1,1.0,28,Normandie,76,3,13,LeGrand-Quevilly,25975,225,26200.0
202200046221,1.0,1,1,1,1.0,1.0,-1.0, -1,-1.0,1972.0,A01,10,6,2022,08:00,1,76.0,76322,2,6,1.0,2.0,Avenue Franklin Roosevelt,"49,3996223985","1,0561949225",,76.076322,76322,Seine-Maritime,28.0,Normandie,50.0,4.0,1.0,1,1.0,28,Normandie,76,3,13,LeGrand-Quevilly,25975,225,26200.0
202200046232,1.0,1,4,1,5.0,1.0,-1.0, -1,-1.0,1954.0,B01,10,7,2022,08:08,1,76.0,76322,2,2,1.0,2.0,Boulevard Maurice Ravel,"49,4080100000","1,0458500000",,76.076322,76322,Seine-Maritime,28.0,Normandie,50.0,7.0,2.0,2,1.0,28,Normandie,76,3,13,LeGrand-Quevilly,25975,225,26200.0
202200046232,1.0,1,1,-1,-1.0,-1.0,-1.0, -1,-1.0,,A01,10,7,2022,08:08,1,76.0,76322,2,2,1.0,2.0,Boulevard Maurice Ravel,"49,4080100000","1,0458500000",,76.076322,76322,Seine-Maritime,28.0,Normandie,50.0,7.0,2.0,2,1.0,28,Normandie,76,3,13,LeGrand-Quevilly,25975,225,26200.0
202200046234,1.0,1,2,1,3.0,8.0,-1.0, -1,-1.0,1956.0,A01,9,7,2022,18:15,1,76.0,76319,2,1,1.0,6.0,Rue des Mesliers,"49,3578070000","1,0133770000",,76.076319,76319,Seine-Maritime,28.0,Normandie,50.0,4.0,2.0,2,1.0,28,Normandie,76,3,9,Grand-Couronne,9726,177,9903.0
202200046240,1.0,1,1,1,4.0,1.0,-1.0, -1,-1.0,1980.0,B01,9,7,2022,06:15,1,76.0,76540,2,2,1.0,1.0,Rue du Vieux Palais,"49,4418400000","1,0862200000",,76.076540,76540,Seine-Maritime,28.0,Normandie,5.0,4.0,1.0,1,1.0,28,Normandie,76,3,97,Rouen,114083,1556,115639.0
202200046240,1.0,1,4,1,5.0,2.0,-1.0, -1,-1.0,1999.0,A01,9,7,2022,06:15,1,76.0,76540,2,2,1.0,1.0,Rue du Vieux Palais,"49,4418400000","1,0862200000",,76.076540,76540,Seine-Maritime,28.0,Normandie,5.0,4.0,1.0,1,1.0,28,Normandie,76,3,97,Rouen,114083,1556,115639.0
202200046245,1.0,1,1,2,5.0,1.0,-1.0, -1,-1.0,1971.0,B01,9,7,2022,09:00,1,76.0,76108,2,1,7.0,2.0,Route de Neufchâtel,"49,4845400000","1,1354500000",,76.076108,76108,Seine-Maritime,28.0,Normandie,50.0,7.0,2.0,2,1.0,28,Normandie,76,3,2,Bois-Guillaume,14262,361,14623.0
202200046245,2.0,2,4,2,5.0,2.0,-1.0, -1,-1.0,1958.0,A01,9,7,2022,09:00,1,76.0,76108,2,1,7.0,2.0,Route de Neufchâtel,"49,4845400000","1,1354500000",,76.076108,76108,Seine-Maritime,28.0,Normandie,50.0,7.0,2.0,2,1.0,28,Normandie,76,3,2,Bois-Guillaume,14262,361,14623.0
202200046245,1.0,1,4,1,5.0,2.0,-1.0, -1,-1.0,1957.0,A01,9,7,2022,09:00,1,76.0,76108,2,1,7.0,2.0,Route de Neufchâtel,"49,4845400000","1,1354500000",,76.076108,76108,Seine-Maritime,28.0,Normandie,50.0,7.0,2.0,2,1.0,28,Normandie,76,3,2,Bois-Guillaume,14262,361,14623.0
202200046255,1.0,1,4,1,0.0,2.0,-1.0, -1,-1.0,1981.0,A01,7,7,2022,18:15,1,76.0,76540,2,2,1.0,3.0,Avenue Jean Rondeaux,"49,4389400000","1,0800200000",,76.076540,76540,Seine-Maritime,28.0,Normandie,50.0,7.0,2.0,4,1.0,28,Normandie,76,3,97,Rouen,114083,1556,115639.0
202200046255,1.0,1,1,1,0.0,1.0,-1.0, -1,-1.0,1991.0,B01,7,7,2022,18:15,1,76.0,76540,2,2,1.0,3.0,Avenue Jean Rondeaux,"49,4389400000","1,0800200000",,76.076540,76540,Seine-Maritime,28.0,Normandie,50.0,7.0,2.0,4,1.0,28,Normandie,76,3,97,Rouen,114083,1556,115639.0
202200046259,1.0,1,4,1,5.0,2.0,-1.0, -1,-1.0,1950.0,B01,5,7,2022,18:00,1,76.0,76351,2,1,1.0,3.0,VERDUN (RUE DE),"49,5024020000","0,1766700000",,76.076351,76351,Seine-Maritime,28.0,Normandie,50.0,4.0,2.0,3,1.0,28,Normandie,76,2,96,LeHavre,166058,1780,167838.0
202200046259,1.0,1,3,1,3.0,8.0,-1.0, -1,-1.0,1974.0,A01,5,7,2022,18:00,1,76.0,76351,2,1,1.0,3.0,VERDUN (RUE DE),"49,5024020000","0,1766700000",,76.076351,76351,Seine-Maritime,28.0,Normandie,50.0,4.0,2.0,3,1.0,28,Normandie,76,2,96,LeHavre,166058,1780,167838.0
202200046264,1.0,1,4,1,0.0,8.0,-1.0, -1,-1.0,1992.0,B01,12,6,2022,17:20,1,76.0,76351,2,6,1.0,3.0,VAUBAN,"49,4889400000","0,1198700000",,76.076351,76351,Seine-Maritime,28.0,Normandie,50.0,4.0,2.0,2,1.0,28,Normandie,76,2,96,LeHavre,166058,1780,167838.0
202200046264,1.0,1,1,2,0.0,1.0,-1.0, -1,-1.0,1957.0,A01,12,6,2022,17:20,1,76.0,76351,2,6,1.0,3.0,VAUBAN,"49,4889400000","0,1198700000",,76.076351,76351,Seine-Maritime,28.0,Normandie,50.0,4.0,2.0,2,1.0,28,Normandie,76,2,96,LeHavre,166058,1780,167838.0
202200046268,1.0,1,4,2,0.0,1.0,-1.0, -1,-1.0,1986.0,A01,10,6,2022,13:10,1,76.0,76481,1,1,1.0,2.0,D6382,"49,5329507937","0,1153805852",,76.076481,76481,Seine-Maritime,28.0,Normandie,90.0,3.0,3.0,4,1.0,28,Normandie,76,2,26,Octeville-sur-Mer,6122,119,6241.0
202200046268,1.0,1,4,1,5.0,1.0,-1.0, -1,-1.0,1973.0,B01,10,6,2022,13:10,1,76.0,76481,1,1,1.0,2.0,D6382,"49,5329507937","0,1153805852",,76.076481,76481,Seine-Maritime,28.0,Normandie,90.0,3.0,3.0,4,1.0,28,Normandie,76,2,26,Octeville-sur-Mer,6122,119,6241.0
202200046377,1.0,1,1,1,0.0,1.0,-1.0, -1,-1.0,1939.0,A01,16,8,2022,11:00,1,76.0,76322,2,1,1.0,6.0,Avenue des Provinces,"49,4083400000","1,0507300000",,76.076322,76322,Seine-Maritime,28.0,Normandie,50.0,4.0,2.0,3,1.0,28,Normandie,76,3,13,LeGrand-Quevilly,25975,225,26200.0
202200046377,10.0,3,4,1,0.0,0.0,9.0,3,1.0,1965.0,A01,16,8,2022,11:00,1,76.0,76322,2,1,1.0,6.0,Avenue des Provinces,"49,4083400000","1,0507300000",,76.076322,76322,Seine-Maritime,28.0,Normandie,50.0,4.0,2.0,3,1.0,28,Normandie,76,3,13,LeGrand-Quevilly,25975,225,26200.0
202200046382,10.0,3,3,1,5.0,0.0,2.0,3,2.0,2018.0,A01,13,8,2022,13:50,1,76.0,76351,2,1,1.0,6.0,CLEMENCEAU (BD),"49,4904100000","0,0973800000",,76.076351,76351,Seine-Maritime,28.0,Normandie,50.0,4.0,2.0,2,1.0,28,Normandie,76,2,96,LeHavre,166058,1780,167838.0
202200046382,2.0,2,1,2,0.0,1.0,-1.0, -1,-1.0,1994.0,A01,13,8,2022,13:50,1,76.0,76351,2,1,1.0,6.0,CLEMENCEAU (BD),"49,4904100000","0,0973800000",,76.076351,76351,Seine-Maritime,28.0,Normandie,50.0,4.0,2.0,2,1.0,28,Normandie,76,2,96,LeHavre,166058,1780,167838.0
202200046382,1.0,1,1,1,5.0,1.0,-1.0, -1,-1.0,1992.0,A01,13,8,2022,13:50,1,76.0,76351,2,1,1.0,6.0,CLEMENCEAU (BD),"49,4904100000","0,0973800000",,76.076351,76351,Seine-Maritime,28.0,Normandie,50.0,4.0,2.0,2,1.0,28,Normandie,76,2,96,LeHavre,166058,1780,167838.0
202200046625,1.0,1,3,1,5.0,2.0,0.0,0,-1.0,2006.0,A01,16,8,2022,20:25,1,76.0,76688,2,1,1.0,7.0,Route de Valmont,"49,7415520000","0,5108210000",,76.076688,76688,Seine-Maritime,28.0,Normandie,50.0,3.0,2.0,2,1.0,28,Normandie,76,2,11,ThiergevilLe399,11,410,
202200046629,1.0,1,3,1,5.0,1.0,0.0,0,-1.0,2002.0,A01,16,8,2022,22:20,5,76.0,76550,1,1,1.0,6.0,La Grande Voie,"49,3761000000","0,9289240000",,76.076550,76550,Seine-Maritime,28.0,Normandie,50.0,7.0,2.0,2,1.0,28,Normandie,76,3,4,Sahurs,1219,17,1236.0
202200046664,1.0,1,1,1,3.0,8.0,0.0,0,-1.0,1929.0,A01,28,10,2022,09:50,1,76.0,76243,1,1,1.0,3.0,Rue des Prairies,"49,5321720000","1,3613820000",,76.076243,76243,Seine-Maritime,28.0,Normandie,80.0,3.0,2.0,2,1.0,28,Normandie,76,3,21,Ernemont-sur-Buchy,294,2,296.0
202200046664,1.0,1,3,1,5.0,2.0,0.0,0,-1.0,1961.0,B01,28,10,2022,09:50,1,76.0,76243,1,1,1.0,3.0,Rue des Prairies,"49,5321720000","1,3613820000",,76.076243,76243,Seine-Maritime,28.0,Normandie,80.0,3.0,2.0,2,1.0,28,Normandie,76,3,21,Ernemont-sur-Buchy,294,2,296.0