Num_Acc,place,catu,grav,sexe,trajet,secu,locp,actp,etatp,an_nais,num_veh,jour,mois,an,hrmn,lum,dep,com,agg,int,atm,col,adr,lat,long,gps,com_insee_temp,com_insee,departmentName,regionCode,regionName,vma,catr,circ,nbv,surf,Code,Region,Departement,Arrondissement,Code_Canton,Nom_Commune,Population_municipaLe,Population_comptee_a_part,Population_Totale
202200048992,2.0,2,1,1,5.0,2.0,0.0,0,-1.0,2007.0,A01,25,10,2022,18:55,5,76.0,76675,2,1,1.0,7.0,1810 Route des Huniers,"49,6045100000","1,0373070000",,76.076675,76675,Seine-Maritime,28.0,Normandie,-1.0,4.0,2.0,1,2.0,28,Normandie,76,3,2,SiervilLe1108,16,1124,
202200049014,1.0,1,1,1,9.0,8.0,-1.0, -1,-1.0,1965.0,A01,29,3,2022,20:20,5,76.0,76231,2,1,6.0,3.0,Rue des Martyrs,"49,2879900000","1,0071000000",,76.076231,76231,Seine-Maritime,28.0,Normandie,50.0,4.0,2.0,2,1.0,28,Normandie,76,3,9,Elbeuf,15951,138,16089.0
202200049014,1.0,1,4,2,0.0,2.0,-1.0, -1,-1.0,1989.0,B01,29,3,2022,20:20,5,76.0,76231,2,1,6.0,3.0,Rue des Martyrs,"49,2879900000","1,0071000000",,76.076231,76231,Seine-Maritime,28.0,Normandie,50.0,4.0,2.0,2,1.0,28,Normandie,76,3,9,Elbeuf,15951,138,16089.0
202200049016,1.0,1,4,1,1.0,2.0,-1.0, -1,-1.0,1996.0,B01,29,3,2022,09:50,2,76.0,76575,1,6,2.0,1.0,Boulevard Lénine,"49,3678760000","1,1067500000",,76.076575,76575,Seine-Maritime,28.0,Normandie,50.0,7.0,1.0,3,2.0,28,Normandie,76,3,98,Saint-Étienne-du-Rouvray,28508,225,28733.0
202200049016,1.0,1,1,2,4.0,1.0,-1.0, -1,-1.0,1998.0,A01,29,3,2022,09:50,2,76.0,76575,1,6,2.0,1.0,Boulevard Lénine,"49,3678760000","1,1067500000",,76.076575,76575,Seine-Maritime,28.0,Normandie,50.0,7.0,1.0,3,2.0,28,Normandie,76,3,98,Saint-Étienne-du-Rouvray,28508,225,28733.0
202200049019,1.0,1,4,1,0.0,0.0,-1.0, -1,-1.0,2004.0,A01,28,3,2022,19:20,1,76.0,76552,2,3,1.0,1.0,ALBERT DUBOSC,"49,5050833758","0,0862517953",,76.076552,76552,Seine-Maritime,28.0,Normandie,40.0,3.0,2.0,2,1.0,28,Normandie,76,2,19,Sainte-Adresse,7116,188,7304.0
202200049019,1.0,1,4,1,1.0,2.0,-1.0, -1,-1.0,1972.0,B01,28,3,2022,19:20,1,76.0,76552,2,3,1.0,1.0,ALBERT DUBOSC,"49,5050833758","0,0862517953",,76.076552,76552,Seine-Maritime,28.0,Normandie,40.0,3.0,2.0,2,1.0,28,Normandie,76,2,19,Sainte-Adresse,7116,188,7304.0
202200049020,1.0,1,4,2,3.0,1.0,-1.0, -1,-1.0,1975.0,A01,28,3,2022,17:15,1,76.0,76351,2,1,1.0,6.0,CLEMENT MARICAL,"49,4994000000","0,0947100000",,76.076351,76351,Seine-Maritime,28.0,Normandie,50.0,4.0,1.0,1,1.0,28,Normandie,76,2,96,LeHavre,166058,1780,167838.0
202200049194,10.0,3,4,2,2.0,0.0,3.0,3,1.0,2008.0,A01,11,5,2022,07:45,1,76.0,76159,2,1,7.0,6.0,Route d Ocqueville,"49,7887570000","0,6424160000",,76.076159,76159,Seine-Maritime,28.0,Normandie,30.0,4.0,2.0,2,1.0,28,Normandie,76,1,33,Cany-BarvilLe2947,46,2993,
202200049194,1.0,1,1,1,1.0,1.0,0.0,0,-1.0,1973.0,A01,11,5,2022,07:45,1,76.0,76159,2,1,7.0,6.0,Route d Ocqueville,"49,7887570000","0,6424160000",,76.076159,76159,Seine-Maritime,28.0,Normandie,30.0,4.0,2.0,2,1.0,28,Normandie,76,1,33,Cany-BarvilLe2947,46,2993,
202200049323,1.0,1,1,1,0.0,1.0,-1.0, -1,-1.0,2002.0,B01,8,5,2022,21:50,5,76.0,76600,2,4,1.0,3.0,ETRETAT ( ROUTE D'),"49,7506247535","0,3637236357",,76.076600,76600,Seine-Maritime,28.0,Normandie,50.0,3.0,2.0,2,1.0,28,Normandie,76,2,11,Saint-Léonard,1713,34,1747.0
202200049323,2.0,2,4,1,0.0,1.0,-1.0, -1,-1.0,1991.0,A01,8,5,2022,21:50,5,76.0,76600,2,4,1.0,3.0,ETRETAT ( ROUTE D'),"49,7506247535","0,3637236357",,76.076600,76600,Seine-Maritime,28.0,Normandie,50.0,3.0,2.0,2,1.0,28,Normandie,76,2,11,Saint-Léonard,1713,34,1747.0
202200049323,1.0,1,4,1,5.0,8.0,-1.0, -1,-1.0,1989.0,A01,8,5,2022,21:50,5,76.0,76600,2,4,1.0,3.0,ETRETAT ( ROUTE D'),"49,7506247535","0,3637236357",,76.076600,76600,Seine-Maritime,28.0,Normandie,50.0,3.0,2.0,2,1.0,28,Normandie,76,2,11,Saint-Léonard,1713,34,1747.0
202200049422,1.0,1,4,1,5.0,1.0,-1.0, -1,-1.0,1987.0,A01,7,1,2022,01:40,5,76.0,76351,2,1,1.0,6.0,CLEMENT MARICAL,"49,5018961151","0,0975872576",,76.076351,76351,Seine-Maritime,28.0,Normandie,50.0,4.0,1.0,1,2.0,28,Normandie,76,2,96,LeHavre,166058,1780,167838.0
202200049776,1.0,1,3,1,1.0,1.0,0.0,0,-1.0,1999.0,A01,29,11,2022,14:35,1,76.0,76355,1,1,1.0,1.0,Rue Paul Cauchy,"49,7017970000","0,7034090000",,76.076355,76355,Seine-Maritime,28.0,Normandie,80.0,3.0,2.0,2,1.0,28,Normandie,76,3,35,Héricourt-en-Caux,959,13,972.0
202200049776,1.0,1,3,2,3.0,1.0,0.0,0,-1.0,1974.0,B01,29,11,2022,14:35,1,76.0,76355,1,1,1.0,1.0,Rue Paul Cauchy,"49,7017970000","0,7034090000",,76.076355,76355,Seine-Maritime,28.0,Normandie,80.0,3.0,2.0,2,1.0,28,Normandie,76,3,35,Héricourt-en-Caux,959,13,972.0
202200049779,10.0,3,3,2,0.0,0.0,3.0,3,1.0,1944.0,A01,29,11,2022,14:00,1,76.0,76400,2,1,1.0,6.0,Rue du General de Gaulle,"49,8284830000","0,9124530000",,76.076400,76400,Seine-Maritime,28.0,Normandie,50.0,3.0,2.0,2,1.0,28,Normandie,76,1,20,Luneray,2170,36,2206.0
202200049779,1.0,1,1,1,5.0,1.0,0.0,0,-1.0,1990.0,A01,29,11,2022,14:00,1,76.0,76400,2,1,1.0,6.0,Rue du General de Gaulle,"49,8284830000","0,9124530000",,76.076400,76400,Seine-Maritime,28.0,Normandie,50.0,3.0,2.0,2,1.0,28,Normandie,76,1,20,Luneray,2170,36,2206.0
202200049928,1.0,1,4,2,0.0,2.0,-1.0, -1,-1.0,1952.0,B01,24,10,2022,17:30,1,76.0,76540,2,2,1.0,3.0,Boulevard des Belges,"49,4441100000","1,0854700000",,76.076540,76540,Seine-Maritime,28.0,Normandie,50.0,7.0,2.0,4,1.0,28,Normandie,76,3,97,Rouen,114083,1556,115639.0
202200049928,1.0,1,1,2,0.0,1.0,-1.0, -1,-1.0,1963.0,A01,24,10,2022,17:30,1,76.0,76540,2,2,1.0,3.0,Boulevard des Belges,"49,4441100000","1,0854700000",,76.076540,76540,Seine-Maritime,28.0,Normandie,50.0,7.0,2.0,4,1.0,28,Normandie,76,3,97,Rouen,114083,1556,115639.0
202200049933,1.0,1,4,1,0.0,2.0,-1.0, -1,-1.0,1974.0,A01,23,10,2022,21:55,5,76.0,76296,1,1,1.0,7.0,LIBERATION (RUE DE LA ),"49,5173300000","0,2463200000",,76.076296,76296,Seine-Maritime,28.0,Normandie,70.0,3.0,2.0,2,1.0,28,Normandie,76,2,16,GainnevilLe2511,39,2550,
202200049938,1.0,1,1,1,1.0,1.0,-1.0, -1,-1.0,1982.0,B01,24,10,2022,07:40,2,76.0,76414,2,1,1.0,3.0,LOUIS BLERIOT (RUE ),"49,9249581323","1,1216488481",,76.076414,76414,Seine-Maritime,28.0,Normandie,50.0,4.0,2.0,2,1.0,28,Normandie,76,1,8,Martin-Église,1600,55,1655.0
202200049938,1.0,1,4,1,1.0,2.0,-1.0, -1,-1.0,1988.0,A01,24,10,2022,07:40,2,76.0,76414,2,1,1.0,3.0,LOUIS BLERIOT (RUE ),"49,9249581323","1,1216488481",,76.076414,76414,Seine-Maritime,28.0,Normandie,50.0,4.0,2.0,2,1.0,28,Normandie,76,1,8,Martin-Église,1600,55,1655.0
202200050058,10.0,3,3,1,1.0,0.0,3.0,3,1.0,1969.0,A01,25,11,2022,08:00,2,76.0,76259,2,9,1.0,6.0,VALMONT ( ROUTE DE),"49,7541738429","0,4059219358",,76.076259,76259,Seine-Maritime,28.0,Normandie,50.0,3.0,2.0,2,2.0,28,Normandie,76,2,11,Fécamp,18016,269,18285.0
202200050058,1.0,1,1,1,2.0,1.0,0.0,0,-1.0,2004.0,A01,25,11,2022,08:00,2,76.0,76259,2,9,1.0,6.0,VALMONT ( ROUTE DE),"49,7541738429","0,4059219358",,76.076259,76259,Seine-Maritime,28.0,Normandie,50.0,3.0,2.0,2,2.0,28,Normandie,76,2,11,Fécamp,18016,269,18285.0
202200050104,1.0,1,3,1,5.0,2.0,0.0,0,-1.0,1957.0,A01,18,9,2022,20:50,3,76.0,76033,2,1,1.0,6.0,D925,"49,6810970000","0,3615190000",,76.076033,76033,Seine-Maritime,28.0,Normandie,70.0,3.0,2.0,2,1.0,28,Normandie,76,2,32,Auberville-la-Renault,453,9,462.0
202200050122,1.0,1,4,1,0.0,8.0,-1.0, -1,-1.0,1979.0,A01,16,2,2022,17:10,1,76.0,76540,2,1,2.0,3.0,Avenue Jean Rondeaux,"49,4371100000","1,0786400000",,76.076540,76540,Seine-Maritime,28.0,Normandie,50.0,7.0,2.0,4,2.0,28,Normandie,76,3,97,Rouen,114083,1556,115639.0
202200050122,1.0,1,4,1,4.0,1.0,-1.0, -1,-1.0,1995.0,B01,16,2,2022,17:10,1,76.0,76540,2,1,2.0,3.0,Avenue Jean Rondeaux,"49,4371100000","1,0786400000",,76.076540,76540,Seine-Maritime,28.0,Normandie,50.0,7.0,2.0,4,2.0,28,Normandie,76,3,97,Rouen,114083,1556,115639.0
202200050129,1.0,1,4,1,4.0,1.0,-1.0, -1,-1.0,1982.0,A01,16,2,2022,06:50,5,76.0,76575,2,1,2.0,3.0,Rue Julian Grimau,"49,3892000000","1,0916410000",,76.076575,76575,Seine-Maritime,28.0,Normandie,50.0,4.0,2.0,2,2.0,28,Normandie,76,3,98,Saint-Étienne-du-Rouvray,28508,225,28733.0
202200050129,1.0,1,1,-1,-1.0,-1.0,-1.0, -1,-1.0,,B01,16,2,2022,06:50,5,76.0,76575,2,1,2.0,3.0,Rue Julian Grimau,"49,3892000000","1,0916410000",,76.076575,76575,Seine-Maritime,28.0,Normandie,50.0,4.0,2.0,2,2.0,28,Normandie,76,3,98,Saint-Étienne-du-Rouvray,28508,225,28733.0
202200050142,1.0,1,2,1,5.0,2.0,0.0,0,-1.0,2002.0,A01,14,8,2022,20:12,1,76.0,76206,1,1,2.0,6.0,D74,"49,6759459320","0,2506685257",,76.076206,76206,Seine-Maritime,28.0,Normandie,80.0,3.0,2.0,2,2.0,28,Normandie,76,2,26,CuvervilLe342,8,350,
202200050145,1.0,1,1,1,5.0,1.0,-1.0, -1,-1.0,1976.0,A01,4,6,2022,23:15,5,76.0,76351,2,2,1.0,5.0,VERDUN (RUE DE),"49,5014100000","0,1500300000",,76.076351,76351,Seine-Maritime,28.0,Normandie,50.0,3.0,2.0,2,2.0,28,Normandie,76,2,96,LeHavre,166058,1780,167838.0
202200050145,1.0,1,4,1,0.0,1.0,-1.0, -1,-1.0,1957.0,B01,4,6,2022,23:15,5,76.0,76351,2,2,1.0,5.0,VERDUN (RUE DE),"49,5014100000","0,1500300000",,76.076351,76351,Seine-Maritime,28.0,Normandie,50.0,3.0,2.0,2,2.0,28,Normandie,76,2,96,LeHavre,166058,1780,167838.0
202200050145,1.0,1,1,1,0.0,1.0,-1.0, -1,-1.0,1962.0,C01,4,6,2022,23:15,5,76.0,76351,2,2,1.0,5.0,VERDUN (RUE DE),"49,5014100000","0,1500300000",,76.076351,76351,Seine-Maritime,28.0,Normandie,50.0,3.0,2.0,2,2.0,28,Normandie,76,2,96,LeHavre,166058,1780,167838.0
202200050151,1.0,1,1,1,0.0,1.0,-1.0, -1,-1.0,1986.0,A01,4,6,2022,15:20,1,76.0,76351,2,3,1.0,6.0,VALLEE (RUE DE LA),"49,4936700000","0,1525600000",,76.076351,76351,Seine-Maritime,28.0,Normandie,50.0,4.0,2.0,2,1.0,28,Normandie,76,2,96,LeHavre,166058,1780,167838.0
202200050151,10.0,3,4,2,9.0,0.0,3.0,3,1.0,1958.0,A01,4,6,2022,15:20,1,76.0,76351,2,3,1.0,6.0,VALLEE (RUE DE LA),"49,4936700000","0,1525600000",,76.076351,76351,Seine-Maritime,28.0,Normandie,50.0,4.0,2.0,2,1.0,28,Normandie,76,2,96,LeHavre,166058,1780,167838.0
202200050155,1.0,1,3,1,5.0,8.0,-1.0, -1,-1.0,2002.0,A01,7,6,2022,15:00,1,76.0,76329,1,1,1.0,7.0,BEAUCHENE (RUE DE),"49,5562300000","0,5013500000",,76.076329,76329,Seine-Maritime,28.0,Normandie,50.0,4.0,2.0,1,1.0,28,Normandie,76,2,3,Gruchet-le-Valasse,3074,39,3113.0
202200050257,1.0,1,4,1,5.0,8.0,0.0,0,-1.0,1993.0,B01,27,11,2022,04:15,5,76.0,76178,2,2,2.0,3.0,Rue de Tourville,"49,3087500000","1,0383300000",,76.076178,76178,Seine-Maritime,28.0,Normandie,50.0,7.0,2.0,4,2.0,28,Normandie,76,3,5,Cléon,4907,30,4937.0
202200050257,2.0,2,2,1,5.0,8.0,0.0,0,-1.0,1993.0,B01,27,11,2022,04:15,5,76.0,76178,2,2,2.0,3.0,Rue de Tourville,"49,3087500000","1,0383300000",,76.076178,76178,Seine-Maritime,28.0,Normandie,50.0,7.0,2.0,4,2.0,28,Normandie,76,3,5,Cléon,4907,30,4937.0
202200050257,3.0,2,2,2,5.0,8.0,0.0,0,-1.0,1990.0,A01,27,11,2022,04:15,5,76.0,76178,2,2,2.0,3.0,Rue de Tourville,"49,3087500000","1,0383300000",,76.076178,76178,Seine-Maritime,28.0,Normandie,50.0,7.0,2.0,4,2.0,28,Normandie,76,3,5,Cléon,4907,30,4937.0
202200050257,1.0,1,4,1,5.0,8.0,0.0,0,-1.0,1989.0,A01,27,11,2022,04:15,5,76.0,76178,2,2,2.0,3.0,Rue de Tourville,"49,3087500000","1,0383300000",,76.076178,76178,Seine-Maritime,28.0,Normandie,50.0,7.0,2.0,4,2.0,28,Normandie,76,3,5,Cléon,4907,30,4937.0
202200050257,2.0,2,2,2,5.0,8.0,0.0,0,-1.0,1990.0,A01,27,11,2022,04:15,5,76.0,76178,2,2,2.0,3.0,Rue de Tourville,"49,3087500000","1,0383300000",,76.076178,76178,Seine-Maritime,28.0,Normandie,50.0,7.0,2.0,4,2.0,28,Normandie,76,3,5,Cléon,4907,30,4937.0
202200050264,1.0,1,1,1,0.0,8.0,0.0,0,-1.0,1972.0,A01,26,11,2022,11:20,1,76.0,76447,2,1,1.0,6.0, ECARTS (CHEM DES ),"49,5649200000","0,1994700000",,76.076447,76447,Seine-Maritime,28.0,Normandie,50.0,4.0,-1.0,1,1.0,28,Normandie,76,2,15,Montivilliers,15457,203,15660.0
202200050264,1.0,1,3,1,0.0,8.0,0.0,0,-1.0,1960.0,B01,26,11,2022,11:20,1,76.0,76447,2,1,1.0,6.0, ECARTS (CHEM DES ),"49,5649200000","0,1994700000",,76.076447,76447,Seine-Maritime,28.0,Normandie,50.0,4.0,-1.0,1,1.0,28,Normandie,76,2,15,Montivilliers,15457,203,15660.0
202200050269,1.0,1,1,-1,-1.0,-1.0,-1.0, -1,-1.0,,Z01,25,11,2022,09:15,1,76.0,76447,2,1,1.0,6.0,René Coty,"49,5438100000","0,1913400000",,76.076447,76447,Seine-Maritime,28.0,Normandie,30.0,4.0,1.0,1,1.0,28,Normandie,76,2,15,Montivilliers,15457,203,15660.0
202200050269,10.0,3,4,2,0.0,0.0,3.0,3,1.0,1980.0,Z01,25,11,2022,09:15,1,76.0,76447,2,1,1.0,6.0,René Coty,"49,5438100000","0,1913400000",,76.076447,76447,Seine-Maritime,28.0,Normandie,30.0,4.0,1.0,1,1.0,28,Normandie,76,2,15,Montivilliers,15457,203,15660.0
202200050356,1.0,1,4,2,5.0,1.0,0.0,0,-1.0,1948.0,A01,30,3,2022,14:20,1,76.0,76684,1,1,2.0,6.0,D39,"49,4853010000","0,4633030000",,76.076684,76684,Seine-Maritime,28.0,Normandie,70.0,3.0,2.0,2,2.0,28,Normandie,76,2,3,TancarvilLe1218,24,1242,
202200050455,10.0,3,3,1,5.0,0.0,1.0,3,1.0,1978.0,A01,25,10,2022,08:45,1,76.0,76452,2,9,1.0,6.0,Place de l Abbe Kerebel,"49,5476030000","1,0735950000",,76.076452,76452,Seine-Maritime,28.0,Normandie,10.0,9.0,1.0,2,2.0,28,Normandie,76,3,2,MontvilLe4595,51,4646,
202200050455,1.0,1,1,1,5.0,1.0,0.0,0,-1.0,1986.0,A01,25,10,2022,08:45,1,76.0,76452,2,9,1.0,6.0,Place de l Abbe Kerebel,"49,5476030000","1,0735950000",,76.076452,76452,Seine-Maritime,28.0,Normandie,10.0,9.0,1.0,2,2.0,28,Normandie,76,3,2,MontvilLe4595,51,4646,
202200050455,2.0,2,1,1,5.0,1.0,0.0,0,-1.0,2012.0,A01,25,10,2022,08:45,1,76.0,76452,2,9,1.0,6.0,Place de l Abbe Kerebel,"49,5476030000","1,0735950000",,76.076452,76452,Seine-Maritime,28.0,Normandie,10.0,9.0,1.0,2,2.0,28,Normandie,76,3,2,MontvilLe4595,51,4646,
202200050468,10.0,3,4,2,5.0,0.0,4.0,5,1.0,2004.0,A01,27,3,2022,19:30,1,76.0,76351,2,1,1.0,6.0,ALBERT 1ER,"49,4974400000","0,0923300000",,76.076351,76351,Seine-Maritime,28.0,Normandie,50.0,4.0,3.0,4,1.0,28,Normandie,76,2,96,LeHavre,166058,1780,167838.0
202200050468,1.0,1,1,2,0.0,1.0,-1.0, -1,-1.0,2004.0,A01,27,3,2022,19:30,1,76.0,76351,2,1,1.0,6.0,ALBERT 1ER,"49,4974400000","0,0923300000",,76.076351,76351,Seine-Maritime,28.0,Normandie,50.0,4.0,3.0,4,1.0,28,Normandie,76,2,96,LeHavre,166058,1780,167838.0
202200050640,1.0,1,1,1,5.0,8.0,-1.0, -1,-1.0,1999.0,B01,13,8,2022,00:10,5,76.0,76484,1,1,1.0,1.0,Route des Roches,"49,3262800000","1,0418100000",,76.076484,76484,Seine-Maritime,28.0,Normandie,50.0,7.0,2.0,2,1.0,28,Normandie,76,3,31,Oissel,12367,83,12450.0
202200050640,1.0,1,3,1,5.0,2.0,-1.0, -1,-1.0,1992.0,A01,13,8,2022,00:10,5,76.0,76484,1,1,1.0,1.0,Route des Roches,"49,3262800000","1,0418100000",,76.076484,76484,Seine-Maritime,28.0,Normandie,50.0,7.0,2.0,2,1.0,28,Normandie,76,3,31,Oissel,12367,83,12450.0
202200050647,1.0,1,1,1,0.0,1.0,0.0,0,-1.0,1998.0,B01,11,8,2022,14:15,1,76.0,76351,2,2,1.0,3.0,MARECHAL JOFFRE (RUE),"49,5000000000","0,1298300000",,76.076351,76351,Seine-Maritime,28.0,Normandie,50.0,4.0,2.0,2,1.0,28,Normandie,76,2,96,LeHavre,166058,1780,167838.0
202200050647,1.0,1,4,2,0.0,2.0,0.0,0,-1.0,2004.0,A01,11,8,2022,14:15,1,76.0,76351,2,2,1.0,3.0,MARECHAL JOFFRE (RUE),"49,5000000000","0,1298300000",,76.076351,76351,Seine-Maritime,28.0,Normandie,50.0,4.0,2.0,2,1.0,28,Normandie,76,2,96,LeHavre,166058,1780,167838.0
202200050658,1.0,1,3,1,0.0,8.0,-1.0, -1,-1.0,2005.0,A01,28,3,2022,07:45,1,76.0,76552,2,1,1.0,6.0,PRESIDENT FELIX FAURE (BD),"49,5048800000","0,0803500000",,76.076552,76552,Seine-Maritime,28.0,Normandie,50.0,3.0,2.0,2,1.0,28,Normandie,76,2,19,Sainte-Adresse,7116,188,7304.0
202200050666,1.0,1,1,1,5.0,2.0,-1.0, -1,-1.0,1990.0,A01,25,3,2022,22:35,5,76.0,76447,2,1,1.0,1.0,D6382,"49,5254504862","0,1830781402",,76.076447,76447,Seine-Maritime,28.0,Normandie,50.0,3.0,2.0,2,1.0,28,Normandie,76,2,15,Montivilliers,15457,203,15660.0
202200050666,1.0,1,3,1,1.0,0.0,-1.0, -1,-1.0,1977.0,B01,25,3,2022,22:35,5,76.0,76447,2,1,1.0,1.0,D6382,"49,5254504862","0,1830781402",,76.076447,76447,Seine-Maritime,28.0,Normandie,50.0,3.0,2.0,2,1.0,28,Normandie,76,2,15,Montivilliers,15457,203,15660.0
202200050766,2.0,2,1,1,0.0,8.0,-1.0, -1,-1.0,2002.0,A01,20,9,2022,16:20,1,76.0,76322,2,1,1.0,6.0,Avenue Léon Blum,"49,4072300000","1,0484900000",,76.076322,76322,Seine-Maritime,28.0,Normandie,50.0,4.0,2.0,2,1.0,28,Normandie,76,3,13,LeGrand-Quevilly,25975,225,26200.0
202200050766,10.0,3,3,2,0.0,0.0,4.0,3,2.0,2017.0,A01,20,9,2022,16:20,1,76.0,76322,2,1,1.0,6.0,Avenue Léon Blum,"49,4072300000","1,0484900000",,76.076322,76322,Seine-Maritime,28.0,Normandie,50.0,4.0,2.0,2,1.0,28,Normandie,76,3,13,LeGrand-Quevilly,25975,225,26200.0
202200050766,1.0,1,1,1,5.0,8.0,-1.0, -1,-1.0,2001.0,A01,20,9,2022,16:20,1,76.0,76322,2,1,1.0,6.0,Avenue Léon Blum,"49,4072300000","1,0484900000",,76.076322,76322,Seine-Maritime,28.0,Normandie,50.0,4.0,2.0,2,1.0,28,Normandie,76,3,13,LeGrand-Quevilly,25975,225,26200.0
202200050782,1.0,1,4,1,0.0,1.0,-1.0, -1,-1.0,1990.0,A01,19,9,2022,14:27,1,76.0,76341,2,6,1.0,4.0,RD 6015,"49,5109900000","0,1995400000",,76.076341,76341,Seine-Maritime,28.0,Normandie,50.0,3.0,3.0,6,1.0,28,Normandie,76,2,15,Harfleur,8315,53,8368.0
202200050782,1.0,1,4,1,0.0,1.0,-1.0, -1,-1.0,1968.0,B01,19,9,2022,14:27,1,76.0,76341,2,6,1.0,4.0,RD 6015,"49,5109900000","0,1995400000",,76.076341,76341,Seine-Maritime,28.0,Normandie,50.0,3.0,3.0,6,1.0,28,Normandie,76,2,15,Harfleur,8315,53,8368.0
202200050782,1.0,1,4,2,0.0,1.0,-1.0, -1,-1.0,1999.0,C01,19,9,2022,14:27,1,76.0,76341,2,6,1.0,4.0,RD 6015,"49,5109900000","0,1995400000",,76.076341,76341,Seine-Maritime,28.0,Normandie,50.0,3.0,3.0,6,1.0,28,Normandie,76,2,15,Harfleur,8315,53,8368.0
202200050782,1.0,1,1,1,4.0,1.0,-1.0, -1,-1.0,1978.0,D01,19,9,2022,14:27,1,76.0,76341,2,6,1.0,4.0,RD 6015,"49,5109900000","0,1995400000",,76.076341,76341,Seine-Maritime,28.0,Normandie,50.0,3.0,3.0,6,1.0,28,Normandie,76,2,15,Harfleur,8315,53,8368.0
202200050791,1.0,1,1,1,1.0,1.0,-1.0, -1,-1.0,1983.0,A01,19,9,2022,08:27,1,76.0,76351,2,1,1.0,3.0,Boulevard Jules Durand,"49,4897400000","0,1549200000",,76.076351,76351,Seine-Maritime,28.0,Normandie,50.0,3.0,2.0,2,1.0,28,Normandie,76,2,96,LeHavre,166058,1780,167838.0
202200050791,1.0,1,3,1,1.0,2.0,-1.0, -1,-1.0,1981.0,B01,19,9,2022,08:27,1,76.0,76351,2,1,1.0,3.0,Boulevard Jules Durand,"49,4897400000","0,1549200000",,76.076351,76351,Seine-Maritime,28.0,Normandie,50.0,3.0,2.0,2,1.0,28,Normandie,76,2,96,LeHavre,166058,1780,167838.0
202200050990,1.0,1,1,1,3.0,1.0,0.0,0,-1.0,1947.0,A01,10,5,2022,15:50,1,76.0,76517,1,2,1.0,1.0,Route de la Mare aux Loups,"49,5222000000","1,1363120000",,76.076517,76517,Seine-Maritime,28.0,Normandie,80.0,3.0,-1.0,2,1.0,28,Normandie,76,3,2,Quincampoix,3110,68,3178.0
202200050990,1.0,1,3,1,3.0,2.0,0.0,0,-1.0,1952.0,B01,10,5,2022,15:50,1,76.0,76517,1,2,1.0,1.0,Route de la Mare aux Loups,"49,5222000000","1,1363120000",,76.076517,76517,Seine-Maritime,28.0,Normandie,80.0,3.0,-1.0,2,1.0,28,Normandie,76,3,2,Quincampoix,3110,68,3178.0
202200051044,1.0,1,1,1,5.0,1.0,-1.0, -1,-1.0,2003.0,A01,6,1,2022,18:50,5,76.0,76402,2,1,1.0,1.0,Rue Georges Pellerin,"49,5260700000","1,0362000000",,76.076402,76402,Seine-Maritime,28.0,Normandie,50.0,7.0,2.0,2,1.0,28,Normandie,76,3,24,Malaunay,6143,49,6192.0
202200051044,10.0,3,3,2,5.0,0.0,1.0,4,1.0,1990.0,A01,6,1,2022,18:50,5,76.0,76402,2,1,1.0,1.0,Rue Georges Pellerin,"49,5260700000","1,0362000000",,76.076402,76402,Seine-Maritime,28.0,Normandie,50.0,7.0,2.0,2,1.0,28,Normandie,76,3,24,Malaunay,6143,49,6192.0
202200051044,1.0,1,1,1,5.0,1.0,-1.0, -1,-1.0,1988.0,B01,6,1,2022,18:50,5,76.0,76402,2,1,1.0,1.0,Rue Georges Pellerin,"49,5260700000","1,0362000000",,76.076402,76402,Seine-Maritime,28.0,Normandie,50.0,7.0,2.0,2,1.0,28,Normandie,76,3,24,Malaunay,6143,49,6192.0
202200051048,1.0,1,4,1,0.0,2.0,-1.0, -1,-1.0,1970.0,B01,6,1,2022,15:05,1,76.0,76095,2,1,1.0,3.0,Route de Neufchatel,"49,4576466867","1,1081765592",,76.076095,76095,Seine-Maritime,28.0,Normandie,50.0,7.0,2.0,2,1.0,28,Normandie,76,3,2,Bihorel,8199,164,8363.0
202200051048,1.0,1,1,1,5.0,1.0,-1.0, -1,-1.0,1964.0,A01,6,1,2022,15:05,1,76.0,76095,2,1,1.0,3.0,Route de Neufchatel,"49,4576466867","1,1081765592",,76.076095,76095,Seine-Maritime,28.0,Normandie,50.0,7.0,2.0,2,1.0,28,Normandie,76,3,2,Bihorel,8199,164,8363.0
202200051093,1.0,1,1,1,1.0,1.0,0.0,0,-1.0,1980.0,A01,13,8,2022,12:35,1,76.0,76456,1,1,1.0,1.0,Rue du Bois Saint-Jacques,"49,6433527520","0,8429217337",,76.076456,76456,Seine-Maritime,28.0,Normandie,80.0,3.0,2.0,2,1.0,28,Normandie,76,3,35,MottevilLe771,11,782,
202200051093,1.0,1,2,1,5.0,2.0,0.0,0,-1.0,1987.0,B01,13,8,2022,12:35,1,76.0,76456,1,1,1.0,1.0,Rue du Bois Saint-Jacques,"49,6433527520","0,8429217337",,76.076456,76456,Seine-Maritime,28.0,Normandie,80.0,3.0,2.0,2,1.0,28,Normandie,76,3,35,MottevilLe771,11,782,