Num_Acc,place,catu,grav,sexe,trajet,secu,locp,actp,etatp,an_nais,num_veh,jour,mois,an,hrmn,lum,dep,com,agg,int,atm,col,adr,lat,long,gps,com_insee_temp,com_insee,departmentName,regionCode,regionName,vma,catr,circ,nbv,surf,Code,Region,Departement,Arrondissement,Code_Canton,Nom_Commune,Population_municipaLe,Population_comptee_a_part,Population_Totale
202100001279,1.0,1,1,1,4.0,1.0,-1.0, -1,-1.0,2002.0,A01,26,12,2021,23:00,5,76.0,76540,2,1,1.0,3.0,Avenue de la Grand Mare,"49,4406935215","1,1310017108",,76.076540,76540,Seine-Maritime,28.0,Normandie,50.0,7.0,2.0,3,1.0,28,Normandie,76,3,97,Rouen,114083,1556,115639.0
202100001279,1.0,1,4,1,5.0,2.0,-1.0, -1,-1.0,1997.0,B01,26,12,2021,23:00,5,76.0,76540,2,1,1.0,3.0,Avenue de la Grand Mare,"49,4406935215","1,1310017108",,76.076540,76540,Seine-Maritime,28.0,Normandie,50.0,7.0,2.0,3,1.0,28,Normandie,76,3,97,Rouen,114083,1556,115639.0
202100001304,1.0,1,1,1,4.0,1.0,0.0,0,-1.0,1968.0,C01,27,12,2021,06:00,3,76.0,76517,1,9,2.0,4.0,a.28 PK .94.000,"49,5050360000","1,1779400000",,76.076517,76517,Seine-Maritime,28.0,Normandie,110.0,1.0,1.0,4,2.0,28,Normandie,76,3,2,Quincampoix,3110,68,3178.0
202100001304,1.0,1,1,1,0.0,1.0,-1.0, -1,-1.0,1960.0,D01,27,12,2021,06:00,3,76.0,76517,1,9,2.0,4.0,a.28 PK .94.000,"49,5050360000","1,1779400000",,76.076517,76517,Seine-Maritime,28.0,Normandie,110.0,1.0,1.0,4,2.0,28,Normandie,76,3,2,Quincampoix,3110,68,3178.0
202100001304,1.0,1,4,2,1.0,1.0,0.0,0,-1.0,1971.0,B01,27,12,2021,06:00,3,76.0,76517,1,9,2.0,4.0,a.28 PK .94.000,"49,5050360000","1,1779400000",,76.076517,76517,Seine-Maritime,28.0,Normandie,110.0,1.0,1.0,4,2.0,28,Normandie,76,3,2,Quincampoix,3110,68,3178.0
202100001304,1.0,1,4,2,1.0,1.0,0.0,0,-1.0,1986.0,A01,27,12,2021,06:00,3,76.0,76517,1,9,2.0,4.0,a.28 PK .94.000,"49,5050360000","1,1779400000",,76.076517,76517,Seine-Maritime,28.0,Normandie,110.0,1.0,1.0,4,2.0,28,Normandie,76,3,2,Quincampoix,3110,68,3178.0
202100001370,1.0,1,3,1,5.0,2.0,-1.0, -1,-1.0,1962.0,A01,25,12,2021,12:25,1,76.0,76217,2,1,1.0,7.0,TOUSTAIN,"49,9233452925","1,0720789433",,76.076217,76217,Seine-Maritime,28.0,Normandie,50.0,3.0,1.0,2,1.0,28,Normandie,76,1,95,Dieppe,28358,455,28813.0
202100001370,3.0,2,4,2,5.0,2.0,-1.0, -1,-1.0,1964.0,A01,25,12,2021,12:25,1,76.0,76217,2,1,1.0,7.0,TOUSTAIN,"49,9233452925","1,0720789433",,76.076217,76217,Seine-Maritime,28.0,Normandie,50.0,3.0,1.0,2,1.0,28,Normandie,76,1,95,Dieppe,28358,455,28813.0
202100001454,1.0,1,4,1,0.0,1.0,-1.0, -1,-1.0,1956.0,A01,24,12,2021,19:45,5,76.0,76231,2,1,2.0,7.0,SAUSSAYE. RUE DE LA,"49,2735300000","0,9975000000",,76.076231,76231,Seine-Maritime,28.0,Normandie,50.0,7.0,2.0,2,2.0,28,Normandie,76,3,9,Elbeuf,15951,138,16089.0
202100001455,1.0,1,1,1,0.0,8.0,-1.0, -1,-1.0,1942.0,B01,24,12,2021,09:50,1,76.0,76540,2,1,1.0,1.0,LA FAYETTE. RUE,"49,4326100000","1,0895700000",,76.076540,76540,Seine-Maritime,28.0,Normandie,50.0,4.0,2.0,2,2.0,28,Normandie,76,3,97,Rouen,114083,1556,115639.0
202100001455,1.0,1,4,1,0.0,2.0,-1.0, -1,-1.0,2002.0,A01,24,12,2021,09:50,1,76.0,76540,2,1,1.0,1.0,LA FAYETTE. RUE,"49,4326100000","1,0895700000",,76.076540,76540,Seine-Maritime,28.0,Normandie,50.0,4.0,2.0,2,2.0,28,Normandie,76,3,97,Rouen,114083,1556,115639.0
202100001649,1.0,1,2,1,0.0,0.0,0.0,0,-1.0,1967.0,A01,25,12,2021,11:05,1,76.0,76550,1,1,1.0,6.0,Route de la Forêt,"49,3743960000","0,9596510000",,76.076550,76550,Seine-Maritime,28.0,Normandie,80.0,7.0,2.0,2,2.0,28,Normandie,76,3,4,Sahurs,1219,17,1236.0
202100001657,1.0,1,1,1,1.0,1.0,0.0,0,-1.0,1976.0,A01,24,12,2021,11:50,1,76.0,76660,1,1,1.0,2.0,A131 pk 28.300,"49,4912035293","0,2883857489",,76.076660,76660,Seine-Maritime,28.0,Normandie,130.0,1.0,3.0,4,1.0,28,Normandie,76,2,32,SandouvilLe800,11,811,
202100001657,1.0,1,4,1,9.0,1.0,0.0,0,-1.0,1946.0,B01,24,12,2021,11:50,1,76.0,76660,1,1,1.0,2.0,A131 pk 28.300,"49,4912035293","0,2883857489",,76.076660,76660,Seine-Maritime,28.0,Normandie,130.0,1.0,3.0,4,1.0,28,Normandie,76,2,32,SandouvilLe800,11,811,
202100001851,1.0,1,1,1,0.0,1.0,-1.0, -1,-1.0,1961.0,B01,21,12,2021,11:15,1,76.0,76474,1,1,1.0,2.0,CD 43 (AVENUE DU BOIS DES DAMES),"49,4766400000","1,0655270000",,76.076474,76474,Seine-Maritime,28.0,Normandie,90.0,7.0,2.0,-1,1.0,28,Normandie,76,3,24,Notre-Dame-de-BondevilLe6957,82,7039,
202100001851,2.0,2,4,1,0.0,1.0,-1.0, -1,-1.0,1992.0,A01,21,12,2021,11:15,1,76.0,76474,1,1,1.0,2.0,CD 43 (AVENUE DU BOIS DES DAMES),"49,4766400000","1,0655270000",,76.076474,76474,Seine-Maritime,28.0,Normandie,90.0,7.0,2.0,-1,1.0,28,Normandie,76,3,24,Notre-Dame-de-BondevilLe6957,82,7039,
202100001851,1.0,1,1,1,0.0,1.0,-1.0, -1,-1.0,1990.0,A01,21,12,2021,11:15,1,76.0,76474,1,1,1.0,2.0,CD 43 (AVENUE DU BOIS DES DAMES),"49,4766400000","1,0655270000",,76.076474,76474,Seine-Maritime,28.0,Normandie,90.0,7.0,2.0,-1,1.0,28,Normandie,76,3,24,Notre-Dame-de-BondevilLe6957,82,7039,
202100002000,1.0,1,1,1,4.0,1.0,-1.0, -1,-1.0,1982.0,A01,17,12,2021,13:25,1,76.0,76351,2,3,1.0,3.0,JULES DURAND (BD),"49,4897100000","0,1556700000",,76.076351,76351,Seine-Maritime,28.0,Normandie,50.0,3.0,-1.0,2,1.0,28,Normandie,76,2,96,LeHavre,166058,1780,167838.0
202100002000,1.0,1,3,1,9.0,2.0,-1.0, -1,-1.0,1986.0,B01,17,12,2021,13:25,1,76.0,76351,2,3,1.0,3.0,JULES DURAND (BD),"49,4897100000","0,1556700000",,76.076351,76351,Seine-Maritime,28.0,Normandie,50.0,3.0,-1.0,2,1.0,28,Normandie,76,2,96,LeHavre,166058,1780,167838.0
202100002001,1.0,1,2,1,5.0,2.0,0.0,0,-1.0,1988.0,A01,18,12,2021,10:55,1,76.0,76259,2,1,1.0,6.0,COUTURIER ( RUE GUSTAVE),"49,7525200000","0,3931700000",,76.076259,76259,Seine-Maritime,28.0,Normandie,50.0,4.0,2.0,2,1.0,28,Normandie,76,2,11,Fécamp,18016,269,18285.0
202100002001,10.0,3,2,1,3.0,0.0,3.0,3,2.0,1953.0,A01,18,12,2021,10:55,1,76.0,76259,2,1,1.0,6.0,COUTURIER ( RUE GUSTAVE),"49,7525200000","0,3931700000",,76.076259,76259,Seine-Maritime,28.0,Normandie,50.0,4.0,2.0,2,1.0,28,Normandie,76,2,11,Fécamp,18016,269,18285.0
202100002002,1.0,1,4,1,1.0,2.0,-1.0, -1,-1.0,1965.0,A01,20,12,2021,07:50,5,76.0,76329,2,9,1.0,1.0,Rue de l’Abbaye,"49,5506000000","0,4911300000",,76.076329,76329,Seine-Maritime,28.0,Normandie,50.0,3.0,2.0,1,1.0,28,Normandie,76,2,3,Gruchet-le-Valasse,3074,39,3113.0
202100002002,1.0,1,1,2,4.0,1.0,-1.0, -1,-1.0,2002.0,B01,20,12,2021,07:50,5,76.0,76329,2,9,1.0,1.0,Rue de l’Abbaye,"49,5506000000","0,4911300000",,76.076329,76329,Seine-Maritime,28.0,Normandie,50.0,3.0,2.0,1,1.0,28,Normandie,76,2,3,Gruchet-le-Valasse,3074,39,3113.0
202100002130,1.0,1,1,1,0.0,1.0,-1.0, -1,-1.0,1997.0,C01,19,12,2021,07:20,5,76.0,76484,2,3,1.0,5.0,LECOMTE. RUE GUSTAVE,"49,3442900000","1,0978300000",,76.076484,76484,Seine-Maritime,28.0,Normandie,50.0,7.0,2.0,2,1.0,28,Normandie,76,3,31,Oissel,12367,83,12450.0
202100002130,1.0,1,1,1,0.0,1.0,-1.0, -1,-1.0,1999.0,A01,19,12,2021,07:20,5,76.0,76484,2,3,1.0,5.0,LECOMTE. RUE GUSTAVE,"49,3442900000","1,0978300000",,76.076484,76484,Seine-Maritime,28.0,Normandie,50.0,7.0,2.0,2,1.0,28,Normandie,76,3,31,Oissel,12367,83,12450.0
202100002130,1.0,1,4,1,0.0,1.0,-1.0, -1,-1.0,1988.0,B01,19,12,2021,07:20,5,76.0,76484,2,3,1.0,5.0,LECOMTE. RUE GUSTAVE,"49,3442900000","1,0978300000",,76.076484,76484,Seine-Maritime,28.0,Normandie,50.0,7.0,2.0,2,1.0,28,Normandie,76,3,31,Oissel,12367,83,12450.0
202100002172,1.0,1,3,1,9.0,2.0,0.0,0,-1.0,2006.0,A01,21,12,2021,15:25,1,76.0,76450,1,1,1.0,1.0,D916,"49,4154820000","1,6317060000",,76.076450,76450,Seine-Maritime,28.0,Normandie,80.0,3.0,2.0,2,1.0,28,Normandie,76,1,12,Montroty,263,20,283.0
202100002172,1.0,1,1,1,4.0,1.0,0.0,0,-1.0,1962.0,B01,21,12,2021,15:25,1,76.0,76450,1,1,1.0,1.0,D916,"49,4154820000","1,6317060000",,76.076450,76450,Seine-Maritime,28.0,Normandie,80.0,3.0,2.0,2,1.0,28,Normandie,76,1,12,Montroty,263,20,283.0
202100002173,1.0,1,3,1,1.0,2.0,0.0,0,-1.0,2004.0,A01,21,12,2021,12:45,1,76.0,76700,2,1,1.0,7.0,rue guy de maupassant,"49,6820830000","1,0471670000",,76.076700,76700,Seine-Maritime,28.0,Normandie,50.0,3.0,2.0,2,1.0,28,Normandie,76,1,20,Tôtes,1575,30,1605.0
202100002174,1.0,1,3,1,4.0,1.0,0.0,0,-1.0,1988.0,A01,21,12,2021,03:45,3,76.0,76328,1,6,1.0,7.0,D929/D151,"49,6665930000","1,1890040000",,76.076328,76328,Seine-Maritime,28.0,Normandie,-1.0,3.0,2.0,2,1.0,28,Normandie,76,3,23,GrigneusevilLe376,5,381,
202100002175,10.0,3,3,1,2.0,0.0,3.0,3,1.0,2009.0,A01,17,12,2021,15:00,1,76.0,76452,2,1,1.0,6.0,Rue André Martin,"49,5442100000","1,0737580000",,76.076452,76452,Seine-Maritime,28.0,Normandie,50.0,3.0,3.0,1,1.0,28,Normandie,76,3,2,MontvilLe4595,51,4646,
202100002175,2.0,2,1,1,2.0,1.0,0.0,0,-1.0,2009.0,A01,17,12,2021,15:00,1,76.0,76452,2,1,1.0,6.0,Rue André Martin,"49,5442100000","1,0737580000",,76.076452,76452,Seine-Maritime,28.0,Normandie,50.0,3.0,3.0,1,1.0,28,Normandie,76,3,2,MontvilLe4595,51,4646,
202100002175,1.0,1,1,1,2.0,1.0,0.0,0,-1.0,1970.0,A01,17,12,2021,15:00,1,76.0,76452,2,1,1.0,6.0,Rue André Martin,"49,5442100000","1,0737580000",,76.076452,76452,Seine-Maritime,28.0,Normandie,50.0,3.0,3.0,1,1.0,28,Normandie,76,3,2,MontvilLe4595,51,4646,
202100002235,1.0,1,4,1,3.0,1.0,-1.0, -1,-1.0,1963.0,B01,18,12,2021,15:00,1,76.0,76497,1,2,1.0,3.0,CORDONNIER. BOULEVARD,"49,3839160000","1,0158870000",,76.076497,76497,Seine-Maritime,28.0,Normandie,50.0,4.0,2.0,2,1.0,28,Normandie,76,3,13,Petit-Couronne,8688,175,8863.0
202100002235,1.0,1,4,1,5.0,1.0,-1.0, -1,-1.0,2003.0,A01,18,12,2021,15:00,1,76.0,76497,1,2,1.0,3.0,CORDONNIER. BOULEVARD,"49,3839160000","1,0158870000",,76.076497,76497,Seine-Maritime,28.0,Normandie,50.0,4.0,2.0,2,1.0,28,Normandie,76,3,13,Petit-Couronne,8688,175,8863.0
202100002503,1.0,1,4,1,5.0,2.0,0.0,0,-1.0,1986.0,A01,18,12,2021,16:15,1,76.0,76260,2,1,7.0,2.0,51 ROUTE DE BEAUVAIS,"49,4751870000","1,7439720000",,76.076260,76260,Seine-Maritime,28.0,Normandie,50.0,2.0,2.0,2,1.0,28,Normandie,76,1,12,Ferrières-en-Bray,1675,15,1690.0
202100002503,1.0,1,1,1,4.0,1.0,0.0,0,-1.0,2000.0,B01,18,12,2021,16:15,1,76.0,76260,2,1,7.0,2.0,51 ROUTE DE BEAUVAIS,"49,4751870000","1,7439720000",,76.076260,76260,Seine-Maritime,28.0,Normandie,50.0,2.0,2.0,2,1.0,28,Normandie,76,1,12,Ferrières-en-Bray,1675,15,1690.0
202100002594,1.0,1,1,-1,-1.0,8.0,-1.0, -1,-1.0,,A01,16,12,2021,13:24,1,76.0,76498,2,1,6.0,5.0,JAURES. AVENUE JEAN,"49,4254000000","1,0582200000",,76.076498,76498,Seine-Maritime,28.0,Normandie,50.0,4.0,2.0,2,1.0,28,Normandie,76,3,27,LePetit-Quevilly,21782,274,22056.0
202100002594,1.0,1,1,1,4.0,1.0,-1.0, -1,-1.0,1972.0,B01,16,12,2021,13:24,1,76.0,76498,2,1,6.0,5.0,JAURES. AVENUE JEAN,"49,4254000000","1,0582200000",,76.076498,76498,Seine-Maritime,28.0,Normandie,50.0,4.0,2.0,2,1.0,28,Normandie,76,3,27,LePetit-Quevilly,21782,274,22056.0
202100002594,3.0,2,4,2,0.0,1.0,-1.0, -1,-1.0,1966.0,B01,16,12,2021,13:24,1,76.0,76498,2,1,6.0,5.0,JAURES. AVENUE JEAN,"49,4254000000","1,0582200000",,76.076498,76498,Seine-Maritime,28.0,Normandie,50.0,4.0,2.0,2,1.0,28,Normandie,76,3,27,LePetit-Quevilly,21782,274,22056.0
202100002594,2.0,2,4,1,0.0,1.0,-1.0, -1,-1.0,1935.0,B01,16,12,2021,13:24,1,76.0,76498,2,1,6.0,5.0,JAURES. AVENUE JEAN,"49,4254000000","1,0582200000",,76.076498,76498,Seine-Maritime,28.0,Normandie,50.0,4.0,2.0,2,1.0,28,Normandie,76,3,27,LePetit-Quevilly,21782,274,22056.0
202100002594,1.0,1,1,2,0.0,1.0,-1.0, -1,-1.0,1965.0,C01,16,12,2021,13:24,1,76.0,76498,2,1,6.0,5.0,JAURES. AVENUE JEAN,"49,4254000000","1,0582200000",,76.076498,76498,Seine-Maritime,28.0,Normandie,50.0,4.0,2.0,2,1.0,28,Normandie,76,3,27,LePetit-Quevilly,21782,274,22056.0
202100002712,10.0,3,4,2,3.0,0.0,4.0,3,1.0,1949.0,A01,18,12,2021,10:45,1,76.0,76475,2,2,1.0,6.0,Route de Paris,"49,3978800000","1,1775920000",,76.076475,76475,Seine-Maritime,28.0,Normandie,50.0,7.0,2.0,2,1.0,28,Normandie,76,3,21,Franqueville-Saint-Pierre,6067,195,6262.0
202100002712,1.0,1,1,1,3.0,1.0,0.0,0,-1.0,1934.0,A01,18,12,2021,10:45,1,76.0,76475,2,2,1.0,6.0,Route de Paris,"49,3978800000","1,1775920000",,76.076475,76475,Seine-Maritime,28.0,Normandie,50.0,7.0,2.0,2,1.0,28,Normandie,76,3,21,Franqueville-Saint-Pierre,6067,195,6262.0
202100002745,1.0,1,4,1,1.0,1.0,-1.0, -1,-1.0,1968.0,B01,15,12,2021,18:06,5,76.0,76157,2,4,1.0,1.0,CD 51 (RUE DE LA VALETTE),"49,4612162965","1,0425961018",,76.076157,76157,Seine-Maritime,28.0,Normandie,50.0,7.0,2.0,2,1.0,28,Normandie,76,3,4,Canteleu,13966,360,14326.0
202100002745,1.0,1,1,2,0.0,1.0,-1.0, -1,-1.0,1975.0,A01,15,12,2021,18:06,5,76.0,76157,2,4,1.0,1.0,CD 51 (RUE DE LA VALETTE),"49,4612162965","1,0425961018",,76.076157,76157,Seine-Maritime,28.0,Normandie,50.0,7.0,2.0,2,1.0,28,Normandie,76,3,4,Canteleu,13966,360,14326.0
202100002746,1.0,1,4,2,5.0,1.0,-1.0, -1,-1.0,1988.0,A01,14,12,2021,08:20,5,76.0,76351,2,1,1.0,3.0,MARCEL PAUL,"49,4937290000","0,1467950000",,76.076351,76351,Seine-Maritime,28.0,Normandie,50.0,4.0,2.0,2,1.0,28,Normandie,76,2,96,LeHavre,166058,1780,167838.0
202100002746,1.0,1,4,2,5.0,1.0,-1.0, -1,-1.0,1990.0,B01,14,12,2021,08:20,5,76.0,76351,2,1,1.0,3.0,MARCEL PAUL,"49,4937290000","0,1467950000",,76.076351,76351,Seine-Maritime,28.0,Normandie,50.0,4.0,2.0,2,1.0,28,Normandie,76,2,96,LeHavre,166058,1780,167838.0
202100002746,2.0,2,4,1,5.0,1.0,-1.0, -1,-1.0,2013.0,B01,14,12,2021,08:20,5,76.0,76351,2,1,1.0,3.0,MARCEL PAUL,"49,4937290000","0,1467950000",,76.076351,76351,Seine-Maritime,28.0,Normandie,50.0,4.0,2.0,2,1.0,28,Normandie,76,2,96,LeHavre,166058,1780,167838.0
202100002746,4.0,2,4,2,5.0,1.0,-1.0, -1,-1.0,2014.0,B01,14,12,2021,08:20,5,76.0,76351,2,1,1.0,3.0,MARCEL PAUL,"49,4937290000","0,1467950000",,76.076351,76351,Seine-Maritime,28.0,Normandie,50.0,4.0,2.0,2,1.0,28,Normandie,76,2,96,LeHavre,166058,1780,167838.0
202100002747,1.0,1,1,2,5.0,1.0,-1.0, -1,-1.0,1977.0,A01,13,12,2021,19:20,5,76.0,76351,2,2,1.0,6.0,ARISTIDE BRIAND,"49,5000000000","0,1393000000",,76.076351,76351,Seine-Maritime,28.0,Normandie,50.0,4.0,2.0,2,1.0,28,Normandie,76,2,96,LeHavre,166058,1780,167838.0
202100002747,10.0,3,4,2,5.0,0.0,4.0,3,1.0,2001.0,A01,13,12,2021,19:20,5,76.0,76351,2,2,1.0,6.0,ARISTIDE BRIAND,"49,5000000000","0,1393000000",,76.076351,76351,Seine-Maritime,28.0,Normandie,50.0,4.0,2.0,2,1.0,28,Normandie,76,2,96,LeHavre,166058,1780,167838.0
202100002834,1.0,1,1,2,9.0,1.0,0.0,0,-1.0,1981.0,B01,17,12,2021,15:40,1,76.0,76312,2,1,5.0,3.0,Rue Henri Dunant,"49,4810870000","1,7197630000",,76.076312,76312,Seine-Maritime,28.0,Normandie,50.0,4.0,2.0,2,1.0,28,Normandie,76,1,12,Gournay-en-Bray,5944,85,6029.0
202100002834,1.0,1,4,1,5.0,2.0,0.0,0,-1.0,2004.0,A01,17,12,2021,15:40,1,76.0,76312,2,1,5.0,3.0,Rue Henri Dunant,"49,4810870000","1,7197630000",,76.076312,76312,Seine-Maritime,28.0,Normandie,50.0,4.0,2.0,2,1.0,28,Normandie,76,1,12,Gournay-en-Bray,5944,85,6029.0
202100002869,1.0,1,4,1,2.0,2.0,0.0,0,-1.0,2004.0,A01,17,12,2021,16:45,2,76.0,76432,1,1,9.0,1.0,Route de Neufchatel - D1314,"49,6689050000","1,5107920000",,76.076432,76432,Seine-Maritime,28.0,Normandie,80.0,3.0,2.0,2,2.0,28,Normandie,76,1,12,Mesnil-Mauger,245,4,249.0
202100002869,1.0,1,4,2,0.0,1.0,0.0,0,-1.0,1987.0,B01,17,12,2021,16:45,2,76.0,76432,1,1,9.0,1.0,Route de Neufchatel - D1314,"49,6689050000","1,5107920000",,76.076432,76432,Seine-Maritime,28.0,Normandie,80.0,3.0,2.0,2,2.0,28,Normandie,76,1,12,Mesnil-Mauger,245,4,249.0
202100002903,10.0,3,4,1,3.0,8.0,9.0,1,1.0,2002.0,A01,13,12,2021,17:10,2,76.0,76114,2,1,8.0,6.0,DESGENETAIS LEON (PLACE),"49,5718400000","0,4708400000",,76.076114,76114,Seine-Maritime,28.0,Normandie,50.0,9.0,-1.0,0,1.0,28,Normandie,76,2,3,Bolbec,11635,147,11782.0
202100002903,1.0,1,-1,-1,-1.0,8.0,-1.0, -1,-1.0,,A01,13,12,2021,17:10,2,76.0,76114,2,1,8.0,6.0,DESGENETAIS LEON (PLACE),"49,5718400000","0,4708400000",,76.076114,76114,Seine-Maritime,28.0,Normandie,50.0,9.0,-1.0,0,1.0,28,Normandie,76,2,3,Bolbec,11635,147,11782.0
202100003084,1.0,1,3,1,0.0,8.0,-1.0, -1,-1.0,1992.0,A01,12,12,2021,13:50,1,76.0,76351,2,1,1.0,7.0,HUIT MAI 1945 (AVENUE DU),"49,5160800000","0,1694200000",,76.076351,76351,Seine-Maritime,28.0,Normandie,50.0,4.0,2.0,2,1.0,28,Normandie,76,2,96,LeHavre,166058,1780,167838.0
202100003085,1.0,1,4,2,5.0,1.0,-1.0, -1,-1.0,1966.0,A01,10,12,2021,13:40,1,76.0,76351,2,2,1.0,3.0,CAVEE VERTE (RUE DE LA),"49,5054000000","0,1146000000",,76.076351,76351,Seine-Maritime,28.0,Normandie,50.0,4.0,2.0,3,1.0,28,Normandie,76,2,96,LeHavre,166058,1780,167838.0
202100003085,1.0,1,4,2,4.0,1.0,-1.0, -1,-1.0,1999.0,B01,10,12,2021,13:40,1,76.0,76351,2,2,1.0,3.0,CAVEE VERTE (RUE DE LA),"49,5054000000","0,1146000000",,76.076351,76351,Seine-Maritime,28.0,Normandie,50.0,4.0,2.0,3,1.0,28,Normandie,76,2,96,LeHavre,166058,1780,167838.0
202100003086,1.0,1,4,1,1.0,2.0,-1.0, -1,-1.0,1971.0,B01,9,11,2021,07:25,2,76.0,76341,2,3,1.0,3.0,PAUL DOUMER,"49,5128100000","0,1986200000",,76.076341,76341,Seine-Maritime,28.0,Normandie,50.0,3.0,2.0,2,1.0,28,Normandie,76,2,15,Harfleur,8315,53,8368.0
202100003086,1.0,1,1,2,0.0,1.0,-1.0, -1,-1.0,1966.0,A01,9,11,2021,07:25,2,76.0,76341,2,3,1.0,3.0,PAUL DOUMER,"49,5128100000","0,1986200000",,76.076341,76341,Seine-Maritime,28.0,Normandie,50.0,3.0,2.0,2,1.0,28,Normandie,76,2,15,Harfleur,8315,53,8368.0
202100003242,2.0,2,4,2,5.0,1.0,-1.0, -1,-1.0,1983.0,B01,12,12,2021,23:30,5,76.0,76540,2,3,1.0,3.0,NANSEN. RUE FRIDTJOF,"49,4456600000","1,0619000000",,76.076540,76540,Seine-Maritime,28.0,Normandie,50.0,4.0,2.0,4,1.0,28,Normandie,76,3,97,Rouen,114083,1556,115639.0
202100003242,1.0,1,4,1,5.0,1.0,-1.0, -1,-1.0,1982.0,B01,12,12,2021,23:30,5,76.0,76540,2,3,1.0,3.0,NANSEN. RUE FRIDTJOF,"49,4456600000","1,0619000000",,76.076540,76540,Seine-Maritime,28.0,Normandie,50.0,4.0,2.0,4,1.0,28,Normandie,76,3,97,Rouen,114083,1556,115639.0
202100003242,1.0,1,4,1,5.0,1.0,-1.0, -1,-1.0,1982.0,A01,12,12,2021,23:30,5,76.0,76540,2,3,1.0,3.0,NANSEN. RUE FRIDTJOF,"49,4456600000","1,0619000000",,76.076540,76540,Seine-Maritime,28.0,Normandie,50.0,4.0,2.0,4,1.0,28,Normandie,76,3,97,Rouen,114083,1556,115639.0
202100003340,1.0,1,3,1,5.0,8.0,0.0,0,-1.0,1951.0,A01,12,12,2021,21:42,3,76.0,76752,1,1,1.0,7.0,D142,"49,6606580000","0,8994270000",,76.076752,76752,Seine-Maritime,28.0,Normandie,80.0,3.0,2.0,2,1.0,28,Normandie,76,3,35,YervilLe2584,29,2613,
202100003404,1.0,1,4,2,5.0,1.0,-1.0, -1,-1.0,1998.0,A01,12,12,2021,00:50,3,76.0,76391,1,1,2.0,7.0,CD 132,"49,3082700000","0,9797800000",,76.076391,76391,Seine-Maritime,28.0,Normandie,700.0,7.0,2.0,1,2.0,28,Normandie,76,3,9,La Londe,2362,71,2433.0
202100003509,10.0,3,3,2,2.0,0.0,3.0,3,1.0,2003.0,A01,10,12,2021,08:40,1,76.0,76351,2,1,1.0,6.0,CRONSTADT (DE),"49,5029200000","0,1179100000",,76.076351,76351,Seine-Maritime,28.0,Normandie,50.0,4.0,3.0,4,1.0,28,Normandie,76,2,96,LeHavre,166058,1780,167838.0
202100003509,1.0,1,1,1,9.0,1.0,-1.0, -1,-1.0,1983.0,A01,10,12,2021,08:40,1,76.0,76351,2,1,1.0,6.0,CRONSTADT (DE),"49,5029200000","0,1179100000",,76.076351,76351,Seine-Maritime,28.0,Normandie,50.0,4.0,3.0,4,1.0,28,Normandie,76,2,96,LeHavre,166058,1780,167838.0
202100003595,1.0,1,4,1,1.0,1.0,-1.0, -1,-1.0,1959.0,B01,10,12,2021,06:45,3,76.0,76319,1,1,3.0,3.0,RN 138,"49,3608825616","1,0365517155",,76.076319,76319,Seine-Maritime,28.0,Normandie,90.0,2.0,1.0,2,2.0,28,Normandie,76,3,9,Grand-Couronne,9726,177,9903.0
202100003595,1.0,1,1,-1,-1.0,8.0,-1.0, -1,-1.0,,A01,10,12,2021,06:45,3,76.0,76319,1,1,3.0,3.0,RN 138,"49,3608825616","1,0365517155",,76.076319,76319,Seine-Maritime,28.0,Normandie,90.0,2.0,1.0,2,2.0,28,Normandie,76,3,9,Grand-Couronne,9726,177,9903.0
202100003596,5.0,2,4,1,0.0,1.0,-1.0, -1,-1.0,1968.0,B01,10,12,2021,05:45,5,76.0,76540,2,2,2.0,2.0,BOURSE. QUAI (HAUT) DE LA,"49,4381500000","1,0915600000",,76.076540,76540,Seine-Maritime,28.0,Normandie,50.0,7.0,2.0,1,2.0,28,Normandie,76,3,97,Rouen,114083,1556,115639.0
202100003596,4.0,2,4,1,0.0,1.0,-1.0, -1,-1.0,1970.0,B01,10,12,2021,05:45,5,76.0,76540,2,2,2.0,2.0,BOURSE. QUAI (HAUT) DE LA,"49,4381500000","1,0915600000",,76.076540,76540,Seine-Maritime,28.0,Normandie,50.0,7.0,2.0,1,2.0,28,Normandie,76,3,97,Rouen,114083,1556,115639.0
202100003596,3.0,2,4,1,0.0,1.0,-1.0, -1,-1.0,1973.0,B01,10,12,2021,05:45,5,76.0,76540,2,2,2.0,2.0,BOURSE. QUAI (HAUT) DE LA,"49,4381500000","1,0915600000",,76.076540,76540,Seine-Maritime,28.0,Normandie,50.0,7.0,2.0,1,2.0,28,Normandie,76,3,97,Rouen,114083,1556,115639.0
202100003596,1.0,1,4,1,4.0,1.0,-1.0, -1,-1.0,1966.0,B01,10,12,2021,05:45,5,76.0,76540,2,2,2.0,2.0,BOURSE. QUAI (HAUT) DE LA,"49,4381500000","1,0915600000",,76.076540,76540,Seine-Maritime,28.0,Normandie,50.0,7.0,2.0,1,2.0,28,Normandie,76,3,97,Rouen,114083,1556,115639.0