Num_Acc,place,catu,grav,sexe,trajet,secu,locp,actp,etatp,an_nais,num_veh,jour,mois,an,hrmn,lum,dep,com,agg,int,atm,col,adr,lat,long,gps,com_insee_temp,com_insee,departmentName,regionCode,regionName,vma,catr,circ,nbv,surf,Code,Region,Departement,Arrondissement,Code_Canton,Nom_Commune,Population_municipaLe,Population_comptee_a_part,Population_Totale
202100003596,4.0,2,4,1,0.0,1.0,-1.0, -1,-1.0,1987.0,B01,10,12,2021,05:45,5,76.0,76540,2,2,2.0,2.0,BOURSE. QUAI (HAUT) DE LA,"49,4381500000","1,0915600000",,76.076540,76540,Seine-Maritime,28.0,Normandie,50.0,7.0,2.0,1,2.0,28,Normandie,76,3,97,Rouen,114083,1556,115639.0
202100003596,5.0,2,4,1,0.0,1.0,-1.0, -1,-1.0,1966.0,B01,10,12,2021,05:45,5,76.0,76540,2,2,2.0,2.0,BOURSE. QUAI (HAUT) DE LA,"49,4381500000","1,0915600000",,76.076540,76540,Seine-Maritime,28.0,Normandie,50.0,7.0,2.0,1,2.0,28,Normandie,76,3,97,Rouen,114083,1556,115639.0
202100003596,1.0,1,1,1,4.0,1.0,-1.0, -1,-1.0,1996.0,Z01,10,12,2021,05:45,5,76.0,76540,2,2,2.0,2.0,BOURSE. QUAI (HAUT) DE LA,"49,4381500000","1,0915600000",,76.076540,76540,Seine-Maritime,28.0,Normandie,50.0,7.0,2.0,1,2.0,28,Normandie,76,3,97,Rouen,114083,1556,115639.0
202100003597,1.0,1,1,1,1.0,1.0,-1.0, -1,-1.0,1973.0,A01,9,12,2021,12:20,1,76.0,76552,2,1,1.0,6.0,EDITH CAVELL,"49,5080700000","0,0837500000",,76.076552,76552,Seine-Maritime,28.0,Normandie,50.0,3.0,2.0,2,2.0,28,Normandie,76,2,19,Sainte-Adresse,7116,188,7304.0
202100003597,10.0,3,2,2,5.0,0.0,5.0,1,1.0,1945.0,A01,9,12,2021,12:20,1,76.0,76552,2,1,1.0,6.0,EDITH CAVELL,"49,5080700000","0,0837500000",,76.076552,76552,Seine-Maritime,28.0,Normandie,50.0,3.0,2.0,2,2.0,28,Normandie,76,2,19,Sainte-Adresse,7116,188,7304.0
202100003598,1.0,1,4,2,0.0,1.0,-1.0, -1,-1.0,1997.0,A01,9,12,2021,19:45,3,76.0,76565,1,3,2.0,6.0,RD 54,"49,8713200000","1,0805400000",,76.076565,76565,Seine-Maritime,28.0,Normandie,80.0,3.0,2.0,2,2.0,28,Normandie,76,1,7,Saint-Aubin-sur-Scie,1202,101,1303.0
202100003598,1.0,1,1,1,0.0,1.0,-1.0, -1,-1.0,1969.0,B01,9,12,2021,19:45,3,76.0,76565,1,3,2.0,6.0,RD 54,"49,8713200000","1,0805400000",,76.076565,76565,Seine-Maritime,28.0,Normandie,80.0,3.0,2.0,2,2.0,28,Normandie,76,1,7,Saint-Aubin-sur-Scie,1202,101,1303.0
202100003599,1.0,1,4,1,4.0,1.0,-1.0, -1,-1.0,1978.0,B01,9,12,2021,12:45,1,76.0,76565,1,1,1.0,3.0,RD 915,"49,8781510000","1,0949510000",,76.076565,76565,Seine-Maritime,28.0,Normandie,80.0,3.0,2.0,2,2.0,28,Normandie,76,1,7,Saint-Aubin-sur-Scie,1202,101,1303.0
202100003599,1.0,1,1,1,5.0,1.0,-1.0, -1,-1.0,1948.0,A01,9,12,2021,12:45,1,76.0,76565,1,1,1.0,3.0,RD 915,"49,8781510000","1,0949510000",,76.076565,76565,Seine-Maritime,28.0,Normandie,80.0,3.0,2.0,2,2.0,28,Normandie,76,1,7,Saint-Aubin-sur-Scie,1202,101,1303.0
202100003759,1.0,1,2,1,5.0,2.0,0.0,0,-1.0,1976.0,A01,11,12,2021,17:15,3,76.0,76562,1,1,2.0,1.0,Ferme de Milan,"49,8832290000","1,1822100000",,76.076562,76562,Seine-Maritime,28.0,Normandie,80.0,3.0,2.0,2,2.0,28,Normandie,76,1,8,Saint-Aubin-le-Cauf,835,22,857.0
202100003759,1.0,1,4,2,1.0,1.0,0.0,0,-1.0,1979.0,B01,11,12,2021,17:15,3,76.0,76562,1,1,2.0,1.0,Ferme de Milan,"49,8832290000","1,1822100000",,76.076562,76562,Seine-Maritime,28.0,Normandie,80.0,3.0,2.0,2,2.0,28,Normandie,76,1,8,Saint-Aubin-le-Cauf,835,22,857.0
202100003762,1.0,1,2,1,5.0,2.0,0.0,0,-1.0,1973.0,A01,11,12,2021,18:50,3,76.0,76404,1,1,8.0,5.0,D925,"49,5854400000","0,2504750000",,76.076404,76404,Seine-Maritime,28.0,Normandie,80.0,3.0,2.0,2,1.0,28,Normandie,76,2,26,Manéglise,1264,23,1287.0
202100003762,1.0,1,1,1,5.0,1.0,0.0,0,-1.0,1986.0,B01,11,12,2021,18:50,3,76.0,76404,1,1,8.0,5.0,D925,"49,5854400000","0,2504750000",,76.076404,76404,Seine-Maritime,28.0,Normandie,80.0,3.0,2.0,2,1.0,28,Normandie,76,2,26,Manéglise,1264,23,1287.0
202100003762,2.0,2,1,2,5.0,1.0,0.0,0,-1.0,1987.0,B01,11,12,2021,18:50,3,76.0,76404,1,1,8.0,5.0,D925,"49,5854400000","0,2504750000",,76.076404,76404,Seine-Maritime,28.0,Normandie,80.0,3.0,2.0,2,1.0,28,Normandie,76,2,26,Manéglise,1264,23,1287.0
202100003762,1.0,1,1,1,5.0,1.0,0.0,0,-1.0,1998.0,C01,11,12,2021,18:50,3,76.0,76404,1,1,8.0,5.0,D925,"49,5854400000","0,2504750000",,76.076404,76404,Seine-Maritime,28.0,Normandie,80.0,3.0,2.0,2,1.0,28,Normandie,76,2,26,Manéglise,1264,23,1287.0
202100003762,2.0,2,1,2,5.0,1.0,0.0,0,-1.0,1999.0,C01,11,12,2021,18:50,3,76.0,76404,1,1,8.0,5.0,D925,"49,5854400000","0,2504750000",,76.076404,76404,Seine-Maritime,28.0,Normandie,80.0,3.0,2.0,2,1.0,28,Normandie,76,2,26,Manéglise,1264,23,1287.0
202100003866,1.0,1,1,1,1.0,1.0,0.0,0,-1.0,1990.0,B01,9,12,2021,07:15,3,76.0,76280,1,1,2.0,1.0,D1314,"49,8235390000","1,4182230000",,76.076280,76280,Seine-Maritime,28.0,Normandie,70.0,3.0,2.0,2,2.0,28,Normandie,76,1,23,FréauvilLe140,1,141,
202100003866,1.0,1,3,1,5.0,1.0,0.0,0,-1.0,1991.0,A01,9,12,2021,07:15,3,76.0,76280,1,1,2.0,1.0,D1314,"49,8235390000","1,4182230000",,76.076280,76280,Seine-Maritime,28.0,Normandie,70.0,3.0,2.0,2,2.0,28,Normandie,76,1,23,FréauvilLe140,1,141,
202100003866,2.0,2,3,1,5.0,1.0,0.0,0,-1.0,2000.0,A01,9,12,2021,07:15,3,76.0,76280,1,1,2.0,1.0,D1314,"49,8235390000","1,4182230000",,76.076280,76280,Seine-Maritime,28.0,Normandie,70.0,3.0,2.0,2,2.0,28,Normandie,76,1,23,FréauvilLe140,1,141,
202100003873,1.0,1,3,1,4.0,1.0,0.0,0,-1.0,1979.0,A01,10,12,2021,12:15,1,76.0,76584,1,1,1.0,7.0,A28,"49,7491640000","1,4792920000",,76.076584,76584,Seine-Maritime,28.0,Normandie,-1.0,1.0,2.0,4,1.0,28,Normandie,76,1,23,Saint-Germain-sur-Eaulne,222,4,226.0
202100004002,2.0,2,4,2,2.0,1.0,-1.0, -1,-1.0,2014.0,B01,7,12,2021,08:30,1,76.0,76497,1,1,5.0,2.0,RN 138,"49,3656310844","1,0394851863",,76.076497,76497,Seine-Maritime,28.0,Normandie,110.0,2.0,1.0,3,2.0,28,Normandie,76,3,13,Petit-Couronne,8688,175,8863.0
202100004002,1.0,1,1,2,2.0,1.0,-1.0, -1,-1.0,1991.0,B01,7,12,2021,08:30,1,76.0,76497,1,1,5.0,2.0,RN 138,"49,3656310844","1,0394851863",,76.076497,76497,Seine-Maritime,28.0,Normandie,110.0,2.0,1.0,3,2.0,28,Normandie,76,3,13,Petit-Couronne,8688,175,8863.0
202100004002,1.0,1,1,1,1.0,1.0,-1.0, -1,-1.0,1979.0,A01,7,12,2021,08:30,1,76.0,76497,1,1,5.0,2.0,RN 138,"49,3656310844","1,0394851863",,76.076497,76497,Seine-Maritime,28.0,Normandie,110.0,2.0,1.0,3,2.0,28,Normandie,76,3,13,Petit-Couronne,8688,175,8863.0
202100004003,1.0,1,1,1,0.0,1.0,-1.0, -1,-1.0,1998.0,A01,6,12,2021,23:00,5,76.0,76351,2,1,1.0,6.0,AMIRAL MOUCHEZ (BD),"49,4876900000","0,1468400000",,76.076351,76351,Seine-Maritime,28.0,Normandie,50.0,3.0,2.0,2,1.0,28,Normandie,76,2,96,LeHavre,166058,1780,167838.0
202100004003,2.0,2,4,2,0.0,1.0,-1.0, -1,-1.0,1995.0,A01,6,12,2021,23:00,5,76.0,76351,2,1,1.0,6.0,AMIRAL MOUCHEZ (BD),"49,4876900000","0,1468400000",,76.076351,76351,Seine-Maritime,28.0,Normandie,50.0,3.0,2.0,2,1.0,28,Normandie,76,2,96,LeHavre,166058,1780,167838.0
202100004004,1.0,1,4,1,0.0,1.0,-1.0, -1,-1.0,1994.0,A01,8,12,2021,19:35,3,76.0,76576,1,1,1.0,6.0,Cite Radieuse,"49,5581800000","0,4473900000",,76.076576,76576,Seine-Maritime,28.0,Normandie,80.0,3.0,2.0,2,2.0,28,Normandie,76,2,3,Saint-Eustache-la-Forêt,1233,16,1249.0
202100004190,1.0,1,4,1,1.0,1.0,0.0,0,-1.0,1968.0,A01,7,12,2021,09:00,1,76.0,76489,1,1,1.0,1.0,Route de la Vallée,"49,5026110000","0,2969960000",,76.076489,76489,Seine-Maritime,28.0,Normandie,70.0,4.0,2.0,2,2.0,28,Normandie,76,2,32,OudalLe479,12,491,
202100004190,1.0,1,4,2,1.0,1.0,0.0,0,-1.0,1994.0,B01,7,12,2021,09:00,1,76.0,76489,1,1,1.0,1.0,Route de la Vallée,"49,5026110000","0,2969960000",,76.076489,76489,Seine-Maritime,28.0,Normandie,70.0,4.0,2.0,2,2.0,28,Normandie,76,2,32,OudalLe479,12,491,
202100004231,10.0,3,4,1,2.0,0.0,4.0,3,1.0,2005.0,A01,6,12,2021,07:50,5,76.0,76540,2,2,2.0,6.0,MARNE. BOULEVARD DE LA,"49,4459200000","1,0866100000",,76.076540,76540,Seine-Maritime,28.0,Normandie,50.0,7.0,2.0,4,2.0,28,Normandie,76,3,97,Rouen,114083,1556,115639.0
202100004231,1.0,1,1,2,1.0,1.0,-1.0, -1,-1.0,1994.0,A01,6,12,2021,07:50,5,76.0,76540,2,2,2.0,6.0,MARNE. BOULEVARD DE LA,"49,4459200000","1,0866100000",,76.076540,76540,Seine-Maritime,28.0,Normandie,50.0,7.0,2.0,4,2.0,28,Normandie,76,3,97,Rouen,114083,1556,115639.0
202100004232,10.0,3,4,1,0.0,0.0,3.0,3,2.0,1976.0,A01,5,12,2021,19:25,5,76.0,76486,2,1,3.0,6.0,CORNEILLE. RUE PIERRE ET THOMAS,"49,3043700000","0,9926100000",,76.076486,76486,Seine-Maritime,28.0,Normandie,50.0,7.0,2.0,2,2.0,28,Normandie,76,3,9,Orival,860,5,865.0
202100004232,1.0,1,1,1,0.0,1.0,-1.0, -1,-1.0,1936.0,A01,5,12,2021,19:25,5,76.0,76486,2,1,3.0,6.0,CORNEILLE. RUE PIERRE ET THOMAS,"49,3043700000","0,9926100000",,76.076486,76486,Seine-Maritime,28.0,Normandie,50.0,7.0,2.0,2,2.0,28,Normandie,76,3,9,Orival,860,5,865.0
202100004233,1.0,1,1,1,0.0,1.0,-1.0, -1,-1.0,1999.0,A01,5,12,2021,21:15,5,76.0,76481,2,6,3.0,3.0,RD 6382,"49,5313900000","0,1075000000",,76.076481,76481,Seine-Maritime,28.0,Normandie,90.0,3.0,3.0,4,2.0,28,Normandie,76,2,26,Octeville-sur-Mer,6122,119,6241.0
202100004233,1.0,1,4,2,0.0,1.0,-1.0, -1,-1.0,1976.0,B01,5,12,2021,21:15,5,76.0,76481,2,6,3.0,3.0,RD 6382,"49,5313900000","0,1075000000",,76.076481,76481,Seine-Maritime,28.0,Normandie,90.0,3.0,3.0,4,2.0,28,Normandie,76,2,26,Octeville-sur-Mer,6122,119,6241.0
202100004234,1.0,1,1,-1,-1.0,8.0,-1.0, -1,-1.0,,Z01,5,12,2021,19:40,5,76.0,76341,2,1,2.0,6.0,GENERAL LECLERC (AVENUE),"49,5058984832","0,1963725686",,76.076341,76341,Seine-Maritime,28.0,Normandie,50.0,3.0,2.0,2,2.0,28,Normandie,76,2,15,Harfleur,8315,53,8368.0
202100004234,10.0,3,4,2,5.0,0.0,3.0,3,1.0,2011.0,Z01,5,12,2021,19:40,5,76.0,76341,2,1,2.0,6.0,GENERAL LECLERC (AVENUE),"49,5058984832","0,1963725686",,76.076341,76341,Seine-Maritime,28.0,Normandie,50.0,3.0,2.0,2,2.0,28,Normandie,76,2,15,Harfleur,8315,53,8368.0
202100004235,2.0,2,4,2,0.0,1.0,-1.0, -1,-1.0,2000.0,A01,3,12,2021,22:30,5,76.0,76270,2,1,3.0,6.0,LOUIS LUMIERE,"49,5271800000","0,1258700000",,76.076270,76270,Seine-Maritime,28.0,Normandie,50.0,3.0,2.0,2,2.0,28,Normandie,76,2,26,Fontaine-la-Mallet,2635,54,2689.0
202100004235,1.0,1,1,1,0.0,1.0,-1.0, -1,-1.0,2000.0,A01,3,12,2021,22:30,5,76.0,76270,2,1,3.0,6.0,LOUIS LUMIERE,"49,5271800000","0,1258700000",,76.076270,76270,Seine-Maritime,28.0,Normandie,50.0,3.0,2.0,2,2.0,28,Normandie,76,2,26,Fontaine-la-Mallet,2635,54,2689.0
202100004456,1.0,1,1,1,4.0,1.0,0.0,0,-1.0,1987.0,B01,7,12,2021,08:15,2,76.0,76197,1,1,1.0,3.0,RN 27 PK033.000,"49,7740860000","1,0638710000",,76.076197,76197,Seine-Maritime,28.0,Normandie,110.0,2.0,3.0,2,1.0,28,Normandie,76,1,20,Criquetot-sur-LonguevilLe217,2,219,
202100004456,1.0,1,3,1,1.0,1.0,0.0,0,-1.0,1990.0,A01,7,12,2021,08:15,2,76.0,76197,1,1,1.0,3.0,RN 27 PK033.000,"49,7740860000","1,0638710000",,76.076197,76197,Seine-Maritime,28.0,Normandie,110.0,2.0,3.0,2,1.0,28,Normandie,76,1,20,Criquetot-sur-LonguevilLe217,2,219,
202100004719,1.0,1,1,1,5.0,1.0,-1.0, -1,-1.0,1972.0,B01,3,12,2021,23:40,5,76.0,76561,2,6,3.0,1.0,Rue Marechal Leclerc,"49,3019000000","1,0125500000",,76.076561,76561,Seine-Maritime,28.0,Normandie,50.0,7.0,2.0,4,2.0,28,Normandie,76,3,5,Saint-Aubin-lès-Elbeuf,8428,75,8503.0
202100004719,2.0,2,1,1,5.0,1.0,-1.0, -1,-1.0,2003.0,A01,3,12,2021,23:40,5,76.0,76561,2,6,3.0,1.0,Rue Marechal Leclerc,"49,3019000000","1,0125500000",,76.076561,76561,Seine-Maritime,28.0,Normandie,50.0,7.0,2.0,4,2.0,28,Normandie,76,3,5,Saint-Aubin-lès-Elbeuf,8428,75,8503.0
202100004719,1.0,1,4,1,5.0,1.0,-1.0, -1,-1.0,2003.0,A01,3,12,2021,23:40,5,76.0,76561,2,6,3.0,1.0,Rue Marechal Leclerc,"49,3019000000","1,0125500000",,76.076561,76561,Seine-Maritime,28.0,Normandie,50.0,7.0,2.0,4,2.0,28,Normandie,76,3,5,Saint-Aubin-lès-Elbeuf,8428,75,8503.0
202100004720,1.0,1,1,2,5.0,1.0,-1.0, -1,-1.0,1949.0,A01,3,12,2021,18:58,5,76.0,76540,2,1,3.0,6.0,CAUCHOISE. PLACE,"49,4459000000","1,0865000000",,76.076540,76540,Seine-Maritime,28.0,Normandie,50.0,7.0,2.0,4,2.0,28,Normandie,76,3,97,Rouen,114083,1556,115639.0
202100004720,10.0,3,4,2,0.0,0.0,3.0,3,1.0,1958.0,A01,3,12,2021,18:58,5,76.0,76540,2,1,3.0,6.0,CAUCHOISE. PLACE,"49,4459000000","1,0865000000",,76.076540,76540,Seine-Maritime,28.0,Normandie,50.0,7.0,2.0,4,2.0,28,Normandie,76,3,97,Rouen,114083,1556,115639.0
202100004721,10.0,3,4,2,3.0,0.0,4.0,3,2.0,1954.0,A01,3,12,2021,18:00,5,76.0,76429,2,2,3.0,6.0,PARIS. ROUTE DE,"49,4059900000","1,1431200000",,76.076429,76429,Seine-Maritime,28.0,Normandie,50.0,7.0,2.0,2,2.0,28,Normandie,76,3,21,LeMesnil-Esnard,7980,353,8333.0
202100004721,10.0,3,4,2,3.0,0.0,4.0,3,2.0,1929.0,A01,3,12,2021,18:00,5,76.0,76429,2,2,3.0,6.0,PARIS. ROUTE DE,"49,4059900000","1,1431200000",,76.076429,76429,Seine-Maritime,28.0,Normandie,50.0,7.0,2.0,2,2.0,28,Normandie,76,3,21,LeMesnil-Esnard,7980,353,8333.0
202100004721,1.0,1,1,2,0.0,1.0,-1.0, -1,-1.0,1955.0,A01,3,12,2021,18:00,5,76.0,76429,2,2,3.0,6.0,PARIS. ROUTE DE,"49,4059900000","1,1431200000",,76.076429,76429,Seine-Maritime,28.0,Normandie,50.0,7.0,2.0,2,2.0,28,Normandie,76,3,21,LeMesnil-Esnard,7980,353,8333.0
202100004722,1.0,1,3,1,0.0,2.0,-1.0, -1,-1.0,1998.0,A01,3,12,2021,03:00,5,76.0,76351,2,1,2.0,7.0,WINSTON CHURCHILL,"49,4932700000","0,1346700000",,76.076351,76351,Seine-Maritime,28.0,Normandie,50.0,4.0,3.0,4,2.0,28,Normandie,76,2,96,LeHavre,166058,1780,167838.0
202100005046,2.0,2,4,2,0.0,8.0,-1.0, -1,-1.0,2006.0,A01,2,12,2021,17:30,5,76.0,76319,2,1,1.0,3.0,SEELZE. RUE DE,"49,3488200000","0,9972600000",,76.076319,76319,Seine-Maritime,28.0,Normandie,50.0,4.0,2.0,2,1.0,28,Normandie,76,3,9,Grand-Couronne,9726,177,9903.0
202100005046,1.0,1,1,-1,-1.0,8.0,-1.0, -1,-1.0,,A01,2,12,2021,17:30,5,76.0,76319,2,1,1.0,3.0,SEELZE. RUE DE,"49,3488200000","0,9972600000",,76.076319,76319,Seine-Maritime,28.0,Normandie,50.0,4.0,2.0,2,1.0,28,Normandie,76,3,9,Grand-Couronne,9726,177,9903.0
202100005046,1.0,1,1,1,0.0,1.0,-1.0, -1,-1.0,1980.0,B01,2,12,2021,17:30,5,76.0,76319,2,1,1.0,3.0,SEELZE. RUE DE,"49,3488200000","0,9972600000",,76.076319,76319,Seine-Maritime,28.0,Normandie,50.0,4.0,2.0,2,1.0,28,Normandie,76,3,9,Grand-Couronne,9726,177,9903.0
202100005047,10.0,3,4,2,1.0,8.0,5.0,3,1.0,2001.0,A01,28,11,2021,17:25,2,76.0,76540,2,1,1.0,6.0,JOFFRE. PLACE,"49,4349300000","1,0862700000",,76.076540,76540,Seine-Maritime,28.0,Normandie,30.0,6.0,-1.0,-1,1.0,28,Normandie,76,3,97,Rouen,114083,1556,115639.0
202100005047,1.0,1,1,-1,-1.0,8.0,-1.0, -1,-1.0,,A01,28,11,2021,17:25,2,76.0,76540,2,1,1.0,6.0,JOFFRE. PLACE,"49,4349300000","1,0862700000",,76.076540,76540,Seine-Maritime,28.0,Normandie,30.0,6.0,-1.0,-1,1.0,28,Normandie,76,3,97,Rouen,114083,1556,115639.0
202100005257,1.0,1,4,2,1.0,2.0,-1.0, -1,-1.0,1973.0,A01,30,11,2021,18:03,5,76.0,76351,2,2,1.0,7.0,JULES GUESDE (RUE),"49,5100800000","0,1183500000",,76.076351,76351,Seine-Maritime,28.0,Normandie,50.0,4.0,2.0,2,1.0,28,Normandie,76,2,96,LeHavre,166058,1780,167838.0
202100005589,1.0,1,4,1,2.0,2.0,0.0,0,-1.0,2003.0,B01,1,12,2021,08:00,2,76.0,76442,1,4,2.0,3.0,d58,"49,9941453646","1,4714089036",,76.076442,76442,Seine-Maritime,28.0,Normandie,80.0,3.0,2.0,2,2.0,28,Normandie,76,1,10,Monchy-sur-Eu,566,12,578.0
202100005589,1.0,1,1,1,4.0,1.0,0.0,0,-1.0,2000.0,A01,1,12,2021,08:00,2,76.0,76442,1,4,2.0,3.0,d58,"49,9941453646","1,4714089036",,76.076442,76442,Seine-Maritime,28.0,Normandie,80.0,3.0,2.0,2,2.0,28,Normandie,76,1,10,Monchy-sur-Eu,566,12,578.0
202100005675,1.0,1,4,1,5.0,1.0,0.0,0,-1.0,1990.0,A01,29,11,2021,10:39,1,76.0,76245,1,9,1.0,5.0,A 151 - PK 005+650,"49,5457760000","1,0373500000",,76.076245,76245,Seine-Maritime,28.0,Normandie,130.0,1.0,3.0,4,1.0,28,Normandie,76,3,24,Eslettes,1641,16,1657.0
202100005675,2.0,2,4,2,5.0,1.0,0.0,0,-1.0,1990.0,A01,29,11,2021,10:39,1,76.0,76245,1,9,1.0,5.0,A 151 - PK 005+650,"49,5457760000","1,0373500000",,76.076245,76245,Seine-Maritime,28.0,Normandie,130.0,1.0,3.0,4,1.0,28,Normandie,76,3,24,Eslettes,1641,16,1657.0
202100005675,1.0,1,1,1,4.0,1.0,0.0,0,-1.0,1988.0,B01,29,11,2021,10:39,1,76.0,76245,1,9,1.0,5.0,A 151 - PK 005+650,"49,5457760000","1,0373500000",,76.076245,76245,Seine-Maritime,28.0,Normandie,130.0,1.0,3.0,4,1.0,28,Normandie,76,3,24,Eslettes,1641,16,1657.0
202100005675,1.0,1,1,1,4.0,1.0,0.0,0,-1.0,1950.0,C01,29,11,2021,10:39,1,76.0,76245,1,9,1.0,5.0,A 151 - PK 005+650,"49,5457760000","1,0373500000",,76.076245,76245,Seine-Maritime,28.0,Normandie,130.0,1.0,3.0,4,1.0,28,Normandie,76,3,24,Eslettes,1641,16,1657.0
202100005747,1.0,1,1,-1,-1.0,8.0,-1.0, -1,-1.0,,A01,28,11,2021,07:55,1,76.0,76681,2,2,2.0,3.0,INDUSTRIEL. BOULEVARD (CD 18E),"49,4032000000","1,1106000000",,76.076681,76681,Seine-Maritime,28.0,Normandie,70.0,7.0,4.0,5,2.0,28,Normandie,76,3,99,Sotteville-lès-Rouen,28965,475,29440.0
202100005747,1.0,1,4,2,1.0,1.0,-1.0, -1,-1.0,2000.0,B01,28,11,2021,07:55,1,76.0,76681,2,2,2.0,3.0,INDUSTRIEL. BOULEVARD (CD 18E),"49,4032000000","1,1106000000",,76.076681,76681,Seine-Maritime,28.0,Normandie,70.0,7.0,4.0,5,2.0,28,Normandie,76,3,99,Sotteville-lès-Rouen,28965,475,29440.0
202100005748,2.0,2,4,1,5.0,1.0,-1.0, -1,-1.0,1975.0,A01,28,11,2021,01:50,5,76.0,76540,2,1,2.0,7.0,Avenue de Bretagne,"49,4311500000","1,0800500000",,76.076540,76540,Seine-Maritime,28.0,Normandie,50.0,7.0,1.0,3,2.0,28,Normandie,76,3,97,Rouen,114083,1556,115639.0
202100005748,1.0,1,1,1,5.0,1.0,-1.0, -1,-1.0,1996.0,A01,28,11,2021,01:50,5,76.0,76540,2,1,2.0,7.0,Avenue de Bretagne,"49,4311500000","1,0800500000",,76.076540,76540,Seine-Maritime,28.0,Normandie,50.0,7.0,1.0,3,2.0,28,Normandie,76,3,97,Rouen,114083,1556,115639.0
202100005903,1.0,1,1,2,4.0,8.0,-1.0, -1,-1.0,1990.0,A01,26,11,2021,10:13,1,76.0,76351,2,2,1.0,6.0,BOIS AU COQ (AVENUE),"49,5125500000","0,1256800000",,76.076351,76351,Seine-Maritime,28.0,Normandie,50.0,4.0,2.0,5,2.0,28,Normandie,76,2,96,LeHavre,166058,1780,167838.0
202100005903,10.0,3,4,2,0.0,0.0,4.0,3,1.0,1939.0,A01,26,11,2021,10:13,1,76.0,76351,2,2,1.0,6.0,BOIS AU COQ (AVENUE),"49,5125500000","0,1256800000",,76.076351,76351,Seine-Maritime,28.0,Normandie,50.0,4.0,2.0,5,2.0,28,Normandie,76,2,96,LeHavre,166058,1780,167838.0
202100006137,1.0,1,3,1,0.0,1.0,0.0,0,-1.0,1986.0,B01,27,11,2021,14:00,1,76.0,76355,1,1,4.0,1.0,D131,"49,6821590000","0,7108180000",,76.076355,76355,Seine-Maritime,28.0,Normandie,80.0,3.0,2.0,2,2.0,28,Normandie,76,3,35,Héricourt-en-Caux,959,13,972.0
202100006137,2.0,2,1,2,0.0,1.0,0.0,0,-1.0,2009.0,A01,27,11,2021,14:00,1,76.0,76355,1,1,4.0,1.0,D131,"49,6821590000","0,7108180000",,76.076355,76355,Seine-Maritime,28.0,Normandie,80.0,3.0,2.0,2,2.0,28,Normandie,76,3,35,Héricourt-en-Caux,959,13,972.0
202100006137,1.0,1,1,2,0.0,1.0,0.0,0,-1.0,2003.0,A01,27,11,2021,14:00,1,76.0,76355,1,1,4.0,1.0,D131,"49,6821590000","0,7108180000",,76.076355,76355,Seine-Maritime,28.0,Normandie,80.0,3.0,2.0,2,2.0,28,Normandie,76,3,35,Héricourt-en-Caux,959,13,972.0
202100006399,1.0,1,1,1,3.0,1.0,-1.0, -1,-1.0,1983.0,A01,9,11,2021,12:15,1,76.0,76540,2,2,1.0,6.0,CONSTANTINE. RUE DE,"49,4480300000","1,0718100000",,76.076540,76540,Seine-Maritime,28.0,Normandie,30.0,4.0,1.0,1,1.0,28,Normandie,76,3,97,Rouen,114083,1556,115639.0
202100006399,10.0,3,4,1,2.0,0.0,4.0,3,1.0,2016.0,A01,9,11,2021,12:15,1,76.0,76540,2,2,1.0,6.0,CONSTANTINE. RUE DE,"49,4480300000","1,0718100000",,76.076540,76540,Seine-Maritime,28.0,Normandie,30.0,4.0,1.0,1,1.0,28,Normandie,76,3,97,Rouen,114083,1556,115639.0
202100006400,2.0,2,4,2,3.0,1.0,-1.0, -1,-1.0,2011.0,B01,23,11,2021,17:51,2,76.0,76351,2,1,1.0,2.0,GUSTAVE NICOLLE,"49,4919000000","0,1492000000",,76.076351,76351,Seine-Maritime,28.0,Normandie,50.0,4.0,2.0,2,1.0,28,Normandie,76,2,96,LeHavre,166058,1780,167838.0
202100006400,1.0,1,1,2,3.0,1.0,-1.0, -1,-1.0,1976.0,B01,23,11,2021,17:51,2,76.0,76351,2,1,1.0,2.0,GUSTAVE NICOLLE,"49,4919000000","0,1492000000",,76.076351,76351,Seine-Maritime,28.0,Normandie,50.0,4.0,2.0,2,1.0,28,Normandie,76,2,96,LeHavre,166058,1780,167838.0
202100006400,1.0,1,1,1,3.0,1.0,-1.0, -1,-1.0,1990.0,A01,23,11,2021,17:51,2,76.0,76351,2,1,1.0,2.0,GUSTAVE NICOLLE,"49,4919000000","0,1492000000",,76.076351,76351,Seine-Maritime,28.0,Normandie,50.0,4.0,2.0,2,1.0,28,Normandie,76,2,96,LeHavre,166058,1780,167838.0
202100006501,1.0,1,3,1,2.0,2.0,0.0,0,-1.0,2004.0,A01,23,11,2021,07:45,1,76.0,76144,1,2,1.0,3.0,Route de Veules,"49,7640090000","0,8809980000",,76.076144,76144,Seine-Maritime,28.0,Normandie,80.0,3.0,2.0,2,1.0,28,Normandie,76,3,35,Bretteville-Saint-Laurent,161,2,163.0
202100006501,1.0,1,1,2,0.0,1.0,0.0,0,-1.0,1951.0,B01,23,11,2021,07:45,1,76.0,76144,1,2,1.0,3.0,Route de Veules,"49,7640090000","0,8809980000",,76.076144,76144,Seine-Maritime,28.0,Normandie,80.0,3.0,2.0,2,1.0,28,Normandie,76,3,35,Bretteville-Saint-Laurent,161,2,163.0