Num_Acc,place,catu,grav,sexe,trajet,secu,locp,actp,etatp,an_nais,num_veh,jour,mois,an,hrmn,lum,dep,com,agg,int,atm,col,adr,lat,long,gps,com_insee_temp,com_insee,departmentName,regionCode,regionName,vma,catr,circ,nbv,surf,Code,Region,Departement,Arrondissement,Code_Canton,Nom_Commune,Population_municipaLe,Population_comptee_a_part,Population_Totale
202100006529,10.0,3,2,1,9.0,0.0,1.0,4,1.0,1944.0,A01,25,11,2021,12:00,1,76.0,76566,2,1,2.0,6.0,Rue Andre Marie,"49,5980900000","0,9746930000",,76.076566,76566,Seine-Maritime,28.0,Normandie,50.0,3.0,2.0,2,2.0,28,Normandie,76,3,24,Sainte-Austreberthe,665,6,671.0
202100006529,1.0,1,1,1,4.0,1.0,0.0,0,-1.0,1968.0,A01,25,11,2021,12:00,1,76.0,76566,2,1,2.0,6.0,Rue Andre Marie,"49,5980900000","0,9746930000",,76.076566,76566,Seine-Maritime,28.0,Normandie,50.0,3.0,2.0,2,2.0,28,Normandie,76,3,24,Sainte-Austreberthe,665,6,671.0
202100006530,2.0,2,3,2,5.0,1.0,0.0,0,-1.0,2003.0,A01,24,11,2021,18:00,3,76.0,76473,1,1,1.0,1.0,D490,"49,4941270000","0,7502870000",,76.076473,76473,Seine-Maritime,28.0,Normandie,80.0,3.0,2.0,2,1.0,28,Normandie,76,3,25,Notre-Dame-de-Bliquetuit,817,11,828.0
202100006530,1.0,1,3,1,1.0,1.0,0.0,0,-1.0,1976.0,A01,24,11,2021,18:00,3,76.0,76473,1,1,1.0,1.0,D490,"49,4941270000","0,7502870000",,76.076473,76473,Seine-Maritime,28.0,Normandie,80.0,3.0,2.0,2,1.0,28,Normandie,76,3,25,Notre-Dame-de-Bliquetuit,817,11,828.0
202100006530,1.0,1,3,1,1.0,1.0,0.0,0,-1.0,2000.0,B01,24,11,2021,18:00,3,76.0,76473,1,1,1.0,1.0,D490,"49,4941270000","0,7502870000",,76.076473,76473,Seine-Maritime,28.0,Normandie,80.0,3.0,2.0,2,1.0,28,Normandie,76,3,25,Notre-Dame-de-Bliquetuit,817,11,828.0
202100006608,1.0,1,1,2,2.0,1.0,-1.0, -1,-1.0,1989.0,A01,22,11,2021,17:25,5,76.0,76498,2,1,1.0,1.0,SEMARD. RUE PIERRE,"49,4175100000","1,0731700000",,76.076498,76498,Seine-Maritime,28.0,Normandie,30.0,4.0,2.0,2,1.0,28,Normandie,76,3,27,LePetit-Quevilly,21782,274,22056.0
202100006608,1.0,1,4,1,0.0,8.0,-1.0, -1,-1.0,2013.0,B01,22,11,2021,17:25,5,76.0,76498,2,1,1.0,1.0,SEMARD. RUE PIERRE,"49,4175100000","1,0731700000",,76.076498,76498,Seine-Maritime,28.0,Normandie,30.0,4.0,2.0,2,1.0,28,Normandie,76,3,27,LePetit-Quevilly,21782,274,22056.0
202100006609,1.0,1,4,2,0.0,1.0,-1.0, -1,-1.0,1987.0,B01,21,11,2021,19:55,5,76.0,76351,2,2,2.0,3.0,LOUIS LUMIERE,"49,5215700000","0,1169900000",,76.076351,76351,Seine-Maritime,28.0,Normandie,50.0,3.0,2.0,2,2.0,28,Normandie,76,2,96,LeHavre,166058,1780,167838.0
202100006609,1.0,1,1,1,0.0,1.0,-1.0, -1,-1.0,2003.0,A01,21,11,2021,19:55,5,76.0,76351,2,2,2.0,3.0,LOUIS LUMIERE,"49,5215700000","0,1169900000",,76.076351,76351,Seine-Maritime,28.0,Normandie,50.0,3.0,2.0,2,2.0,28,Normandie,76,2,96,LeHavre,166058,1780,167838.0
202100006844,1.0,1,1,2,5.0,1.0,0.0,0,-1.0,1999.0,A01,22,11,2021,19:10,5,76.0,76238,2,2,1.0,1.0,rue aristide briand,"49,5632840000","0,2237180000",,76.076238,76238,Seine-Maritime,28.0,Normandie,30.0,3.0,2.0,2,1.0,28,Normandie,76,2,26,ÉpouvilLe2641,38,2679,
202100006844,1.0,1,3,1,1.0,0.0,0.0,0,-1.0,1984.0,B01,22,11,2021,19:10,5,76.0,76238,2,2,1.0,1.0,rue aristide briand,"49,5632840000","0,2237180000",,76.076238,76238,Seine-Maritime,28.0,Normandie,30.0,3.0,2.0,2,1.0,28,Normandie,76,2,26,ÉpouvilLe2641,38,2679,
202100007012,10.0,3,4,1,5.0,0.0,1.0,3,1.0,2013.0,A01,20,11,2021,13:00,1,76.0,76231,2,1,1.0,6.0,VERDUN. RUE DE,"49,2893300000","1,0058750000",,76.076231,76231,Seine-Maritime,28.0,Normandie,50.0,4.0,1.0,1,1.0,28,Normandie,76,3,9,Elbeuf,15951,138,16089.0
202100007012,1.0,1,1,1,0.0,8.0,-1.0, -1,-1.0,1954.0,A01,20,11,2021,13:00,1,76.0,76231,2,1,1.0,6.0,VERDUN. RUE DE,"49,2893300000","1,0058750000",,76.076231,76231,Seine-Maritime,28.0,Normandie,50.0,4.0,1.0,1,1.0,28,Normandie,76,3,9,Elbeuf,15951,138,16089.0
202100007120,1.0,1,1,1,5.0,1.0,-1.0, -1,-1.0,1957.0,A01,18,11,2021,17:00,2,76.0,76447,2,1,1.0,6.0,MARECHAL FOCH,"49,5404100000","0,1874800000",,76.076447,76447,Seine-Maritime,28.0,Normandie,50.0,3.0,2.0,2,1.0,28,Normandie,76,2,15,Montivilliers,15457,203,15660.0
202100007120,10.0,3,3,2,0.0,0.0,1.0,5,1.0,2011.0,A01,18,11,2021,17:00,2,76.0,76447,2,1,1.0,6.0,MARECHAL FOCH,"49,5404100000","0,1874800000",,76.076447,76447,Seine-Maritime,28.0,Normandie,50.0,3.0,2.0,2,1.0,28,Normandie,76,2,15,Montivilliers,15457,203,15660.0
202100007181,10.0,3,4,2,0.0,0.0,3.0,3,1.0,1979.0,A01,19,11,2021,11:40,1,76.0,76540,2,1,1.0,6.0,EUROPE. BOULEVARD DE L',"49,4261600000","1,0870900000",,76.076540,76540,Seine-Maritime,28.0,Normandie,50.0,4.0,2.0,4,1.0,28,Normandie,76,3,97,Rouen,114083,1556,115639.0
202100007181,1.0,1,1,2,0.0,1.0,-1.0, -1,-1.0,1973.0,A01,19,11,2021,11:40,1,76.0,76540,2,1,1.0,6.0,EUROPE. BOULEVARD DE L',"49,4261600000","1,0870900000",,76.076540,76540,Seine-Maritime,28.0,Normandie,50.0,4.0,2.0,4,1.0,28,Normandie,76,3,97,Rouen,114083,1556,115639.0
202100007182,1.0,1,1,1,9.0,1.0,-1.0, -1,-1.0,1980.0,B01,12,11,2021,13:10,1,76.0,76322,1,1,1.0,2.0,ROCADE Nord-Est,"49,4069500000","1,0368700000",,76.076322,76322,Seine-Maritime,28.0,Normandie,90.0,2.0,4.0,4,1.0,28,Normandie,76,3,13,LeGrand-Quevilly,25975,225,26200.0
202100007182,1.0,1,4,1,0.0,1.0,-1.0, -1,-1.0,1952.0,A01,12,11,2021,13:10,1,76.0,76322,1,1,1.0,2.0,ROCADE Nord-Est,"49,4069500000","1,0368700000",,76.076322,76322,Seine-Maritime,28.0,Normandie,90.0,2.0,4.0,4,1.0,28,Normandie,76,3,13,LeGrand-Quevilly,25975,225,26200.0
202100007183,1.0,1,4,1,1.0,1.0,-1.0, -1,-1.0,1999.0,B01,11,11,2021,06:45,5,76.0,76322,1,1,1.0,2.0,VOIE RAPIDE SUD 3 (RN 338),"49,4153900000","1,0452900000",,76.076322,76322,Seine-Maritime,28.0,Normandie,90.0,2.0,3.0,3,1.0,28,Normandie,76,3,13,LeGrand-Quevilly,25975,225,26200.0
202100007183,1.0,1,1,-1,-1.0,8.0,-1.0, -1,-1.0,,A01,11,11,2021,06:45,5,76.0,76322,1,1,1.0,2.0,VOIE RAPIDE SUD 3 (RN 338),"49,4153900000","1,0452900000",,76.076322,76322,Seine-Maritime,28.0,Normandie,90.0,2.0,3.0,3,1.0,28,Normandie,76,3,13,LeGrand-Quevilly,25975,225,26200.0
202100007184,10.0,3,3,2,5.0,0.0,4.0,3,1.0,1972.0,A01,18,11,2021,10:00,1,76.0,76351,2,2,1.0,6.0,LENINGRAD (BD DE),"49,4942610000","0,1384140000",,76.076351,76351,Seine-Maritime,28.0,Normandie,50.0,4.0,2.0,5,1.0,28,Normandie,76,2,96,LeHavre,166058,1780,167838.0
202100007184,1.0,1,1,1,1.0,1.0,-1.0, -1,-1.0,1977.0,A01,18,11,2021,10:00,1,76.0,76351,2,2,1.0,6.0,LENINGRAD (BD DE),"49,4942610000","0,1384140000",,76.076351,76351,Seine-Maritime,28.0,Normandie,50.0,4.0,2.0,5,1.0,28,Normandie,76,2,96,LeHavre,166058,1780,167838.0
202100007185,1.0,1,4,1,5.0,8.0,-1.0, -1,-1.0,1994.0,A01,17,11,2021,22:45,5,76.0,76351,2,1,1.0,7.0,FERRER (RUE),"49,4892000000","0,1392300000",,76.076351,76351,Seine-Maritime,28.0,Normandie,50.0,4.0,2.0,2,1.0,28,Normandie,76,2,96,LeHavre,166058,1780,167838.0
202100007186,1.0,1,3,1,5.0,2.0,-1.0, -1,-1.0,1971.0,A01,14,11,2021,17:59,2,76.0,76329,1,1,2.0,7.0,D6015,"49,5675243317","0,4889298160",,76.076329,76329,Seine-Maritime,28.0,Normandie,50.0,3.0,2.0,3,2.0,28,Normandie,76,2,3,Gruchet-le-Valasse,3074,39,3113.0
202100007477,1.0,1,4,1,9.0,1.0,0.0,0,-1.0,1992.0,A01,18,11,2021,19:30,3,76.0,76424,1,1,1.0,6.0,autoroute A 28 PK 053.400 en direction Abbeville,"49,7603340000","1,4847260000",,76.076424,76424,Seine-Maritime,28.0,Normandie,130.0,1.0,1.0,4,1.0,28,Normandie,76,1,23,Ménonval,231,2,233.0
202100007505,1.0,1,1,1,1.0,1.0,0.0,0,-1.0,1962.0,A01,19,11,2021,19:00,3,76.0,76305,1,1,1.0,2.0,A131,"49,4969880000","0,2303080000",,76.076305,76305,Seine-Maritime,28.0,Normandie,110.0,1.0,4.0,2,1.0,28,Normandie,76,2,16,Gonfreville-l'Orcher,8961,44,9005.0
202100007505,1.0,1,4,1,9.0,2.0,0.0,0,-1.0,1997.0,B01,19,11,2021,19:00,3,76.0,76305,1,1,1.0,2.0,A131,"49,4969880000","0,2303080000",,76.076305,76305,Seine-Maritime,28.0,Normandie,110.0,1.0,4.0,2,1.0,28,Normandie,76,2,16,Gonfreville-l'Orcher,8961,44,9005.0
202100007531,1.0,1,2,1,0.0,8.0,0.0,0,-1.0,1998.0,A01,19,11,2021,00:00,3,76.0,76465,1,1,1.0,7.0,D1314,"49,7218300000","1,4701080000",,76.076465,76465,Seine-Maritime,28.0,Normandie,80.0,3.0,2.0,2,1.0,28,Normandie,76,1,23,Neuville-Ferrières,546,9,555.0
202100007582,1.0,1,4,1,0.0,2.0,-1.0, -1,-1.0,2001.0,B01,17,11,2021,22:00,5,76.0,76540,2,1,1.0,2.0,DARNETAL. ROUTE DE,"49,4419800000","1,1164900000",,76.076540,76540,Seine-Maritime,28.0,Normandie,50.0,7.0,2.0,2,1.0,28,Normandie,76,3,97,Rouen,114083,1556,115639.0
202100007582,2.0,2,4,2,9.0,2.0,-1.0, -1,-1.0,2000.0,B01,17,11,2021,22:00,5,76.0,76540,2,1,1.0,2.0,DARNETAL. ROUTE DE,"49,4419800000","1,1164900000",,76.076540,76540,Seine-Maritime,28.0,Normandie,50.0,7.0,2.0,2,1.0,28,Normandie,76,3,97,Rouen,114083,1556,115639.0
202100007582,1.0,1,4,2,0.0,1.0,-1.0, -1,-1.0,1999.0,A01,17,11,2021,22:00,5,76.0,76540,2,1,1.0,2.0,DARNETAL. ROUTE DE,"49,4419800000","1,1164900000",,76.076540,76540,Seine-Maritime,28.0,Normandie,50.0,7.0,2.0,2,1.0,28,Normandie,76,3,97,Rouen,114083,1556,115639.0
202100007583,1.0,1,1,-1,-1.0,8.0,-1.0, -1,-1.0,,A01,14,11,2021,20:30,5,76.0,76486,2,1,1.0,2.0,ROCHES. ROUTE DES (CD 18),"49,3220000000","1,0140000000",,76.076486,76486,Seine-Maritime,28.0,Normandie,50.0,7.0,2.0,2,2.0,28,Normandie,76,3,9,Orival,860,5,865.0
202100007583,2.0,2,4,2,5.0,1.0,-1.0, -1,-1.0,1989.0,B01,14,11,2021,20:30,5,76.0,76486,2,1,1.0,2.0,ROCHES. ROUTE DES (CD 18),"49,3220000000","1,0140000000",,76.076486,76486,Seine-Maritime,28.0,Normandie,50.0,7.0,2.0,2,2.0,28,Normandie,76,3,9,Orival,860,5,865.0
202100007583,1.0,1,1,1,5.0,1.0,-1.0, -1,-1.0,1989.0,B01,14,11,2021,20:30,5,76.0,76486,2,1,1.0,2.0,ROCHES. ROUTE DES (CD 18),"49,3220000000","1,0140000000",,76.076486,76486,Seine-Maritime,28.0,Normandie,50.0,7.0,2.0,2,2.0,28,Normandie,76,3,9,Orival,860,5,865.0
202100007584,1.0,1,4,1,5.0,1.0,-1.0, -1,-1.0,1999.0,A01,9,11,2021,23:25,5,76.0,76103,2,1,1.0,7.0,PARIS. ROUTE DE,"49,4169500000","1,1328400000",,76.076103,76103,Seine-Maritime,28.0,Normandie,50.0,7.0,2.0,3,1.0,28,Normandie,76,3,6,Bonsecours,6455,95,6550.0
202100007585,1.0,1,1,2,5.0,1.0,-1.0, -1,-1.0,1996.0,A01,16,11,2021,15:25,1,76.0,76351,2,1,1.0,3.0,REPUBLIQUE (COURS DE LA),"49,4923600000","0,1238550000",,76.076351,76351,Seine-Maritime,28.0,Normandie,50.0,4.0,3.0,4,1.0,28,Normandie,76,2,96,LeHavre,166058,1780,167838.0
202100007585,1.0,1,4,1,1.0,2.0,-1.0, -1,-1.0,1981.0,B01,16,11,2021,15:25,1,76.0,76351,2,1,1.0,3.0,REPUBLIQUE (COURS DE LA),"49,4923600000","0,1238550000",,76.076351,76351,Seine-Maritime,28.0,Normandie,50.0,4.0,3.0,4,1.0,28,Normandie,76,2,96,LeHavre,166058,1780,167838.0
202100007779,1.0,1,3,1,5.0,2.0,-1.0, -1,-1.0,1980.0,A01,15,11,2021,21:00,5,76.0,76540,2,2,1.0,1.0,MARNE. BOULEVARD DE LA,"49,4471700000","1,0935700000",,76.076540,76540,Seine-Maritime,28.0,Normandie,50.0,7.0,2.0,6,1.0,28,Normandie,76,3,97,Rouen,114083,1556,115639.0
202100007779,1.0,1,1,1,1.0,1.0,-1.0, -1,-1.0,2000.0,B01,15,11,2021,21:00,5,76.0,76540,2,2,1.0,1.0,MARNE. BOULEVARD DE LA,"49,4471700000","1,0935700000",,76.076540,76540,Seine-Maritime,28.0,Normandie,50.0,7.0,2.0,6,1.0,28,Normandie,76,3,97,Rouen,114083,1556,115639.0
202100007780,2.0,2,3,1,5.0,8.0,-1.0, -1,-1.0,2001.0,A01,14,11,2021,03:20,5,76.0,76231,2,2,2.0,1.0,HENRI. RUE,"49,2906960000","1,0097380000",,76.076231,76231,Seine-Maritime,28.0,Normandie,50.0,7.0,2.0,3,2.0,28,Normandie,76,3,9,Elbeuf,15951,138,16089.0
202100007780,1.0,1,-1,-1,-1.0,8.0,-1.0, -1,-1.0,,A01,14,11,2021,03:20,5,76.0,76231,2,2,2.0,1.0,HENRI. RUE,"49,2906960000","1,0097380000",,76.076231,76231,Seine-Maritime,28.0,Normandie,50.0,7.0,2.0,3,2.0,28,Normandie,76,3,9,Elbeuf,15951,138,16089.0
202100007780,2.0,2,3,1,5.0,8.0,-1.0, -1,-1.0,1994.0,B01,14,11,2021,03:20,5,76.0,76231,2,2,2.0,1.0,HENRI. RUE,"49,2906960000","1,0097380000",,76.076231,76231,Seine-Maritime,28.0,Normandie,50.0,7.0,2.0,3,2.0,28,Normandie,76,3,9,Elbeuf,15951,138,16089.0
202100007780,2.0,2,3,1,5.0,8.0,-1.0, -1,-1.0,1990.0,B01,14,11,2021,03:20,5,76.0,76231,2,2,2.0,1.0,HENRI. RUE,"49,2906960000","1,0097380000",,76.076231,76231,Seine-Maritime,28.0,Normandie,50.0,7.0,2.0,3,2.0,28,Normandie,76,3,9,Elbeuf,15951,138,16089.0
202100007780,1.0,1,-1,-1,-1.0,8.0,-1.0, -1,-1.0,,B01,14,11,2021,03:20,5,76.0,76231,2,2,2.0,1.0,HENRI. RUE,"49,2906960000","1,0097380000",,76.076231,76231,Seine-Maritime,28.0,Normandie,50.0,7.0,2.0,3,2.0,28,Normandie,76,3,9,Elbeuf,15951,138,16089.0
202100007926,1.0,1,1,1,4.0,1.0,0.0,0,-1.0,1968.0,A01,10,11,2021,16:30,1,76.0,76462,1,1,8.0,3.0,Rue de la Vieille Côte,"49,7407760000","1,4699150000",,76.076462,76462,Seine-Maritime,28.0,Normandie,80.0,4.0,2.0,2,1.0,28,Normandie,76,1,23,Neufchâtel-en-Bray,4680,213,4893.0
202100007926,1.0,1,3,1,5.0,2.0,0.0,0,-1.0,2004.0,B01,10,11,2021,16:30,1,76.0,76462,1,1,8.0,3.0,Rue de la Vieille Côte,"49,7407760000","1,4699150000",,76.076462,76462,Seine-Maritime,28.0,Normandie,80.0,4.0,2.0,2,1.0,28,Normandie,76,1,23,Neufchâtel-en-Bray,4680,213,4893.0
202100007990,1.0,1,1,1,1.0,1.0,-1.0, -1,-1.0,1987.0,B01,15,11,2021,13:28,1,76.0,76270,1,1,1.0,1.0,RD 52,"49,5331911105","0,1460018524",,76.076270,76270,Seine-Maritime,28.0,Normandie,50.0,3.0,2.0,2,1.0,28,Normandie,76,2,26,Fontaine-la-Mallet,2635,54,2689.0
202100007990,1.0,1,3,2,2.0,2.0,-1.0, -1,-1.0,2006.0,A01,15,11,2021,13:28,1,76.0,76270,1,1,1.0,1.0,RD 52,"49,5331911105","0,1460018524",,76.076270,76270,Seine-Maritime,28.0,Normandie,50.0,3.0,2.0,2,1.0,28,Normandie,76,2,26,Fontaine-la-Mallet,2635,54,2689.0
202100007991,1.0,1,1,1,4.0,1.0,-1.0, -1,-1.0,1975.0,B01,13,11,2021,17:21,5,76.0,76351,2,2,2.0,3.0,BOIS AU COQ (AVENUE),"49,5185000000","0,1167000000",,76.076351,76351,Seine-Maritime,28.0,Normandie,50.0,4.0,3.0,4,2.0,28,Normandie,76,2,96,LeHavre,166058,1780,167838.0
202100007991,1.0,1,3,1,5.0,2.0,-1.0, -1,-1.0,2004.0,A01,13,11,2021,17:21,5,76.0,76351,2,2,2.0,3.0,BOIS AU COQ (AVENUE),"49,5185000000","0,1167000000",,76.076351,76351,Seine-Maritime,28.0,Normandie,50.0,4.0,3.0,4,2.0,28,Normandie,76,2,96,LeHavre,166058,1780,167838.0
202100007992,10.0,3,3,1,0.0,0.0,3.0,3,1.0,1968.0,A01,12,11,2021,18:10,5,76.0,76351,2,3,1.0,6.0,FRANCOIS 1ER (BD),"49,4924000000","0,0988000000",,76.076351,76351,Seine-Maritime,28.0,Normandie,50.0,4.0,3.0,4,2.0,28,Normandie,76,2,96,LeHavre,166058,1780,167838.0
202100007992,1.0,1,1,1,0.0,1.0,-1.0, -1,-1.0,1951.0,A01,12,11,2021,18:10,5,76.0,76351,2,3,1.0,6.0,FRANCOIS 1ER (BD),"49,4924000000","0,0988000000",,76.076351,76351,Seine-Maritime,28.0,Normandie,50.0,4.0,3.0,4,2.0,28,Normandie,76,2,96,LeHavre,166058,1780,167838.0
202100007993,1.0,1,1,2,5.0,2.0,-1.0, -1,-1.0,1976.0,A01,8,11,2021,13:25,1,76.0,76351,2,1,1.0,2.0,AMIRAL MOUCHEZ (BD),"49,4866000000","0,1418900000",,76.076351,76351,Seine-Maritime,28.0,Normandie,50.0,4.0,2.0,2,1.0,28,Normandie,76,2,96,LeHavre,166058,1780,167838.0
202100007993,2.0,2,4,1,5.0,2.0,-1.0, -1,-1.0,1974.0,A01,8,11,2021,13:25,1,76.0,76351,2,1,1.0,2.0,AMIRAL MOUCHEZ (BD),"49,4866000000","0,1418900000",,76.076351,76351,Seine-Maritime,28.0,Normandie,50.0,4.0,2.0,2,1.0,28,Normandie,76,2,96,LeHavre,166058,1780,167838.0
202100007993,1.0,1,1,1,5.0,1.0,-1.0, -1,-1.0,1986.0,B01,8,11,2021,13:25,1,76.0,76351,2,1,1.0,2.0,AMIRAL MOUCHEZ (BD),"49,4866000000","0,1418900000",,76.076351,76351,Seine-Maritime,28.0,Normandie,50.0,4.0,2.0,2,1.0,28,Normandie,76,2,96,LeHavre,166058,1780,167838.0
202100008173,1.0,1,1,2,1.0,1.0,0.0,0,-1.0,1992.0,A01,15,11,2021,12:30,1,76.0,76595,1,4,1.0,6.0,départementale 139,"49,6356720000","0,1905070000",,76.076595,76595,Seine-Maritime,28.0,Normandie,80.0,3.0,2.0,2,1.0,28,Normandie,76,2,26,Saint-Jouin-Bruneval,1829,35,1864.0
202100008173,1.0,1,3,1,5.0,2.0,0.0,0,-1.0,1961.0,B01,15,11,2021,12:30,1,76.0,76595,1,4,1.0,6.0,départementale 139,"49,6356720000","0,1905070000",,76.076595,76595,Seine-Maritime,28.0,Normandie,80.0,3.0,2.0,2,1.0,28,Normandie,76,2,26,Saint-Jouin-Bruneval,1829,35,1864.0
202100008453,1.0,1,3,1,5.0,2.0,-1.0, -1,-1.0,2004.0,A01,10,11,2021,23:15,5,76.0,76410,2,1,1.0,7.0,8 MAI 1945. RUE DU,"49,4808300000","1,0366700000",,76.076410,76410,Seine-Maritime,28.0,Normandie,30.0,7.0,2.0,2,1.0,28,Normandie,76,3,4,Maromme,11024,122,11146.0
202100008453,2.0,2,4,1,5.0,2.0,-1.0, -1,-1.0,2004.0,A01,10,11,2021,23:15,5,76.0,76410,2,1,1.0,7.0,8 MAI 1945. RUE DU,"49,4808300000","1,0366700000",,76.076410,76410,Seine-Maritime,28.0,Normandie,30.0,7.0,2.0,2,1.0,28,Normandie,76,3,4,Maromme,11024,122,11146.0
202100008650,1.0,1,4,1,1.0,1.0,0.0,0,-1.0,1972.0,A01,10,11,2021,20:50,3,76.0,76239,1,1,8.0,7.0,A29,"49,5436967228","0,3296662404",,76.076239,76239,Seine-Maritime,28.0,Normandie,130.0,1.0,3.0,4,1.0,28,Normandie,76,2,32,Épretot,783,13,796.0
202100008700,1.0,1,1,-1,-1.0,8.0,-1.0, -1,-1.0,,A01,6,11,2021,20:50,5,76.0,76351,2,2,1.0,3.0,JULES TELLIER,"49,4983400000","0,1234700000",,76.076351,76351,Seine-Maritime,28.0,Normandie,50.0,4.0,2.0,2,1.0,28,Normandie,76,2,96,LeHavre,166058,1780,167838.0
202100008700,1.0,1,4,1,0.0,2.0,-1.0, -1,-1.0,1988.0,B01,6,11,2021,20:50,5,76.0,76351,2,2,1.0,3.0,JULES TELLIER,"49,4983400000","0,1234700000",,76.076351,76351,Seine-Maritime,28.0,Normandie,50.0,4.0,2.0,2,1.0,28,Normandie,76,2,96,LeHavre,166058,1780,167838.0
202100008905,1.0,1,1,1,1.0,0.0,0.0,0,-1.0,1993.0,B01,8,11,2021,16:30,1,76.0,76314,2,1,1.0,1.0,530 Route d Etainhus,"49,5718890000","0,3294330000",,76.076314,76314,Seine-Maritime,28.0,Normandie,50.0,3.0,3.0,2,1.0,28,Normandie,76,2,32,GraimbouvilLe612,13,625,
202100008905,1.0,1,3,1,1.0,1.0,0.0,0,-1.0,1993.0,A01,8,11,2021,16:30,1,76.0,76314,2,1,1.0,1.0,530 Route d Etainhus,"49,5718890000","0,3294330000",,76.076314,76314,Seine-Maritime,28.0,Normandie,50.0,3.0,3.0,2,1.0,28,Normandie,76,2,32,GraimbouvilLe612,13,625,
202100008937,1.0,1,4,2,5.0,1.0,-1.0, -1,-1.0,1987.0,B01,7,11,2021,20:00,5,76.0,76231,2,3,1.0,3.0,POUSSIN. RUE NICOLAS,"49,2859940000","1,0034110000",,76.076231,76231,Seine-Maritime,28.0,Normandie,50.0,4.0,2.0,2,1.0,28,Normandie,76,3,9,Elbeuf,15951,138,16089.0
202100008937,1.0,1,1,-1,-1.0,8.0,-1.0, -1,-1.0,,A01,7,11,2021,20:00,5,76.0,76231,2,3,1.0,3.0,POUSSIN. RUE NICOLAS,"49,2859940000","1,0034110000",,76.076231,76231,Seine-Maritime,28.0,Normandie,50.0,4.0,2.0,2,1.0,28,Normandie,76,3,9,Elbeuf,15951,138,16089.0
202100008938,1.0,1,1,1,5.0,1.0,-1.0, -1,-1.0,2002.0,A01,7,11,2021,07:00,5,76.0,76540,2,1,1.0,2.0,PARIS. QUAI DE,"49,4366600000","1,0997400000",,76.076540,76540,Seine-Maritime,28.0,Normandie,50.0,7.0,2.0,4,2.0,28,Normandie,76,3,97,Rouen,114083,1556,115639.0
202100008938,1.0,1,4,2,1.0,2.0,-1.0, -1,-1.0,1995.0,B01,7,11,2021,07:00,5,76.0,76540,2,1,1.0,2.0,PARIS. QUAI DE,"49,4366600000","1,0997400000",,76.076540,76540,Seine-Maritime,28.0,Normandie,50.0,7.0,2.0,4,2.0,28,Normandie,76,3,97,Rouen,114083,1556,115639.0
202100009078,1.0,1,4,1,0.0,2.0,-1.0, -1,-1.0,2004.0,A01,6,11,2021,19:30,5,76.0,76540,2,2,1.0,3.0,EUROPE. BOULEVARD DE L',"49,4282000000","1,0809800000",,76.076540,76540,Seine-Maritime,28.0,Normandie,50.0,4.0,2.0,4,1.0,28,Normandie,76,3,97,Rouen,114083,1556,115639.0
202100009078,1.0,1,1,1,0.0,1.0,-1.0, -1,-1.0,1991.0,B01,6,11,2021,19:30,5,76.0,76540,2,2,1.0,3.0,EUROPE. BOULEVARD DE L',"49,4282000000","1,0809800000",,76.076540,76540,Seine-Maritime,28.0,Normandie,50.0,4.0,2.0,4,1.0,28,Normandie,76,3,97,Rouen,114083,1556,115639.0
202100009079,1.0,1,1,1,5.0,8.0,-1.0, -1,-1.0,1970.0,A01,5,11,2021,18:30,5,76.0,76322,2,1,8.0,6.0,SATIE. RUE ERIK,"49,4070300000","1,0459300000",,76.076322,76322,Seine-Maritime,28.0,Normandie,30.0,4.0,2.0,2,1.0,28,Normandie,76,3,13,LeGrand-Quevilly,25975,225,26200.0
202100009079,10.0,3,4,1,1.0,0.0,1.0,3,2.0,1996.0,A01,5,11,2021,18:30,5,76.0,76322,2,1,8.0,6.0,SATIE. RUE ERIK,"49,4070300000","1,0459300000",,76.076322,76322,Seine-Maritime,28.0,Normandie,30.0,4.0,2.0,2,1.0,28,Normandie,76,3,13,LeGrand-Quevilly,25975,225,26200.0
202100009146,2.0,2,3,2,5.0,2.0,0.0,0,-1.0,1960.0,B01,7,11,2021,16:30,1,76.0,76436,2,1,1.0,3.0,1525 Route du Manoir,"49,4126170000","0,8643820000",,76.076436,76436,Seine-Maritime,28.0,Normandie,50.0,7.0,2.0,2,1.0,28,Normandie,76,3,1,LeMesnil-sous-Jumièges,614,4,618.0
202100009146,1.0,1,1,1,5.0,2.0,0.0,0,-1.0,1964.0,B01,7,11,2021,16:30,1,76.0,76436,2,1,1.0,3.0,1525 Route du Manoir,"49,4126170000","0,8643820000",,76.076436,76436,Seine-Maritime,28.0,Normandie,50.0,7.0,2.0,2,1.0,28,Normandie,76,3,1,LeMesnil-sous-Jumièges,614,4,618.0
202100009146,1.0,1,1,2,5.0,1.0,0.0,0,-1.0,1944.0,A01,7,11,2021,16:30,1,76.0,76436,2,1,1.0,3.0,1525 Route du Manoir,"49,4126170000","0,8643820000",,76.076436,76436,Seine-Maritime,28.0,Normandie,50.0,7.0,2.0,2,1.0,28,Normandie,76,3,1,LeMesnil-sous-Jumièges,614,4,618.0