Num_Acc,place,catu,grav,sexe,trajet,secu,locp,actp,etatp,an_nais,num_veh,jour,mois,an,hrmn,lum,dep,com,agg,int,atm,col,adr,lat,long,gps,com_insee_temp,com_insee,departmentName,regionCode,regionName,vma,catr,circ,nbv,surf,Code,Region,Departement,Arrondissement,Code_Canton,Nom_Commune,Population_municipaLe,Population_comptee_a_part,Population_Totale
202100009224,1.0,1,1,1,9.0,1.0,-1.0, -1,-1.0,1961.0,C01,5,11,2021,17:45,5,76.0,76217,1,6,1.0,4.0,D485,"49,9227500000","1,1112200000",,76.076217,76217,Seine-Maritime,28.0,Normandie,50.0,3.0,-1.0,6,1.0,28,Normandie,76,1,95,Dieppe,28358,455,28813.0
202100009224,1.0,1,4,1,9.0,1.0,-1.0, -1,-1.0,1947.0,B01,5,11,2021,17:45,5,76.0,76217,1,6,1.0,4.0,D485,"49,9227500000","1,1112200000",,76.076217,76217,Seine-Maritime,28.0,Normandie,50.0,3.0,-1.0,6,1.0,28,Normandie,76,1,95,Dieppe,28358,455,28813.0
202100009224,1.0,1,4,1,0.0,1.0,-1.0, -1,-1.0,1981.0,A01,5,11,2021,17:45,5,76.0,76217,1,6,1.0,4.0,D485,"49,9227500000","1,1112200000",,76.076217,76217,Seine-Maritime,28.0,Normandie,50.0,3.0,-1.0,6,1.0,28,Normandie,76,1,95,Dieppe,28358,455,28813.0
202100009373,1.0,1,1,1,5.0,1.0,0.0,0,-1.0,1948.0,A01,5,11,2021,17:15,1,76.0,76239,1,1,1.0,4.0,D39,"49,5533110000","0,3311240000",,76.076239,76239,Seine-Maritime,28.0,Normandie,70.0,3.0,2.0,2,1.0,28,Normandie,76,2,32,Épretot,783,13,796.0
202100009373,1.0,1,4,1,5.0,2.0,0.0,0,-1.0,1963.0,B01,5,11,2021,17:15,1,76.0,76239,1,1,1.0,4.0,D39,"49,5533110000","0,3311240000",,76.076239,76239,Seine-Maritime,28.0,Normandie,70.0,3.0,2.0,2,1.0,28,Normandie,76,2,32,Épretot,783,13,796.0
202100009373,2.0,2,4,2,5.0,2.0,0.0,0,-1.0,1963.0,B01,5,11,2021,17:15,1,76.0,76239,1,1,1.0,4.0,D39,"49,5533110000","0,3311240000",,76.076239,76239,Seine-Maritime,28.0,Normandie,70.0,3.0,2.0,2,1.0,28,Normandie,76,2,32,Épretot,783,13,796.0
202100009373,1.0,1,1,1,1.0,1.0,0.0,0,-1.0,1995.0,C01,5,11,2021,17:15,1,76.0,76239,1,1,1.0,4.0,D39,"49,5533110000","0,3311240000",,76.076239,76239,Seine-Maritime,28.0,Normandie,70.0,3.0,2.0,2,1.0,28,Normandie,76,2,32,Épretot,783,13,796.0
202100009418,1.0,1,4,1,5.0,2.0,-1.0, -1,-1.0,2005.0,B01,4,11,2021,17:00,1,76.0,76640,2,3,2.0,3.0,GRIOLET. RUE DE,"49,2809610000","1,0391970000",,76.076640,76640,Seine-Maritime,28.0,Normandie,50.0,4.0,2.0,2,2.0,28,Normandie,76,3,5,Saint-Pierre-lès-Elbeuf,8285,87,8372.0
202100009418,1.0,1,1,2,5.0,1.0,-1.0, -1,-1.0,1937.0,A01,4,11,2021,17:00,1,76.0,76640,2,3,2.0,3.0,GRIOLET. RUE DE,"49,2809610000","1,0391970000",,76.076640,76640,Seine-Maritime,28.0,Normandie,50.0,4.0,2.0,2,2.0,28,Normandie,76,3,5,Saint-Pierre-lès-Elbeuf,8285,87,8372.0
202100009539,1.0,1,4,1,4.0,1.0,0.0,0,-1.0,1986.0,A01,5,11,2021,15:00,1,76.0,76718,1,1,1.0,5.0,D6015,"49,6156530000","0,6982430000",,76.076718,76718,Seine-Maritime,28.0,Normandie,80.0,3.0,2.0,3,1.0,28,Normandie,76,3,35,ValliquervilLe1423,38,1461,
202100009539,1.0,1,3,2,0.0,1.0,0.0,0,-1.0,1969.0,B01,5,11,2021,15:00,1,76.0,76718,1,1,1.0,5.0,D6015,"49,6156530000","0,6982430000",,76.076718,76718,Seine-Maritime,28.0,Normandie,80.0,3.0,2.0,3,1.0,28,Normandie,76,3,35,ValliquervilLe1423,38,1461,
202100009539,1.0,1,4,1,4.0,8.0,0.0,0,-1.0,1987.0,C01,5,11,2021,15:00,1,76.0,76718,1,1,1.0,5.0,D6015,"49,6156530000","0,6982430000",,76.076718,76718,Seine-Maritime,28.0,Normandie,80.0,3.0,2.0,3,1.0,28,Normandie,76,3,35,ValliquervilLe1423,38,1461,
202100009652,1.0,1,1,1,1.0,1.0,0.0,0,-1.0,1985.0,B01,4,11,2021,08:20,1,76.0,76258,1,1,2.0,3.0,Route Departementale 926,"49,6805830000","0,5589080000",,76.076258,76258,Seine-Maritime,28.0,Normandie,80.0,3.0,2.0,2,2.0,28,Normandie,76,2,33,Terres-de-Caux,4208,112,4320.0
202100009652,1.0,1,3,1,1.0,6.0,0.0,0,-1.0,2005.0,A01,4,11,2021,08:20,1,76.0,76258,1,1,2.0,3.0,Route Departementale 926,"49,6805830000","0,5589080000",,76.076258,76258,Seine-Maritime,28.0,Normandie,80.0,3.0,2.0,2,2.0,28,Normandie,76,2,33,Terres-de-Caux,4208,112,4320.0
202100009745,1.0,1,4,1,5.0,1.0,-1.0, -1,-1.0,2004.0,B01,30,10,2021,05:57,5,76.0,76351,2,3,1.0,3.0,JEAN JAURES (AVENUE),"49,4982700000","0,1481400000",,76.076351,76351,Seine-Maritime,28.0,Normandie,50.0,4.0,2.0,3,2.0,28,Normandie,76,2,96,LeHavre,166058,1780,167838.0
202100009745,1.0,1,1,1,1.0,1.0,-1.0, -1,-1.0,1975.0,A01,30,10,2021,05:57,5,76.0,76351,2,3,1.0,3.0,JEAN JAURES (AVENUE),"49,4982700000","0,1481400000",,76.076351,76351,Seine-Maritime,28.0,Normandie,50.0,4.0,2.0,3,2.0,28,Normandie,76,2,96,LeHavre,166058,1780,167838.0
202100009746,2.0,2,4,1,0.0,2.0,-1.0, -1,-1.0,2002.0,A01,29,10,2021,20:41,5,76.0,76447,2,1,1.0,6.0,FAUBOURG ASSIQUET,"49,5474000000","0,1961000000",,76.076447,76447,Seine-Maritime,28.0,Normandie,50.0,3.0,2.0,2,1.0,28,Normandie,76,2,15,Montivilliers,15457,203,15660.0
202100009746,1.0,1,4,1,5.0,2.0,-1.0, -1,-1.0,2003.0,A01,29,10,2021,20:41,5,76.0,76447,2,1,1.0,6.0,FAUBOURG ASSIQUET,"49,5474000000","0,1961000000",,76.076447,76447,Seine-Maritime,28.0,Normandie,50.0,3.0,2.0,2,1.0,28,Normandie,76,2,15,Montivilliers,15457,203,15660.0
202100009854,1.0,1,4,1,4.0,1.0,0.0,0,-1.0,2002.0,A01,3,11,2021,01:25,3,76.0,76682,1,1,1.0,7.0,a13,"49,3200240000","1,1026270000",,76.076682,76682,Seine-Maritime,28.0,Normandie,110.0,1.0,3.0,5,1.0,28,Normandie,76,3,5,Sotteville-sous-le-Val,742,4,746.0
202100009901,1.0,1,3,1,5.0,8.0,-1.0, -1,-1.0,1987.0,A01,1,11,2021,10:30,1,76.0,76319,1,1,1.0,7.0,RN 138,"49,3540300000","1,0297500000",,76.076319,76319,Seine-Maritime,28.0,Normandie,90.0,2.0,3.0,2,1.0,28,Normandie,76,3,9,Grand-Couronne,9726,177,9903.0
202100009949,1.0,1,1,1,0.0,8.0,0.0,0,-1.0,1999.0,A01,20,10,2021,20:15,3,76.0,76063,1,2,3.0,3.0,D23,"49,7255890000","0,9956790000",,76.076063,76063,Seine-Maritime,28.0,Normandie,80.0,3.0,2.0,2,2.0,28,Normandie,76,1,20,Beauval-en-Caux,463,10,473.0
202100009949,1.0,1,3,1,1.0,1.0,0.0,0,-1.0,1954.0,B01,20,10,2021,20:15,3,76.0,76063,1,2,3.0,3.0,D23,"49,7255890000","0,9956790000",,76.076063,76063,Seine-Maritime,28.0,Normandie,80.0,3.0,2.0,2,2.0,28,Normandie,76,1,20,Beauval-en-Caux,463,10,473.0
202100010012,1.0,1,3,1,5.0,2.0,-1.0, -1,-1.0,2005.0,A01,31,10,2021,18:55,5,76.0,76259,2,9,1.0,3.0,BERIGNY (QUAI),"49,7601700000","0,3690700000",,76.076259,76259,Seine-Maritime,28.0,Normandie,50.0,3.0,2.0,2,1.0,28,Normandie,76,2,11,Fécamp,18016,269,18285.0
202100010012,1.0,1,1,1,5.0,1.0,-1.0, -1,-1.0,1966.0,B01,31,10,2021,18:55,5,76.0,76259,2,9,1.0,3.0,BERIGNY (QUAI),"49,7601700000","0,3690700000",,76.076259,76259,Seine-Maritime,28.0,Normandie,50.0,3.0,2.0,2,1.0,28,Normandie,76,2,11,Fécamp,18016,269,18285.0
202100010138,1.0,1,1,1,1.0,1.0,-1.0, -1,-1.0,1954.0,A01,30,10,2021,21:40,5,76.0,76540,2,2,1.0,3.0,LA FAYETTE. RUE,"49,4325100000","1,0895000000",,76.076540,76540,Seine-Maritime,28.0,Normandie,30.0,4.0,1.0,1,1.0,28,Normandie,76,3,97,Rouen,114083,1556,115639.0
202100010138,1.0,1,4,1,4.0,8.0,-1.0, -1,-1.0,1998.0,B01,30,10,2021,21:40,5,76.0,76540,2,2,1.0,3.0,LA FAYETTE. RUE,"49,4325100000","1,0895000000",,76.076540,76540,Seine-Maritime,28.0,Normandie,30.0,4.0,1.0,1,1.0,28,Normandie,76,3,97,Rouen,114083,1556,115639.0
202100010202,1.0,1,4,1,5.0,2.0,0.0,0,-1.0,2005.0,A01,30,10,2021,20:30,3,76.0,76020,1,9,1.0,7.0,Route de Bourg Achard,"49,4414840000","0,8885760000",,76.076020,76020,Seine-Maritime,28.0,Normandie,80.0,7.0,2.0,2,1.0,28,Normandie,76,3,1,Anneville-AmbourvilLe1168,18,1186,
202100010261,1.0,1,1,1,4.0,1.0,-1.0, -1,-1.0,1985.0,A01,29,10,2021,21:30,3,76.0,76540,2,2,1.0,6.0,CHAMPLAIN. AVENUE,"49,4347000000","1,0934700000",,76.076540,76540,Seine-Maritime,28.0,Normandie,30.0,4.0,1.0,3,2.0,28,Normandie,76,3,97,Rouen,114083,1556,115639.0
202100010261,10.0,3,4,1,0.0,0.0,3.0,3,1.0,1962.0,A01,29,10,2021,21:30,3,76.0,76540,2,2,1.0,6.0,CHAMPLAIN. AVENUE,"49,4347000000","1,0934700000",,76.076540,76540,Seine-Maritime,28.0,Normandie,30.0,4.0,1.0,3,2.0,28,Normandie,76,3,97,Rouen,114083,1556,115639.0
202100010405,2.0,2,3,2,0.0,1.0,0.0,0,-1.0,1981.0,A01,30,10,2021,11:10,1,76.0,76435,1,1,8.0,7.0,D78,"49,9668875276","1,4559657289",,76.076435,76435,Seine-Maritime,28.0,Normandie,70.0,3.0,2.0,2,2.0,28,Normandie,76,1,10,LeMesnil-Réaume,797,16,813.0
202100010405,1.0,1,1,1,0.0,1.0,0.0,0,-1.0,1973.0,A01,30,10,2021,11:10,1,76.0,76435,1,1,8.0,7.0,D78,"49,9668875276","1,4559657289",,76.076435,76435,Seine-Maritime,28.0,Normandie,70.0,3.0,2.0,2,2.0,28,Normandie,76,1,10,LeMesnil-Réaume,797,16,813.0
202100010447,1.0,1,2,1,0.0,1.0,0.0,0,-1.0,1946.0,A01,29,10,2021,12:00,1,76.0,76385,1,1,1.0,7.0,Route de Pavilly,"49,5988900000","0,9448600000",,76.076385,76385,Seine-Maritime,28.0,Normandie,80.0,3.0,2.0,2,2.0,28,Normandie,76,3,24,Limésy,1471,54,1525.0
202100010495,1.0,1,1,1,9.0,1.0,-1.0, -1,-1.0,1990.0,A01,28,10,2021,20:00,3,76.0,76540,2,2,1.0,5.0,MERIDIENNE. RUE,"49,4257800000","1,0826100000",,76.076540,76540,Seine-Maritime,28.0,Normandie,30.0,4.0,2.0,3,1.0,28,Normandie,76,3,97,Rouen,114083,1556,115639.0
202100010495,2.0,2,4,2,0.0,1.0,-1.0, -1,-1.0,1993.0,A01,28,10,2021,20:00,3,76.0,76540,2,2,1.0,5.0,MERIDIENNE. RUE,"49,4257800000","1,0826100000",,76.076540,76540,Seine-Maritime,28.0,Normandie,30.0,4.0,2.0,3,1.0,28,Normandie,76,3,97,Rouen,114083,1556,115639.0
202100010495,1.0,1,1,1,9.0,1.0,-1.0, -1,-1.0,1993.0,B01,28,10,2021,20:00,3,76.0,76540,2,2,1.0,5.0,MERIDIENNE. RUE,"49,4257800000","1,0826100000",,76.076540,76540,Seine-Maritime,28.0,Normandie,30.0,4.0,2.0,3,1.0,28,Normandie,76,3,97,Rouen,114083,1556,115639.0
202100010495,1.0,1,1,-1,-1.0,8.0,-1.0, -1,-1.0,,Z01,28,10,2021,20:00,3,76.0,76540,2,2,1.0,5.0,MERIDIENNE. RUE,"49,4257800000","1,0826100000",,76.076540,76540,Seine-Maritime,28.0,Normandie,30.0,4.0,2.0,3,1.0,28,Normandie,76,3,97,Rouen,114083,1556,115639.0
202100010496,1.0,1,3,1,0.0,2.0,-1.0, -1,-1.0,1995.0,A01,27,10,2021,22:00,5,76.0,76351,2,1,1.0,7.0,RENE COTY,"49,4981400000","0,1156400000",,76.076351,76351,Seine-Maritime,28.0,Normandie,30.0,4.0,2.0,2,1.0,28,Normandie,76,2,96,LeHavre,166058,1780,167838.0
202100010497,1.0,1,4,2,0.0,1.0,-1.0, -1,-1.0,1982.0,B01,28,10,2021,15:40,1,76.0,76026,1,6,1.0,3.0,RD 54B,"49,8759700000","1,1173300000",,76.076026,76026,Seine-Maritime,28.0,Normandie,80.0,3.0,1.0,2,1.0,28,Normandie,76,1,8,Arques-la-BatailLe2480,44,2524,
202100010497,1.0,1,1,1,0.0,1.0,-1.0, -1,-1.0,1984.0,A01,28,10,2021,15:40,1,76.0,76026,1,6,1.0,3.0,RD 54B,"49,8759700000","1,1173300000",,76.076026,76026,Seine-Maritime,28.0,Normandie,80.0,3.0,1.0,2,1.0,28,Normandie,76,1,8,Arques-la-BatailLe2480,44,2524,
202100010694,1.0,1,1,1,9.0,1.0,-1.0, -1,-1.0,1976.0,A01,27,10,2021,09:00,1,76.0,76540,2,2,1.0,3.0,GAMBETTA. BOULEVARD,"49,4386793600","1,1079317167",,76.076540,76540,Seine-Maritime,28.0,Normandie,50.0,7.0,2.0,2,1.0,28,Normandie,76,3,97,Rouen,114083,1556,115639.0
202100010694,1.0,1,4,2,1.0,8.0,-1.0, -1,-1.0,1995.0,B01,27,10,2021,09:00,1,76.0,76540,2,2,1.0,3.0,GAMBETTA. BOULEVARD,"49,4386793600","1,1079317167",,76.076540,76540,Seine-Maritime,28.0,Normandie,50.0,7.0,2.0,2,1.0,28,Normandie,76,3,97,Rouen,114083,1556,115639.0
202100010778,1.0,1,4,1,5.0,0.0,0.0,0,-1.0,2001.0,A01,27,10,2021,17:00,1,76.0,76374,1,1,1.0,7.0,Rue Guy de Maupassant,"50,0103450000","1,4956050000",,76.076374,76374,Seine-Maritime,28.0,Normandie,-1.0,9.0,-1.0,2,1.0,28,Normandie,76,1,10,InchevilLe1170,16,1186,
202100010865,1.0,1,4,1,1.0,0.0,-1.0, -1,-1.0,2002.0,A01,25,10,2021,16:00,1,76.0,76351,2,3,1.0,3.0,GUINEE (QUAI DE LA),"49,4885600000","0,1212300000",,76.076351,76351,Seine-Maritime,28.0,Normandie,50.0,4.0,2.0,2,1.0,28,Normandie,76,2,96,LeHavre,166058,1780,167838.0
202100010865,1.0,1,1,1,4.0,1.0,-1.0, -1,-1.0,1970.0,B01,25,10,2021,16:00,1,76.0,76351,2,3,1.0,3.0,GUINEE (QUAI DE LA),"49,4885600000","0,1212300000",,76.076351,76351,Seine-Maritime,28.0,Normandie,50.0,4.0,2.0,2,1.0,28,Normandie,76,2,96,LeHavre,166058,1780,167838.0
202100011063,1.0,1,1,1,1.0,1.0,-1.0, -1,-1.0,1962.0,A01,25,10,2021,13:28,1,76.0,76540,2,3,1.0,6.0,PORET DE BLOSSEVILLE. RUE,"49,4380400000","1,0829300000",,76.076540,76540,Seine-Maritime,28.0,Normandie,30.0,4.0,2.0,2,2.0,28,Normandie,76,3,97,Rouen,114083,1556,115639.0
202100011063,10.0,3,4,2,1.0,0.0,3.0,3,1.0,1980.0,A01,25,10,2021,13:28,1,76.0,76540,2,3,1.0,6.0,PORET DE BLOSSEVILLE. RUE,"49,4380400000","1,0829300000",,76.076540,76540,Seine-Maritime,28.0,Normandie,30.0,4.0,2.0,2,2.0,28,Normandie,76,3,97,Rouen,114083,1556,115639.0
202100011064,1.0,1,4,1,0.0,1.0,-1.0, -1,-1.0,1988.0,A01,24,10,2021,00:00,5,76.0,76351,2,1,1.0,6.0,VIVIANI,"49,4929000000","0,1555700000",,76.076351,76351,Seine-Maritime,28.0,Normandie,50.0,4.0,2.0,2,1.0,28,Normandie,76,2,96,LeHavre,166058,1780,167838.0
202100011065,10.0,3,4,1,0.0,0.0,2.0,3,1.0,2010.0,Z01,22,10,2021,18:00,1,76.0,76351,2,1,1.0,6.0,CHARLES ROMME,"49,5151700000","0,1719100000",,76.076351,76351,Seine-Maritime,28.0,Normandie,50.0,4.0,2.0,2,1.0,28,Normandie,76,2,96,LeHavre,166058,1780,167838.0
202100011065,1.0,1,1,-1,-1.0,8.0,-1.0, -1,-1.0,,Z01,22,10,2021,18:00,1,76.0,76351,2,1,1.0,6.0,CHARLES ROMME,"49,5151700000","0,1719100000",,76.076351,76351,Seine-Maritime,28.0,Normandie,50.0,4.0,2.0,2,1.0,28,Normandie,76,2,96,LeHavre,166058,1780,167838.0
202100011197,1.0,1,1,1,5.0,1.0,-1.0, -1,-1.0,1936.0,A01,24,10,2021,11:35,1,76.0,76108,2,1,1.0,6.0,NEUFCHATEL. ROUTE DE (RN 28),"49,4586900000","1,1086800000",,76.076108,76108,Seine-Maritime,28.0,Normandie,50.0,7.0,2.0,2,1.0,28,Normandie,76,3,2,Bois-Guillaume,14262,361,14623.0
202100011197,10.0,3,3,1,5.0,0.0,5.0,9,2.0,1972.0,A01,24,10,2021,11:35,1,76.0,76108,2,1,1.0,6.0,NEUFCHATEL. ROUTE DE (RN 28),"49,4586900000","1,1086800000",,76.076108,76108,Seine-Maritime,28.0,Normandie,50.0,7.0,2.0,2,1.0,28,Normandie,76,3,2,Bois-Guillaume,14262,361,14623.0
202100011270,1.0,1,1,2,0.0,1.0,0.0,0,-1.0,1973.0,C01,25,10,2021,12:10,1,76.0,76646,1,2,1.0,5.0,D925,"49,8097490000","0,6684490000",,76.076646,76646,Seine-Maritime,28.0,Normandie,80.0,3.0,2.0,2,1.0,28,Normandie,76,1,33,Saint-Riquier-ès-Plains,620,14,634.0
202100011270,1.0,1,3,2,0.0,1.0,0.0,0,-1.0,1998.0,A01,25,10,2021,12:10,1,76.0,76646,1,2,1.0,5.0,D925,"49,8097490000","0,6684490000",,76.076646,76646,Seine-Maritime,28.0,Normandie,80.0,3.0,2.0,2,1.0,28,Normandie,76,1,33,Saint-Riquier-ès-Plains,620,14,634.0
202100011270,1.0,1,1,1,0.0,1.0,0.0,0,-1.0,1961.0,D01,25,10,2021,12:10,1,76.0,76646,1,2,1.0,5.0,D925,"49,8097490000","0,6684490000",,76.076646,76646,Seine-Maritime,28.0,Normandie,80.0,3.0,2.0,2,1.0,28,Normandie,76,1,33,Saint-Riquier-ès-Plains,620,14,634.0
202100011270,1.0,1,1,2,0.0,1.0,0.0,0,-1.0,2000.0,B01,25,10,2021,12:10,1,76.0,76646,1,2,1.0,5.0,D925,"49,8097490000","0,6684490000",,76.076646,76646,Seine-Maritime,28.0,Normandie,80.0,3.0,2.0,2,1.0,28,Normandie,76,1,33,Saint-Riquier-ès-Plains,620,14,634.0
202100011270,1.0,1,1,1,0.0,1.0,0.0,0,-1.0,1976.0,E01,25,10,2021,12:10,1,76.0,76646,1,2,1.0,5.0,D925,"49,8097490000","0,6684490000",,76.076646,76646,Seine-Maritime,28.0,Normandie,80.0,3.0,2.0,2,1.0,28,Normandie,76,1,33,Saint-Riquier-ès-Plains,620,14,634.0
202100011271,10.0,3,3,2,5.0,0.0,2.0,3,1.0,1948.0,A01,23,10,2021,10:20,1,76.0,76655,2,9,8.0,6.0,Place du Marché,"49,8686510000","0,7133760000",,76.076655,76655,Seine-Maritime,28.0,Normandie,50.0,6.0,-1.0,-1,1.0,28,Normandie,76,1,33,Saint-Valery-en-Caux,3915,162,4077.0
202100011271,1.0,1,1,2,5.0,1.0,0.0,0,-1.0,1941.0,A01,23,10,2021,10:20,1,76.0,76655,2,9,8.0,6.0,Place du Marché,"49,8686510000","0,7133760000",,76.076655,76655,Seine-Maritime,28.0,Normandie,50.0,6.0,-1.0,-1,1.0,28,Normandie,76,1,33,Saint-Valery-en-Caux,3915,162,4077.0
202100011453,1.0,1,3,1,5.0,8.0,0.0,0,-1.0,1996.0,A01,24,10,2021,12:00,1,76.0,76709,1,1,1.0,3.0,rue worms route de la marre pigeonniere,"49,4800038175","0,8181484043",,76.076709,76709,Seine-Maritime,28.0,Normandie,-1.0,9.0,-1.0,2,6.0,28,Normandie,76,3,1,LeTrait,4780,38,4818.0
202100011453,1.0,1,1,1,5.0,8.0,0.0,0,-1.0,2002.0,B01,24,10,2021,12:00,1,76.0,76709,1,1,1.0,3.0,rue worms route de la marre pigeonniere,"49,4800038175","0,8181484043",,76.076709,76709,Seine-Maritime,28.0,Normandie,-1.0,9.0,-1.0,2,6.0,28,Normandie,76,3,1,LeTrait,4780,38,4818.0
202100011553,10.0,3,1,1,5.0,0.0,8.0,1,2.0,1938.0,A01,22,10,2021,15:59,1,76.0,76540,2,1,1.0,6.0,BOISGUILBERT. QUAI DE,"49,4420700000","1,0776200000",,76.076540,76540,Seine-Maritime,28.0,Normandie,30.0,4.0,1.0,1,1.0,28,Normandie,76,3,97,Rouen,114083,1556,115639.0
202100011553,10.0,3,4,1,5.0,0.0,8.0,1,2.0,1943.0,A01,22,10,2021,15:59,1,76.0,76540,2,1,1.0,6.0,BOISGUILBERT. QUAI DE,"49,4420700000","1,0776200000",,76.076540,76540,Seine-Maritime,28.0,Normandie,30.0,4.0,1.0,1,1.0,28,Normandie,76,3,97,Rouen,114083,1556,115639.0
202100011553,2.0,2,1,1,5.0,8.0,-1.0, -1,-1.0,2001.0,A01,22,10,2021,15:59,1,76.0,76540,2,1,1.0,6.0,BOISGUILBERT. QUAI DE,"49,4420700000","1,0776200000",,76.076540,76540,Seine-Maritime,28.0,Normandie,30.0,4.0,1.0,1,1.0,28,Normandie,76,3,97,Rouen,114083,1556,115639.0
202100011553,1.0,1,1,1,5.0,8.0,-1.0, -1,-1.0,2003.0,A01,22,10,2021,15:59,1,76.0,76540,2,1,1.0,6.0,BOISGUILBERT. QUAI DE,"49,4420700000","1,0776200000",,76.076540,76540,Seine-Maritime,28.0,Normandie,30.0,4.0,1.0,1,1.0,28,Normandie,76,3,97,Rouen,114083,1556,115639.0
202100011554,10.0,3,3,2,2.0,0.0,2.0,3,2.0,2010.0,A01,22,10,2021,07:45,5,76.0,76575,2,2,1.0,6.0,RENAN. RUE ERNEST,"49,3985260000","1,0741400000",,76.076575,76575,Seine-Maritime,28.0,Normandie,50.0,4.0,2.0,2,1.0,28,Normandie,76,3,98,Saint-Étienne-du-Rouvray,28508,225,28733.0
202100011554,1.0,1,1,2,5.0,1.0,-1.0, -1,-1.0,1992.0,A01,22,10,2021,07:45,5,76.0,76575,2,2,1.0,6.0,RENAN. RUE ERNEST,"49,3985260000","1,0741400000",,76.076575,76575,Seine-Maritime,28.0,Normandie,50.0,4.0,2.0,2,1.0,28,Normandie,76,3,98,Saint-Étienne-du-Rouvray,28508,225,28733.0
202100011754,1.0,1,1,1,5.0,1.0,-1.0, -1,-1.0,1959.0,A01,20,10,2021,17:55,1,76.0,76351,2,1,1.0,6.0,FELIX FAURE,"49,5000600000","0,1006700000",,76.076351,76351,Seine-Maritime,28.0,Normandie,50.0,4.0,2.0,2,1.0,28,Normandie,76,2,96,LeHavre,166058,1780,167838.0
202100011754,10.0,3,4,2,1.0,0.0,3.0,3,1.0,1973.0,A01,20,10,2021,17:55,1,76.0,76351,2,1,1.0,6.0,FELIX FAURE,"49,5000600000","0,1006700000",,76.076351,76351,Seine-Maritime,28.0,Normandie,50.0,4.0,2.0,2,1.0,28,Normandie,76,2,96,LeHavre,166058,1780,167838.0
202100011785,1.0,1,4,2,0.0,1.0,-1.0, -1,-1.0,1984.0,A01,20,10,2021,10:30,1,76.0,76391,1,1,1.0,7.0,CD 132,"49,3091043973","0,9789617483",,76.076391,76391,Seine-Maritime,28.0,Normandie,80.0,7.0,2.0,2,2.0,28,Normandie,76,3,9,La Londe,2362,71,2433.0
202100011786,1.0,1,1,1,0.0,1.0,-1.0, -1,-1.0,1990.0,B01,20,10,2021,11:00,1,76.0,76351,2,3,1.0,3.0,EDITH PIAF (RUE),"49,5232000000","0,1138200000",,76.076351,76351,Seine-Maritime,28.0,Normandie,30.0,4.0,1.0,1,1.0,28,Normandie,76,2,96,LeHavre,166058,1780,167838.0
202100011786,1.0,1,4,1,1.0,8.0,-1.0, -1,-1.0,1997.0,A01,20,10,2021,11:00,1,76.0,76351,2,3,1.0,3.0,EDITH PIAF (RUE),"49,5232000000","0,1138200000",,76.076351,76351,Seine-Maritime,28.0,Normandie,30.0,4.0,1.0,1,1.0,28,Normandie,76,2,96,LeHavre,166058,1780,167838.0
202100011787,1.0,1,1,2,0.0,1.0,-1.0, -1,-1.0,1995.0,A01,19,10,2021,16:45,1,76.0,76351,2,3,1.0,3.0,VERDUN (RUE DE),"49,5022000000","0,1846800000",,76.076351,76351,Seine-Maritime,28.0,Normandie,50.0,3.0,2.0,3,1.0,28,Normandie,76,2,96,LeHavre,166058,1780,167838.0
202100011787,2.0,2,4,2,0.0,1.0,-1.0, -1,-1.0,1998.0,A01,19,10,2021,16:45,1,76.0,76351,2,3,1.0,3.0,VERDUN (RUE DE),"49,5022000000","0,1846800000",,76.076351,76351,Seine-Maritime,28.0,Normandie,50.0,3.0,2.0,3,1.0,28,Normandie,76,2,96,LeHavre,166058,1780,167838.0
202100011787,1.0,1,4,1,0.0,1.0,-1.0, -1,-1.0,1983.0,B01,19,10,2021,16:45,1,76.0,76351,2,3,1.0,3.0,VERDUN (RUE DE),"49,5022000000","0,1846800000",,76.076351,76351,Seine-Maritime,28.0,Normandie,50.0,3.0,2.0,3,1.0,28,Normandie,76,2,96,LeHavre,166058,1780,167838.0
202100011787,2.0,2,4,1,0.0,1.0,-1.0, -1,-1.0,1976.0,B01,19,10,2021,16:45,1,76.0,76351,2,3,1.0,3.0,VERDUN (RUE DE),"49,5022000000","0,1846800000",,76.076351,76351,Seine-Maritime,28.0,Normandie,50.0,3.0,2.0,3,1.0,28,Normandie,76,2,96,LeHavre,166058,1780,167838.0
202100011787,3.0,2,4,2,0.0,1.0,-1.0, -1,-1.0,2009.0,B01,19,10,2021,16:45,1,76.0,76351,2,3,1.0,3.0,VERDUN (RUE DE),"49,5022000000","0,1846800000",,76.076351,76351,Seine-Maritime,28.0,Normandie,50.0,3.0,2.0,3,1.0,28,Normandie,76,2,96,LeHavre,166058,1780,167838.0
202100011787,4.0,2,4,1,0.0,1.0,-1.0, -1,-1.0,2017.0,B01,19,10,2021,16:45,1,76.0,76351,2,3,1.0,3.0,VERDUN (RUE DE),"49,5022000000","0,1846800000",,76.076351,76351,Seine-Maritime,28.0,Normandie,50.0,3.0,2.0,3,1.0,28,Normandie,76,2,96,LeHavre,166058,1780,167838.0