Num_Acc,place,catu,grav,sexe,trajet,secu,locp,actp,etatp,an_nais,num_veh,jour,mois,an,hrmn,lum,dep,com,agg,int,atm,col,adr,lat,long,gps,com_insee_temp,com_insee,departmentName,regionCode,regionName,vma,catr,circ,nbv,surf,Code,Region,Departement,Arrondissement,Code_Canton,Nom_Commune,Population_municipaLe,Population_comptee_a_part,Population_Totale
202100014306,1.0,1,1,2,0.0,1.0,-1.0, -1,-1.0,1979.0,A01,7,10,2021,10:00,1,76.0,76351,2,2,1.0,6.0,GEORGES LAFAURIE (RUE),"49,5017600000","0,1160200000",,76.076351,76351,Seine-Maritime,28.0,Normandie,50.0,4.0,2.0,5,1.0,28,Normandie,76,2,96,LeHavre,166058,1780,167838.0
202100014306,10.0,3,4,2,0.0,0.0,4.0,5,2.0,2006.0,A01,7,10,2021,10:00,1,76.0,76351,2,2,1.0,6.0,GEORGES LAFAURIE (RUE),"49,5017600000","0,1160200000",,76.076351,76351,Seine-Maritime,28.0,Normandie,50.0,4.0,2.0,5,1.0,28,Normandie,76,2,96,LeHavre,166058,1780,167838.0
202100014306,10.0,3,4,2,0.0,0.0,4.0,5,2.0,2006.0,A01,7,10,2021,10:00,1,76.0,76351,2,2,1.0,6.0,GEORGES LAFAURIE (RUE),"49,5017600000","0,1160200000",,76.076351,76351,Seine-Maritime,28.0,Normandie,50.0,4.0,2.0,5,1.0,28,Normandie,76,2,96,LeHavre,166058,1780,167838.0
202100014342,1.0,1,3,1,9.0,2.0,-1.0, -1,-1.0,2006.0,A01,8,10,2021,09:00,1,76.0,76540,2,2,1.0,3.0,SAINT GERVAIS. CAVEE,"49,4499100000","1,0838100000",,76.076540,76540,Seine-Maritime,28.0,Normandie,30.0,4.0,1.0,2,1.0,28,Normandie,76,3,97,Rouen,114083,1556,115639.0
202100014342,1.0,1,1,1,1.0,1.0,-1.0, -1,-1.0,1985.0,B01,8,10,2021,09:00,1,76.0,76540,2,2,1.0,3.0,SAINT GERVAIS. CAVEE,"49,4499100000","1,0838100000",,76.076540,76540,Seine-Maritime,28.0,Normandie,30.0,4.0,1.0,2,1.0,28,Normandie,76,3,97,Rouen,114083,1556,115639.0
202100014468,1.0,1,1,1,5.0,1.0,0.0,0,-1.0,1995.0,B01,9,10,2021,11:40,1,76.0,76738,1,1,7.0,3.0,D919,"49,5825040000","1,3036390000",,76.076738,76738,Seine-Maritime,28.0,Normandie,80.0,3.0,2.0,2,1.0,28,Normandie,76,3,21,Vieux-Manoir,771,11,782.0
202100014468,2.0,2,3,2,5.0,2.0,0.0,0,-1.0,1963.0,A01,9,10,2021,11:40,1,76.0,76738,1,1,7.0,3.0,D919,"49,5825040000","1,3036390000",,76.076738,76738,Seine-Maritime,28.0,Normandie,80.0,3.0,2.0,2,1.0,28,Normandie,76,3,21,Vieux-Manoir,771,11,782.0
202100014468,1.0,1,2,1,5.0,2.0,0.0,0,-1.0,1963.0,A01,9,10,2021,11:40,1,76.0,76738,1,1,7.0,3.0,D919,"49,5825040000","1,3036390000",,76.076738,76738,Seine-Maritime,28.0,Normandie,80.0,3.0,2.0,2,1.0,28,Normandie,76,3,21,Vieux-Manoir,771,11,782.0
202100014522,1.0,1,1,1,5.0,1.0,0.0,0,-1.0,1962.0,B01,9,10,2021,11:30,1,76.0,76718,1,1,1.0,3.0,Route Departementale 6015,"49,6180300000","0,7411910000",,76.076718,76718,Seine-Maritime,28.0,Normandie,70.0,3.0,2.0,2,1.0,28,Normandie,76,3,35,ValliquervilLe1423,38,1461,
202100014522,1.0,1,3,1,5.0,2.0,0.0,0,-1.0,1969.0,A01,9,10,2021,11:30,1,76.0,76718,1,1,1.0,3.0,Route Departementale 6015,"49,6180300000","0,7411910000",,76.076718,76718,Seine-Maritime,28.0,Normandie,70.0,3.0,2.0,2,1.0,28,Normandie,76,3,35,ValliquervilLe1423,38,1461,
202100014573,1.0,1,4,1,4.0,1.0,-1.0, -1,-1.0,2002.0,A01,6,10,2021,17:45,1,76.0,76305,1,1,1.0,7.0,ESTUAIRE,"49,4578625851","0,2096468210",,76.076305,76305,Seine-Maritime,28.0,Normandie,70.0,4.0,2.0,2,1.0,28,Normandie,76,2,16,Gonfreville-l'Orcher,8961,44,9005.0
202100014574,10.0,3,3,2,5.0,0.0,4.0,3,1.0,1937.0,A01,6,10,2021,09:10,1,76.0,76351,2,4,1.0,6.0,FELIX FAURE,"49,5017000000","0,1164400000",,76.076351,76351,Seine-Maritime,28.0,Normandie,50.0,4.0,2.0,2,2.0,28,Normandie,76,2,96,LeHavre,166058,1780,167838.0
202100014574,1.0,1,1,2,5.0,1.0,-1.0, -1,-1.0,1980.0,A01,6,10,2021,09:10,1,76.0,76351,2,4,1.0,6.0,FELIX FAURE,"49,5017000000","0,1164400000",,76.076351,76351,Seine-Maritime,28.0,Normandie,50.0,4.0,2.0,2,2.0,28,Normandie,76,2,96,LeHavre,166058,1780,167838.0
202100014575,2.0,2,3,1,0.0,2.0,-1.0, -1,-1.0,1961.0,B01,7,10,2021,07:55,2,76.0,76349,2,2,1.0,3.0,DIEPPE (ROUTE DE),"49,9014700000","1,0517300000",,76.076349,76349,Seine-Maritime,28.0,Normandie,50.0,3.0,2.0,2,1.0,28,Normandie,76,1,7,Hautot-sur-Mer,1887,46,1933.0
202100014575,1.0,1,3,1,0.0,2.0,-1.0, -1,-1.0,1969.0,B01,7,10,2021,07:55,2,76.0,76349,2,2,1.0,3.0,DIEPPE (ROUTE DE),"49,9014700000","1,0517300000",,76.076349,76349,Seine-Maritime,28.0,Normandie,50.0,3.0,2.0,2,1.0,28,Normandie,76,1,7,Hautot-sur-Mer,1887,46,1933.0
202100014575,1.0,1,1,2,1.0,1.0,-1.0, -1,-1.0,1979.0,A01,7,10,2021,07:55,2,76.0,76349,2,2,1.0,3.0,DIEPPE (ROUTE DE),"49,9014700000","1,0517300000",,76.076349,76349,Seine-Maritime,28.0,Normandie,50.0,3.0,2.0,2,1.0,28,Normandie,76,1,7,Hautot-sur-Mer,1887,46,1933.0
202100014717,1.0,1,3,2,0.0,1.0,0.0,0,-1.0,1999.0,A01,7,10,2021,19:20,2,76.0,76420,2,2,1.0,3.0,rte de rouen,"49,6043533270","1,4862053096",,76.076420,76420,Seine-Maritime,28.0,Normandie,70.0,3.0,2.0,2,1.0,28,Normandie,76,1,12,Mauquenchy,363,5,368.0
202100014717,1.0,1,1,1,5.0,1.0,0.0,0,-1.0,1973.0,B01,7,10,2021,19:20,2,76.0,76420,2,2,1.0,3.0,rte de rouen,"49,6043533270","1,4862053096",,76.076420,76420,Seine-Maritime,28.0,Normandie,70.0,3.0,2.0,2,1.0,28,Normandie,76,1,12,Mauquenchy,363,5,368.0
202100014995,10.0,3,4,2,5.0,0.0,2.0,3,1.0,2010.0,A01,10,9,2021,15:40,1,76.0,76178,2,1,1.0,6.0,EGLISE. RUE DE L',"49,3143200000","1,0330000000",,76.076178,76178,Seine-Maritime,28.0,Normandie,50.0,4.0,2.0,2,1.0,28,Normandie,76,3,5,Cléon,4907,30,4937.0
202100014995,1.0,1,1,1,4.0,1.0,-1.0, -1,-1.0,1996.0,A01,10,9,2021,15:40,1,76.0,76178,2,1,1.0,6.0,EGLISE. RUE DE L',"49,3143200000","1,0330000000",,76.076178,76178,Seine-Maritime,28.0,Normandie,50.0,4.0,2.0,2,1.0,28,Normandie,76,3,5,Cléon,4907,30,4937.0
202100014996,10.0,3,3,1,5.0,0.0,5.0,9,1.0,1971.0,A01,3,10,2021,08:00,3,76.0,76481,2,6,2.0,6.0,RD 6382,"49,5315000000","0,1034200000",,76.076481,76481,Seine-Maritime,28.0,Normandie,50.0,3.0,3.0,4,2.0,28,Normandie,76,2,26,Octeville-sur-Mer,6122,119,6241.0
202100014996,1.0,1,1,1,5.0,1.0,-1.0, -1,-1.0,1991.0,A01,3,10,2021,08:00,3,76.0,76481,2,6,2.0,6.0,RD 6382,"49,5315000000","0,1034200000",,76.076481,76481,Seine-Maritime,28.0,Normandie,50.0,3.0,3.0,4,2.0,28,Normandie,76,2,26,Octeville-sur-Mer,6122,119,6241.0
202100014997,1.0,1,4,1,1.0,2.0,-1.0, -1,-1.0,2000.0,B01,3,10,2021,06:30,5,76.0,76351,2,2,2.0,1.0,MARECHAL JOFFRE (RUE),"49,4985900000","0,1181600000",,76.076351,76351,Seine-Maritime,28.0,Normandie,30.0,4.0,2.0,2,2.0,28,Normandie,76,2,96,LeHavre,166058,1780,167838.0
202100014997,1.0,1,1,1,0.0,1.0,-1.0, -1,-1.0,1997.0,A01,3,10,2021,06:30,5,76.0,76351,2,2,2.0,1.0,MARECHAL JOFFRE (RUE),"49,4985900000","0,1181600000",,76.076351,76351,Seine-Maritime,28.0,Normandie,30.0,4.0,2.0,2,2.0,28,Normandie,76,2,96,LeHavre,166058,1780,167838.0
202100015260,1.0,1,4,1,5.0,1.0,0.0,0,-1.0,1984.0,A01,2,10,2021,17:40,1,76.0,76611,1,2,3.0,3.0,D467,"49,6506120000","0,8774690000",,76.076611,76611,Seine-Maritime,28.0,Normandie,80.0,3.0,2.0,2,2.0,28,Normandie,76,3,35,Saint-Martin-aux-Arbres,314,9,323.0
202100015260,2.0,2,4,2,5.0,1.0,0.0,0,-1.0,1988.0,A01,2,10,2021,17:40,1,76.0,76611,1,2,3.0,3.0,D467,"49,6506120000","0,8774690000",,76.076611,76611,Seine-Maritime,28.0,Normandie,80.0,3.0,2.0,2,2.0,28,Normandie,76,3,35,Saint-Martin-aux-Arbres,314,9,323.0
202100015260,9.0,2,4,2,5.0,1.0,0.0,0,-1.0,2018.0,A01,2,10,2021,17:40,1,76.0,76611,1,2,3.0,3.0,D467,"49,6506120000","0,8774690000",,76.076611,76611,Seine-Maritime,28.0,Normandie,80.0,3.0,2.0,2,2.0,28,Normandie,76,3,35,Saint-Martin-aux-Arbres,314,9,323.0
202100015260,1.0,1,4,1,5.0,1.0,0.0,0,-1.0,2001.0,B01,2,10,2021,17:40,1,76.0,76611,1,2,3.0,3.0,D467,"49,6506120000","0,8774690000",,76.076611,76611,Seine-Maritime,28.0,Normandie,80.0,3.0,2.0,2,2.0,28,Normandie,76,3,35,Saint-Martin-aux-Arbres,314,9,323.0
202100015463,1.0,1,3,2,5.0,1.0,0.0,0,-1.0,1948.0,A01,17,6,2021,18:15,1,76.0,76239,1,1,1.0,6.0,A29 - PK 30+500,"49,5374790000","0,3167040000",,76.076239,76239,Seine-Maritime,28.0,Normandie,130.0,1.0,3.0,3,1.0,28,Normandie,76,2,32,Épretot,783,13,796.0
202100015463,9.0,2,1,1,5.0,1.0,0.0,0,-1.0,2000.0,A01,17,6,2021,18:15,1,76.0,76239,1,1,1.0,6.0,A29 - PK 30+500,"49,5374790000","0,3167040000",,76.076239,76239,Seine-Maritime,28.0,Normandie,130.0,1.0,3.0,3,1.0,28,Normandie,76,2,32,Épretot,783,13,796.0
202100015518,1.0,1,4,1,0.0,2.0,-1.0, -1,-1.0,2001.0,A01,2,10,2021,13:43,1,76.0,76429,2,1,2.0,7.0,PARIS. ROUTE DE (RN 14),"49,4065100000","1,1520700000",,76.076429,76429,Seine-Maritime,28.0,Normandie,50.0,6.0,-1.0,-1,2.0,28,Normandie,76,3,21,LeMesnil-Esnard,7980,353,8333.0
202100015519,1.0,1,3,1,0.0,2.0,-1.0, -1,-1.0,1952.0,A01,30,9,2021,15:55,1,76.0,76351,2,1,1.0,6.0,LUCIEN CORBEAUX (AVENUE),"49,4854200000","0,1155200000",,76.076351,76351,Seine-Maritime,28.0,Normandie,50.0,4.0,2.0,2,1.0,28,Normandie,76,2,96,LeHavre,166058,1780,167838.0
202100015785,1.0,1,4,2,1.0,1.0,0.0,0,-1.0,1975.0,A01,24,8,2021,18:22,1,76.0,76281,1,4,1.0,1.0,1 Rue de Freneuse,"49,5201220000","0,5748540000",,76.076281,76281,Seine-Maritime,28.0,Normandie,90.0,3.0,2.0,3,1.0,28,Normandie,76,2,25,La Frénaye,2081,44,2125.0
202100015785,1.0,1,1,1,1.0,1.0,0.0,0,-1.0,1992.0,B01,24,8,2021,18:22,1,76.0,76281,1,4,1.0,1.0,1 Rue de Freneuse,"49,5201220000","0,5748540000",,76.076281,76281,Seine-Maritime,28.0,Normandie,90.0,3.0,2.0,3,1.0,28,Normandie,76,2,25,La Frénaye,2081,44,2125.0
202100015887,1.0,1,1,-1,-1.0,8.0,-1.0, -1,-1.0,,A01,30,9,2021,19:00,2,76.0,76095,2,2,1.0,3.0,JUIN. AVENUE DU MARECHAL,"49,4620800000","1,1262200000",,76.076095,76095,Seine-Maritime,28.0,Normandie,50.0,7.0,2.0,4,1.0,28,Normandie,76,3,2,Bihorel,8199,164,8363.0
202100015887,1.0,1,4,2,0.0,1.0,-1.0, -1,-1.0,1950.0,B01,30,9,2021,19:00,2,76.0,76095,2,2,1.0,3.0,JUIN. AVENUE DU MARECHAL,"49,4620800000","1,1262200000",,76.076095,76095,Seine-Maritime,28.0,Normandie,50.0,7.0,2.0,4,1.0,28,Normandie,76,3,2,Bihorel,8199,164,8363.0
202100015989,1.0,1,3,1,1.0,2.0,0.0,0,-1.0,1971.0,B01,30,9,2021,11:40,1,76.0,76208,1,1,1.0,5.0,Route de Dampierre,"49,5030850000","1,7073660000",,76.076208,76208,Seine-Maritime,28.0,Normandie,80.0,3.0,2.0,2,1.0,28,Normandie,76,1,12,Cuy-Saint-Fiacre,642,9,651.0
202100015989,1.0,1,1,1,3.0,1.0,0.0,0,-1.0,1998.0,C01,30,9,2021,11:40,1,76.0,76208,1,1,1.0,5.0,Route de Dampierre,"49,5030850000","1,7073660000",,76.076208,76208,Seine-Maritime,28.0,Normandie,80.0,3.0,2.0,2,1.0,28,Normandie,76,1,12,Cuy-Saint-Fiacre,642,9,651.0
202100015989,1.0,1,1,2,1.0,1.0,0.0,0,-1.0,1975.0,A01,30,9,2021,11:40,1,76.0,76208,1,1,1.0,5.0,Route de Dampierre,"49,5030850000","1,7073660000",,76.076208,76208,Seine-Maritime,28.0,Normandie,80.0,3.0,2.0,2,1.0,28,Normandie,76,1,12,Cuy-Saint-Fiacre,642,9,651.0
202100016119,1.0,1,4,1,5.0,8.0,-1.0, -1,-1.0,1987.0,A01,29,9,2021,23:55,5,76.0,76540,2,1,1.0,6.0,RENARD. RUE DU,"49,4489700000","1,0793200000",,76.076540,76540,Seine-Maritime,28.0,Normandie,30.0,4.0,1.0,1,1.0,28,Normandie,76,3,97,Rouen,114083,1556,115639.0
202100016120,2.0,2,4,2,3.0,1.0,-1.0, -1,-1.0,2002.0,B01,28,9,2021,18:00,1,76.0,76351,2,2,1.0,3.0,LA MAILLERAYE (DE),"49,4878200000","0,1017600000",,76.076351,76351,Seine-Maritime,28.0,Normandie,50.0,4.0,2.0,2,1.0,28,Normandie,76,2,96,LeHavre,166058,1780,167838.0
202100016120,1.0,1,4,2,3.0,1.0,-1.0, -1,-1.0,2003.0,B01,28,9,2021,18:00,1,76.0,76351,2,2,1.0,3.0,LA MAILLERAYE (DE),"49,4878200000","0,1017600000",,76.076351,76351,Seine-Maritime,28.0,Normandie,50.0,4.0,2.0,2,1.0,28,Normandie,76,2,96,LeHavre,166058,1780,167838.0
202100016120,1.0,1,1,1,0.0,1.0,-1.0, -1,-1.0,2003.0,A01,28,9,2021,18:00,1,76.0,76351,2,2,1.0,3.0,LA MAILLERAYE (DE),"49,4878200000","0,1017600000",,76.076351,76351,Seine-Maritime,28.0,Normandie,50.0,4.0,2.0,2,1.0,28,Normandie,76,2,96,LeHavre,166058,1780,167838.0
202100016437,1.0,1,1,1,2.0,1.0,-1.0, -1,-1.0,1997.0,A01,27,9,2021,12:45,1,76.0,76351,2,2,1.0,6.0,REPUBLIQUE (COURS DE LA),"49,4960800000","0,1268400000",,76.076351,76351,Seine-Maritime,28.0,Normandie,50.0,4.0,2.0,4,1.0,28,Normandie,76,2,96,LeHavre,166058,1780,167838.0
202100016437,10.0,3,4,2,2.0,0.0,4.0,3,1.0,2002.0,A01,27,9,2021,12:45,1,76.0,76351,2,2,1.0,6.0,REPUBLIQUE (COURS DE LA),"49,4960800000","0,1268400000",,76.076351,76351,Seine-Maritime,28.0,Normandie,50.0,4.0,2.0,4,1.0,28,Normandie,76,2,96,LeHavre,166058,1780,167838.0
202100016461,1.0,1,4,1,0.0,1.0,-1.0, -1,-1.0,2001.0,B01,28,9,2021,00:25,5,76.0,76540,2,2,1.0,3.0,RONDEAUX. AVENUE JEAN,"49,4338800000","1,0761100000",,76.076540,76540,Seine-Maritime,28.0,Normandie,50.0,2.0,2.0,4,1.0,28,Normandie,76,3,97,Rouen,114083,1556,115639.0
202100016461,2.0,2,1,1,0.0,1.0,-1.0, -1,-1.0,2001.0,B01,28,9,2021,00:25,5,76.0,76540,2,2,1.0,3.0,RONDEAUX. AVENUE JEAN,"49,4338800000","1,0761100000",,76.076540,76540,Seine-Maritime,28.0,Normandie,50.0,2.0,2.0,4,1.0,28,Normandie,76,3,97,Rouen,114083,1556,115639.0
202100016461,3.0,2,1,2,0.0,1.0,-1.0, -1,-1.0,2002.0,A01,28,9,2021,00:25,5,76.0,76540,2,2,1.0,3.0,RONDEAUX. AVENUE JEAN,"49,4338800000","1,0761100000",,76.076540,76540,Seine-Maritime,28.0,Normandie,50.0,2.0,2.0,4,1.0,28,Normandie,76,3,97,Rouen,114083,1556,115639.0
202100016461,1.0,1,1,2,0.0,1.0,-1.0, -1,-1.0,2001.0,A01,28,9,2021,00:25,5,76.0,76540,2,2,1.0,3.0,RONDEAUX. AVENUE JEAN,"49,4338800000","1,0761100000",,76.076540,76540,Seine-Maritime,28.0,Normandie,50.0,2.0,2.0,4,1.0,28,Normandie,76,3,97,Rouen,114083,1556,115639.0
202100016462,1.0,1,1,2,0.0,1.0,-1.0, -1,-1.0,1998.0,A01,27,9,2021,18:05,1,76.0,76497,2,3,1.0,3.0,BRIAND. RUE ARISTIDE (CD 3),"49,3846100000","1,0216200000",,76.076497,76497,Seine-Maritime,28.0,Normandie,30.0,4.0,2.0,2,1.0,28,Normandie,76,3,13,Petit-Couronne,8688,175,8863.0
202100016462,1.0,1,3,2,0.0,2.0,-1.0, -1,-1.0,1994.0,B01,27,9,2021,18:05,1,76.0,76497,2,3,1.0,3.0,BRIAND. RUE ARISTIDE (CD 3),"49,3846100000","1,0216200000",,76.076497,76497,Seine-Maritime,28.0,Normandie,30.0,4.0,2.0,2,1.0,28,Normandie,76,3,13,Petit-Couronne,8688,175,8863.0
202100016463,1.0,1,3,1,5.0,1.0,-1.0, -1,-1.0,1982.0,A01,26,9,2021,01:00,3,76.0,76270,1,1,1.0,6.0,RD 31,"49,5528400000","0,1401500000",,76.076270,76270,Seine-Maritime,28.0,Normandie,50.0,3.0,2.0,2,1.0,28,Normandie,76,2,26,Fontaine-la-Mallet,2635,54,2689.0
202100016464,1.0,1,2,1,5.0,2.0,-1.0, -1,-1.0,1959.0,A01,24,9,2021,20:30,5,76.0,76351,2,2,1.0,1.0,Rue Andreï Sakharov,"49,5048200000","0,1687700000",,76.076351,76351,Seine-Maritime,28.0,Normandie,50.0,4.0,2.0,3,1.0,28,Normandie,76,2,96,LeHavre,166058,1780,167838.0
202100016464,1.0,1,1,1,5.0,1.0,-1.0, -1,-1.0,1998.0,B01,24,9,2021,20:30,5,76.0,76351,2,2,1.0,1.0,Rue Andreï Sakharov,"49,5048200000","0,1687700000",,76.076351,76351,Seine-Maritime,28.0,Normandie,50.0,4.0,2.0,3,1.0,28,Normandie,76,2,96,LeHavre,166058,1780,167838.0
202100016639,1.0,1,3,1,0.0,2.0,-1.0, -1,-1.0,1998.0,A01,26,9,2021,03:30,5,76.0,76429,1,6,1.0,7.0,DARNETAL. ROUTE DE,"49,4123172891","1,1544024758",,76.076429,76429,Seine-Maritime,28.0,Normandie,80.0,7.0,2.0,2,2.0,28,Normandie,76,3,21,LeMesnil-Esnard,7980,353,8333.0
202100016703,1.0,1,2,2,4.0,1.0,0.0,0,-1.0,2001.0,A01,26,9,2021,21:45,3,76.0,76141,1,1,1.0,4.0,D910,"49,6356200000","0,3850790000",,76.076141,76141,Seine-Maritime,28.0,Normandie,80.0,3.0,2.0,2,1.0,28,Normandie,76,2,32,Bréauté,1365,13,1378.0
202100016703,2.0,2,2,1,5.0,1.0,0.0,0,-1.0,1998.0,B01,26,9,2021,21:45,3,76.0,76141,1,1,1.0,4.0,D910,"49,6356200000","0,3850790000",,76.076141,76141,Seine-Maritime,28.0,Normandie,80.0,3.0,2.0,2,1.0,28,Normandie,76,2,32,Bréauté,1365,13,1378.0
202100016703,1.0,1,3,1,5.0,1.0,0.0,0,-1.0,1998.0,B01,26,9,2021,21:45,3,76.0,76141,1,1,1.0,4.0,D910,"49,6356200000","0,3850790000",,76.076141,76141,Seine-Maritime,28.0,Normandie,80.0,3.0,2.0,2,1.0,28,Normandie,76,2,32,Bréauté,1365,13,1378.0
202100016703,2.0,2,1,1,5.0,1.0,0.0,0,-1.0,2011.0,C01,26,9,2021,21:45,3,76.0,76141,1,1,1.0,4.0,D910,"49,6356200000","0,3850790000",,76.076141,76141,Seine-Maritime,28.0,Normandie,80.0,3.0,2.0,2,1.0,28,Normandie,76,2,32,Bréauté,1365,13,1378.0
202100016703,1.0,1,1,2,5.0,1.0,0.0,0,-1.0,1975.0,C01,26,9,2021,21:45,3,76.0,76141,1,1,1.0,4.0,D910,"49,6356200000","0,3850790000",,76.076141,76141,Seine-Maritime,28.0,Normandie,80.0,3.0,2.0,2,1.0,28,Normandie,76,2,32,Bréauté,1365,13,1378.0
202100016704,1.0,1,3,1,5.0,2.0,0.0,0,-1.0,1982.0,A01,25,9,2021,15:20,1,76.0,76636,1,1,1.0,4.0,D43,"49,4959500000","0,9071870000",,76.076636,76636,Seine-Maritime,28.0,Normandie,80.0,7.0,2.0,2,1.0,28,Normandie,76,3,1,Saint-Pierre-de-VarengevilLe2299,33,2332,
202100016704,1.0,1,3,1,5.0,2.0,0.0,0,-1.0,1993.0,C01,25,9,2021,15:20,1,76.0,76636,1,1,1.0,4.0,D43,"49,4959500000","0,9071870000",,76.076636,76636,Seine-Maritime,28.0,Normandie,80.0,7.0,2.0,2,1.0,28,Normandie,76,3,1,Saint-Pierre-de-VarengevilLe2299,33,2332,
202100016704,1.0,1,1,1,5.0,1.0,0.0,0,-1.0,1946.0,D01,25,9,2021,15:20,1,76.0,76636,1,1,1.0,4.0,D43,"49,4959500000","0,9071870000",,76.076636,76636,Seine-Maritime,28.0,Normandie,80.0,7.0,2.0,2,1.0,28,Normandie,76,3,1,Saint-Pierre-de-VarengevilLe2299,33,2332,
202100016704,1.0,1,1,1,5.0,1.0,0.0,0,-1.0,1982.0,B01,25,9,2021,15:20,1,76.0,76636,1,1,1.0,4.0,D43,"49,4959500000","0,9071870000",,76.076636,76636,Seine-Maritime,28.0,Normandie,80.0,7.0,2.0,2,1.0,28,Normandie,76,3,1,Saint-Pierre-de-VarengevilLe2299,33,2332,
202100016846,1.0,1,1,-1,-1.0,8.0,-1.0, -1,-1.0,,Z01,24,9,2021,18:30,2,76.0,76212,2,1,1.0,2.0,LEFEBVRE. RUE PIERRE,"49,4403000000","1,1478100000",,76.076212,76212,Seine-Maritime,28.0,Normandie,30.0,6.0,-1.0,-1,1.0,28,Normandie,76,3,6,Darnétal,9738,74,9812.0
202100016846,1.0,1,4,2,5.0,1.0,-1.0, -1,-1.0,1996.0,A01,24,9,2021,18:30,2,76.0,76212,2,1,1.0,2.0,LEFEBVRE. RUE PIERRE,"49,4403000000","1,1478100000",,76.076212,76212,Seine-Maritime,28.0,Normandie,30.0,6.0,-1.0,-1,1.0,28,Normandie,76,3,6,Darnétal,9738,74,9812.0
202100016847,1.0,1,1,1,4.0,1.0,-1.0, -1,-1.0,1994.0,B01,23,9,2021,16:25,1,76.0,76319,2,3,1.0,6.0,Boulevard Maritime,"49,3658900000","1,0001900000",,76.076319,76319,Seine-Maritime,28.0,Normandie,50.0,4.0,2.0,2,1.0,28,Normandie,76,3,9,Grand-Couronne,9726,177,9903.0
202100016847,1.0,1,3,2,1.0,2.0,-1.0, -1,-1.0,1995.0,A01,23,9,2021,16:25,1,76.0,76319,2,3,1.0,6.0,Boulevard Maritime,"49,3658900000","1,0001900000",,76.076319,76319,Seine-Maritime,28.0,Normandie,50.0,4.0,2.0,2,1.0,28,Normandie,76,3,9,Grand-Couronne,9726,177,9903.0
202100016848,1.0,1,4,1,1.0,1.0,-1.0, -1,-1.0,2000.0,B01,23,9,2021,13:40,1,76.0,76561,2,6,1.0,3.0,FOCH. RUE DU MARECHAL,"49,3013700000","1,0230300000",,76.076561,76561,Seine-Maritime,28.0,Normandie,50.0,4.0,2.0,2,1.0,28,Normandie,76,3,5,Saint-Aubin-lès-Elbeuf,8428,75,8503.0
202100016848,1.0,1,4,2,9.0,1.0,-1.0, -1,-1.0,1995.0,A01,23,9,2021,13:40,1,76.0,76561,2,6,1.0,3.0,FOCH. RUE DU MARECHAL,"49,3013700000","1,0230300000",,76.076561,76561,Seine-Maritime,28.0,Normandie,50.0,4.0,2.0,2,1.0,28,Normandie,76,3,5,Saint-Aubin-lès-Elbeuf,8428,75,8503.0
202100016849,1.0,1,3,1,1.0,2.0,-1.0, -1,-1.0,2000.0,A01,22,9,2021,17:30,1,76.0,76351,2,6,1.0,7.0,SEIZIEME PORT (AVENUE DU),"49,4833700000","0,1649900000",,76.076351,76351,Seine-Maritime,28.0,Normandie,50.0,4.0,2.0,2,1.0,28,Normandie,76,2,96,LeHavre,166058,1780,167838.0
202100017277,1.0,1,1,1,5.0,8.0,0.0,0,-1.0,1991.0,A01,24,9,2021,20:30,3,76.0,76533,1,1,1.0,3.0,A131,"49,4946490000","0,2665350000",,76.076533,76533,Seine-Maritime,28.0,Normandie,130.0,1.0,1.0,4,1.0,28,Normandie,76,2,16,RogervilLe1706,19,1725,
202100017277,1.0,1,4,1,5.0,1.0,0.0,0,-1.0,1986.0,B01,24,9,2021,20:30,3,76.0,76533,1,1,1.0,3.0,A131,"49,4946490000","0,2665350000",,76.076533,76533,Seine-Maritime,28.0,Normandie,130.0,1.0,1.0,4,1.0,28,Normandie,76,2,16,RogervilLe1706,19,1725,
202100017423,1.0,1,4,1,0.0,2.0,-1.0, -1,-1.0,2004.0,B01,22,9,2021,13:00,1,76.0,76429,2,2,1.0,2.0,REPUBLIQUE. RUE DE LA,"49,4107265551","1,1428678036",,76.076429,76429,Seine-Maritime,28.0,Normandie,50.0,7.0,2.0,2,1.0,28,Normandie,76,3,21,LeMesnil-Esnard,7980,353,8333.0
202100017423,1.0,1,1,1,4.0,1.0,-1.0, -1,-1.0,2000.0,A01,22,9,2021,13:00,1,76.0,76429,2,2,1.0,2.0,REPUBLIQUE. RUE DE LA,"49,4107265551","1,1428678036",,76.076429,76429,Seine-Maritime,28.0,Normandie,50.0,7.0,2.0,2,1.0,28,Normandie,76,3,21,LeMesnil-Esnard,7980,353,8333.0
202100017424,10.0,3,2,1,5.0,8.0,4.0,3,2.0,2016.0,A01,21,9,2021,20:20,5,76.0,76575,2,3,1.0,6.0,GROUPE SCOLAIRE HENRI WALLON,"49,3950190000","1,0692000000",,76.076575,76575,Seine-Maritime,28.0,Normandie,30.0,4.0,2.0,2,1.0,28,Normandie,76,3,98,Saint-Étienne-du-Rouvray,28508,225,28733.0
202100017424,1.0,1,1,1,5.0,8.0,-1.0, -1,-1.0,2005.0,A01,21,9,2021,20:20,5,76.0,76575,2,3,1.0,6.0,GROUPE SCOLAIRE HENRI WALLON,"49,3950190000","1,0692000000",,76.076575,76575,Seine-Maritime,28.0,Normandie,30.0,4.0,2.0,2,1.0,28,Normandie,76,3,98,Saint-Étienne-du-Rouvray,28508,225,28733.0