Num_Acc,place,catu,grav,sexe,trajet,secu,locp,actp,etatp,an_nais,num_veh,jour,mois,an,hrmn,lum,dep,com,agg,int,atm,col,adr,lat,long,gps,com_insee_temp,com_insee,departmentName,regionCode,regionName,vma,catr,circ,nbv,surf,Code,Region,Departement,Arrondissement,Code_Canton,Nom_Commune,Population_municipaLe,Population_comptee_a_part,Population_Totale
202100021840,1.0,1,3,2,0.0,1.0,0.0,0,-1.0,2001.0,A01,31,8,2021,09:13,1,76.0,76328,1,1,1.0,6.0,D151,"49,6507090000","1,1791420000",,76.076328,76328,Seine-Maritime,28.0,Normandie,80.0,3.0,2.0,2,1.0,28,Normandie,76,3,23,GrigneusevilLe376,5,381,
202100021918,1.0,1,3,1,0.0,1.0,-1.0, -1,-1.0,1977.0,B01,29,8,2021,20:40,1,76.0,76410,2,2,1.0,3.0,RN 27 (ROUTE DE DIEPPE),"49,4754000000","1,0481900000",,76.076410,76410,Seine-Maritime,28.0,Normandie,50.0,7.0,2.0,2,1.0,28,Normandie,76,3,4,Maromme,11024,122,11146.0
202100021918,1.0,1,1,-1,-1.0,8.0,-1.0, -1,-1.0,,A01,29,8,2021,20:40,1,76.0,76410,2,2,1.0,3.0,RN 27 (ROUTE DE DIEPPE),"49,4754000000","1,0481900000",,76.076410,76410,Seine-Maritime,28.0,Normandie,50.0,7.0,2.0,2,1.0,28,Normandie,76,3,4,Maromme,11024,122,11146.0
202100022065,1.0,1,4,1,0.0,2.0,-1.0, -1,-1.0,1999.0,A01,28,8,2021,15:20,1,76.0,76429,1,1,1.0,7.0,AMFREVILLE. ROUTE D',"49,3981000000","1,1424000000",,76.076429,76429,Seine-Maritime,28.0,Normandie,80.0,7.0,2.0,2,1.0,28,Normandie,76,3,21,LeMesnil-Esnard,7980,353,8333.0
202100022066,1.0,1,1,-1,-1.0,8.0,-1.0, -1,-1.0,,A01,28,8,2021,07:10,2,76.0,76681,2,1,1.0,3.0,CD 18E (BOULEVARD INDUSTRIEL),"49,4165500000","1,1078500000",,76.076681,76681,Seine-Maritime,28.0,Normandie,70.0,7.0,3.0,4,1.0,28,Normandie,76,3,99,Sotteville-lès-Rouen,28965,475,29440.0
202100022066,1.0,1,4,1,1.0,1.0,-1.0, -1,-1.0,1944.0,B01,28,8,2021,07:10,2,76.0,76681,2,1,1.0,3.0,CD 18E (BOULEVARD INDUSTRIEL),"49,4165500000","1,1078500000",,76.076681,76681,Seine-Maritime,28.0,Normandie,70.0,7.0,3.0,4,1.0,28,Normandie,76,3,99,Sotteville-lès-Rouen,28965,475,29440.0
202100022067,1.0,1,1,2,0.0,1.0,-1.0, -1,-1.0,1966.0,B01,19,8,2021,16:10,1,76.0,76217,2,6,1.0,1.0,CURIE (RUE PIERRE),"49,9176100000","1,0772700000",,76.076217,76217,Seine-Maritime,28.0,Normandie,50.0,4.0,2.0,2,1.0,28,Normandie,76,1,95,Dieppe,28358,455,28813.0
202100022067,1.0,1,4,1,0.0,2.0,-1.0, -1,-1.0,2005.0,A01,19,8,2021,16:10,1,76.0,76217,2,6,1.0,1.0,CURIE (RUE PIERRE),"49,9176100000","1,0772700000",,76.076217,76217,Seine-Maritime,28.0,Normandie,50.0,4.0,2.0,2,1.0,28,Normandie,76,1,95,Dieppe,28358,455,28813.0
202100022328,1.0,1,3,1,5.0,2.0,0.0,0,-1.0,2000.0,A01,27,8,2021,03:10,3,76.0,76478,2,1,1.0,7.0,11 Route du Parc,"49,7461390000","1,1189600000",,76.076478,76478,Seine-Maritime,28.0,Normandie,-1.0,3.0,2.0,2,1.0,28,Normandie,76,1,20,Notre-Dame-du-Parc,190,1,191.0
202100022365,1.0,1,3,1,5.0,1.0,0.0,0,-1.0,2001.0,A01,28,8,2021,11:10,1,76.0,76700,1,4,3.0,6.0,RN27 PR021.000,"49,6659668222","1,0435799696",,76.076700,76700,Seine-Maritime,28.0,Normandie,100.0,2.0,3.0,4,2.0,28,Normandie,76,1,20,Tôtes,1575,30,1605.0
202100022701,1.0,1,1,1,0.0,1.0,-1.0, -1,-1.0,1999.0,A01,23,8,2021,16:00,1,76.0,76351,2,2,1.0,3.0,RICHELIEU,"49,4893700000","0,1029600000",,76.076351,76351,Seine-Maritime,28.0,Normandie,50.0,4.0,2.0,2,1.0,28,Normandie,76,2,96,LeHavre,166058,1780,167838.0
202100022701,1.0,1,4,1,4.0,2.0,-1.0, -1,-1.0,1957.0,B01,23,8,2021,16:00,1,76.0,76351,2,2,1.0,3.0,RICHELIEU,"49,4893700000","0,1029600000",,76.076351,76351,Seine-Maritime,28.0,Normandie,50.0,4.0,2.0,2,1.0,28,Normandie,76,2,96,LeHavre,166058,1780,167838.0
202100022702,1.0,1,4,2,5.0,1.0,-1.0, -1,-1.0,1991.0,B01,23,8,2021,20:45,1,76.0,76305,1,1,1.0,4.0,N 282,"49,4990500000","0,2015100000",,76.076305,76305,Seine-Maritime,28.0,Normandie,80.0,2.0,2.0,2,1.0,28,Normandie,76,2,16,Gonfreville-l'Orcher,8961,44,9005.0
202100022702,1.0,1,4,1,0.0,1.0,-1.0, -1,-1.0,1988.0,C01,23,8,2021,20:45,1,76.0,76305,1,1,1.0,4.0,N 282,"49,4990500000","0,2015100000",,76.076305,76305,Seine-Maritime,28.0,Normandie,80.0,2.0,2.0,2,1.0,28,Normandie,76,2,16,Gonfreville-l'Orcher,8961,44,9005.0
202100022702,1.0,1,4,1,0.0,1.0,-1.0, -1,-1.0,1996.0,A01,23,8,2021,20:45,1,76.0,76305,1,1,1.0,4.0,N 282,"49,4990500000","0,2015100000",,76.076305,76305,Seine-Maritime,28.0,Normandie,80.0,2.0,2.0,2,1.0,28,Normandie,76,2,16,Gonfreville-l'Orcher,8961,44,9005.0
202100022905,1.0,1,4,1,0.0,8.0,-1.0, -1,-1.0,1996.0,A01,22,8,2021,07:20,1,76.0,76540,2,6,1.0,7.0,EUROPE. BOULEVARD DE L',"49,4260400000","1,0868600000",,76.076540,76540,Seine-Maritime,28.0,Normandie,30.0,7.0,2.0,3,1.0,28,Normandie,76,3,97,Rouen,114083,1556,115639.0
202100022906,1.0,1,1,1,5.0,1.0,-1.0, -1,-1.0,1969.0,B01,21,8,2021,16:00,1,76.0,76217,2,1,2.0,3.0,GAMBETTA (AVENUE),"49,9146520000","1,0748610000",,76.076217,76217,Seine-Maritime,28.0,Normandie,50.0,3.0,2.0,3,2.0,28,Normandie,76,1,95,Dieppe,28358,455,28813.0
202100022906,1.0,1,4,1,5.0,2.0,-1.0, -1,-1.0,2005.0,A01,21,8,2021,16:00,1,76.0,76217,2,1,2.0,3.0,GAMBETTA (AVENUE),"49,9146520000","1,0748610000",,76.076217,76217,Seine-Maritime,28.0,Normandie,50.0,3.0,2.0,3,2.0,28,Normandie,76,1,95,Dieppe,28358,455,28813.0
202100023039,1.0,1,4,2,0.0,2.0,-1.0, -1,-1.0,1998.0,A01,24,7,2021,20:15,1,76.0,76540,2,4,2.0,3.0,CAUCHOISE. PLACE,"49,4458900000","1,0864700000",,76.076540,76540,Seine-Maritime,28.0,Normandie,50.0,7.0,2.0,4,2.0,28,Normandie,76,3,97,Rouen,114083,1556,115639.0
202100023039,4.0,2,1,1,0.0,1.0,-1.0, -1,-1.0,2019.0,B01,24,7,2021,20:15,1,76.0,76540,2,4,2.0,3.0,CAUCHOISE. PLACE,"49,4458900000","1,0864700000",,76.076540,76540,Seine-Maritime,28.0,Normandie,50.0,7.0,2.0,4,2.0,28,Normandie,76,3,97,Rouen,114083,1556,115639.0
202100023039,1.0,1,1,2,0.0,1.0,-1.0, -1,-1.0,1981.0,B01,24,7,2021,20:15,1,76.0,76540,2,4,2.0,3.0,CAUCHOISE. PLACE,"49,4458900000","1,0864700000",,76.076540,76540,Seine-Maritime,28.0,Normandie,50.0,7.0,2.0,4,2.0,28,Normandie,76,3,97,Rouen,114083,1556,115639.0
202100023039,3.0,2,1,1,0.0,1.0,-1.0, -1,-1.0,2013.0,B01,24,7,2021,20:15,1,76.0,76540,2,4,2.0,3.0,CAUCHOISE. PLACE,"49,4458900000","1,0864700000",,76.076540,76540,Seine-Maritime,28.0,Normandie,50.0,7.0,2.0,4,2.0,28,Normandie,76,3,97,Rouen,114083,1556,115639.0
202100023040,1.0,1,4,1,1.0,8.0,-1.0, -1,-1.0,1993.0,B01,28,7,2021,05:55,2,76.0,76351,1,2,1.0,3.0,LAMBLARDIE (QUAI),"49,4895500000","0,1165200000",,76.076351,76351,Seine-Maritime,28.0,Normandie,50.0,4.0,2.0,2,1.0,28,Normandie,76,2,96,LeHavre,166058,1780,167838.0
202100023040,1.0,1,1,-1,-1.0,8.0,-1.0, -1,-1.0,,A01,28,7,2021,05:55,2,76.0,76351,1,2,1.0,3.0,LAMBLARDIE (QUAI),"49,4895500000","0,1165200000",,76.076351,76351,Seine-Maritime,28.0,Normandie,50.0,4.0,2.0,2,1.0,28,Normandie,76,2,96,LeHavre,166058,1780,167838.0
202100023041,10.0,3,3,1,9.0,0.0,1.0,3,1.0,1986.0,A01,23,7,2021,22:30,3,76.0,76351,1,1,2.0,6.0,RD 6382G,"49,5245300000","0,1789100000",,76.076351,76351,Seine-Maritime,28.0,Normandie,70.0,3.0,3.0,4,2.0,28,Normandie,76,2,96,LeHavre,166058,1780,167838.0
202100023041,1.0,1,1,1,5.0,1.0,-1.0, -1,-1.0,1998.0,A01,23,7,2021,22:30,3,76.0,76351,1,1,2.0,6.0,RD 6382G,"49,5245300000","0,1789100000",,76.076351,76351,Seine-Maritime,28.0,Normandie,70.0,3.0,3.0,4,2.0,28,Normandie,76,2,96,LeHavre,166058,1780,167838.0
202100023103,1.0,1,1,1,5.0,1.0,-1.0, -1,-1.0,1999.0,A01,21,8,2021,19:29,1,76.0,76319,2,1,1.0,6.0,BRAQUE. RUE GEORGES,"49,3478900000","0,9972200000",,76.076319,76319,Seine-Maritime,28.0,Normandie,30.0,4.0,2.0,2,1.0,28,Normandie,76,3,9,Grand-Couronne,9726,177,9903.0
202100023103,10.0,3,4,1,5.0,0.0,2.0,3,1.0,2015.0,A01,21,8,2021,19:29,1,76.0,76319,2,1,1.0,6.0,BRAQUE. RUE GEORGES,"49,3478900000","0,9972200000",,76.076319,76319,Seine-Maritime,28.0,Normandie,30.0,4.0,2.0,2,1.0,28,Normandie,76,3,9,Grand-Couronne,9726,177,9903.0
202100023104,1.0,1,4,1,5.0,2.0,-1.0, -1,-1.0,1960.0,A01,21,8,2021,11:20,1,76.0,76217,2,1,1.0,2.0,Avenue des Canadiens,"49,9080000000","1,0770000000",,76.076217,76217,Seine-Maritime,28.0,Normandie,50.0,2.0,3.0,4,1.0,28,Normandie,76,1,95,Dieppe,28358,455,28813.0
202100023104,2.0,2,4,2,5.0,2.0,-1.0, -1,-1.0,1962.0,A01,21,8,2021,11:20,1,76.0,76217,2,1,1.0,2.0,Avenue des Canadiens,"49,9080000000","1,0770000000",,76.076217,76217,Seine-Maritime,28.0,Normandie,50.0,2.0,3.0,4,1.0,28,Normandie,76,1,95,Dieppe,28358,455,28813.0
202100023104,1.0,1,1,1,5.0,1.0,-1.0, -1,-1.0,1956.0,B01,21,8,2021,11:20,1,76.0,76217,2,1,1.0,2.0,Avenue des Canadiens,"49,9080000000","1,0770000000",,76.076217,76217,Seine-Maritime,28.0,Normandie,50.0,2.0,3.0,4,1.0,28,Normandie,76,1,95,Dieppe,28358,455,28813.0
202100023104,2.0,2,1,2,5.0,1.0,-1.0, -1,-1.0,1958.0,B01,21,8,2021,11:20,1,76.0,76217,2,1,1.0,2.0,Avenue des Canadiens,"49,9080000000","1,0770000000",,76.076217,76217,Seine-Maritime,28.0,Normandie,50.0,2.0,3.0,4,1.0,28,Normandie,76,1,95,Dieppe,28358,455,28813.0
202100023260,1.0,1,1,-1,-1.0,8.0,-1.0, -1,-1.0,,B01,20,8,2021,19:20,1,76.0,76575,2,9,1.0,6.0,LANGEVIN. RUE PAUL,"49,3865400000","1,0909220000",,76.076575,76575,Seine-Maritime,28.0,Normandie,50.0,4.0,2.0,-1,1.0,28,Normandie,76,3,98,Saint-Étienne-du-Rouvray,28508,225,28733.0
202100023260,2.0,2,3,1,0.0,8.0,-1.0, -1,-1.0,2007.0,B01,20,8,2021,19:20,1,76.0,76575,2,9,1.0,6.0,LANGEVIN. RUE PAUL,"49,3865400000","1,0909220000",,76.076575,76575,Seine-Maritime,28.0,Normandie,50.0,4.0,2.0,-1,1.0,28,Normandie,76,3,98,Saint-Étienne-du-Rouvray,28508,225,28733.0
202100023260,1.0,1,1,-1,-1.0,8.0,-1.0, -1,-1.0,,A01,20,8,2021,19:20,1,76.0,76575,2,9,1.0,6.0,LANGEVIN. RUE PAUL,"49,3865400000","1,0909220000",,76.076575,76575,Seine-Maritime,28.0,Normandie,50.0,4.0,2.0,-1,1.0,28,Normandie,76,3,98,Saint-Étienne-du-Rouvray,28508,225,28733.0
202100023261,1.0,1,4,1,4.0,8.0,-1.0, -1,-1.0,1993.0,B01,19,8,2021,12:30,1,76.0,76217,2,1,1.0,3.0,REPUBLIQUE (AVENUE DE LA),"49,9249300000","1,1023700000",,76.076217,76217,Seine-Maritime,28.0,Normandie,50.0,4.0,2.0,2,1.0,28,Normandie,76,1,95,Dieppe,28358,455,28813.0
202100023261,1.0,1,1,2,0.0,1.0,-1.0, -1,-1.0,1991.0,A01,19,8,2021,12:30,1,76.0,76217,2,1,1.0,3.0,REPUBLIQUE (AVENUE DE LA),"49,9249300000","1,1023700000",,76.076217,76217,Seine-Maritime,28.0,Normandie,50.0,4.0,2.0,2,1.0,28,Normandie,76,1,95,Dieppe,28358,455,28813.0
202100023337,9.0,2,4,1,5.0,1.0,0.0,0,-1.0,1972.0,B01,21,8,2021,00:00,3,76.0,76529,1,1,1.0,1.0,CD 150,"49,7293440000","0,5661340000",,76.076529,76529,Seine-Maritime,28.0,Normandie,80.0,3.0,2.0,2,1.0,28,Normandie,76,2,11,RivilLe307,6,313,
202100023337,1.0,1,1,2,5.0,1.0,0.0,0,-1.0,1976.0,B01,21,8,2021,00:00,3,76.0,76529,1,1,1.0,1.0,CD 150,"49,7293440000","0,5661340000",,76.076529,76529,Seine-Maritime,28.0,Normandie,80.0,3.0,2.0,2,1.0,28,Normandie,76,2,11,RivilLe307,6,313,
202100023337,1.0,1,1,1,5.0,1.0,0.0,0,-1.0,1968.0,A01,21,8,2021,00:00,3,76.0,76529,1,1,1.0,1.0,CD 150,"49,7293440000","0,5661340000",,76.076529,76529,Seine-Maritime,28.0,Normandie,80.0,3.0,2.0,2,1.0,28,Normandie,76,2,11,RivilLe307,6,313,
202100023412,1.0,1,2,1,5.0,2.0,-1.0, -1,-1.0,1967.0,A01,2,8,2021,21:45,5,76.0,76498,2,6,2.0,7.0,Boulevard Charles de Gaulle,"49,4199190453","1,0611838102",,76.076498,76498,Seine-Maritime,28.0,Normandie,30.0,4.0,2.0,2,2.0,28,Normandie,76,3,27,LePetit-Quevilly,21782,274,22056.0
202100023572,1.0,1,4,2,0.0,1.0,-1.0, -1,-1.0,1956.0,A01,18,8,2021,15:40,1,76.0,76451,2,1,1.0,6.0,PASTEUR. RUE LOUIS,"49,4569900000","1,0813200000",,76.076451,76451,Seine-Maritime,28.0,Normandie,50.0,4.0,2.0,2,1.0,28,Normandie,76,3,22,Mont-Saint-Aignan,20066,415,20481.0
202100023573,1.0,1,4,1,4.0,2.0,-1.0, -1,-1.0,1981.0,A01,18,8,2021,17:31,1,76.0,76429,2,1,1.0,7.0,DARNETAL. ROUTE DE,"49,4177800000","1,1465300000",,76.076429,76429,Seine-Maritime,28.0,Normandie,50.0,7.0,2.0,2,1.0,28,Normandie,76,3,21,LeMesnil-Esnard,7980,353,8333.0
202100023686,1.0,1,1,1,0.0,1.0,-1.0, -1,-1.0,1978.0,B01,16,8,2021,17:10,1,76.0,76351,2,3,1.0,2.0,WINSTON CHURCHILL,"49,4929200000","0,1337700000",,76.076351,76351,Seine-Maritime,28.0,Normandie,50.0,4.0,3.0,4,1.0,28,Normandie,76,2,96,LeHavre,166058,1780,167838.0
202100023686,1.0,1,4,2,0.0,2.0,-1.0, -1,-1.0,2004.0,A01,16,8,2021,17:10,1,76.0,76351,2,3,1.0,2.0,WINSTON CHURCHILL,"49,4929200000","0,1337700000",,76.076351,76351,Seine-Maritime,28.0,Normandie,50.0,4.0,3.0,4,1.0,28,Normandie,76,2,96,LeHavre,166058,1780,167838.0
202100023687,1.0,1,1,2,0.0,1.0,-1.0, -1,-1.0,2002.0,C01,16,8,2021,08:20,1,76.0,76351,2,1,2.0,5.0,PONT VI (DU),"49,4858400000","0,1632800000",,76.076351,76351,Seine-Maritime,28.0,Normandie,30.0,4.0,2.0,2,2.0,28,Normandie,76,2,96,LeHavre,166058,1780,167838.0
202100023687,1.0,1,4,1,0.0,1.0,-1.0, -1,-1.0,1977.0,B01,16,8,2021,08:20,1,76.0,76351,2,1,2.0,5.0,PONT VI (DU),"49,4858400000","0,1632800000",,76.076351,76351,Seine-Maritime,28.0,Normandie,30.0,4.0,2.0,2,2.0,28,Normandie,76,2,96,LeHavre,166058,1780,167838.0
202100023687,1.0,1,1,1,0.0,1.0,-1.0, -1,-1.0,1993.0,A01,16,8,2021,08:20,1,76.0,76351,2,1,2.0,5.0,PONT VI (DU),"49,4858400000","0,1632800000",,76.076351,76351,Seine-Maritime,28.0,Normandie,30.0,4.0,2.0,2,2.0,28,Normandie,76,2,96,LeHavre,166058,1780,167838.0
202100023803,9.0,2,4,1,5.0,1.0,0.0,0,-1.0,1988.0,A01,17,8,2021,19:50,2,76.0,76682,1,1,1.0,6.0,autoroute A13 PK 109+400,"49,3213460000","1,1008210000",,76.076682,76682,Seine-Maritime,28.0,Normandie,110.0,1.0,1.0,5,1.0,28,Normandie,76,3,5,Sotteville-sous-le-Val,742,4,746.0
202100023803,8.0,2,4,1,5.0,1.0,0.0,0,-1.0,1990.0,A01,17,8,2021,19:50,2,76.0,76682,1,1,1.0,6.0,autoroute A13 PK 109+400,"49,3213460000","1,1008210000",,76.076682,76682,Seine-Maritime,28.0,Normandie,110.0,1.0,1.0,5,1.0,28,Normandie,76,3,5,Sotteville-sous-le-Val,742,4,746.0
202100023803,7.0,2,4,1,5.0,1.0,0.0,0,-1.0,1986.0,A01,17,8,2021,19:50,2,76.0,76682,1,1,1.0,6.0,autoroute A13 PK 109+400,"49,3213460000","1,1008210000",,76.076682,76682,Seine-Maritime,28.0,Normandie,110.0,1.0,1.0,5,1.0,28,Normandie,76,3,5,Sotteville-sous-le-Val,742,4,746.0
202100023803,1.0,1,4,1,5.0,1.0,0.0,0,-1.0,1998.0,A01,17,8,2021,19:50,2,76.0,76682,1,1,1.0,6.0,autoroute A13 PK 109+400,"49,3213460000","1,1008210000",,76.076682,76682,Seine-Maritime,28.0,Normandie,110.0,1.0,1.0,5,1.0,28,Normandie,76,3,5,Sotteville-sous-le-Val,742,4,746.0
202100023803,2.0,2,4,1,5.0,1.0,0.0,0,-1.0,1990.0,A01,17,8,2021,19:50,2,76.0,76682,1,1,1.0,6.0,autoroute A13 PK 109+400,"49,3213460000","1,1008210000",,76.076682,76682,Seine-Maritime,28.0,Normandie,110.0,1.0,1.0,5,1.0,28,Normandie,76,3,5,Sotteville-sous-le-Val,742,4,746.0
202100023862,1.0,1,3,1,0.0,2.0,-1.0, -1,-1.0,2004.0,B01,14,8,2021,20:45,1,76.0,76341,2,3,1.0,3.0,FRIEDRICH ENGELS,"49,5132100000","0,1935000000",,76.076341,76341,Seine-Maritime,28.0,Normandie,50.0,3.0,2.0,2,1.0,28,Normandie,76,2,15,Harfleur,8315,53,8368.0
202100023862,1.0,1,1,1,5.0,1.0,-1.0, -1,-1.0,1951.0,A01,14,8,2021,20:45,1,76.0,76341,2,3,1.0,3.0,FRIEDRICH ENGELS,"49,5132100000","0,1935000000",,76.076341,76341,Seine-Maritime,28.0,Normandie,50.0,3.0,2.0,2,1.0,28,Normandie,76,2,15,Harfleur,8315,53,8368.0
202100023863,1.0,1,4,2,5.0,1.0,-1.0, -1,-1.0,1997.0,B01,13,8,2021,14:30,1,76.0,76351,2,2,1.0,3.0,GERANIUMS (DES),"49,5053700000","0,1633500000",,76.076351,76351,Seine-Maritime,28.0,Normandie,50.0,4.0,2.0,2,1.0,28,Normandie,76,2,96,LeHavre,166058,1780,167838.0
202100023863,1.0,1,1,2,5.0,1.0,-1.0, -1,-1.0,1953.0,A01,13,8,2021,14:30,1,76.0,76351,2,2,1.0,3.0,GERANIUMS (DES),"49,5053700000","0,1633500000",,76.076351,76351,Seine-Maritime,28.0,Normandie,50.0,4.0,2.0,2,1.0,28,Normandie,76,2,96,LeHavre,166058,1780,167838.0
202100023864,10.0,3,4,1,5.0,0.0,4.0,3,1.0,1976.0,A01,16,8,2021,17:50,1,76.0,76217,2,9,1.0,6.0,Boulevard du General de Gaulle,"49,9237999923","1,0812393836",,76.076217,76217,Seine-Maritime,28.0,Normandie,30.0,3.0,1.0,1,1.0,28,Normandie,76,1,95,Dieppe,28358,455,28813.0
202100023864,1.0,1,1,2,1.0,1.0,-1.0, -1,-1.0,1986.0,A01,16,8,2021,17:50,1,76.0,76217,2,9,1.0,6.0,Boulevard du General de Gaulle,"49,9237999923","1,0812393836",,76.076217,76217,Seine-Maritime,28.0,Normandie,30.0,3.0,1.0,1,1.0,28,Normandie,76,1,95,Dieppe,28358,455,28813.0
202100023934,1.0,1,3,1,5.0,2.0,0.0,0,-1.0,1988.0,A01,17,8,2021,11:10,1,76.0,76735,1,1,1.0,1.0,D4,"49,8548910000","0,7758020000",,76.076735,76735,Seine-Maritime,28.0,Normandie,80.0,3.0,2.0,2,1.0,28,Normandie,76,1,33,Veules-les-Roses,520,13,533.0
202100023934,1.0,1,1,1,4.0,1.0,0.0,0,-1.0,1966.0,B01,17,8,2021,11:10,1,76.0,76735,1,1,1.0,1.0,D4,"49,8548910000","0,7758020000",,76.076735,76735,Seine-Maritime,28.0,Normandie,80.0,3.0,2.0,2,1.0,28,Normandie,76,1,33,Veules-les-Roses,520,13,533.0
202100024001,1.0,1,1,2,5.0,1.0,-1.0, -1,-1.0,1977.0,A01,14,8,2021,16:30,1,76.0,76476,1,8,1.0,6.0,KENNEDY (AVENUE),"49,4823642033","0,5546164513",,76.076476,76476,Seine-Maritime,28.0,Normandie,80.0,3.0,3.0,4,1.0,28,Normandie,76,2,25,Port-Jérôme-sur-Seine,10387,172,10559.0
202100024001,10.0,3,4,1,3.0,0.0,3.0,3,1.0,1991.0,A01,14,8,2021,16:30,1,76.0,76476,1,8,1.0,6.0,KENNEDY (AVENUE),"49,4823642033","0,5546164513",,76.076476,76476,Seine-Maritime,28.0,Normandie,80.0,3.0,3.0,4,1.0,28,Normandie,76,2,25,Port-Jérôme-sur-Seine,10387,172,10559.0
202100024121,1.0,1,1,2,0.0,1.0,-1.0, -1,-1.0,1995.0,A01,14,8,2021,08:30,1,76.0,76540,2,2,1.0,3.0,EUROPE. BOULEVARD DE L',"49,4269200000","1,0915000000",,76.076540,76540,Seine-Maritime,28.0,Normandie,50.0,4.0,2.0,4,1.0,28,Normandie,76,3,97,Rouen,114083,1556,115639.0
202100024121,2.0,2,4,2,0.0,2.0,-1.0, -1,-1.0,2002.0,B01,14,8,2021,08:30,1,76.0,76540,2,2,1.0,3.0,EUROPE. BOULEVARD DE L',"49,4269200000","1,0915000000",,76.076540,76540,Seine-Maritime,28.0,Normandie,50.0,4.0,2.0,4,1.0,28,Normandie,76,3,97,Rouen,114083,1556,115639.0
202100024121,1.0,1,4,1,0.0,2.0,-1.0, -1,-1.0,2001.0,B01,14,8,2021,08:30,1,76.0,76540,2,2,1.0,3.0,EUROPE. BOULEVARD DE L',"49,4269200000","1,0915000000",,76.076540,76540,Seine-Maritime,28.0,Normandie,50.0,4.0,2.0,4,1.0,28,Normandie,76,3,97,Rouen,114083,1556,115639.0
202100024122,1.0,1,4,1,0.0,1.0,-1.0, -1,-1.0,1991.0,B01,14,8,2021,01:35,5,76.0,76319,2,9,1.0,3.0,LEGER. RUE FERNAND,"49,3499770580","0,9984818101",,76.076319,76319,Seine-Maritime,28.0,Normandie,50.0,4.0,2.0,2,1.0,28,Normandie,76,3,9,Grand-Couronne,9726,177,9903.0
202100024122,1.0,1,1,1,0.0,1.0,-1.0, -1,-1.0,1999.0,A01,14,8,2021,01:35,5,76.0,76319,2,9,1.0,3.0,LEGER. RUE FERNAND,"49,3499770580","0,9984818101",,76.076319,76319,Seine-Maritime,28.0,Normandie,50.0,4.0,2.0,2,1.0,28,Normandie,76,3,9,Grand-Couronne,9726,177,9903.0
202100024226,1.0,1,1,2,3.0,1.0,-1.0, -1,-1.0,1990.0,A01,12,8,2021,19:00,1,76.0,76351,2,1,1.0,6.0,MONT LE COMTE (AVENUE DU),"49,5103900000","0,1792600000",,76.076351,76351,Seine-Maritime,28.0,Normandie,50.0,4.0,2.0,4,1.0,28,Normandie,76,2,96,LeHavre,166058,1780,167838.0
202100024226,10.0,3,4,1,5.0,0.0,3.0,3,2.0,2019.0,A01,12,8,2021,19:00,1,76.0,76351,2,1,1.0,6.0,MONT LE COMTE (AVENUE DU),"49,5103900000","0,1792600000",,76.076351,76351,Seine-Maritime,28.0,Normandie,50.0,4.0,2.0,4,1.0,28,Normandie,76,2,96,LeHavre,166058,1780,167838.0
202100024226,10.0,3,4,1,5.0,0.0,3.0,3,2.0,1973.0,A01,12,8,2021,19:00,1,76.0,76351,2,1,1.0,6.0,MONT LE COMTE (AVENUE DU),"49,5103900000","0,1792600000",,76.076351,76351,Seine-Maritime,28.0,Normandie,50.0,4.0,2.0,4,1.0,28,Normandie,76,2,96,LeHavre,166058,1780,167838.0
202100024249,1.0,1,1,1,5.0,1.0,-1.0, -1,-1.0,1968.0,A01,13,8,2021,19:40,1,76.0,76231,2,1,1.0,6.0,Rue Henry,"49,2909300000","1,0073010000",,76.076231,76231,Seine-Maritime,28.0,Normandie,50.0,4.0,2.0,2,1.0,28,Normandie,76,3,9,Elbeuf,15951,138,16089.0
202100024249,10.0,3,4,1,5.0,0.0,2.0,3,1.0,1986.0,A01,13,8,2021,19:40,1,76.0,76231,2,1,1.0,6.0,Rue Henry,"49,2909300000","1,0073010000",,76.076231,76231,Seine-Maritime,28.0,Normandie,50.0,4.0,2.0,2,1.0,28,Normandie,76,3,9,Elbeuf,15951,138,16089.0
202100024355,1.0,1,3,1,5.0,2.0,0.0,0,-1.0,1966.0,A01,13,8,2021,18:30,1,76.0,76291,1,1,1.0,7.0,D79,"49,7104460000","0,3388060000",,76.076291,76291,Seine-Maritime,28.0,Normandie,80.0,3.0,2.0,2,1.0,28,Normandie,76,2,11,FrobervilLe1164,25,1189,
202100024356,1.0,1,1,2,5.0,1.0,0.0,0,-1.0,1984.0,A01,14,8,2021,14:25,1,76.0,76144,1,2,1.0,3.0,DÉPARTEMENTALE 103,"49,7589690000","0,8690040000",,76.076144,76144,Seine-Maritime,28.0,Normandie,80.0,3.0,2.0,2,1.0,28,Normandie,76,3,35,Bretteville-Saint-Laurent,161,2,163.0
202100024356,1.0,1,3,1,1.0,0.0,0.0,0,-1.0,2002.0,B01,14,8,2021,14:25,1,76.0,76144,1,2,1.0,3.0,DÉPARTEMENTALE 103,"49,7589690000","0,8690040000",,76.076144,76144,Seine-Maritime,28.0,Normandie,80.0,3.0,2.0,2,1.0,28,Normandie,76,3,35,Bretteville-Saint-Laurent,161,2,163.0