Num_Acc,place,catu,grav,sexe,trajet,secu,locp,actp,etatp,an_nais,num_veh,jour,mois,an,hrmn,lum,dep,com,agg,int,atm,col,adr,lat,long,gps,com_insee_temp,com_insee,departmentName,regionCode,regionName,vma,catr,circ,nbv,surf,Code,Region,Departement,Arrondissement,Code_Canton,Nom_Commune,Population_municipaLe,Population_comptee_a_part,Population_Totale
202100030539,2.0,2,4,2,0.0,1.0,-1.0, -1,-1.0,1966.0,A01,3,7,2021,16:30,1,76.0,76341,1,1,1.0,4.0,D6382,"49,5090307430","0,1976645784",,76.076341,76341,Seine-Maritime,28.0,Normandie,70.0,3.0,1.0,1,2.0,28,Normandie,76,2,15,Harfleur,8315,53,8368.0
202100030539,1.0,1,4,1,0.0,1.0,-1.0, -1,-1.0,2002.0,B01,3,7,2021,16:30,1,76.0,76341,1,1,1.0,4.0,D6382,"49,5090307430","0,1976645784",,76.076341,76341,Seine-Maritime,28.0,Normandie,70.0,3.0,1.0,1,2.0,28,Normandie,76,2,15,Harfleur,8315,53,8368.0
202100030539,1.0,1,4,2,0.0,1.0,-1.0, -1,-1.0,1977.0,C01,3,7,2021,16:30,1,76.0,76341,1,1,1.0,4.0,D6382,"49,5090307430","0,1976645784",,76.076341,76341,Seine-Maritime,28.0,Normandie,70.0,3.0,1.0,1,2.0,28,Normandie,76,2,15,Harfleur,8315,53,8368.0
202100030825,2.0,2,4,2,0.0,1.0,-1.0, -1,-1.0,1984.0,A01,4,7,2021,19:45,1,76.0,76575,2,1,1.0,6.0,RENAN. RUE ERNEST,"49,3986200000","1,0657100000",,76.076575,76575,Seine-Maritime,28.0,Normandie,50.0,4.0,2.0,2,1.0,28,Normandie,76,3,98,Saint-Étienne-du-Rouvray,28508,225,28733.0
202100030825,1.0,1,1,1,5.0,8.0,-1.0, -1,-1.0,1965.0,A01,4,7,2021,19:45,1,76.0,76575,2,1,1.0,6.0,RENAN. RUE ERNEST,"49,3986200000","1,0657100000",,76.076575,76575,Seine-Maritime,28.0,Normandie,50.0,4.0,2.0,2,1.0,28,Normandie,76,3,98,Saint-Étienne-du-Rouvray,28508,225,28733.0
202100030826,2.0,2,4,1,0.0,8.0,-1.0, -1,-1.0,1977.0,A01,4,7,2021,20:10,1,76.0,76575,2,1,1.0,7.0,CHATEAU BLANC,"49,3931100000","1,0704400000",,76.076575,76575,Seine-Maritime,28.0,Normandie,50.0,4.0,2.0,2,1.0,28,Normandie,76,3,98,Saint-Étienne-du-Rouvray,28508,225,28733.0
202100030826,1.0,1,1,1,0.0,8.0,-1.0, -1,-1.0,1977.0,A01,4,7,2021,20:10,1,76.0,76575,2,1,1.0,7.0,CHATEAU BLANC,"49,3931100000","1,0704400000",,76.076575,76575,Seine-Maritime,28.0,Normandie,50.0,4.0,2.0,2,1.0,28,Normandie,76,3,98,Saint-Étienne-du-Rouvray,28508,225,28733.0
202100030827,1.0,1,3,1,0.0,8.0,-1.0, -1,-1.0,1980.0,B01,3,7,2021,13:50,1,76.0,76259,2,7,1.0,1.0,RICHARD ( PLACE DES DUCS),"49,7552800000","0,3800000000",,76.076259,76259,Seine-Maritime,28.0,Normandie,50.0,4.0,2.0,4,1.0,28,Normandie,76,2,11,Fécamp,18016,269,18285.0
202100030827,1.0,1,1,1,4.0,8.0,-1.0, -1,-1.0,1997.0,A01,3,7,2021,13:50,1,76.0,76259,2,7,1.0,1.0,RICHARD ( PLACE DES DUCS),"49,7552800000","0,3800000000",,76.076259,76259,Seine-Maritime,28.0,Normandie,50.0,4.0,2.0,4,1.0,28,Normandie,76,2,11,Fécamp,18016,269,18285.0
202100030832,1.0,1,1,2,1.0,1.0,-1.0, -1,-1.0,1988.0,A01,1,7,2021,12:27,1,76.0,76351,2,3,1.0,6.0,ETRETAT (D'),"49,4980100000","0,0959600000",,76.076351,76351,Seine-Maritime,28.0,Normandie,50.0,4.0,2.0,2,1.0,28,Normandie,76,2,96,LeHavre,166058,1780,167838.0
202100030832,10.0,3,3,1,5.0,0.0,2.0,5,1.0,2012.0,A01,1,7,2021,12:27,1,76.0,76351,2,3,1.0,6.0,ETRETAT (D'),"49,4980100000","0,0959600000",,76.076351,76351,Seine-Maritime,28.0,Normandie,50.0,4.0,2.0,2,1.0,28,Normandie,76,2,96,LeHavre,166058,1780,167838.0
202100030947,1.0,1,3,1,0.0,1.0,0.0,0,-1.0,1986.0,A01,5,7,2021,05:30,2,76.0,76678,1,1,1.0,6.0,Route de la Cavée,"49,6323360000","1,4801660000",,76.076678,76678,Seine-Maritime,28.0,Normandie,70.0,3.0,2.0,2,2.0,28,Normandie,76,1,23,Sommery,834,10,844.0
202100030948,1.0,1,3,1,1.0,8.0,0.0,0,-1.0,2002.0,A01,2,7,2021,04:35,3,76.0,76672,1,1,5.0,7.0,Route de Gaillefontaine,"49,6154885042","1,5539555526",,76.076672,76672,Seine-Maritime,28.0,Normandie,80.0,3.0,2.0,2,1.0,28,Normandie,76,1,12,Serqueux,957,15,972.0
202100030990,1.0,1,3,2,0.0,1.0,-1.0, -1,-1.0,2000.0,B01,29,6,2021,12:30,1,76.0,76540,2,1,1.0,3.0,EMENDREVILLE. RUE D',"49,4295600000","1,0961100000",,76.076540,76540,Seine-Maritime,28.0,Normandie,30.0,4.0,2.0,1,1.0,28,Normandie,76,3,97,Rouen,114083,1556,115639.0
202100030990,1.0,1,3,1,0.0,1.0,-1.0, -1,-1.0,1939.0,A01,29,6,2021,12:30,1,76.0,76540,2,1,1.0,3.0,EMENDREVILLE. RUE D',"49,4295600000","1,0961100000",,76.076540,76540,Seine-Maritime,28.0,Normandie,30.0,4.0,2.0,1,1.0,28,Normandie,76,3,97,Rouen,114083,1556,115639.0
202100031232,9.0,2,3,2,5.0,1.0,0.0,0,-1.0,1952.0,A01,3,7,2021,14:10,1,76.0,76201,1,1,2.0,3.0,N31,"49,4581940000","1,4103700000",,76.076201,76201,Seine-Maritime,28.0,Normandie,80.0,2.0,2.0,3,2.0,28,Normandie,76,1,12,Croisy-sur-AndelLe524,4,528,
202100031232,2.0,2,1,2,5.0,1.0,0.0,0,-1.0,1980.0,A01,3,7,2021,14:10,1,76.0,76201,1,1,2.0,3.0,N31,"49,4581940000","1,4103700000",,76.076201,76201,Seine-Maritime,28.0,Normandie,80.0,2.0,2.0,3,2.0,28,Normandie,76,1,12,Croisy-sur-AndelLe524,4,528,
202100031232,1.0,1,1,1,5.0,1.0,0.0,0,-1.0,1978.0,A01,3,7,2021,14:10,1,76.0,76201,1,1,2.0,3.0,N31,"49,4581940000","1,4103700000",,76.076201,76201,Seine-Maritime,28.0,Normandie,80.0,2.0,2.0,3,2.0,28,Normandie,76,1,12,Croisy-sur-AndelLe524,4,528,
202100031232,1.0,1,1,2,9.0,1.0,0.0,0,-1.0,1984.0,B01,3,7,2021,14:10,1,76.0,76201,1,1,2.0,3.0,N31,"49,4581940000","1,4103700000",,76.076201,76201,Seine-Maritime,28.0,Normandie,80.0,2.0,2.0,3,2.0,28,Normandie,76,1,12,Croisy-sur-AndelLe524,4,528,
202100031348,1.0,1,3,1,1.0,2.0,0.0,0,-1.0,2000.0,A01,3,7,2021,09:50,1,76.0,76441,2,4,2.0,7.0,D49,"49,9445580000","1,5907750000",,76.076441,76441,Seine-Maritime,28.0,Normandie,-1.0,3.0,2.0,2,2.0,28,Normandie,76,1,10,Monchaux-Soreng,616,10,626.0
202100031398,1.0,1,1,1,5.0,8.0,0.0,0,-1.0,1999.0,B01,2,7,2021,16:40,1,76.0,76533,2,1,1.0,6.0,Côte de Rogerville,"49,5014820000","0,2687630000",,76.076533,76533,Seine-Maritime,28.0,Normandie,50.0,3.0,2.0,2,1.0,28,Normandie,76,2,16,RogervilLe1706,19,1725,
202100031398,1.0,1,2,1,0.0,2.0,0.0,0,-1.0,1988.0,A01,2,7,2021,16:40,1,76.0,76533,2,1,1.0,6.0,Côte de Rogerville,"49,5014820000","0,2687630000",,76.076533,76533,Seine-Maritime,28.0,Normandie,50.0,3.0,2.0,2,1.0,28,Normandie,76,2,16,RogervilLe1706,19,1725,
202100031841,1.0,1,1,1,5.0,1.0,-1.0, -1,-1.0,1990.0,A01,26,6,2021,18:30,1,76.0,76351,1,1,2.0,6.0,Rue Gustave Brindeau,"49,4896600000","0,1421900000",,76.076351,76351,Seine-Maritime,28.0,Normandie,50.0,4.0,2.0,1,2.0,28,Normandie,76,2,96,LeHavre,166058,1780,167838.0
202100031841,10.0,3,3,1,5.0,0.0,2.0,3,1.0,2011.0,A01,26,6,2021,18:30,1,76.0,76351,1,1,2.0,6.0,Rue Gustave Brindeau,"49,4896600000","0,1421900000",,76.076351,76351,Seine-Maritime,28.0,Normandie,50.0,4.0,2.0,1,2.0,28,Normandie,76,2,96,LeHavre,166058,1780,167838.0
202100031842,1.0,1,4,1,0.0,1.0,-1.0, -1,-1.0,1976.0,A01,26,6,2021,21:30,5,76.0,76447,2,1,2.0,6.0,GEORGES CLEMENCEAU,"49,5499400000","0,2001900000",,76.076447,76447,Seine-Maritime,28.0,Normandie,50.0,3.0,2.0,3,2.0,28,Normandie,76,2,15,Montivilliers,15457,203,15660.0
202100031843,1.0,1,1,-1,-1.0,8.0,-1.0, -1,-1.0,,A01,26,6,2021,02:00,5,76.0,76447,2,1,1.0,6.0,PRESIDENT WILSON,"49,5407500000","0,1794100000",,76.076447,76447,Seine-Maritime,28.0,Normandie,50.0,4.0,2.0,2,2.0,28,Normandie,76,2,15,Montivilliers,15457,203,15660.0
202100031843,2.0,2,3,2,5.0,1.0,-1.0, -1,-1.0,1991.0,A01,26,6,2021,02:00,5,76.0,76447,2,1,1.0,6.0,PRESIDENT WILSON,"49,5407500000","0,1794100000",,76.076447,76447,Seine-Maritime,28.0,Normandie,50.0,4.0,2.0,2,2.0,28,Normandie,76,2,15,Montivilliers,15457,203,15660.0
202100031843,4.0,2,4,2,5.0,1.0,-1.0, -1,-1.0,1993.0,A01,26,6,2021,02:00,5,76.0,76447,2,1,1.0,6.0,PRESIDENT WILSON,"49,5407500000","0,1794100000",,76.076447,76447,Seine-Maritime,28.0,Normandie,50.0,4.0,2.0,2,2.0,28,Normandie,76,2,15,Montivilliers,15457,203,15660.0
202100031967,1.0,1,4,1,-1.0,0.0,-1.0, -1,-1.0,1999.0,A01,27,6,2021,17:21,1,76.0,76131,1,1,1.0,7.0,Côte de la Maison Brûlée (D132),"49,3481950000","0,9310840000",,76.076131,76131,Seine-Maritime,28.0,Normandie,80.0,7.0,2.0,-1,1.0,28,Normandie,76,3,9,La BouilLe710,10,720,
202100031967,2.0,2,4,2,-1.0,0.0,-1.0, -1,-1.0,2002.0,A01,27,6,2021,17:21,1,76.0,76131,1,1,1.0,7.0,Côte de la Maison Brûlée (D132),"49,3481950000","0,9310840000",,76.076131,76131,Seine-Maritime,28.0,Normandie,80.0,7.0,2.0,-1,1.0,28,Normandie,76,3,9,La BouilLe710,10,720,
202100032252,1.0,1,1,-1,-1.0,8.0,-1.0, -1,-1.0,,A01,25,6,2021,13:25,1,76.0,76540,2,1,1.0,6.0,JEANNE D'ARC. RUE,"49,4423600000","1,0907000000",,76.076540,76540,Seine-Maritime,28.0,Normandie,30.0,4.0,-1.0,2,1.0,28,Normandie,76,3,97,Rouen,114083,1556,115639.0
202100032252,10.0,3,4,2,1.0,8.0,3.0,3,1.0,1963.0,A01,25,6,2021,13:25,1,76.0,76540,2,1,1.0,6.0,JEANNE D'ARC. RUE,"49,4423600000","1,0907000000",,76.076540,76540,Seine-Maritime,28.0,Normandie,30.0,4.0,-1.0,2,1.0,28,Normandie,76,3,97,Rouen,114083,1556,115639.0
202100032253,1.0,1,4,1,1.0,8.0,-1.0, -1,-1.0,1996.0,A01,25,6,2021,04:40,5,76.0,76540,2,2,1.0,3.0,RONDEAUX. AVENUE JEAN,"49,4343800000","1,0762000000",,76.076540,76540,Seine-Maritime,28.0,Normandie,50.0,2.0,2.0,4,1.0,28,Normandie,76,3,97,Rouen,114083,1556,115639.0
202100032253,1.0,1,1,-1,-1.0,8.0,-1.0, -1,-1.0,,B01,25,6,2021,04:40,5,76.0,76540,2,2,1.0,3.0,RONDEAUX. AVENUE JEAN,"49,4343800000","1,0762000000",,76.076540,76540,Seine-Maritime,28.0,Normandie,50.0,2.0,2.0,4,1.0,28,Normandie,76,3,97,Rouen,114083,1556,115639.0
202100032363,1.0,1,3,2,5.0,1.0,0.0,0,-1.0,2001.0,A01,24,6,2021,17:30,1,76.0,76280,1,1,1.0,7.0,D1314,"49,8265570000","1,4108200000",,76.076280,76280,Seine-Maritime,28.0,Normandie,70.0,3.0,-1.0,2,1.0,28,Normandie,76,1,23,FréauvilLe140,1,141,
202100032363,3.0,2,1,2,5.0,1.0,0.0,0,-1.0,2005.0,A01,24,6,2021,17:30,1,76.0,76280,1,1,1.0,7.0,D1314,"49,8265570000","1,4108200000",,76.076280,76280,Seine-Maritime,28.0,Normandie,70.0,3.0,-1.0,2,1.0,28,Normandie,76,1,23,FréauvilLe140,1,141,
202100032363,2.0,2,1,2,5.0,1.0,0.0,0,-1.0,2001.0,A01,24,6,2021,17:30,1,76.0,76280,1,1,1.0,7.0,D1314,"49,8265570000","1,4108200000",,76.076280,76280,Seine-Maritime,28.0,Normandie,70.0,3.0,-1.0,2,1.0,28,Normandie,76,1,23,FréauvilLe140,1,141,
202100032377,1.0,1,1,1,5.0,1.0,0.0,0,-1.0,2002.0,A01,26,6,2021,08:00,1,76.0,76581,1,2,8.0,3.0,Route de la Plaine,"49,5284300000","1,3371500000",,76.076581,76581,Seine-Maritime,28.0,Normandie,80.0,3.0,2.0,2,1.0,28,Normandie,76,3,21,Saint-Germain-des-Essourts,381,9,390.0
202100032377,1.0,1,3,1,0.0,2.0,0.0,0,-1.0,2002.0,B01,26,6,2021,08:00,1,76.0,76581,1,2,8.0,3.0,Route de la Plaine,"49,5284300000","1,3371500000",,76.076581,76581,Seine-Maritime,28.0,Normandie,80.0,3.0,2.0,2,1.0,28,Normandie,76,3,21,Saint-Germain-des-Essourts,381,9,390.0
202100032653,1.0,1,4,1,5.0,2.0,-1.0, -1,-1.0,1987.0,B01,23,6,2021,21:38,2,76.0,76540,2,1,1.0,2.0,BOISGUILBERT. QUAI DE,"49,4408300000","1,0816600000",,76.076540,76540,Seine-Maritime,28.0,Normandie,50.0,7.0,1.0,5,1.0,28,Normandie,76,3,97,Rouen,114083,1556,115639.0
202100032653,2.0,2,1,2,5.0,1.0,-1.0, -1,-1.0,1998.0,A01,23,6,2021,21:38,2,76.0,76540,2,1,1.0,2.0,BOISGUILBERT. QUAI DE,"49,4408300000","1,0816600000",,76.076540,76540,Seine-Maritime,28.0,Normandie,50.0,7.0,1.0,5,1.0,28,Normandie,76,3,97,Rouen,114083,1556,115639.0
202100032653,1.0,1,1,1,5.0,1.0,-1.0, -1,-1.0,1998.0,A01,23,6,2021,21:38,2,76.0,76540,2,1,1.0,2.0,BOISGUILBERT. QUAI DE,"49,4408300000","1,0816600000",,76.076540,76540,Seine-Maritime,28.0,Normandie,50.0,7.0,1.0,5,1.0,28,Normandie,76,3,97,Rouen,114083,1556,115639.0
202100032954,1.0,1,3,1,1.0,2.0,0.0,0,-1.0,1966.0,B01,23,6,2021,17:30,1,76.0,76159,2,1,1.0,3.0,Route de Barville,"49,7847600000","0,6406400000",,76.076159,76159,Seine-Maritime,28.0,Normandie,50.0,3.0,2.0,2,1.0,28,Normandie,76,1,33,Cany-BarvilLe2947,46,2993,
202100032954,1.0,1,1,2,5.0,1.0,0.0,0,-1.0,1990.0,A01,23,6,2021,17:30,1,76.0,76159,2,1,1.0,3.0,Route de Barville,"49,7847600000","0,6406400000",,76.076159,76159,Seine-Maritime,28.0,Normandie,50.0,3.0,2.0,2,1.0,28,Normandie,76,1,33,Cany-BarvilLe2947,46,2993,
202100033030,1.0,1,4,1,5.0,2.0,-1.0, -1,-1.0,1983.0,A01,20,6,2021,17:15,1,76.0,76351,1,1,1.0,7.0,BIGNE A FOSSE,"49,5303600000","0,1099500000",,76.076351,76351,Seine-Maritime,28.0,Normandie,50.0,4.0,2.0,2,1.0,28,Normandie,76,2,96,LeHavre,166058,1780,167838.0
202100033113,1.0,1,3,1,1.0,1.0,0.0,0,-1.0,1979.0,A01,17,6,2021,15:10,1,76.0,76298,1,1,1.0,7.0,D486,"49,7340866397","0,3886145353",,76.076298,76298,Seine-Maritime,28.0,Normandie,80.0,3.0,2.0,2,1.0,28,Normandie,76,2,11,GanzevilLe463,14,477,
202100033152,10.0,3,3,2,5.0,0.0,2.0,3,2.0,1946.0,A01,21,6,2021,14:30,1,76.0,76758,2,4,1.0,6.0,Rue Edmond Labbé,"49,6168300000","0,7520600000",,76.076758,76758,Seine-Maritime,28.0,Normandie,50.0,3.0,2.0,2,1.0,28,Normandie,76,3,35,Yvetot,11385,208,11593.0
202100033152,10.0,3,1,2,5.0,0.0,2.0,3,2.0,1935.0,A01,21,6,2021,14:30,1,76.0,76758,2,4,1.0,6.0,Rue Edmond Labbé,"49,6168300000","0,7520600000",,76.076758,76758,Seine-Maritime,28.0,Normandie,50.0,3.0,2.0,2,1.0,28,Normandie,76,3,35,Yvetot,11385,208,11593.0
202100033152,1.0,1,1,2,5.0,8.0,0.0,0,-1.0,1981.0,A01,21,6,2021,14:30,1,76.0,76758,2,4,1.0,6.0,Rue Edmond Labbé,"49,6168300000","0,7520600000",,76.076758,76758,Seine-Maritime,28.0,Normandie,50.0,3.0,2.0,2,1.0,28,Normandie,76,3,35,Yvetot,11385,208,11593.0
202100033153,2.0,2,3,2,5.0,1.0,0.0,0,-1.0,1948.0,B01,21,6,2021,19:17,2,76.0,76055,1,1,3.0,1.0,D37,"49,6377320000","0,7681100000",,76.076055,76055,Seine-Maritime,28.0,Normandie,80.0,3.0,2.0,2,2.0,28,Normandie,76,3,35,Baons-le-Comte,335,8,343.0
202100033153,1.0,1,3,1,5.0,1.0,0.0,0,-1.0,1942.0,B01,21,6,2021,19:17,2,76.0,76055,1,1,3.0,1.0,D37,"49,6377320000","0,7681100000",,76.076055,76055,Seine-Maritime,28.0,Normandie,80.0,3.0,2.0,2,2.0,28,Normandie,76,3,35,Baons-le-Comte,335,8,343.0
202100033153,1.0,1,4,1,4.0,1.0,0.0,0,-1.0,2002.0,A01,21,6,2021,19:17,2,76.0,76055,1,1,3.0,1.0,D37,"49,6377320000","0,7681100000",,76.076055,76055,Seine-Maritime,28.0,Normandie,80.0,3.0,2.0,2,2.0,28,Normandie,76,3,35,Baons-le-Comte,335,8,343.0
202100033322,1.0,1,3,1,0.0,2.0,-1.0, -1,-1.0,1988.0,A01,12,6,2021,06:15,1,76.0,76351,2,1,1.0,6.0,JENNER (TUNNEL),"49,5054900000","0,1341900000",,76.076351,76351,Seine-Maritime,28.0,Normandie,50.0,4.0,1.0,-1,1.0,28,Normandie,76,2,96,LeHavre,166058,1780,167838.0
202100033386,1.0,1,4,2,5.0,8.0,-1.0, -1,-1.0,2009.0,B01,19,6,2021,17:11,1,76.0,76322,2,1,1.0,1.0,RAVEL. BOULEVARD MAURICE,"49,4059202286","1,0441843048",,76.076322,76322,Seine-Maritime,28.0,Normandie,50.0,4.0,2.0,2,2.0,28,Normandie,76,3,13,LeGrand-Quevilly,25975,225,26200.0
202100033386,1.0,1,1,2,0.0,1.0,-1.0, -1,-1.0,1982.0,A01,19,6,2021,17:11,1,76.0,76322,2,1,1.0,1.0,RAVEL. BOULEVARD MAURICE,"49,4059202286","1,0441843048",,76.076322,76322,Seine-Maritime,28.0,Normandie,50.0,4.0,2.0,2,2.0,28,Normandie,76,3,13,LeGrand-Quevilly,25975,225,26200.0
202100033550,2.0,2,4,2,0.0,1.0,-1.0, -1,-1.0,1955.0,C01,18,6,2021,20:10,1,76.0,76319,1,1,1.0,5.0,CD 13,"49,3654000000","1,0197300000",,76.076319,76319,Seine-Maritime,28.0,Normandie,70.0,7.0,2.0,0,2.0,28,Normandie,76,3,9,Grand-Couronne,9726,177,9903.0
202100033550,1.0,1,4,2,0.0,1.0,-1.0, -1,-1.0,1994.0,C01,18,6,2021,20:10,1,76.0,76319,1,1,1.0,5.0,CD 13,"49,3654000000","1,0197300000",,76.076319,76319,Seine-Maritime,28.0,Normandie,70.0,7.0,2.0,0,2.0,28,Normandie,76,3,9,Grand-Couronne,9726,177,9903.0
202100033550,1.0,1,3,2,0.0,1.0,-1.0, -1,-1.0,1983.0,B01,18,6,2021,20:10,1,76.0,76319,1,1,1.0,5.0,CD 13,"49,3654000000","1,0197300000",,76.076319,76319,Seine-Maritime,28.0,Normandie,70.0,7.0,2.0,0,2.0,28,Normandie,76,3,9,Grand-Couronne,9726,177,9903.0
202100033550,3.0,2,4,1,0.0,3.0,-1.0, -1,-1.0,2017.0,B01,18,6,2021,20:10,1,76.0,76319,1,1,1.0,5.0,CD 13,"49,3654000000","1,0197300000",,76.076319,76319,Seine-Maritime,28.0,Normandie,70.0,7.0,2.0,0,2.0,28,Normandie,76,3,9,Grand-Couronne,9726,177,9903.0
202100033550,1.0,1,4,1,0.0,1.0,-1.0, -1,-1.0,2002.0,A01,18,6,2021,20:10,1,76.0,76319,1,1,1.0,5.0,CD 13,"49,3654000000","1,0197300000",,76.076319,76319,Seine-Maritime,28.0,Normandie,70.0,7.0,2.0,0,2.0,28,Normandie,76,3,9,Grand-Couronne,9726,177,9903.0
202100033551,1.0,1,4,1,1.0,1.0,-1.0, -1,-1.0,2000.0,A01,18,6,2021,03:44,5,76.0,76259,2,1,1.0,6.0,COUTURIER ( RUE GUSTAVE),"49,7525200000","0,3931700000",,76.076259,76259,Seine-Maritime,28.0,Normandie,50.0,4.0,2.0,2,1.0,28,Normandie,76,2,11,Fécamp,18016,269,18285.0
202100033552,1.0,1,4,2,1.0,1.0,-1.0, -1,-1.0,2002.0,B01,18,6,2021,08:35,1,76.0,76351,2,2,1.0,3.0,COMMANDANT COUSTEAU ,"49,5226780000","0,0909846000",,76.076351,76351,Seine-Maritime,28.0,Normandie,50.0,4.0,2.0,2,1.0,28,Normandie,76,2,96,LeHavre,166058,1780,167838.0
202100033552,1.0,1,4,2,0.0,1.0,-1.0, -1,-1.0,1999.0,A01,18,6,2021,08:35,1,76.0,76351,2,2,1.0,3.0,COMMANDANT COUSTEAU ,"49,5226780000","0,0909846000",,76.076351,76351,Seine-Maritime,28.0,Normandie,50.0,4.0,2.0,2,1.0,28,Normandie,76,2,96,LeHavre,166058,1780,167838.0
202100033703,1.0,1,1,2,5.0,1.0,0.0,0,-1.0,2000.0,A01,18,6,2021,16:00,1,76.0,76183,1,1,3.0,1.0,D150,"49,7446170000","0,4725620000",,76.076183,76183,Seine-Maritime,28.0,Normandie,80.0,3.0,2.0,2,2.0,28,Normandie,76,2,11,CollevilLe767,19,786,
202100033703,1.0,1,3,1,5.0,1.0,0.0,0,-1.0,1960.0,B01,18,6,2021,16:00,1,76.0,76183,1,1,3.0,1.0,D150,"49,7446170000","0,4725620000",,76.076183,76183,Seine-Maritime,28.0,Normandie,80.0,3.0,2.0,2,2.0,28,Normandie,76,2,11,CollevilLe767,19,786,
202100033915,1.0,1,4,1,5.0,2.0,0.0,0,-1.0,2004.0,A01,17,6,2021,18:00,1,76.0,76404,2,1,1.0,7.0,D52,"49,5649290000","0,2550500000",,76.076404,76404,Seine-Maritime,28.0,Normandie,70.0,3.0,2.0,2,1.0,28,Normandie,76,2,26,Manéglise,1264,23,1287.0
202100034005,1.0,1,4,1,5.0,8.0,-1.0, -1,-1.0,1992.0,B01,16,6,2021,19:15,1,76.0,76561,2,3,1.0,3.0,MONNET. RUE JEAN,"49,3015132409","1,0368280727",,76.076561,76561,Seine-Maritime,28.0,Normandie,30.0,4.0,2.0,2,1.0,28,Normandie,76,3,5,Saint-Aubin-lès-Elbeuf,8428,75,8503.0
202100034005,1.0,1,1,1,5.0,1.0,-1.0, -1,-1.0,1999.0,A01,16,6,2021,19:15,1,76.0,76561,2,3,1.0,3.0,MONNET. RUE JEAN,"49,3015132409","1,0368280727",,76.076561,76561,Seine-Maritime,28.0,Normandie,30.0,4.0,2.0,2,1.0,28,Normandie,76,3,5,Saint-Aubin-lès-Elbeuf,8428,75,8503.0
202100034031,1.0,1,1,1,4.0,1.0,-1.0, -1,-1.0,1990.0,A01,16,6,2021,17:02,1,76.0,76681,2,7,1.0,6.0,MARTYRS DE LA RESISTANCE. PLACE DES,"49,4194000000","1,0781600000",,76.076681,76681,Seine-Maritime,28.0,Normandie,50.0,4.0,2.0,2,1.0,28,Normandie,76,3,99,Sotteville-lès-Rouen,28965,475,29440.0
202100034031,10.0,3,2,1,5.0,0.0,4.0,3,1.0,1935.0,A01,16,6,2021,17:02,1,76.0,76681,2,7,1.0,6.0,MARTYRS DE LA RESISTANCE. PLACE DES,"49,4194000000","1,0781600000",,76.076681,76681,Seine-Maritime,28.0,Normandie,50.0,4.0,2.0,2,1.0,28,Normandie,76,3,99,Sotteville-lès-Rouen,28965,475,29440.0
202100034032,1.0,1,1,2,1.0,1.0,0.0,0,-1.0,1973.0,A01,16,6,2021,12:30,1,76.0,76540,2,1,1.0,6.0,CARREL. RUE ARMAND,"49,4398389954","1,1018534577",,76.076540,76540,Seine-Maritime,28.0,Normandie,30.0,4.0,2.0,1,1.0,28,Normandie,76,3,97,Rouen,114083,1556,115639.0
202100034032,10.0,3,3,1,3.0,0.0,2.0,3,1.0,1958.0,A01,16,6,2021,12:30,1,76.0,76540,2,1,1.0,6.0,CARREL. RUE ARMAND,"49,4398389954","1,1018534577",,76.076540,76540,Seine-Maritime,28.0,Normandie,30.0,4.0,2.0,1,1.0,28,Normandie,76,3,97,Rouen,114083,1556,115639.0
202100034033,1.0,1,1,1,0.0,1.0,-1.0, -1,-1.0,1970.0,B01,15,6,2021,20:20,1,76.0,76351,2,2,1.0,2.0,INGOUVILLE (RUE),"49,4974800000","0,1094300000",,76.076351,76351,Seine-Maritime,28.0,Normandie,50.0,4.0,2.0,3,1.0,28,Normandie,76,2,96,LeHavre,166058,1780,167838.0
202100034033,1.0,1,4,1,0.0,2.0,-1.0, -1,-1.0,1974.0,A01,15,6,2021,20:20,1,76.0,76351,2,2,1.0,2.0,INGOUVILLE (RUE),"49,4974800000","0,1094300000",,76.076351,76351,Seine-Maritime,28.0,Normandie,50.0,4.0,2.0,3,1.0,28,Normandie,76,2,96,LeHavre,166058,1780,167838.0
202100034034,1.0,1,4,1,4.0,2.0,-1.0, -1,-1.0,1991.0,B01,15,6,2021,20:30,1,76.0,76351,2,1,1.0,3.0,ESTIENNE D'ORVES (D'),"49,5154000000","0,0968000000",,76.076351,76351,Seine-Maritime,28.0,Normandie,50.0,4.0,2.0,1,1.0,28,Normandie,76,2,96,LeHavre,166058,1780,167838.0
202100034034,1.0,1,1,2,5.0,1.0,-1.0, -1,-1.0,1995.0,A01,15,6,2021,20:30,1,76.0,76351,2,1,1.0,3.0,ESTIENNE D'ORVES (D'),"49,5154000000","0,0968000000",,76.076351,76351,Seine-Maritime,28.0,Normandie,50.0,4.0,2.0,1,1.0,28,Normandie,76,2,96,LeHavre,166058,1780,167838.0
202100034237,1.0,1,4,1,5.0,2.0,-1.0, -1,-1.0,1991.0,B01,14,6,2021,15:00,1,76.0,76351,2,1,1.0,6.0,VERDUN (RUE DE),"49,5012849989","0,1492971182",,76.076351,76351,Seine-Maritime,28.0,Normandie,50.0,3.0,2.0,2,1.0,28,Normandie,76,2,96,LeHavre,166058,1780,167838.0