Num_Acc,place,catu,grav,sexe,trajet,secu,locp,actp,etatp,an_nais,num_veh,jour,mois,an,hrmn,lum,dep,com,agg,int,atm,col,adr,lat,long,gps,com_insee_temp,com_insee,departmentName,regionCode,regionName,vma,catr,circ,nbv,surf,Code,Region,Departement,Arrondissement,Code_Canton,Nom_Commune,Population_municipaLe,Population_comptee_a_part,Population_Totale
202100034347,2.0,2,4,2,9.0,1.0,0.0,0,-1.0,2005.0,A01,16,6,2021,01:00,3,76.0,76733,1,1,1.0,6.0,Ligne des Limousins,"49,7167362014","1,2740521266",,76.076733,76733,Seine-Maritime,28.0,Normandie,50.0,4.0,2.0,1,1.0,28,Normandie,76,1,23,Ventes-Saint-Rémy,223,3,226.0
202100034347,1.0,1,2,1,0.0,0.0,0.0,0,-1.0,2001.0,A01,16,6,2021,01:00,3,76.0,76733,1,1,1.0,6.0,Ligne des Limousins,"49,7167362014","1,2740521266",,76.076733,76733,Seine-Maritime,28.0,Normandie,50.0,4.0,2.0,1,1.0,28,Normandie,76,1,23,Ventes-Saint-Rémy,223,3,226.0
202100034474,1.0,1,3,2,0.0,0.0,0.0,0,-1.0,1956.0,B01,15,6,2021,19:15,1,76.0,76035,2,5,1.0,1.0,Rue de Normandie,"49,7675300000","1,7527300000",,76.076035,76035,Seine-Maritime,28.0,Normandie,50.0,3.0,2.0,2,1.0,28,Normandie,76,1,12,AumaLe1974,45,2019,
202100034474,1.0,1,1,1,9.0,1.0,0.0,0,-1.0,1963.0,A01,15,6,2021,19:15,1,76.0,76035,2,5,1.0,1.0,Rue de Normandie,"49,7675300000","1,7527300000",,76.076035,76035,Seine-Maritime,28.0,Normandie,50.0,3.0,2.0,2,1.0,28,Normandie,76,1,12,AumaLe1974,45,2019,
202100034529,1.0,1,3,1,0.0,2.0,0.0,0,-1.0,1998.0,B01,15,6,2021,17:35,1,76.0,76069,1,9,1.0,3.0,D6015,"49,3766140000","1,1255940000",,76.076069,76069,Seine-Maritime,28.0,Normandie,70.0,7.0,2.0,3,1.0,28,Normandie,76,3,6,Belbeuf,2249,48,2297.0
202100034529,1.0,1,1,1,0.0,1.0,0.0,0,-1.0,1983.0,A01,15,6,2021,17:35,1,76.0,76069,1,9,1.0,3.0,D6015,"49,3766140000","1,1255940000",,76.076069,76069,Seine-Maritime,28.0,Normandie,70.0,7.0,2.0,3,1.0,28,Normandie,76,3,6,Belbeuf,2249,48,2297.0
202100034707,1.0,1,2,1,1.0,1.0,0.0,0,-1.0,1980.0,A01,14,6,2021,06:40,1,76.0,76401,1,1,1.0,1.0,D913 - PK 11890,"49,4352200000","0,7913700000",,76.076401,76401,Seine-Maritime,28.0,Normandie,80.0,3.0,2.0,2,1.0,28,Normandie,76,3,25,Arelaune-en-Seine,2518,43,2561.0
202100034707,1.0,1,4,1,1.0,1.0,0.0,0,-1.0,1979.0,B01,14,6,2021,06:40,1,76.0,76401,1,1,1.0,1.0,D913 - PK 11890,"49,4352200000","0,7913700000",,76.076401,76401,Seine-Maritime,28.0,Normandie,80.0,3.0,2.0,2,1.0,28,Normandie,76,3,25,Arelaune-en-Seine,2518,43,2561.0
202100034954,1.0,1,3,1,2.0,2.0,-1.0, -1,-1.0,2008.0,B01,11,6,2021,08:05,1,76.0,76231,2,1,1.0,1.0,CARNOT. COURS,"49,2870600000","1,0132700000",,76.076231,76231,Seine-Maritime,28.0,Normandie,50.0,4.0,2.0,2,1.0,28,Normandie,76,3,9,Elbeuf,15951,138,16089.0
202100034954,1.0,1,1,-1,-1.0,8.0,-1.0, -1,-1.0,,Z01,11,6,2021,08:05,1,76.0,76231,2,1,1.0,1.0,CARNOT. COURS,"49,2870600000","1,0132700000",,76.076231,76231,Seine-Maritime,28.0,Normandie,50.0,4.0,2.0,2,1.0,28,Normandie,76,3,9,Elbeuf,15951,138,16089.0
202100034955,1.0,1,1,1,5.0,1.0,-1.0, -1,-1.0,1972.0,A01,9,6,2021,23:40,5,76.0,76351,1,1,1.0,3.0,AMIRAL MOUCHEZ (BD),"49,4856500000","0,1317800000",,76.076351,76351,Seine-Maritime,28.0,Normandie,50.0,4.0,2.0,3,1.0,28,Normandie,76,2,96,LeHavre,166058,1780,167838.0
202100034955,5.0,2,4,2,5.0,8.0,-1.0, -1,-1.0,1988.0,A01,9,6,2021,23:40,5,76.0,76351,1,1,1.0,3.0,AMIRAL MOUCHEZ (BD),"49,4856500000","0,1317800000",,76.076351,76351,Seine-Maritime,28.0,Normandie,50.0,4.0,2.0,3,1.0,28,Normandie,76,2,96,LeHavre,166058,1780,167838.0
202100034955,1.0,1,4,1,3.0,1.0,-1.0, -1,-1.0,1989.0,B01,9,6,2021,23:40,5,76.0,76351,1,1,1.0,3.0,AMIRAL MOUCHEZ (BD),"49,4856500000","0,1317800000",,76.076351,76351,Seine-Maritime,28.0,Normandie,50.0,4.0,2.0,3,1.0,28,Normandie,76,2,96,LeHavre,166058,1780,167838.0
202100035106,1.0,1,3,1,5.0,2.0,0.0,0,-1.0,2000.0,A01,12,6,2021,00:20,5,76.0,76624,2,3,1.0,6.0,Rue d Arques,"49,8816250000","1,2113180000",,76.076624,76624,Seine-Maritime,28.0,Normandie,50.0,4.0,2.0,2,1.0,28,Normandie,76,1,8,Saint-Nicolas-d'Aliermont,3764,59,3823.0
202100035177,1.0,1,3,1,5.0,2.0,0.0,0,-1.0,2005.0,A01,12,6,2021,16:40,1,76.0,76060,1,1,1.0,2.0,Rue de l Abbaye,"49,6536000000","1,4974440000",,76.076060,76060,Seine-Maritime,28.0,Normandie,80.0,3.0,2.0,2,1.0,28,Normandie,76,1,12,Beaubec-la-Rosière,474,9,483.0
202100035177,1.0,1,1,-1,-1.0,8.0,-1.0, -1,-1.0,,B01,12,6,2021,16:40,1,76.0,76060,1,1,1.0,2.0,Rue de l Abbaye,"49,6536000000","1,4974440000",,76.076060,76060,Seine-Maritime,28.0,Normandie,80.0,3.0,2.0,2,1.0,28,Normandie,76,1,12,Beaubec-la-Rosière,474,9,483.0
202100035207,1.0,1,1,-1,-1.0,8.0,-1.0, -1,-1.0,,A01,10,6,2021,01:38,5,76.0,76259,2,1,1.0,6.0,COUTURIER ( RUE GUSTAVE),"49,7542600000","0,3883600000",,76.076259,76259,Seine-Maritime,28.0,Normandie,50.0,4.0,2.0,2,1.0,28,Normandie,76,2,11,Fécamp,18016,269,18285.0
202100035207,10.0,3,3,1,5.0,0.0,2.0,B,1.0,1986.0,A01,10,6,2021,01:38,5,76.0,76259,2,1,1.0,6.0,COUTURIER ( RUE GUSTAVE),"49,7542600000","0,3883600000",,76.076259,76259,Seine-Maritime,28.0,Normandie,50.0,4.0,2.0,2,1.0,28,Normandie,76,2,11,Fécamp,18016,269,18285.0
202100035241,1.0,1,4,1,0.0,1.0,-1.0, -1,-1.0,1995.0,B01,9,6,2021,17:45,1,76.0,76351,2,1,1.0,2.0,LENINGRAD (BD DE),"49,5002000000","0,1708800000",,76.076351,76351,Seine-Maritime,28.0,Normandie,50.0,4.0,3.0,4,1.0,28,Normandie,76,2,96,LeHavre,166058,1780,167838.0
202100035241,1.0,1,1,1,4.0,1.0,-1.0, -1,-1.0,1978.0,A01,9,6,2021,17:45,1,76.0,76351,2,1,1.0,2.0,LENINGRAD (BD DE),"49,5002000000","0,1708800000",,76.076351,76351,Seine-Maritime,28.0,Normandie,50.0,4.0,3.0,4,1.0,28,Normandie,76,2,96,LeHavre,166058,1780,167838.0
202100035360,1.0,1,1,1,0.0,1.0,0.0,0,-1.0,2001.0,B01,11,6,2021,13:10,1,76.0,76151,1,1,1.0,1.0,D20,"49,8419300000","0,7301300000",,76.076151,76151,Seine-Maritime,28.0,Normandie,80.0,3.0,2.0,2,1.0,28,Normandie,76,1,33,CaillevilLe252,7,259,
202100035360,1.0,1,3,2,0.0,1.0,0.0,0,-1.0,2001.0,A01,11,6,2021,13:10,1,76.0,76151,1,1,1.0,1.0,D20,"49,8419300000","0,7301300000",,76.076151,76151,Seine-Maritime,28.0,Normandie,80.0,3.0,2.0,2,1.0,28,Normandie,76,1,33,CaillevilLe252,7,259,
202100035395,1.0,1,4,1,9.0,1.0,-1.0, -1,-1.0,1952.0,C01,10,6,2021,16:31,1,76.0,76305,1,1,1.0,2.0,A131,"49,4952250000","0,2518060000",,76.076305,76305,Seine-Maritime,28.0,Normandie,130.0,1.0,3.0,4,1.0,28,Normandie,76,2,16,Gonfreville-l'Orcher,8961,44,9005.0
202100035395,1.0,1,1,1,4.0,1.0,0.0,0,-1.0,1997.0,A01,10,6,2021,16:31,1,76.0,76305,1,1,1.0,2.0,A131,"49,4952250000","0,2518060000",,76.076305,76305,Seine-Maritime,28.0,Normandie,130.0,1.0,3.0,4,1.0,28,Normandie,76,2,16,Gonfreville-l'Orcher,8961,44,9005.0
202100035689,1.0,1,4,2,1.0,1.0,-1.0, -1,-1.0,1982.0,B01,8,6,2021,17:15,1,76.0,76319,1,1,1.0,1.0,RN 138,"49,3447200000","1,0124400000",,76.076319,76319,Seine-Maritime,28.0,Normandie,50.0,7.0,2.0,2,1.0,28,Normandie,76,3,9,Grand-Couronne,9726,177,9903.0
202100035689,1.0,1,4,1,1.0,1.0,-1.0, -1,-1.0,1982.0,A01,8,6,2021,17:15,1,76.0,76319,1,1,1.0,1.0,RN 138,"49,3447200000","1,0124400000",,76.076319,76319,Seine-Maritime,28.0,Normandie,50.0,7.0,2.0,2,1.0,28,Normandie,76,3,9,Grand-Couronne,9726,177,9903.0
202100035690,1.0,1,1,1,1.0,1.0,-1.0, -1,-1.0,1994.0,A01,8,6,2021,06:20,1,76.0,76157,2,1,1.0,1.0,CANAL. RUE DU (CD 51),"49,4592400000","1,0439000000",,76.076157,76157,Seine-Maritime,28.0,Normandie,50.0,7.0,2.0,2,1.0,28,Normandie,76,3,4,Canteleu,13966,360,14326.0
202100035690,1.0,1,4,2,1.0,8.0,-1.0, -1,-1.0,1992.0,B01,8,6,2021,06:20,1,76.0,76157,2,1,1.0,1.0,CANAL. RUE DU (CD 51),"49,4592400000","1,0439000000",,76.076157,76157,Seine-Maritime,28.0,Normandie,50.0,7.0,2.0,2,1.0,28,Normandie,76,3,4,Canteleu,13966,360,14326.0
202100035885,1.0,1,1,-1,-1.0,8.0,-1.0, -1,-1.0,,A01,5,6,2021,20:38,2,76.0,76351,2,1,1.0,6.0,ALBERT 1ER,"49,4970641698","0,0925831497",,76.076351,76351,Seine-Maritime,28.0,Normandie,50.0,4.0,3.0,4,1.0,28,Normandie,76,2,96,LeHavre,166058,1780,167838.0
202100035885,10.0,3,4,2,5.0,0.0,5.0,1,2.0,2018.0,A01,5,6,2021,20:38,2,76.0,76351,2,1,1.0,6.0,ALBERT 1ER,"49,4970641698","0,0925831497",,76.076351,76351,Seine-Maritime,28.0,Normandie,50.0,4.0,3.0,4,1.0,28,Normandie,76,2,96,LeHavre,166058,1780,167838.0
202100035987,1.0,1,3,1,5.0,0.0,0.0,0,-1.0,1958.0,A01,5,6,2021,16:45,1,76.0,76195,1,1,1.0,7.0,D479,"49,7925700000","0,5567500000",,76.076195,76195,Seine-Maritime,28.0,Normandie,80.0,3.0,2.0,2,1.0,28,Normandie,76,2,11,Criquetot-le-Mauconduit,189,4,193.0
202100035988,1.0,1,2,1,1.0,6.0,0.0,0,-1.0,1973.0,A01,7,6,2021,21:42,2,76.0,76728,2,2,1.0,3.0,Route de Duclair,"49,4904428780","1,0003234819",,76.076728,76728,Seine-Maritime,28.0,Normandie,50.0,3.0,2.0,2,1.0,28,Normandie,76,3,24,La Vaupalière,1192,21,1213.0
202100035988,1.0,1,1,1,5.0,1.0,0.0,0,-1.0,1998.0,B01,7,6,2021,21:42,2,76.0,76728,2,2,1.0,3.0,Route de Duclair,"49,4904428780","1,0003234819",,76.076728,76728,Seine-Maritime,28.0,Normandie,50.0,3.0,2.0,2,1.0,28,Normandie,76,3,24,La Vaupalière,1192,21,1213.0
202100036056,1.0,1,4,1,5.0,1.0,-1.0, -1,-1.0,2003.0,A01,6,6,2021,14:15,1,76.0,76231,1,1,1.0,7.0,FORET D'ELBEUF,"49,2589500000","1,0102500000",,76.076231,76231,Seine-Maritime,28.0,Normandie,50.0,4.0,2.0,2,1.0,28,Normandie,76,3,9,Elbeuf,15951,138,16089.0
202100036056,2.0,2,2,1,5.0,1.0,-1.0, -1,-1.0,2003.0,A01,6,6,2021,14:15,1,76.0,76231,1,1,1.0,7.0,FORET D'ELBEUF,"49,2589500000","1,0102500000",,76.076231,76231,Seine-Maritime,28.0,Normandie,50.0,4.0,2.0,2,1.0,28,Normandie,76,3,9,Elbeuf,15951,138,16089.0
202100036186,1.0,1,4,2,5.0,2.0,0.0,0,-1.0,1991.0,A01,6,6,2021,20:15,1,76.0,76459,1,4,1.0,7.0,Route de Saint Saire,"49,6998500000","1,4932000000",,76.076459,76459,Seine-Maritime,28.0,Normandie,50.0,3.0,2.0,2,1.0,28,Normandie,76,1,23,Nesle-Hodeng,339,5,344.0
202100036392,1.0,1,1,1,0.0,1.0,-1.0, -1,-1.0,1986.0,A01,4,6,2021,09:00,1,76.0,76540,2,1,2.0,6.0,GAULLE. PLACE CHARLES DE,"49,4433700000","1,0982800000",,76.076540,76540,Seine-Maritime,28.0,Normandie,50.0,4.0,2.0,3,2.0,28,Normandie,76,3,97,Rouen,114083,1556,115639.0
202100036392,10.0,3,4,1,9.0,0.0,4.0,3,1.0,1995.0,A01,4,6,2021,09:00,1,76.0,76540,2,1,2.0,6.0,GAULLE. PLACE CHARLES DE,"49,4433700000","1,0982800000",,76.076540,76540,Seine-Maritime,28.0,Normandie,50.0,4.0,2.0,3,2.0,28,Normandie,76,3,97,Rouen,114083,1556,115639.0
202100036690,1.0,1,3,1,2.0,1.0,0.0,0,-1.0,2002.0,A01,3,6,2021,23:15,4,76.0,76140,1,1,1.0,6.0,D142,"49,7808400000","0,8721300000",,76.076140,76140,Seine-Maritime,28.0,Normandie,80.0,3.0,2.0,2,1.0,28,Normandie,76,1,33,Brametot,199,2,201.0
202100036773,2.0,2,4,1,5.0,8.0,-1.0, -1,-1.0,2009.0,A01,2,6,2021,16:25,1,76.0,76540,2,1,1.0,6.0,ERNEMONT. RUE D',"49,4495500000","1,1014600000",,76.076540,76540,Seine-Maritime,28.0,Normandie,50.0,4.0,1.0,1,1.0,28,Normandie,76,3,97,Rouen,114083,1556,115639.0
202100036773,1.0,1,1,2,0.0,1.0,-1.0, -1,-1.0,1980.0,A01,2,6,2021,16:25,1,76.0,76540,2,1,1.0,6.0,ERNEMONT. RUE D',"49,4495500000","1,1014600000",,76.076540,76540,Seine-Maritime,28.0,Normandie,50.0,4.0,1.0,1,1.0,28,Normandie,76,3,97,Rouen,114083,1556,115639.0
202100036945,1.0,1,1,1,2.0,2.0,-1.0, -1,-1.0,1984.0,A01,1,6,2021,08:15,1,76.0,76231,2,1,1.0,6.0,NEUBOURG. RUE DU (RN 840),"49,2800200000","1,0074700000",,76.076231,76231,Seine-Maritime,28.0,Normandie,50.0,7.0,2.0,2,1.0,28,Normandie,76,3,9,Elbeuf,15951,138,16089.0
202100036945,10.0,3,4,2,0.0,0.0,3.0,3,1.0,2006.0,A01,1,6,2021,08:15,1,76.0,76231,2,1,1.0,6.0,NEUBOURG. RUE DU (RN 840),"49,2800200000","1,0074700000",,76.076231,76231,Seine-Maritime,28.0,Normandie,50.0,7.0,2.0,2,1.0,28,Normandie,76,3,9,Elbeuf,15951,138,16089.0
202100036972,1.0,1,1,2,0.0,1.0,-1.0, -1,-1.0,1994.0,A01,1,6,2021,13:43,1,76.0,76498,2,6,1.0,3.0,NERUDA. RUE PABLO,"49,4259030000","1,0590110000",,76.076498,76498,Seine-Maritime,28.0,Normandie,50.0,7.0,1.0,2,1.0,28,Normandie,76,3,27,LePetit-Quevilly,21782,274,22056.0
202100036972,1.0,1,4,1,0.0,8.0,-1.0, -1,-1.0,1984.0,B01,1,6,2021,13:43,1,76.0,76498,2,6,1.0,3.0,NERUDA. RUE PABLO,"49,4259030000","1,0590110000",,76.076498,76498,Seine-Maritime,28.0,Normandie,50.0,7.0,1.0,2,1.0,28,Normandie,76,3,27,LePetit-Quevilly,21782,274,22056.0
202100036973,1.0,1,3,2,0.0,8.0,-1.0, -1,-1.0,1961.0,A01,1,6,2021,09:20,1,76.0,76351,2,5,1.0,7.0,Rue de la Cavée Verte,"49,5055200000","0,1149000000",,76.076351,76351,Seine-Maritime,28.0,Normandie,50.0,3.0,2.0,5,1.0,28,Normandie,76,2,96,LeHavre,166058,1780,167838.0
202100037096,1.0,1,1,2,5.0,1.0,0.0,0,-1.0,2000.0,A01,1,6,2021,20:15,1,76.0,76711,2,1,1.0,6.0,Quai Francois 1er,"50,0607000000","1,3723450000",,76.076711,76711,Seine-Maritime,28.0,Normandie,50.0,6.0,-1.0,-1,1.0,28,Normandie,76,1,10,LeTréport,4424,91,4515.0
202100037096,2.0,2,3,2,5.0,1.0,0.0,0,-1.0,1961.0,A01,1,6,2021,20:15,1,76.0,76711,2,1,1.0,6.0,Quai Francois 1er,"50,0607000000","1,3723450000",,76.076711,76711,Seine-Maritime,28.0,Normandie,50.0,6.0,-1.0,-1,1.0,28,Normandie,76,1,10,LeTréport,4424,91,4515.0
202100037096,3.0,2,1,1,5.0,1.0,0.0,0,-1.0,1984.0,A01,1,6,2021,20:15,1,76.0,76711,2,1,1.0,6.0,Quai Francois 1er,"50,0607000000","1,3723450000",,76.076711,76711,Seine-Maritime,28.0,Normandie,50.0,6.0,-1.0,-1,1.0,28,Normandie,76,1,10,LeTréport,4424,91,4515.0
202100037110,1.0,1,3,1,4.0,1.0,0.0,0,-1.0,2002.0,C01,2,6,2021,04:45,2,76.0,76586,1,1,1.0,2.0,A29 -  PK 37+500 29 - Sens le Havre vers Amiens,"49,5697590000","0,3772690000",,76.076586,76586,Seine-Maritime,28.0,Normandie,90.0,1.0,1.0,4,1.0,28,Normandie,76,2,32,Saint-Gilles-de-la-NeuvilLe651,9,660,
202100037110,1.0,1,4,1,4.0,1.0,0.0,0,-1.0,1968.0,A01,2,6,2021,04:45,2,76.0,76586,1,1,1.0,2.0,A29 -  PK 37+500 29 - Sens le Havre vers Amiens,"49,5697590000","0,3772690000",,76.076586,76586,Seine-Maritime,28.0,Normandie,90.0,1.0,1.0,4,1.0,28,Normandie,76,2,32,Saint-Gilles-de-la-NeuvilLe651,9,660,
202100037200,1.0,1,4,1,0.0,2.0,-1.0, -1,-1.0,2000.0,B01,30,5,2021,20:30,1,76.0,76351,2,2,1.0,1.0,GOBELINS (DES),"49,4985700000","0,1055900000",,76.076351,76351,Seine-Maritime,28.0,Normandie,50.0,4.0,2.0,2,1.0,28,Normandie,76,2,96,LeHavre,166058,1780,167838.0
202100037200,1.0,1,1,1,5.0,1.0,-1.0, -1,-1.0,1998.0,A01,30,5,2021,20:30,1,76.0,76351,2,2,1.0,1.0,GOBELINS (DES),"49,4985700000","0,1055900000",,76.076351,76351,Seine-Maritime,28.0,Normandie,50.0,4.0,2.0,2,1.0,28,Normandie,76,2,96,LeHavre,166058,1780,167838.0
202100037418,1.0,1,4,1,5.0,8.0,-1.0, -1,-1.0,1975.0,A01,30,5,2021,14:45,1,76.0,76681,2,3,1.0,3.0,PARIS. RUE DE,"49,4081500000","1,1013800000",,76.076681,76681,Seine-Maritime,28.0,Normandie,50.0,7.0,2.0,2,1.0,28,Normandie,76,3,99,Sotteville-lès-Rouen,28965,475,29440.0
202100037418,1.0,1,1,1,5.0,8.0,-1.0, -1,-1.0,2000.0,B01,30,5,2021,14:45,1,76.0,76681,2,3,1.0,3.0,PARIS. RUE DE,"49,4081500000","1,1013800000",,76.076681,76681,Seine-Maritime,28.0,Normandie,50.0,7.0,2.0,2,1.0,28,Normandie,76,3,99,Sotteville-lès-Rouen,28965,475,29440.0
202100037573,1.0,1,4,1,5.0,1.0,-1.0, -1,-1.0,1984.0,B01,29,5,2021,21:15,1,76.0,76575,2,2,1.0,3.0,CPAM (RUE LAZARE CARNOT),"49,3810300000","1,1074500000",,76.076575,76575,Seine-Maritime,28.0,Normandie,50.0,4.0,1.0,2,1.0,28,Normandie,76,3,98,Saint-Étienne-du-Rouvray,28508,225,28733.0
202100037573,2.0,2,4,1,5.0,1.0,-1.0, -1,-1.0,1984.0,B01,29,5,2021,21:15,1,76.0,76575,2,2,1.0,3.0,CPAM (RUE LAZARE CARNOT),"49,3810300000","1,1074500000",,76.076575,76575,Seine-Maritime,28.0,Normandie,50.0,4.0,1.0,2,1.0,28,Normandie,76,3,98,Saint-Étienne-du-Rouvray,28508,225,28733.0
202100037573,3.0,2,3,1,5.0,1.0,-1.0, -1,-1.0,2013.0,B01,29,5,2021,21:15,1,76.0,76575,2,2,1.0,3.0,CPAM (RUE LAZARE CARNOT),"49,3810300000","1,1074500000",,76.076575,76575,Seine-Maritime,28.0,Normandie,50.0,4.0,1.0,2,1.0,28,Normandie,76,3,98,Saint-Étienne-du-Rouvray,28508,225,28733.0
202100037573,4.0,2,3,1,5.0,1.0,-1.0, -1,-1.0,2018.0,B01,29,5,2021,21:15,1,76.0,76575,2,2,1.0,3.0,CPAM (RUE LAZARE CARNOT),"49,3810300000","1,1074500000",,76.076575,76575,Seine-Maritime,28.0,Normandie,50.0,4.0,1.0,2,1.0,28,Normandie,76,3,98,Saint-Étienne-du-Rouvray,28508,225,28733.0
202100037573,1.0,1,1,1,5.0,1.0,-1.0, -1,-1.0,1991.0,A01,29,5,2021,21:15,1,76.0,76575,2,2,1.0,3.0,CPAM (RUE LAZARE CARNOT),"49,3810300000","1,1074500000",,76.076575,76575,Seine-Maritime,28.0,Normandie,50.0,4.0,1.0,2,1.0,28,Normandie,76,3,98,Saint-Étienne-du-Rouvray,28508,225,28733.0
202100037574,1.0,1,1,1,0.0,1.0,-1.0, -1,-1.0,1966.0,B01,29,5,2021,09:50,1,76.0,76565,1,3,1.0,2.0,RD 915,"49,8889200000","1,0840100000",,76.076565,76565,Seine-Maritime,28.0,Normandie,80.0,3.0,-1.0,2,1.0,28,Normandie,76,1,7,Saint-Aubin-sur-Scie,1202,101,1303.0
202100037574,2.0,2,1,1,0.0,1.0,-1.0, -1,-1.0,2007.0,B01,29,5,2021,09:50,1,76.0,76565,1,3,1.0,2.0,RD 915,"49,8889200000","1,0840100000",,76.076565,76565,Seine-Maritime,28.0,Normandie,80.0,3.0,-1.0,2,1.0,28,Normandie,76,1,7,Saint-Aubin-sur-Scie,1202,101,1303.0
202100037574,10.0,3,4,2,0.0,0.0,6.0,2,1.0,1974.0,A01,29,5,2021,09:50,1,76.0,76565,1,3,1.0,2.0,RD 915,"49,8889200000","1,0840100000",,76.076565,76565,Seine-Maritime,28.0,Normandie,80.0,3.0,-1.0,2,1.0,28,Normandie,76,1,7,Saint-Aubin-sur-Scie,1202,101,1303.0
202100037574,1.0,1,1,2,3.0,1.0,-1.0, -1,-1.0,1964.0,A01,29,5,2021,09:50,1,76.0,76565,1,3,1.0,2.0,RD 915,"49,8889200000","1,0840100000",,76.076565,76565,Seine-Maritime,28.0,Normandie,80.0,3.0,-1.0,2,1.0,28,Normandie,76,1,7,Saint-Aubin-sur-Scie,1202,101,1303.0
202100037651,1.0,1,3,1,5.0,2.0,0.0,0,-1.0,1996.0,A01,29,5,2021,21:45,2,76.0,76709,2,1,1.0,7.0,12 Rue Amiral Courbet,"49,4820990000","0,8115570000",,76.076709,76709,Seine-Maritime,28.0,Normandie,50.0,4.0,2.0,2,1.0,28,Normandie,76,3,1,LeTrait,4780,38,4818.0
202100037652,1.0,1,4,1,5.0,2.0,0.0,0,-1.0,1995.0,A01,29,5,2021,15:33,1,76.0,76360,1,1,1.0,6.0,rd 3,"49,7461000000","1,1146600000",,76.076360,76360,Seine-Maritime,28.0,Normandie,80.0,3.0,2.0,2,1.0,28,Normandie,76,1,20,Heugleville-sur-Scie,648,9,657.0
202100037658,1.0,1,3,2,5.0,2.0,0.0,0,-1.0,1973.0,A01,30,5,2021,18:40,1,76.0,76207,1,1,1.0,7.0,Rue de la Hetraie,"49,9425490000","1,3730550000",,76.076207,76207,Seine-Maritime,28.0,Normandie,80.0,3.0,2.0,2,1.0,28,Normandie,76,1,10,Cuverville-sur-Yères,194,6,200.0
202100037710,1.0,1,1,2,1.0,1.0,0.0,0,-1.0,1979.0,A01,30,5,2021,06:45,1,76.0,76657,1,2,1.0,3.0,Route Industrielle,"49,4843020000","0,3574870000",,76.076657,76657,Seine-Maritime,28.0,Normandie,70.0,1.0,1.0,1,1.0,28,Normandie,76,2,32,Saint-Vigor-d'YmonvilLe1167,24,1191,
202100037710,1.0,1,4,1,1.0,1.0,0.0,0,-1.0,1985.0,B01,30,5,2021,06:45,1,76.0,76657,1,2,1.0,3.0,Route Industrielle,"49,4843020000","0,3574870000",,76.076657,76657,Seine-Maritime,28.0,Normandie,70.0,1.0,1.0,1,1.0,28,Normandie,76,2,32,Saint-Vigor-d'YmonvilLe1167,24,1191,
202100037759,1.0,1,1,1,4.0,1.0,-1.0, -1,-1.0,1974.0,A01,27,5,2021,13:20,1,76.0,76231,2,3,1.0,3.0,BOURGTHEROULDE. RUE DE,"49,2907620000","0,9612220000",,76.076231,76231,Seine-Maritime,28.0,Normandie,50.0,7.0,2.0,0,1.0,28,Normandie,76,3,9,Elbeuf,15951,138,16089.0
202100037759,1.0,1,4,1,1.0,2.0,-1.0, -1,-1.0,1979.0,B01,27,5,2021,13:20,1,76.0,76231,2,3,1.0,3.0,BOURGTHEROULDE. RUE DE,"49,2907620000","0,9612220000",,76.076231,76231,Seine-Maritime,28.0,Normandie,50.0,7.0,2.0,0,1.0,28,Normandie,76,3,9,Elbeuf,15951,138,16089.0
202100037760,10.0,3,4,2,0.0,0.0,3.0,3,1.0,1957.0,A01,27,5,2021,16:50,1,76.0,76351,2,3,1.0,6.0,HALLES CENTRALES (PLACE DES),"49,4908000000","0,1051000000",,76.076351,76351,Seine-Maritime,28.0,Normandie,30.0,4.0,1.0,1,1.0,28,Normandie,76,2,96,LeHavre,166058,1780,167838.0
202100037760,1.0,1,1,2,1.0,1.0,-1.0, -1,-1.0,1992.0,A01,27,5,2021,16:50,1,76.0,76351,2,3,1.0,6.0,HALLES CENTRALES (PLACE DES),"49,4908000000","0,1051000000",,76.076351,76351,Seine-Maritime,28.0,Normandie,30.0,4.0,1.0,1,1.0,28,Normandie,76,2,96,LeHavre,166058,1780,167838.0
202100037978,1.0,1,4,2,0.0,1.0,-1.0, -1,-1.0,1985.0,B01,25,5,2021,22:35,5,76.0,76351,1,1,2.0,1.0,GENERAL FERRIE (AVENUE),"49,5047000000","0,1771400000",,76.076351,76351,Seine-Maritime,28.0,Normandie,50.0,4.0,2.0,4,2.0,28,Normandie,76,2,96,LeHavre,166058,1780,167838.0
202100037978,1.0,1,1,1,3.0,1.0,-1.0, -1,-1.0,1985.0,A01,25,5,2021,22:35,5,76.0,76351,1,1,2.0,1.0,GENERAL FERRIE (AVENUE),"49,5047000000","0,1771400000",,76.076351,76351,Seine-Maritime,28.0,Normandie,50.0,4.0,2.0,4,2.0,28,Normandie,76,2,96,LeHavre,166058,1780,167838.0
202100037979,10.0,3,4,2,5.0,0.0,3.0,3,1.0,1976.0,A01,27,5,2021,15:50,1,76.0,76217,2,1,1.0,6.0,AVE CHARLES NICOLLE,"49,9283400000","1,1037700000",,76.076217,76217,Seine-Maritime,28.0,Normandie,50.0,4.0,2.0,0,1.0,28,Normandie,76,1,95,Dieppe,28358,455,28813.0