Num_Acc,place,catu,grav,sexe,trajet,secu,locp,actp,etatp,an_nais,num_veh,jour,mois,an,hrmn,lum,dep,com,agg,int,atm,col,adr,lat,long,gps,com_insee_temp,com_insee,departmentName,regionCode,regionName,vma,catr,circ,nbv,surf,Code,Region,Departement,Arrondissement,Code_Canton,Nom_Commune,Population_municipaLe,Population_comptee_a_part,Population_Totale
202100037979,1.0,1,1,1,3.0,1.0,-1.0, -1,-1.0,1946.0,A01,27,5,2021,15:50,1,76.0,76217,2,1,1.0,6.0,AVE CHARLES NICOLLE,"49,9283400000","1,1037700000",,76.076217,76217,Seine-Maritime,28.0,Normandie,50.0,4.0,2.0,0,1.0,28,Normandie,76,1,95,Dieppe,28358,455,28813.0
202100038078,1.0,1,3,1,0.0,1.0,0.0,0,-1.0,1979.0,A01,27,5,2021,20:45,1,76.0,76363,1,1,1.0,6.0,D7,"49,8833470000","1,7117860000",,76.076363,76363,Seine-Maritime,28.0,Normandie,80.0,3.0,2.0,2,1.0,28,Normandie,76,1,10,Hodeng-au-Bosc,572,9,581.0
202100038078,2.0,2,4,1,0.0,1.0,0.0,0,-1.0,1989.0,A01,27,5,2021,20:45,1,76.0,76363,1,1,1.0,6.0,D7,"49,8833470000","1,7117860000",,76.076363,76363,Seine-Maritime,28.0,Normandie,80.0,3.0,2.0,2,1.0,28,Normandie,76,1,10,Hodeng-au-Bosc,572,9,581.0
202100038256,1.0,1,4,2,5.0,1.0,0.0,0,-1.0,1993.0,A01,26,5,2021,21:30,3,76.0,76050,1,1,1.0,6.0,Rue de l’Etang,"49,8571107341","0,9553835582",,76.076050,76050,Seine-Maritime,28.0,Normandie,-1.0,3.0,2.0,1,1.0,28,Normandie,76,1,20,Avremesnil,1006,27,1033.0
202100038431,1.0,1,1,1,1.0,1.0,0.0,0,-1.0,1987.0,B01,26,5,2021,08:10,1,76.0,76062,2,1,1.0,1.0,300 Rue de la Mare,"49,6584050000","1,2119990000",,76.076062,76062,Seine-Maritime,28.0,Normandie,50.0,3.0,2.0,2,1.0,28,Normandie,76,3,23,Beaumont-le-Hareng,262,3,265.0
202100038431,1.0,1,3,1,1.0,2.0,0.0,0,-1.0,2005.0,A01,26,5,2021,08:10,1,76.0,76062,2,1,1.0,1.0,300 Rue de la Mare,"49,6584050000","1,2119990000",,76.076062,76062,Seine-Maritime,28.0,Normandie,50.0,3.0,2.0,2,1.0,28,Normandie,76,3,23,Beaumont-le-Hareng,262,3,265.0
202100038559,1.0,1,1,1,5.0,1.0,0.0,0,-1.0,2001.0,A01,24,5,2021,22:00,3,76.0,76480,2,1,2.0,3.0,Route de Fremard,"49,8027140000","0,6875340000",,76.076480,76480,Seine-Maritime,28.0,Normandie,50.0,4.0,2.0,2,2.0,28,Normandie,76,1,33,OcquevilLe445,11,456,
202100038559,1.0,1,3,1,5.0,2.0,0.0,0,-1.0,2004.0,B01,24,5,2021,22:00,3,76.0,76480,2,1,2.0,3.0,Route de Fremard,"49,8027140000","0,6875340000",,76.076480,76480,Seine-Maritime,28.0,Normandie,50.0,4.0,2.0,2,2.0,28,Normandie,76,1,33,OcquevilLe445,11,456,
202100038576,1.0,1,1,1,1.0,1.0,0.0,0,-1.0,1990.0,E01,18,5,2021,17:45,1,76.0,76684,1,1,1.0,4.0,A131,"49,4820740000","0,4462770000",,76.076684,76684,Seine-Maritime,28.0,Normandie,110.0,1.0,1.0,2,1.0,28,Normandie,76,2,3,TancarvilLe1218,24,1242,
202100038576,1.0,1,1,1,1.0,1.0,0.0,0,-1.0,1962.0,D01,18,5,2021,17:45,1,76.0,76684,1,1,1.0,4.0,A131,"49,4820740000","0,4462770000",,76.076684,76684,Seine-Maritime,28.0,Normandie,110.0,1.0,1.0,2,1.0,28,Normandie,76,2,3,TancarvilLe1218,24,1242,
202100038576,2.0,2,1,1,1.0,1.0,0.0,0,-1.0,1992.0,D01,18,5,2021,17:45,1,76.0,76684,1,1,1.0,4.0,A131,"49,4820740000","0,4462770000",,76.076684,76684,Seine-Maritime,28.0,Normandie,110.0,1.0,1.0,2,1.0,28,Normandie,76,2,3,TancarvilLe1218,24,1242,
202100038576,9.0,2,1,1,1.0,1.0,0.0,0,-1.0,1990.0,D01,18,5,2021,17:45,1,76.0,76684,1,1,1.0,4.0,A131,"49,4820740000","0,4462770000",,76.076684,76684,Seine-Maritime,28.0,Normandie,110.0,1.0,1.0,2,1.0,28,Normandie,76,2,3,TancarvilLe1218,24,1242,
202100038576,1.0,1,4,2,1.0,1.0,0.0,0,-1.0,1972.0,C01,18,5,2021,17:45,1,76.0,76684,1,1,1.0,4.0,A131,"49,4820740000","0,4462770000",,76.076684,76684,Seine-Maritime,28.0,Normandie,110.0,1.0,1.0,2,1.0,28,Normandie,76,2,3,TancarvilLe1218,24,1242,
202100038576,1.0,1,1,1,4.0,1.0,0.0,0,-1.0,1990.0,B01,18,5,2021,17:45,1,76.0,76684,1,1,1.0,4.0,A131,"49,4820740000","0,4462770000",,76.076684,76684,Seine-Maritime,28.0,Normandie,110.0,1.0,1.0,2,1.0,28,Normandie,76,2,3,TancarvilLe1218,24,1242,
202100038576,1.0,1,1,1,4.0,1.0,0.0,0,-1.0,1989.0,A01,18,5,2021,17:45,1,76.0,76684,1,1,1.0,4.0,A131,"49,4820740000","0,4462770000",,76.076684,76684,Seine-Maritime,28.0,Normandie,110.0,1.0,1.0,2,1.0,28,Normandie,76,2,3,TancarvilLe1218,24,1242,
202100038576,1.0,1,1,1,1.0,1.0,0.0,0,-1.0,1996.0,F01,18,5,2021,17:45,1,76.0,76684,1,1,1.0,4.0,A131,"49,4820740000","0,4462770000",,76.076684,76684,Seine-Maritime,28.0,Normandie,110.0,1.0,1.0,2,1.0,28,Normandie,76,2,3,TancarvilLe1218,24,1242,
202100038620,1.0,1,4,1,5.0,8.0,-1.0, -1,-1.0,1993.0,A01,23,5,2021,18:20,1,76.0,76681,1,1,2.0,6.0,CD 18E (BOULEVARD INDUSTRIEL),"49,4139900000","1,1072000000",,76.076681,76681,Seine-Maritime,28.0,Normandie,90.0,7.0,3.0,4,2.0,28,Normandie,76,3,99,Sotteville-lès-Rouen,28965,475,29440.0
202100038621,1.0,1,1,1,5.0,8.0,-1.0, -1,-1.0,2002.0,A01,22,5,2021,19:10,1,76.0,76259,1,1,8.0,7.0,VALMONT ( ROUTE DE),"49,7595340000","0,3867070000",,76.076259,76259,Seine-Maritime,28.0,Normandie,80.0,3.0,2.0,2,2.0,28,Normandie,76,2,11,Fécamp,18016,269,18285.0
202100038621,2.0,2,4,2,5.0,8.0,-1.0, -1,-1.0,2003.0,A01,22,5,2021,19:10,1,76.0,76259,1,1,8.0,7.0,VALMONT ( ROUTE DE),"49,7595340000","0,3867070000",,76.076259,76259,Seine-Maritime,28.0,Normandie,80.0,3.0,2.0,2,2.0,28,Normandie,76,2,11,Fécamp,18016,269,18285.0
202100038743,1.0,1,1,1,0.0,1.0,-1.0, -1,-1.0,1990.0,A01,23,5,2021,00:05,5,76.0,76498,2,5,1.0,4.0,11 NOVEMBRE. BOULEVARD DU,"49,4231000000","1,0670600000",,76.076498,76498,Seine-Maritime,28.0,Normandie,50.0,7.0,2.0,4,1.0,28,Normandie,76,3,27,LePetit-Quevilly,21782,274,22056.0
202100038743,1.0,1,4,1,0.0,1.0,-1.0, -1,-1.0,1983.0,B01,23,5,2021,00:05,5,76.0,76498,2,5,1.0,4.0,11 NOVEMBRE. BOULEVARD DU,"49,4231000000","1,0670600000",,76.076498,76498,Seine-Maritime,28.0,Normandie,50.0,7.0,2.0,4,1.0,28,Normandie,76,3,27,LePetit-Quevilly,21782,274,22056.0
202100038743,2.0,2,4,1,0.0,1.0,-1.0, -1,-1.0,1976.0,B01,23,5,2021,00:05,5,76.0,76498,2,5,1.0,4.0,11 NOVEMBRE. BOULEVARD DU,"49,4231000000","1,0670600000",,76.076498,76498,Seine-Maritime,28.0,Normandie,50.0,7.0,2.0,4,1.0,28,Normandie,76,3,27,LePetit-Quevilly,21782,274,22056.0
202100038743,1.0,1,1,1,4.0,1.0,-1.0, -1,-1.0,1985.0,C01,23,5,2021,00:05,5,76.0,76498,2,5,1.0,4.0,11 NOVEMBRE. BOULEVARD DU,"49,4231000000","1,0670600000",,76.076498,76498,Seine-Maritime,28.0,Normandie,50.0,7.0,2.0,4,1.0,28,Normandie,76,3,27,LePetit-Quevilly,21782,274,22056.0
202100038900,1.0,1,4,1,5.0,2.0,-1.0, -1,-1.0,1986.0,A01,21,5,2021,03:30,5,76.0,76351,2,1,1.0,6.0,JENNER (PLACE),"49,5083240000","0,1361710000",,76.076351,76351,Seine-Maritime,28.0,Normandie,50.0,4.0,1.0,2,1.0,28,Normandie,76,2,96,LeHavre,166058,1780,167838.0
202100039081,1.0,1,2,1,5.0,0.0,-1.0, -1,-1.0,1990.0,A01,19,5,2021,23:20,5,76.0,76351,2,1,1.0,6.0,GENERAL FERRIE (AVENUE),"49,5042689999","0,1781417094",,76.076351,76351,Seine-Maritime,28.0,Normandie,50.0,4.0,2.0,2,1.0,28,Normandie,76,2,96,LeHavre,166058,1780,167838.0
202100039082,1.0,1,3,1,9.0,2.0,-1.0, -1,-1.0,2001.0,A01,20,5,2021,13:25,1,76.0,76414,1,1,1.0,1.0,MONT DE L'EPINETTE (RAMPE DU),"49,9046200000","1,1353100000",,76.076414,76414,Seine-Maritime,28.0,Normandie,50.0,4.0,2.0,2,1.0,28,Normandie,76,1,8,Martin-Église,1600,55,1655.0
202100039082,3.0,2,1,2,9.0,3.0,-1.0, -1,-1.0,2016.0,B01,20,5,2021,13:25,1,76.0,76414,1,1,1.0,1.0,MONT DE L'EPINETTE (RAMPE DU),"49,9046200000","1,1353100000",,76.076414,76414,Seine-Maritime,28.0,Normandie,50.0,4.0,2.0,2,1.0,28,Normandie,76,1,8,Martin-Église,1600,55,1655.0
202100039082,4.0,2,1,2,9.0,3.0,-1.0, -1,-1.0,2020.0,B01,20,5,2021,13:25,1,76.0,76414,1,1,1.0,1.0,MONT DE L'EPINETTE (RAMPE DU),"49,9046200000","1,1353100000",,76.076414,76414,Seine-Maritime,28.0,Normandie,50.0,4.0,2.0,2,1.0,28,Normandie,76,1,8,Martin-Église,1600,55,1655.0
202100039082,1.0,1,1,1,9.0,1.0,-1.0, -1,-1.0,1993.0,B01,20,5,2021,13:25,1,76.0,76414,1,1,1.0,1.0,MONT DE L'EPINETTE (RAMPE DU),"49,9046200000","1,1353100000",,76.076414,76414,Seine-Maritime,28.0,Normandie,50.0,4.0,2.0,2,1.0,28,Normandie,76,1,8,Martin-Église,1600,55,1655.0
202100039269,1.0,1,3,1,1.0,2.0,-1.0, -1,-1.0,1991.0,A01,18,5,2021,21:42,2,76.0,76351,1,3,1.0,7.0,CHRISTOPHE COLOMB (AVENUE),"49,4804900000","0,1487700000",,76.076351,76351,Seine-Maritime,28.0,Normandie,70.0,4.0,3.0,4,1.0,28,Normandie,76,2,96,LeHavre,166058,1780,167838.0
202100039270,1.0,1,3,1,0.0,2.0,-1.0, -1,-1.0,1994.0,B01,19,5,2021,18:20,1,76.0,76217,2,1,1.0,3.0,DUQUESNE (QUAI),"49,9248000000","1,0807200000",,76.076217,76217,Seine-Maritime,28.0,Normandie,30.0,3.0,2.0,3,1.0,28,Normandie,76,1,95,Dieppe,28358,455,28813.0
202100039270,1.0,1,1,2,0.0,1.0,-1.0, -1,-1.0,1936.0,A01,19,5,2021,18:20,1,76.0,76217,2,1,1.0,3.0,DUQUESNE (QUAI),"49,9248000000","1,0807200000",,76.076217,76217,Seine-Maritime,28.0,Normandie,30.0,3.0,2.0,3,1.0,28,Normandie,76,1,95,Dieppe,28358,455,28813.0
202100039408,10.0,3,4,2,2.0,0.0,4.0,3,1.0,2002.0,Z01,14,1,2021,00:01,5,76.0,76351,2,1,1.0,6.0,REPUBLIQUE (COURS DE LA),"49,4946900000","0,1255800000",,76.076351,76351,Seine-Maritime,28.0,Normandie,50.0,4.0,2.0,4,1.0,28,Normandie,76,2,96,LeHavre,166058,1780,167838.0
202100039408,1.0,1,1,-1,-1.0,8.0,-1.0, -1,-1.0,,Z01,14,1,2021,00:01,5,76.0,76351,2,1,1.0,6.0,REPUBLIQUE (COURS DE LA),"49,4946900000","0,1255800000",,76.076351,76351,Seine-Maritime,28.0,Normandie,50.0,4.0,2.0,4,1.0,28,Normandie,76,2,96,LeHavre,166058,1780,167838.0
202100039562,1.0,1,1,1,5.0,1.0,-1.0, -1,-1.0,1968.0,B01,14,5,2021,18:15,1,76.0,76341,1,1,1.0,6.0,D6015,"49,5133000000","0,1993900000",,76.076341,76341,Seine-Maritime,28.0,Normandie,50.0,3.0,1.0,1,1.0,28,Normandie,76,2,15,Harfleur,8315,53,8368.0
202100039562,1.0,1,4,1,3.0,2.0,-1.0, -1,-1.0,1979.0,A01,14,5,2021,18:15,1,76.0,76341,1,1,1.0,6.0,D6015,"49,5133000000","0,1993900000",,76.076341,76341,Seine-Maritime,28.0,Normandie,50.0,3.0,1.0,1,1.0,28,Normandie,76,2,15,Harfleur,8315,53,8368.0
202100039685,1.0,1,1,1,4.0,1.0,-1.0, -1,-1.0,1983.0,B01,15,5,2021,21:00,1,76.0,76216,2,9,1.0,3.0,RN 27 (ROUTE DE DIEPPE),"49,4759400000","1,0481300000",,76.076216,76216,Seine-Maritime,28.0,Normandie,50.0,7.0,2.0,2,1.0,28,Normandie,76,3,22,Déville-lès-Rouen,10745,62,10807.0
202100039685,1.0,1,4,1,4.0,2.0,-1.0, -1,-1.0,1998.0,A01,15,5,2021,21:00,1,76.0,76216,2,9,1.0,3.0,RN 27 (ROUTE DE DIEPPE),"49,4759400000","1,0481300000",,76.076216,76216,Seine-Maritime,28.0,Normandie,50.0,7.0,2.0,2,1.0,28,Normandie,76,3,22,Déville-lès-Rouen,10745,62,10807.0
202100039686,1.0,1,4,1,0.0,8.0,-1.0, -1,-1.0,1992.0,A01,16,5,2021,14:40,1,76.0,76217,1,1,1.0,7.0,AVENUE DE BREAUTE,"49,9121900000","1,0805600000",,76.076217,76217,Seine-Maritime,28.0,Normandie,70.0,3.0,1.0,1,1.0,28,Normandie,76,1,95,Dieppe,28358,455,28813.0
202100040155,3.0,2,4,1,5.0,1.0,-1.0, -1,-1.0,2021.0,B01,12,5,2021,10:10,1,76.0,76540,2,3,1.0,2.0,LYONS LA FORET. RUE DE,"49,4365700000","1,1338000000",,76.076540,76540,Seine-Maritime,28.0,Normandie,50.0,2.0,2.0,3,1.0,28,Normandie,76,3,97,Rouen,114083,1556,115639.0
202100040155,1.0,1,4,2,5.0,1.0,-1.0, -1,-1.0,1991.0,B01,12,5,2021,10:10,1,76.0,76540,2,3,1.0,2.0,LYONS LA FORET. RUE DE,"49,4365700000","1,1338000000",,76.076540,76540,Seine-Maritime,28.0,Normandie,50.0,2.0,2.0,3,1.0,28,Normandie,76,3,97,Rouen,114083,1556,115639.0
202100040155,1.0,1,1,1,0.0,8.0,-1.0, -1,-1.0,2000.0,A01,12,5,2021,10:10,1,76.0,76540,2,3,1.0,2.0,LYONS LA FORET. RUE DE,"49,4365700000","1,1338000000",,76.076540,76540,Seine-Maritime,28.0,Normandie,50.0,2.0,2.0,3,1.0,28,Normandie,76,3,97,Rouen,114083,1556,115639.0
202100040415,1.0,1,3,1,1.0,2.0,0.0,0,-1.0,1990.0,A01,11,5,2021,21:40,3,76.0,76533,1,1,2.0,7.0,A29 PK 0026.000,"49,4949850000","0,2667030000",,76.076533,76533,Seine-Maritime,28.0,Normandie,50.0,1.0,1.0,1,2.0,28,Normandie,76,2,16,RogervilLe1706,19,1725,
202100040464,1.0,1,1,1,0.0,1.0,-1.0, -1,-1.0,1988.0,C01,10,5,2021,15:00,1,76.0,76681,1,1,1.0,5.0,INDUSTRIEL. BOULEVARD (CD 18E),"49,4137400000","1,1075300000",,76.076681,76681,Seine-Maritime,28.0,Normandie,90.0,7.0,3.0,4,1.0,28,Normandie,76,3,99,Sotteville-lès-Rouen,28965,475,29440.0
202100040464,1.0,1,1,2,1.0,1.0,-1.0, -1,-1.0,1980.0,B01,10,5,2021,15:00,1,76.0,76681,1,1,1.0,5.0,INDUSTRIEL. BOULEVARD (CD 18E),"49,4137400000","1,1075300000",,76.076681,76681,Seine-Maritime,28.0,Normandie,90.0,7.0,3.0,4,1.0,28,Normandie,76,3,99,Sotteville-lès-Rouen,28965,475,29440.0
202100040464,1.0,1,4,1,5.0,2.0,-1.0, -1,-1.0,1985.0,A01,10,5,2021,15:00,1,76.0,76681,1,1,1.0,5.0,INDUSTRIEL. BOULEVARD (CD 18E),"49,4137400000","1,1075300000",,76.076681,76681,Seine-Maritime,28.0,Normandie,90.0,7.0,3.0,4,1.0,28,Normandie,76,3,99,Sotteville-lès-Rouen,28965,475,29440.0
202100040465,1.0,1,4,1,5.0,1.0,-1.0, -1,-1.0,1980.0,A01,8,5,2021,00:55,5,76.0,76351,2,1,1.0,6.0,CHRISTOPHE COLOMB (AVENUE),"49,4811900000","0,1513900000",,76.076351,76351,Seine-Maritime,28.0,Normandie,50.0,4.0,3.0,4,1.0,28,Normandie,76,2,96,LeHavre,166058,1780,167838.0
202100040553,1.0,1,4,1,4.0,1.0,0.0,0,-1.0,1966.0,B01,10,5,2021,10:30,1,76.0,76618,1,1,1.0,3.0,D26,"49,9511160000","1,2444430000",,76.076618,76618,Seine-Maritime,28.0,Normandie,80.0,3.0,2.0,2,1.0,28,Normandie,76,1,8,Petit-Caux,9625,210,9835.0
202100040553,1.0,1,1,1,4.0,1.0,0.0,0,-1.0,1997.0,A01,10,5,2021,10:30,1,76.0,76618,1,1,1.0,3.0,D26,"49,9511160000","1,2444430000",,76.076618,76618,Seine-Maritime,28.0,Normandie,80.0,3.0,2.0,2,1.0,28,Normandie,76,1,8,Petit-Caux,9625,210,9835.0
202100040577,1.0,1,3,1,5.0,2.0,0.0,0,-1.0,1974.0,A01,4,5,2021,15:15,1,76.0,76250,1,1,1.0,7.0,Route du Ponant,"49,5623516583","0,3032083984",,76.076250,76250,Seine-Maritime,28.0,Normandie,80.0,3.0,2.0,2,1.0,28,Normandie,76,2,32,Étainhus,1210,28,1238.0
202100040602,1.0,1,1,1,0.0,1.0,-1.0, -1,-1.0,1969.0,B01,9,5,2021,16:40,1,76.0,76498,2,3,1.0,3.0,HUGO. RUE VICTOR,"49,4235500000","1,0640500000",,76.076498,76498,Seine-Maritime,28.0,Normandie,50.0,4.0,2.0,2,1.0,28,Normandie,76,3,27,LePetit-Quevilly,21782,274,22056.0
202100040602,1.0,1,3,1,0.0,8.0,-1.0, -1,-1.0,2010.0,A01,9,5,2021,16:40,1,76.0,76498,2,3,1.0,3.0,HUGO. RUE VICTOR,"49,4235500000","1,0640500000",,76.076498,76498,Seine-Maritime,28.0,Normandie,50.0,4.0,2.0,2,1.0,28,Normandie,76,3,27,LePetit-Quevilly,21782,274,22056.0
202100040653,1.0,1,1,1,4.0,0.0,0.0,0,-1.0,2001.0,B01,10,5,2021,17:20,1,76.0,76166,1,2,1.0,7.0,D929,"49,7497526769","1,6031003371",,76.076166,76166,Seine-Maritime,28.0,Normandie,50.0,3.0,2.0,2,1.0,28,Normandie,76,1,12,Le Caule-Sainte-Beuve,482,4,486.0
202100040653,1.0,1,3,1,5.0,2.0,0.0,0,-1.0,1991.0,A01,10,5,2021,17:20,1,76.0,76166,1,2,1.0,7.0,D929,"49,7497526769","1,6031003371",,76.076166,76166,Seine-Maritime,28.0,Normandie,50.0,3.0,2.0,2,1.0,28,Normandie,76,1,12,Le Caule-Sainte-Beuve,482,4,486.0
202100040685,1.0,1,1,2,1.0,1.0,0.0,0,-1.0,1992.0,A01,6,5,2021,16:15,1,76.0,76533,1,9,2.0,3.0,A29,"49,4838090000","0,2630710000",,76.076533,76533,Seine-Maritime,28.0,Normandie,110.0,1.0,3.0,4,2.0,28,Normandie,76,2,16,RogervilLe1706,19,1725,
202100040685,1.0,1,4,1,1.0,2.0,0.0,0,-1.0,1992.0,B01,6,5,2021,16:15,1,76.0,76533,1,9,2.0,3.0,A29,"49,4838090000","0,2630710000",,76.076533,76533,Seine-Maritime,28.0,Normandie,110.0,1.0,3.0,4,2.0,28,Normandie,76,2,16,RogervilLe1706,19,1725,
202100040784,1.0,1,3,1,5.0,1.0,0.0,0,-1.0,1991.0,A01,9,5,2021,00:14,3,76.0,76235,1,1,1.0,7.0,D222,"49,9181330000","1,2764330000",,76.076235,76235,Seine-Maritime,28.0,Normandie,80.0,3.0,2.0,2,1.0,28,Normandie,76,1,8,Envermeu,1978,132,2110.0
202100040795,1.0,1,3,1,5.0,2.0,0.0,0,-1.0,1976.0,A01,7,5,2021,11:45,1,76.0,76317,1,4,1.0,7.0,départementale 10,"49,6502700000","0,3962600000",,76.076317,76317,Seine-Maritime,28.0,Normandie,80.0,3.0,-1.0,2,1.0,28,Normandie,76,2,32,Grainville-YmauvilLe426,12,438,
202100040798,1.0,1,2,2,5.0,2.0,0.0,0,-1.0,2003.0,A01,8,5,2021,15:30,1,76.0,76442,1,1,1.0,7.0,Route de la poterie,"50,0082630000","1,4664600000",,76.076442,76442,Seine-Maritime,28.0,Normandie,80.0,4.0,2.0,2,1.0,28,Normandie,76,1,10,Monchy-sur-Eu,566,12,578.0
202100040889,1.0,1,4,2,0.0,2.0,-1.0, -1,-1.0,1996.0,A01,7,5,2021,18:34,1,76.0,76705,2,1,1.0,6.0,CD 144 (RUE PAUL ELUARD),"49,3302500000","1,0868700000",,76.076705,76705,Seine-Maritime,28.0,Normandie,70.0,7.0,2.0,4,1.0,28,Normandie,76,3,5,Tourville-la-Rivière,2568,19,2587.0
202100040890,1.0,1,1,2,5.0,1.0,-1.0, -1,-1.0,1931.0,A01,24,3,2021,12:45,1,76.0,76681,2,1,1.0,6.0,Rue Francois Raspail,"49,4155200000","1,0940800000",,76.076681,76681,Seine-Maritime,28.0,Normandie,30.0,4.0,2.0,2,1.0,28,Normandie,76,3,99,Sotteville-lès-Rouen,28965,475,29440.0
202100040890,10.0,3,4,2,0.0,0.0,2.0,3,1.0,1996.0,A01,24,3,2021,12:45,1,76.0,76681,2,1,1.0,6.0,Rue Francois Raspail,"49,4155200000","1,0940800000",,76.076681,76681,Seine-Maritime,28.0,Normandie,30.0,4.0,2.0,2,1.0,28,Normandie,76,3,99,Sotteville-lès-Rouen,28965,475,29440.0
202100040985,1.0,1,4,1,5.0,2.0,0.0,0,-1.0,1987.0,B01,8,5,2021,14:05,1,76.0,76146,1,2,1.0,3.0,Route de Sommery,"49,5947600000","1,3742300000",,76.076146,76146,Seine-Maritime,28.0,Normandie,80.0,3.0,2.0,2,1.0,28,Normandie,76,3,21,Buchy,2805,108,2913.0
202100040985,1.0,1,1,2,5.0,1.0,0.0,0,-1.0,2002.0,A01,8,5,2021,14:05,1,76.0,76146,1,2,1.0,3.0,Route de Sommery,"49,5947600000","1,3742300000",,76.076146,76146,Seine-Maritime,28.0,Normandie,80.0,3.0,2.0,2,1.0,28,Normandie,76,3,21,Buchy,2805,108,2913.0
202100041077,4.0,2,4,1,0.0,1.0,-1.0, -1,-1.0,2000.0,A01,6,5,2021,23:20,3,76.0,76540,2,9,3.0,6.0,PENE. RUE ANNIE DE,"49,4337700000","1,1143000000",,76.076540,76540,Seine-Maritime,28.0,Normandie,50.0,7.0,2.0,2,2.0,28,Normandie,76,3,97,Rouen,114083,1556,115639.0
202100041077,2.0,2,3,2,0.0,1.0,-1.0, -1,-1.0,2001.0,A01,6,5,2021,23:20,3,76.0,76540,2,9,3.0,6.0,PENE. RUE ANNIE DE,"49,4337700000","1,1143000000",,76.076540,76540,Seine-Maritime,28.0,Normandie,50.0,7.0,2.0,2,2.0,28,Normandie,76,3,97,Rouen,114083,1556,115639.0
202100041077,1.0,1,4,1,9.0,1.0,-1.0, -1,-1.0,1999.0,A01,6,5,2021,23:20,3,76.0,76540,2,9,3.0,6.0,PENE. RUE ANNIE DE,"49,4337700000","1,1143000000",,76.076540,76540,Seine-Maritime,28.0,Normandie,50.0,7.0,2.0,2,2.0,28,Normandie,76,3,97,Rouen,114083,1556,115639.0
202100041078,1.0,1,2,1,4.0,8.0,-1.0, -1,-1.0,1979.0,B01,6,5,2021,20:40,1,76.0,76681,2,3,1.0,3.0,RASPAIL. RUE FRANCOIS,"49,4157800000","1,0947500000",,76.076681,76681,Seine-Maritime,28.0,Normandie,30.0,4.0,2.0,2,2.0,28,Normandie,76,3,99,Sotteville-lès-Rouen,28965,475,29440.0
202100041078,2.0,2,1,1,1.0,8.0,-1.0, -1,-1.0,1999.0,A01,6,5,2021,20:40,1,76.0,76681,2,3,1.0,3.0,RASPAIL. RUE FRANCOIS,"49,4157800000","1,0947500000",,76.076681,76681,Seine-Maritime,28.0,Normandie,30.0,4.0,2.0,2,2.0,28,Normandie,76,3,99,Sotteville-lès-Rouen,28965,475,29440.0
202100041078,1.0,1,1,1,1.0,8.0,-1.0, -1,-1.0,1999.0,A01,6,5,2021,20:40,1,76.0,76681,2,3,1.0,3.0,RASPAIL. RUE FRANCOIS,"49,4157800000","1,0947500000",,76.076681,76681,Seine-Maritime,28.0,Normandie,30.0,4.0,2.0,2,2.0,28,Normandie,76,3,99,Sotteville-lès-Rouen,28965,475,29440.0
202100041079,2.0,2,4,1,5.0,1.0,-1.0, -1,-1.0,2003.0,A01,6,5,2021,13:50,1,76.0,76157,2,1,2.0,6.0,CANAL. RUE DU (CD 51),"49,4554000000","1,0443000000",,76.076157,76157,Seine-Maritime,28.0,Normandie,50.0,7.0,2.0,2,2.0,28,Normandie,76,3,4,Canteleu,13966,360,14326.0
202100041079,4.0,2,1,1,5.0,1.0,-1.0, -1,-1.0,2002.0,A01,6,5,2021,13:50,1,76.0,76157,2,1,2.0,6.0,CANAL. RUE DU (CD 51),"49,4554000000","1,0443000000",,76.076157,76157,Seine-Maritime,28.0,Normandie,50.0,7.0,2.0,2,2.0,28,Normandie,76,3,4,Canteleu,13966,360,14326.0
202100041079,3.0,2,4,1,5.0,1.0,-1.0, -1,-1.0,1999.0,A01,6,5,2021,13:50,1,76.0,76157,2,1,2.0,6.0,CANAL. RUE DU (CD 51),"49,4554000000","1,0443000000",,76.076157,76157,Seine-Maritime,28.0,Normandie,50.0,7.0,2.0,2,2.0,28,Normandie,76,3,4,Canteleu,13966,360,14326.0
202100041079,1.0,1,1,1,5.0,1.0,-1.0, -1,-1.0,1998.0,A01,6,5,2021,13:50,1,76.0,76157,2,1,2.0,6.0,CANAL. RUE DU (CD 51),"49,4554000000","1,0443000000",,76.076157,76157,Seine-Maritime,28.0,Normandie,50.0,7.0,2.0,2,2.0,28,Normandie,76,3,4,Canteleu,13966,360,14326.0
202100041080,2.0,2,3,1,0.0,2.0,-1.0, -1,-1.0,2001.0,B01,5,5,2021,16:15,1,76.0,76414,1,2,1.0,3.0,LOUIS BLERIOT (RUE ),"49,9240400000","1,1199500000",,76.076414,76414,Seine-Maritime,28.0,Normandie,50.0,4.0,2.0,2,1.0,28,Normandie,76,1,8,Martin-Église,1600,55,1655.0
202100041080,1.0,1,3,1,2.0,2.0,-1.0, -1,-1.0,2001.0,B01,5,5,2021,16:15,1,76.0,76414,1,2,1.0,3.0,LOUIS BLERIOT (RUE ),"49,9240400000","1,1199500000",,76.076414,76414,Seine-Maritime,28.0,Normandie,50.0,4.0,2.0,2,1.0,28,Normandie,76,1,8,Martin-Église,1600,55,1655.0
202100041080,1.0,1,1,1,4.0,1.0,-1.0, -1,-1.0,1966.0,A01,5,5,2021,16:15,1,76.0,76414,1,2,1.0,3.0,LOUIS BLERIOT (RUE ),"49,9240400000","1,1199500000",,76.076414,76414,Seine-Maritime,28.0,Normandie,50.0,4.0,2.0,2,1.0,28,Normandie,76,1,8,Martin-Église,1600,55,1655.0