Num_Acc,place,catu,grav,sexe,trajet,secu,locp,actp,etatp,an_nais,num_veh,jour,mois,an,hrmn,lum,dep,com,agg,int,atm,col,adr,lat,long,gps,com_insee_temp,com_insee,departmentName,regionCode,regionName,vma,catr,circ,nbv,surf,Code,Region,Departement,Arrondissement,Code_Canton,Nom_Commune,Population_municipaLe,Population_comptee_a_part,Population_Totale
202100049069,1.0,1,3,1,0.0,8.0,-1.0, -1,-1.0,1983.0,A01,2,3,2021,19:00,5,76.0,76498,2,1,1.0,2.0,Avenue des Canadiens,"49,4141899395","1,0741653065",,76.076498,76498,Seine-Maritime,28.0,Normandie,50.0,4.0,2.0,2,1.0,28,Normandie,76,3,27,LePetit-Quevilly,21782,274,22056.0
202100049069,1.0,1,1,1,4.0,1.0,-1.0, -1,-1.0,1979.0,B01,2,3,2021,19:00,5,76.0,76498,2,1,1.0,2.0,Avenue des Canadiens,"49,4141899395","1,0741653065",,76.076498,76498,Seine-Maritime,28.0,Normandie,50.0,4.0,2.0,2,1.0,28,Normandie,76,3,27,LePetit-Quevilly,21782,274,22056.0
202100049373,1.0,1,1,2,0.0,1.0,-1.0, -1,-1.0,1962.0,A01,1,3,2021,18:10,1,76.0,76351,2,2,1.0,6.0,THEOPHILE GAUTIER,"49,5172100000","0,0944100000",,76.076351,76351,Seine-Maritime,28.0,Normandie,50.0,4.0,2.0,1,1.0,28,Normandie,76,2,96,LeHavre,166058,1780,167838.0
202100049373,10.0,3,4,1,5.0,0.0,3.0,3,2.0,2014.0,A01,1,3,2021,18:10,1,76.0,76351,2,2,1.0,6.0,THEOPHILE GAUTIER,"49,5172100000","0,0944100000",,76.076351,76351,Seine-Maritime,28.0,Normandie,50.0,4.0,2.0,1,1.0,28,Normandie,76,2,96,LeHavre,166058,1780,167838.0
202100049434,1.0,1,4,1,5.0,0.0,0.0,0,-1.0,2004.0,A01,4,3,2021,13:55,1,76.0,76238,2,2,1.0,3.0,Rue Henri Ternon,"49,5652880000","0,2218880000",,76.076238,76238,Seine-Maritime,28.0,Normandie,30.0,4.0,1.0,1,1.0,28,Normandie,76,2,26,ÉpouvilLe2641,38,2679,
202100049434,1.0,1,1,1,5.0,1.0,0.0,0,-1.0,1953.0,B01,4,3,2021,13:55,1,76.0,76238,2,2,1.0,3.0,Rue Henri Ternon,"49,5652880000","0,2218880000",,76.076238,76238,Seine-Maritime,28.0,Normandie,30.0,4.0,1.0,1,1.0,28,Normandie,76,2,26,ÉpouvilLe2641,38,2679,
202100049614,1.0,1,3,1,0.0,2.0,-1.0, -1,-1.0,1992.0,A01,28,2,2021,16:30,1,76.0,76231,2,2,1.0,3.0,Rue des Martyrs,"49,2884700000","1,0067060000",,76.076231,76231,Seine-Maritime,28.0,Normandie,30.0,4.0,2.0,2,1.0,28,Normandie,76,3,9,Elbeuf,15951,138,16089.0
202100049614,1.0,1,1,1,0.0,1.0,-1.0, -1,-1.0,1999.0,B01,28,2,2021,16:30,1,76.0,76231,2,2,1.0,3.0,Rue des Martyrs,"49,2884700000","1,0067060000",,76.076231,76231,Seine-Maritime,28.0,Normandie,30.0,4.0,2.0,2,1.0,28,Normandie,76,3,9,Elbeuf,15951,138,16089.0
202100049615,1.0,1,4,2,0.0,1.0,-1.0, -1,-1.0,2000.0,A01,11,2,2021,14:11,1,76.0,76575,2,1,1.0,6.0,VELAY. RUE DU,"49,3700000000","1,0978500000",,76.076575,76575,Seine-Maritime,28.0,Normandie,30.0,4.0,2.0,2,1.0,28,Normandie,76,3,98,Saint-Étienne-du-Rouvray,28508,225,28733.0
202100049615,2.0,2,4,1,0.0,1.0,-1.0, -1,-1.0,1999.0,A01,11,2,2021,14:11,1,76.0,76575,2,1,1.0,6.0,VELAY. RUE DU,"49,3700000000","1,0978500000",,76.076575,76575,Seine-Maritime,28.0,Normandie,30.0,4.0,2.0,2,1.0,28,Normandie,76,3,98,Saint-Étienne-du-Rouvray,28508,225,28733.0
202100049616,10.0,3,4,1,5.0,0.0,9.0,3,1.0,2015.0,A01,10,2,2021,17:15,1,76.0,76322,2,1,1.0,6.0,VAILLANT COUTURIER. RUE PAUL,"49,4189800000","1,0429400000",,76.076322,76322,Seine-Maritime,28.0,Normandie,50.0,4.0,2.0,2,1.0,28,Normandie,76,3,13,LeGrand-Quevilly,25975,225,26200.0
202100049616,1.0,1,1,1,0.0,1.0,-1.0, -1,-1.0,1964.0,A01,10,2,2021,17:15,1,76.0,76322,2,1,1.0,6.0,VAILLANT COUTURIER. RUE PAUL,"49,4189800000","1,0429400000",,76.076322,76322,Seine-Maritime,28.0,Normandie,50.0,4.0,2.0,2,1.0,28,Normandie,76,3,13,LeGrand-Quevilly,25975,225,26200.0
202100049617,1.0,1,4,1,5.0,2.0,-1.0, -1,-1.0,2005.0,A01,28,2,2021,16:30,1,76.0,76552,2,1,1.0,7.0,PRESIDENT FELIX FAURE (BD),"49,5073400000","0,0738800000",,76.076552,76552,Seine-Maritime,28.0,Normandie,30.0,3.0,2.0,2,1.0,28,Normandie,76,2,19,Sainte-Adresse,7116,188,7304.0
202100049698,1.0,1,3,1,5.0,0.0,0.0,0,-1.0,1989.0,A01,28,2,2021,18:00,1,76.0,76419,1,1,1.0,6.0,D45,"49,3951135110","0,8793877065",,76.076419,76419,Seine-Maritime,28.0,Normandie,80.0,3.0,2.0,2,1.0,28,Normandie,76,3,1,Mauny,155,6,161.0
202100049698,1.0,1,1,1,5.0,1.0,0.0,0,-1.0,1975.0,B01,28,2,2021,18:00,1,76.0,76419,1,1,1.0,6.0,D45,"49,3951135110","0,8793877065",,76.076419,76419,Seine-Maritime,28.0,Normandie,80.0,3.0,2.0,2,1.0,28,Normandie,76,3,1,Mauny,155,6,161.0
202100049699,1.0,1,3,1,5.0,2.0,0.0,0,-1.0,1992.0,A01,28,2,2021,16:30,1,76.0,76543,1,1,1.0,7.0,D52,"49,6146030000","0,4878400000",,76.076543,76543,Seine-Maritime,28.0,Normandie,80.0,3.0,2.0,2,1.0,28,Normandie,76,2,3,RouvilLe610,11,621,
202100049926,1.0,1,3,1,5.0,6.0,0.0,0,-1.0,1999.0,A01,28,2,2021,15:45,1,76.0,76664,1,1,1.0,7.0,D50,"49,7852750000","0,6626880000",,76.076664,76664,Seine-Maritime,28.0,Normandie,80.0,3.0,2.0,2,1.0,28,Normandie,76,1,33,SassevilLe270,6,276,
202100050001,1.0,1,1,1,0.0,1.0,-1.0, -1,-1.0,1999.0,A01,25,2,2021,15:15,1,76.0,76305,2,9,1.0,6.0,CAMP DOLENT (AVENUE),"49,5065500000","0,2230500000",,76.076305,76305,Seine-Maritime,28.0,Normandie,10.0,6.0,-1.0,-1,1.0,28,Normandie,76,2,16,Gonfreville-l'Orcher,8961,44,9005.0
202100050001,10.0,3,3,2,0.0,0.0,3.0,3,1.0,1946.0,A01,25,2,2021,15:15,1,76.0,76305,2,9,1.0,6.0,CAMP DOLENT (AVENUE),"49,5065500000","0,2230500000",,76.076305,76305,Seine-Maritime,28.0,Normandie,10.0,6.0,-1.0,-1,1.0,28,Normandie,76,2,16,Gonfreville-l'Orcher,8961,44,9005.0
202100050096,1.0,1,3,2,5.0,8.0,0.0,0,-1.0,1997.0,A01,23,2,2021,23:50,3,76.0,76580,1,2,1.0,6.0,Rue du Bout d'Amont,"49,5420480000","1,1963080000",,76.076580,76580,Seine-Maritime,28.0,Normandie,80.0,3.0,2.0,2,1.0,28,Normandie,76,3,2,Saint-Georges-sur-Fontaine,919,18,937.0
202100050127,1.0,1,3,1,5.0,8.0,0.0,0,-1.0,2003.0,A01,27,2,2021,15:30,1,76.0,76743,2,1,1.0,6.0,Rue Gadeau de Kerville,"49,5331610000","0,9209360000",,76.076743,76743,Seine-Maritime,28.0,Normandie,50.0,4.0,2.0,2,1.0,28,Normandie,76,3,1,Villers-ÉcalLes1734,12,1746,
202100050127,10.0,3,3,1,5.0,8.0,1.0,5,3.0,2006.0,A01,27,2,2021,15:30,1,76.0,76743,2,1,1.0,6.0,Rue Gadeau de Kerville,"49,5331610000","0,9209360000",,76.076743,76743,Seine-Maritime,28.0,Normandie,50.0,4.0,2.0,2,1.0,28,Normandie,76,3,1,Villers-ÉcalLes1734,12,1746,
202100050163,1.0,1,1,1,0.0,1.0,-1.0, -1,-1.0,1997.0,A01,16,2,2021,11:40,1,76.0,76540,2,2,1.0,3.0,Boulevard de l’Europe,"49,4279600000","1,0934100000",,76.076540,76540,Seine-Maritime,28.0,Normandie,50.0,4.0,2.0,4,1.0,28,Normandie,76,3,97,Rouen,114083,1556,115639.0
202100050163,1.0,1,4,1,4.0,2.0,-1.0, -1,-1.0,1985.0,B01,16,2,2021,11:40,1,76.0,76540,2,2,1.0,3.0,Boulevard de l’Europe,"49,4279600000","1,0934100000",,76.076540,76540,Seine-Maritime,28.0,Normandie,50.0,4.0,2.0,4,1.0,28,Normandie,76,3,97,Rouen,114083,1556,115639.0
202100050252,10.0,3,3,2,5.0,0.0,2.0,3,1.0,1953.0,A01,26,2,2021,15:05,1,76.0,76254,2,1,1.0,6.0,Avenue George V,"49,7070050000","0,2055640000",,76.076254,76254,Seine-Maritime,28.0,Normandie,50.0,3.0,2.0,2,1.0,28,Normandie,76,2,26,Étretat,1233,7,1240.0
202100050252,1.0,1,1,1,5.0,1.0,0.0,0,-1.0,1974.0,A01,26,2,2021,15:05,1,76.0,76254,2,1,1.0,6.0,Avenue George V,"49,7070050000","0,2055640000",,76.076254,76254,Seine-Maritime,28.0,Normandie,50.0,3.0,2.0,2,1.0,28,Normandie,76,2,26,Étretat,1233,7,1240.0
202100050568,1.0,1,4,1,0.0,2.0,-1.0, -1,-1.0,1986.0,B01,20,2,2021,17:30,1,76.0,76351,2,3,1.0,3.0,GRAVILLE (BD DE),"49,4951700000","0,1497300000",,76.076351,76351,Seine-Maritime,28.0,Normandie,50.0,4.0,2.0,2,1.0,28,Normandie,76,2,96,LeHavre,166058,1780,167838.0
202100050568,1.0,1,1,1,0.0,1.0,-1.0, -1,-1.0,1982.0,A01,20,2,2021,17:30,1,76.0,76351,2,3,1.0,3.0,GRAVILLE (BD DE),"49,4951700000","0,1497300000",,76.076351,76351,Seine-Maritime,28.0,Normandie,50.0,4.0,2.0,2,1.0,28,Normandie,76,2,96,LeHavre,166058,1780,167838.0
202100050569,1.0,1,1,1,0.0,1.0,-1.0, -1,-1.0,1964.0,A01,20,2,2021,17:46,1,76.0,76351,2,1,1.0,2.0,MALHERBE,"49,4993200000","0,1395600000",,76.076351,76351,Seine-Maritime,28.0,Normandie,50.0,4.0,1.0,1,1.0,28,Normandie,76,2,96,LeHavre,166058,1780,167838.0
202100050569,1.0,1,4,1,5.0,8.0,-1.0, -1,-1.0,2006.0,B01,20,2,2021,17:46,1,76.0,76351,2,1,1.0,2.0,MALHERBE,"49,4993200000","0,1395600000",,76.076351,76351,Seine-Maritime,28.0,Normandie,50.0,4.0,1.0,1,1.0,28,Normandie,76,2,96,LeHavre,166058,1780,167838.0
202100050615,1.0,1,3,1,1.0,2.0,0.0,0,-1.0,1961.0,A01,23,2,2021,16:45,1,76.0,76238,1,1,1.0,7.0,Rue de Coupeauville,"49,5627030000","0,2235780000",,76.076238,76238,Seine-Maritime,28.0,Normandie,80.0,3.0,2.0,2,1.0,28,Normandie,76,2,26,ÉpouvilLe2641,38,2679,
202100050675,1.0,1,1,1,0.0,1.0,0.0,0,-1.0,1964.0,A01,21,2,2021,15:45,1,76.0,76446,1,2,1.0,3.0,Rue du Chêne à Leu,"49,4545620000","0,9946050000",,76.076446,76446,Seine-Maritime,28.0,Normandie,80.0,4.0,2.0,2,1.0,28,Normandie,76,3,24,Montigny,1285,14,1299.0
202100050675,2.0,2,4,2,5.0,2.0,0.0,0,-1.0,1967.0,B01,21,2,2021,15:45,1,76.0,76446,1,2,1.0,3.0,Rue du Chêne à Leu,"49,4545620000","0,9946050000",,76.076446,76446,Seine-Maritime,28.0,Normandie,80.0,4.0,2.0,2,1.0,28,Normandie,76,3,24,Montigny,1285,14,1299.0
202100050675,1.0,1,3,1,5.0,2.0,0.0,0,-1.0,1969.0,B01,21,2,2021,15:45,1,76.0,76446,1,2,1.0,3.0,Rue du Chêne à Leu,"49,4545620000","0,9946050000",,76.076446,76446,Seine-Maritime,28.0,Normandie,80.0,4.0,2.0,2,1.0,28,Normandie,76,3,24,Montigny,1285,14,1299.0
202100050676,1.0,1,4,1,5.0,1.0,0.0,0,-1.0,2001.0,A01,21,2,2021,16:30,1,76.0,76455,1,1,1.0,6.0,D62,"49,4757790000","1,4219570000",,76.076455,76455,Seine-Maritime,28.0,Normandie,80.0,3.0,2.0,2,1.0,28,Normandie,76,1,12,Morville-sur-AndelLe297,5,302,
202100050676,2.0,2,3,1,5.0,8.0,0.0,0,-1.0,2005.0,A01,21,2,2021,16:30,1,76.0,76455,1,1,1.0,6.0,D62,"49,4757790000","1,4219570000",,76.076455,76455,Seine-Maritime,28.0,Normandie,80.0,3.0,2.0,2,1.0,28,Normandie,76,1,12,Morville-sur-AndelLe297,5,302,
202100050676,7.0,2,1,1,5.0,1.0,0.0,0,-1.0,2003.0,A01,21,2,2021,16:30,1,76.0,76455,1,1,1.0,6.0,D62,"49,4757790000","1,4219570000",,76.076455,76455,Seine-Maritime,28.0,Normandie,80.0,3.0,2.0,2,1.0,28,Normandie,76,1,12,Morville-sur-AndelLe297,5,302,
202100050676,9.0,2,3,1,5.0,8.0,0.0,0,-1.0,2001.0,A01,21,2,2021,16:30,1,76.0,76455,1,1,1.0,6.0,D62,"49,4757790000","1,4219570000",,76.076455,76455,Seine-Maritime,28.0,Normandie,80.0,3.0,2.0,2,1.0,28,Normandie,76,1,12,Morville-sur-AndelLe297,5,302,
202100050873,1.0,1,4,1,0.0,8.0,-1.0, -1,-1.0,1996.0,A01,17,2,2021,00:25,4,76.0,76540,2,6,1.0,7.0,RN1338,"49,4375174753","1,0665643215",,76.076540,76540,Seine-Maritime,28.0,Normandie,50.0,2.0,1.0,3,2.0,28,Normandie,76,3,97,Rouen,114083,1556,115639.0
202100050873,3.0,2,4,1,0.0,1.0,-1.0, -1,-1.0,2002.0,A01,17,2,2021,00:25,4,76.0,76540,2,6,1.0,7.0,RN1338,"49,4375174753","1,0665643215",,76.076540,76540,Seine-Maritime,28.0,Normandie,50.0,2.0,1.0,3,2.0,28,Normandie,76,3,97,Rouen,114083,1556,115639.0
202100050873,4.0,2,4,1,0.0,8.0,-1.0, -1,-1.0,2001.0,A01,17,2,2021,00:25,4,76.0,76540,2,6,1.0,7.0,RN1338,"49,4375174753","1,0665643215",,76.076540,76540,Seine-Maritime,28.0,Normandie,50.0,2.0,1.0,3,2.0,28,Normandie,76,3,97,Rouen,114083,1556,115639.0
202100050874,1.0,1,4,1,0.0,2.0,-1.0, -1,-1.0,1968.0,B01,17,2,2021,10:40,1,76.0,76575,2,6,1.0,3.0,DOCTEUR GALLOUEN. RUE DU,"49,3975500000","1,0808500000",,76.076575,76575,Seine-Maritime,28.0,Normandie,30.0,4.0,1.0,1,2.0,28,Normandie,76,3,98,Saint-Étienne-du-Rouvray,28508,225,28733.0
202100050874,1.0,1,1,1,0.0,1.0,-1.0, -1,-1.0,1997.0,A01,17,2,2021,10:40,1,76.0,76575,2,6,1.0,3.0,DOCTEUR GALLOUEN. RUE DU,"49,3975500000","1,0808500000",,76.076575,76575,Seine-Maritime,28.0,Normandie,30.0,4.0,1.0,1,2.0,28,Normandie,76,3,98,Saint-Étienne-du-Rouvray,28508,225,28733.0
202100050875,1.0,1,4,2,9.0,1.0,-1.0, -1,-1.0,1990.0,A01,17,2,2021,14:50,1,76.0,76497,2,3,1.0,2.0,Rue Aristide Briand,"49,3936700000","1,0236100000",,76.076497,76497,Seine-Maritime,28.0,Normandie,50.0,7.0,2.0,2,1.0,28,Normandie,76,3,13,Petit-Couronne,8688,175,8863.0
202100050875,1.0,1,1,-1,-1.0,8.0,-1.0, -1,-1.0,,Z01,17,2,2021,14:50,1,76.0,76497,2,3,1.0,2.0,Rue Aristide Briand,"49,3936700000","1,0236100000",,76.076497,76497,Seine-Maritime,28.0,Normandie,50.0,7.0,2.0,2,1.0,28,Normandie,76,3,13,Petit-Couronne,8688,175,8863.0
202100050876,1.0,1,4,2,0.0,1.0,-1.0, -1,-1.0,1975.0,A01,18,2,2021,17:50,1,76.0,76351,2,3,1.0,4.0,CAVEE VERTE (RUE DE LA),"49,5061300000","0,1174900000",,76.076351,76351,Seine-Maritime,28.0,Normandie,50.0,4.0,2.0,3,1.0,28,Normandie,76,2,96,LeHavre,166058,1780,167838.0
202100050876,1.0,1,4,2,0.0,1.0,-1.0, -1,-1.0,1971.0,C01,18,2,2021,17:50,1,76.0,76351,2,3,1.0,4.0,CAVEE VERTE (RUE DE LA),"49,5061300000","0,1174900000",,76.076351,76351,Seine-Maritime,28.0,Normandie,50.0,4.0,2.0,3,1.0,28,Normandie,76,2,96,LeHavre,166058,1780,167838.0
202100050876,1.0,1,1,1,0.0,1.0,-1.0, -1,-1.0,1976.0,B01,18,2,2021,17:50,1,76.0,76351,2,3,1.0,4.0,CAVEE VERTE (RUE DE LA),"49,5061300000","0,1174900000",,76.076351,76351,Seine-Maritime,28.0,Normandie,50.0,4.0,2.0,3,1.0,28,Normandie,76,2,96,LeHavre,166058,1780,167838.0
202100050964,1.0,1,4,1,5.0,2.0,0.0,0,-1.0,1979.0,B01,20,2,2021,17:00,1,76.0,76232,2,1,1.0,7.0,Grand rue RD79,"49,7831970000","0,4498820000",,76.076232,76232,Seine-Maritime,28.0,Normandie,50.0,3.0,2.0,2,1.0,28,Normandie,76,2,11,Életot,634,8,642.0
202100050964,1.0,1,3,1,5.0,2.0,0.0,0,-1.0,1983.0,A01,20,2,2021,17:00,1,76.0,76232,2,1,1.0,7.0,Grand rue RD79,"49,7831970000","0,4498820000",,76.076232,76232,Seine-Maritime,28.0,Normandie,50.0,3.0,2.0,2,1.0,28,Normandie,76,2,11,Életot,634,8,642.0
202100051117,1.0,1,4,1,1.0,2.0,0.0,0,-1.0,1990.0,B01,19,2,2021,18:20,2,76.0,76594,1,1,1.0,1.0,907 Route de Duclair,"49,4870649295","1,0078591932",,76.076594,76594,Seine-Maritime,28.0,Normandie,50.0,3.0,2.0,2,1.0,28,Normandie,76,3,24,Saint-Jean-du-Cardonnay,1340,27,1367.0
202100051117,1.0,1,1,1,1.0,1.0,0.0,0,-1.0,1998.0,A01,19,2,2021,18:20,2,76.0,76594,1,1,1.0,1.0,907 Route de Duclair,"49,4870649295","1,0078591932",,76.076594,76594,Seine-Maritime,28.0,Normandie,50.0,3.0,2.0,2,1.0,28,Normandie,76,3,24,Saint-Jean-du-Cardonnay,1340,27,1367.0
202100051156,10.0,3,4,1,5.0,0.0,4.0,3,1.0,1995.0,A01,12,2,2021,23:12,5,76.0,76212,2,2,1.0,6.0,PAIX. BOULEVARD DE LA (RN 31),"49,4377300000","1,1439000000",,76.076212,76212,Seine-Maritime,28.0,Normandie,50.0,2.0,3.0,5,1.0,28,Normandie,76,3,6,Darnétal,9738,74,9812.0
202100051156,1.0,1,1,2,5.0,1.0,-1.0, -1,-1.0,1995.0,A01,12,2,2021,23:12,5,76.0,76212,2,2,1.0,6.0,PAIX. BOULEVARD DE LA (RN 31),"49,4377300000","1,1439000000",,76.076212,76212,Seine-Maritime,28.0,Normandie,50.0,2.0,3.0,5,1.0,28,Normandie,76,3,6,Darnétal,9738,74,9812.0
202100051157,1.0,1,4,1,4.0,1.0,-1.0, -1,-1.0,1991.0,A01,1,2,2021,06:00,5,76.0,76457,1,6,1.0,7.0,Côte de la Maison Brûlée (D132),"49,3449272341","0,9325066306",,76.076457,76457,Seine-Maritime,28.0,Normandie,50.0,7.0,-1.0,2,2.0,28,Normandie,76,3,9,Moulineaux,932,16,948.0
202100051158,1.0,1,4,1,0.0,1.0,-1.0, -1,-1.0,1954.0,B01,16,2,2021,17:40,1,76.0,76305,1,1,1.0,2.0,RD 6382,"49,4989700000","0,2148900000",,76.076305,76305,Seine-Maritime,28.0,Normandie,90.0,2.0,3.0,4,1.0,28,Normandie,76,2,16,Gonfreville-l'Orcher,8961,44,9005.0
202100051158,1.0,1,1,-1,-1.0,8.0,-1.0, -1,-1.0,,A01,16,2,2021,17:40,1,76.0,76305,1,1,1.0,2.0,RD 6382,"49,4989700000","0,2148900000",,76.076305,76305,Seine-Maritime,28.0,Normandie,90.0,2.0,3.0,4,1.0,28,Normandie,76,2,16,Gonfreville-l'Orcher,8961,44,9005.0
202100051218,1.0,1,3,2,5.0,1.0,0.0,0,-1.0,1976.0,C01,18,2,2021,15:45,1,76.0,76758,1,1,1.0,4.0,D113e,"49,6178900000","0,7888200000",,76.076758,76758,Seine-Maritime,28.0,Normandie,80.0,3.0,2.0,2,1.0,28,Normandie,76,3,35,Yvetot,11385,208,11593.0
202100051218,1.0,1,3,2,3.0,1.0,0.0,0,-1.0,1959.0,B01,18,2,2021,15:45,1,76.0,76758,1,1,1.0,4.0,D113e,"49,6178900000","0,7888200000",,76.076758,76758,Seine-Maritime,28.0,Normandie,80.0,3.0,2.0,2,1.0,28,Normandie,76,3,35,Yvetot,11385,208,11593.0
202100051218,1.0,1,1,1,3.0,1.0,0.0,0,-1.0,1989.0,A01,18,2,2021,15:45,1,76.0,76758,1,1,1.0,4.0,D113e,"49,6178900000","0,7888200000",,76.076758,76758,Seine-Maritime,28.0,Normandie,80.0,3.0,2.0,2,1.0,28,Normandie,76,3,35,Yvetot,11385,208,11593.0
202100051219,1.0,1,3,1,0.0,2.0,0.0,0,-1.0,1994.0,B01,18,2,2021,07:55,1,76.0,76255,1,4,1.0,3.0,INTERSECTION D925/D925C,"50,0625500000","1,4258500000",,76.076255,76255,Seine-Maritime,28.0,Normandie,80.0,3.0,2.0,2,1.0,28,Normandie,76,1,10,Eu,6591,197,6788.0
202100051219,1.0,1,1,2,0.0,1.0,0.0,0,-1.0,1967.0,A01,18,2,2021,07:55,1,76.0,76255,1,4,1.0,3.0,INTERSECTION D925/D925C,"50,0625500000","1,4258500000",,76.076255,76255,Seine-Maritime,28.0,Normandie,80.0,3.0,2.0,2,1.0,28,Normandie,76,1,10,Eu,6591,197,6788.0
202100051409,1.0,1,4,2,0.0,8.0,-1.0, -1,-1.0,1953.0,A01,12,2,2021,10:10,1,76.0,76484,2,1,1.0,7.0,PAIX. RUE DE LA,"49,3408300000","1,0985600000",,76.076484,76484,Seine-Maritime,28.0,Normandie,50.0,4.0,2.0,2,1.0,28,Normandie,76,3,31,Oissel,12367,83,12450.0
202100051410,1.0,1,4,1,0.0,2.0,-1.0, -1,-1.0,1985.0,A01,11,2,2021,09:30,1,76.0,76540,2,1,1.0,7.0,LYONS. ROUTE DE (BRETELLE C),"49,4379900000","1,1102100000",,76.076540,76540,Seine-Maritime,28.0,Normandie,50.0,7.0,2.0,2,1.0,28,Normandie,76,3,97,Rouen,114083,1556,115639.0
202100051410,10.0,3,4,2,1.0,0.0,3.0,3,1.0,1998.0,A01,11,2,2021,09:30,1,76.0,76540,2,1,1.0,7.0,LYONS. ROUTE DE (BRETELLE C),"49,4379900000","1,1102100000",,76.076540,76540,Seine-Maritime,28.0,Normandie,50.0,7.0,2.0,2,1.0,28,Normandie,76,3,97,Rouen,114083,1556,115639.0
202100051411,1.0,1,1,1,0.0,1.0,-1.0, -1,-1.0,1989.0,B01,12,2,2021,14:45,1,76.0,76351,2,1,1.0,3.0,BRIQUETIERS (DES),"49,4932800000","0,1374200000",,76.076351,76351,Seine-Maritime,28.0,Normandie,50.0,4.0,1.0,1,1.0,28,Normandie,76,2,96,LeHavre,166058,1780,167838.0
202100051411,1.0,1,4,1,3.0,1.0,-1.0, -1,-1.0,1993.0,A01,12,2,2021,14:45,1,76.0,76351,2,1,1.0,3.0,BRIQUETIERS (DES),"49,4932800000","0,1374200000",,76.076351,76351,Seine-Maritime,28.0,Normandie,50.0,4.0,1.0,1,1.0,28,Normandie,76,2,96,LeHavre,166058,1780,167838.0
202100051412,1.0,1,4,1,5.0,1.0,-1.0, -1,-1.0,1980.0,A01,13,2,2021,02:10,5,76.0,76351,1,1,1.0,6.0,SAINT JUST,"49,5195400000","0,0931700000",,76.076351,76351,Seine-Maritime,28.0,Normandie,50.0,4.0,2.0,1,1.0,28,Normandie,76,2,96,LeHavre,166058,1780,167838.0
202100051535,1.0,1,1,1,5.0,0.0,0.0,0,-1.0,1972.0,A01,14,2,2021,22:15,3,76.0,76263,1,1,1.0,7.0,Route du Tronquay,"49,4528500000","1,5099600000",,76.076263,76263,Seine-Maritime,28.0,Normandie,80.0,3.0,2.0,2,1.0,28,Normandie,76,1,12,La Feuillie,1262,28,1290.0
202100051535,2.0,2,2,1,5.0,0.0,0.0,0,-1.0,1955.0,A01,14,2,2021,22:15,3,76.0,76263,1,1,1.0,7.0,Route du Tronquay,"49,4528500000","1,5099600000",,76.076263,76263,Seine-Maritime,28.0,Normandie,80.0,3.0,2.0,2,1.0,28,Normandie,76,1,12,La Feuillie,1262,28,1290.0
202100051552,1.0,1,3,1,1.0,1.0,0.0,0,-1.0,1999.0,A01,10,2,2021,19:20,3,76.0,76705,1,1,1.0,5.0,"Autoroute A13, PK110+900, sens PARIS/CAEN","49,3331675888","1,0809087753",,76.076705,76705,Seine-Maritime,28.0,Normandie,110.0,1.0,3.0,3,1.0,28,Normandie,76,3,5,Tourville-la-Rivière,2568,19,2587.0
202100051552,1.0,1,1,2,1.0,1.0,0.0,0,-1.0,1970.0,B01,10,2,2021,19:20,3,76.0,76705,1,1,1.0,5.0,"Autoroute A13, PK110+900, sens PARIS/CAEN","49,3331675888","1,0809087753",,76.076705,76705,Seine-Maritime,28.0,Normandie,110.0,1.0,3.0,3,1.0,28,Normandie,76,3,5,Tourville-la-Rivière,2568,19,2587.0
202100051552,1.0,1,1,1,1.0,1.0,0.0,0,-1.0,1980.0,C01,10,2,2021,19:20,3,76.0,76705,1,1,1.0,5.0,"Autoroute A13, PK110+900, sens PARIS/CAEN","49,3331675888","1,0809087753",,76.076705,76705,Seine-Maritime,28.0,Normandie,110.0,1.0,3.0,3,1.0,28,Normandie,76,3,5,Tourville-la-Rivière,2568,19,2587.0
202100051615,1.0,1,1,2,5.0,1.0,0.0,0,-1.0,1991.0,A01,14,2,2021,17:50,1,76.0,76750,2,1,1.0,6.0,Rue de la Republique,"49,4572180000","0,8270110000",,76.076750,76750,Seine-Maritime,28.0,Normandie,50.0,9.0,2.0,2,1.0,28,Normandie,76,3,1,YainvilLe1037,13,1050,
202100051615,2.0,2,4,1,5.0,1.0,0.0,0,-1.0,2012.0,A01,14,2,2021,17:50,1,76.0,76750,2,1,1.0,6.0,Rue de la Republique,"49,4572180000","0,8270110000",,76.076750,76750,Seine-Maritime,28.0,Normandie,50.0,9.0,2.0,2,1.0,28,Normandie,76,3,1,YainvilLe1037,13,1050,
202100051664,1.0,1,1,2,0.0,1.0,-1.0, -1,-1.0,1972.0,A01,11,2,2021,16:00,1,76.0,76451,2,1,1.0,6.0,Avenue du Mont aux Malades,"49,4635400000","1,0749600000",,76.076451,76451,Seine-Maritime,28.0,Normandie,50.0,4.0,2.0,2,1.0,28,Normandie,76,3,22,Mont-Saint-Aignan,20066,415,20481.0