Num_Acc,place,catu,grav,sexe,trajet,secu,locp,actp,etatp,an_nais,num_veh,jour,mois,an,hrmn,lum,dep,com,agg,int,atm,col,adr,lat,long,gps,com_insee_temp,com_insee,departmentName,regionCode,regionName,vma,catr,circ,nbv,surf,Code,Region,Departement,Arrondissement,Code_Canton,Nom_Commune,Population_municipaLe,Population_comptee_a_part,Population_Totale
202100053892,9.0,2,4,2,4.0,1.0,0.0,0,-1.0,1986.0,B01,25,1,2021,12:10,1,76.0,76305,1,1,1.0,3.0,Autoroute A 131. PK 031.300,"49,4952020000","0,2486340000",,76.076305,76305,Seine-Maritime,28.0,Normandie,130.0,1.0,1.0,4,1.0,28,Normandie,76,2,16,Gonfreville-l'Orcher,8961,44,9005.0
202100053892,7.0,2,4,2,9.0,1.0,0.0,0,-1.0,1998.0,B01,25,1,2021,12:10,1,76.0,76305,1,1,1.0,3.0,Autoroute A 131. PK 031.300,"49,4952020000","0,2486340000",,76.076305,76305,Seine-Maritime,28.0,Normandie,130.0,1.0,1.0,4,1.0,28,Normandie,76,2,16,Gonfreville-l'Orcher,8961,44,9005.0
202100053892,1.0,1,1,1,4.0,1.0,0.0,0,-1.0,1976.0,B01,25,1,2021,12:10,1,76.0,76305,1,1,1.0,3.0,Autoroute A 131. PK 031.300,"49,4952020000","0,2486340000",,76.076305,76305,Seine-Maritime,28.0,Normandie,130.0,1.0,1.0,4,1.0,28,Normandie,76,2,16,Gonfreville-l'Orcher,8961,44,9005.0
202100054045,1.0,1,4,1,4.0,1.0,-1.0, -1,-1.0,1990.0,A01,22,1,2021,08:30,1,76.0,76322,2,1,1.0,6.0,Rue Albert Thomas,"49,4115500000","1,0465700000",,76.076322,76322,Seine-Maritime,28.0,Normandie,50.0,4.0,2.0,2,2.0,28,Normandie,76,3,13,LeGrand-Quevilly,25975,225,26200.0
202100054045,10.0,3,4,2,1.0,0.0,2.0,3,1.0,1963.0,A01,22,1,2021,08:30,1,76.0,76322,2,1,1.0,6.0,Rue Albert Thomas,"49,4115500000","1,0465700000",,76.076322,76322,Seine-Maritime,28.0,Normandie,50.0,4.0,2.0,2,2.0,28,Normandie,76,3,13,LeGrand-Quevilly,25975,225,26200.0
202100054142,2.0,2,4,2,5.0,1.0,0.0,0,-1.0,1998.0,A01,23,1,2021,10:30,1,76.0,76671,1,1,2.0,1.0,Route du Circuit,"49,9610770000","1,4347570000",,76.076671,76671,Seine-Maritime,28.0,Normandie,80.0,3.0,2.0,2,2.0,28,Normandie,76,1,10,Sept-MeuLes172,1,173,
202100054142,1.0,1,4,1,5.0,1.0,0.0,0,-1.0,1998.0,A01,23,1,2021,10:30,1,76.0,76671,1,1,2.0,1.0,Route du Circuit,"49,9610770000","1,4347570000",,76.076671,76671,Seine-Maritime,28.0,Normandie,80.0,3.0,2.0,2,2.0,28,Normandie,76,1,10,Sept-MeuLes172,1,173,
202100054142,1.0,1,4,1,4.0,1.0,0.0,0,-1.0,1994.0,B01,23,1,2021,10:30,1,76.0,76671,1,1,2.0,1.0,Route du Circuit,"49,9610770000","1,4347570000",,76.076671,76671,Seine-Maritime,28.0,Normandie,80.0,3.0,2.0,2,2.0,28,Normandie,76,1,10,Sept-MeuLes172,1,173,
202100054192,10.0,3,3,1,0.0,0.0,2.0,3,2.0,2016.0,A01,19,1,2021,19:00,5,76.0,76157,2,1,1.0,6.0,Avenue Georges Bizet,"49,4575868487","1,0323054841",,76.076157,76157,Seine-Maritime,28.0,Normandie,50.0,4.0,-1.0,2,1.0,28,Normandie,76,3,4,Canteleu,13966,360,14326.0
202100054192,1.0,1,1,2,0.0,1.0,-1.0, -1,-1.0,1968.0,A01,19,1,2021,19:00,5,76.0,76157,2,1,1.0,6.0,Avenue Georges Bizet,"49,4575868487","1,0323054841",,76.076157,76157,Seine-Maritime,28.0,Normandie,50.0,4.0,-1.0,2,1.0,28,Normandie,76,3,4,Canteleu,13966,360,14326.0
202100054192,10.0,3,1,2,0.0,0.0,2.0,3,2.0,1994.0,A01,19,1,2021,19:00,5,76.0,76157,2,1,1.0,6.0,Avenue Georges Bizet,"49,4575868487","1,0323054841",,76.076157,76157,Seine-Maritime,28.0,Normandie,50.0,4.0,-1.0,2,1.0,28,Normandie,76,3,4,Canteleu,13966,360,14326.0
202100054193,1.0,1,1,1,4.0,1.0,-1.0, -1,-1.0,1987.0,B01,20,1,2021,23:55,5,76.0,76351,2,2,2.0,7.0,Avenue René Coty,"49,4971400000","0,1118600000",,76.076351,76351,Seine-Maritime,28.0,Normandie,30.0,4.0,1.0,2,2.0,28,Normandie,76,2,96,LeHavre,166058,1780,167838.0
202100054193,1.0,1,4,1,1.0,2.0,-1.0, -1,-1.0,1982.0,A01,20,1,2021,23:55,5,76.0,76351,2,2,2.0,7.0,Avenue René Coty,"49,4971400000","0,1118600000",,76.076351,76351,Seine-Maritime,28.0,Normandie,30.0,4.0,1.0,2,2.0,28,Normandie,76,2,96,LeHavre,166058,1780,167838.0
202100054422,1.0,1,1,1,0.0,1.0,-1.0, -1,-1.0,1993.0,A01,15,1,2021,19:30,5,76.0,76351,2,2,1.0,3.0,Avenue René Coty,"49,4985200000","0,1179600000",,76.076351,76351,Seine-Maritime,28.0,Normandie,50.0,4.0,2.0,2,1.0,28,Normandie,76,2,96,LeHavre,166058,1780,167838.0
202100054422,2.0,2,1,2,0.0,1.0,-1.0, -1,-1.0,1998.0,A01,15,1,2021,19:30,5,76.0,76351,2,2,1.0,3.0,Avenue René Coty,"49,4985200000","0,1179600000",,76.076351,76351,Seine-Maritime,28.0,Normandie,50.0,4.0,2.0,2,1.0,28,Normandie,76,2,96,LeHavre,166058,1780,167838.0
202100054422,1.0,1,4,1,0.0,2.0,-1.0, -1,-1.0,1981.0,B01,15,1,2021,19:30,5,76.0,76351,2,2,1.0,3.0,Avenue René Coty,"49,4985200000","0,1179600000",,76.076351,76351,Seine-Maritime,28.0,Normandie,50.0,4.0,2.0,2,1.0,28,Normandie,76,2,96,LeHavre,166058,1780,167838.0
202100054530,1.0,1,4,2,2.0,2.0,0.0,0,-1.0,2004.0,A01,20,1,2021,07:45,5,76.0,76276,2,3,2.0,2.0,Avenue des Sources,"49,6097570000","1,5358440000",,76.076276,76276,Seine-Maritime,28.0,Normandie,50.0,3.0,2.0,2,2.0,28,Normandie,76,1,12,Forges-les-Eaux,3702,157,3859.0
202100054530,1.0,1,1,2,1.0,1.0,0.0,0,-1.0,1965.0,B01,20,1,2021,07:45,5,76.0,76276,2,3,2.0,2.0,Avenue des Sources,"49,6097570000","1,5358440000",,76.076276,76276,Seine-Maritime,28.0,Normandie,50.0,3.0,2.0,2,2.0,28,Normandie,76,1,12,Forges-les-Eaux,3702,157,3859.0
202100054568,1.0,1,1,2,0.0,1.0,-1.0, -1,-1.0,1989.0,C01,15,1,2021,13:15,1,76.0,76351,1,5,1.0,4.0,Rue Félix Faure,"49,5016960879","0,1160162687",,76.076351,76351,Seine-Maritime,28.0,Normandie,50.0,4.0,2.0,7,1.0,28,Normandie,76,2,96,LeHavre,166058,1780,167838.0
202100054568,1.0,1,4,2,5.0,1.0,-1.0, -1,-1.0,1945.0,B01,15,1,2021,13:15,1,76.0,76351,1,5,1.0,4.0,Rue Félix Faure,"49,5016960879","0,1160162687",,76.076351,76351,Seine-Maritime,28.0,Normandie,50.0,4.0,2.0,7,1.0,28,Normandie,76,2,96,LeHavre,166058,1780,167838.0
202100054568,1.0,1,1,2,1.0,1.0,-1.0, -1,-1.0,1965.0,A01,15,1,2021,13:15,1,76.0,76351,1,5,1.0,4.0,Rue Félix Faure,"49,5016960879","0,1160162687",,76.076351,76351,Seine-Maritime,28.0,Normandie,50.0,4.0,2.0,7,1.0,28,Normandie,76,2,96,LeHavre,166058,1780,167838.0
202100054569,10.0,3,2,2,5.0,0.0,9.0,9,2.0,2001.0,A01,16,1,2021,05:05,3,76.0,76351,1,1,1.0,6.0,D6382,"49,5246600000","0,1800500000",,76.076351,76351,Seine-Maritime,28.0,Normandie,90.0,3.0,3.0,4,2.0,28,Normandie,76,2,96,LeHavre,166058,1780,167838.0
202100054569,1.0,1,4,2,1.0,1.0,-1.0, -1,-1.0,1981.0,A01,16,1,2021,05:05,3,76.0,76351,1,1,1.0,6.0,D6382,"49,5246600000","0,1800500000",,76.076351,76351,Seine-Maritime,28.0,Normandie,90.0,3.0,3.0,4,2.0,28,Normandie,76,2,96,LeHavre,166058,1780,167838.0
202100054711,10.0,3,4,1,4.0,0.0,6.0,9,1.0,1970.0,A01,14,1,2021,11:55,1,76.0,76689,1,1,3.0,6.0,Route de Valmont,"49,7192700000","0,5066260000",,76.076689,76689,Seine-Maritime,28.0,Normandie,70.0,3.0,2.0,2,2.0,28,Normandie,76,2,11,ThiétrevilLe373,33,406,
202100054711,1.0,1,1,2,5.0,1.0,0.0,0,-1.0,1993.0,A01,14,1,2021,11:55,1,76.0,76689,1,1,3.0,6.0,Route de Valmont,"49,7192700000","0,5066260000",,76.076689,76689,Seine-Maritime,28.0,Normandie,70.0,3.0,2.0,2,2.0,28,Normandie,76,2,11,ThiétrevilLe373,33,406,
202100054712,1.0,1,1,1,4.0,1.0,0.0,0,-1.0,1970.0,A01,18,1,2021,14:35,1,76.0,76752,2,1,1.0,6.0,47 Rue Jacques Ferny,"49,6695230000","0,9008340000",,76.076752,76752,Seine-Maritime,28.0,Normandie,50.0,3.0,-1.0,2,1.0,28,Normandie,76,3,35,YervilLe2584,29,2613,
202100054712,10.0,3,3,2,5.0,0.0,5.0,2,1.0,1936.0,A01,18,1,2021,14:35,1,76.0,76752,2,1,1.0,6.0,47 Rue Jacques Ferny,"49,6695230000","0,9008340000",,76.076752,76752,Seine-Maritime,28.0,Normandie,50.0,3.0,-1.0,2,1.0,28,Normandie,76,3,35,YervilLe2584,29,2613,
202100054713,1.0,1,4,1,0.0,1.0,0.0,0,-1.0,1982.0,A01,18,1,2021,06:30,5,76.0,76120,2,1,5.0,1.0,Route de Forges,"49,5926590000","1,4124940000",,76.076120,76120,Seine-Maritime,28.0,Normandie,50.0,3.0,2.0,2,1.0,28,Normandie,76,3,21,Bosc-Bordel,447,10,457.0
202100054713,1.0,1,1,1,0.0,1.0,0.0,0,-1.0,1994.0,B01,18,1,2021,06:30,5,76.0,76120,2,1,5.0,1.0,Route de Forges,"49,5926590000","1,4124940000",,76.076120,76120,Seine-Maritime,28.0,Normandie,50.0,3.0,2.0,2,1.0,28,Normandie,76,3,21,Bosc-Bordel,447,10,457.0
202100054872,1.0,1,1,1,0.0,1.0,-1.0, -1,-1.0,1953.0,A01,14,1,2021,17:30,5,76.0,76561,2,1,1.0,6.0,Rue Marechal Leclerc,"49,3008293132","1,0119607246",,76.076561,76561,Seine-Maritime,28.0,Normandie,50.0,4.0,2.0,2,2.0,28,Normandie,76,3,5,Saint-Aubin-lès-Elbeuf,8428,75,8503.0
202100054872,10.0,3,4,2,0.0,0.0,1.0,3,1.0,2006.0,A01,14,1,2021,17:30,5,76.0,76561,2,1,1.0,6.0,Rue Marechal Leclerc,"49,3008293132","1,0119607246",,76.076561,76561,Seine-Maritime,28.0,Normandie,50.0,4.0,2.0,2,2.0,28,Normandie,76,3,5,Saint-Aubin-lès-Elbeuf,8428,75,8503.0
202100055286,10.0,3,4,2,0.0,0.0,3.0,3,1.0,1979.0,A01,11,1,2021,10:50,1,76.0,76231,2,1,1.0,6.0,Rue Bourgtheroulde,"49,2886500000","0,9959800000",,76.076231,76231,Seine-Maritime,28.0,Normandie,50.0,7.0,2.0,2,1.0,28,Normandie,76,3,9,Elbeuf,15951,138,16089.0
202100055286,1.0,1,1,1,4.0,1.0,-1.0, -1,-1.0,1998.0,A01,11,1,2021,10:50,1,76.0,76231,2,1,1.0,6.0,Rue Bourgtheroulde,"49,2886500000","0,9959800000",,76.076231,76231,Seine-Maritime,28.0,Normandie,50.0,7.0,2.0,2,1.0,28,Normandie,76,3,9,Elbeuf,15951,138,16089.0
202100055287,10.0,3,3,1,0.0,0.0,1.0,3,1.0,1988.0,A01,11,1,2021,18:15,3,76.0,76322,2,1,1.0,7.0,Rue Louis Joseph Gay Lussac,"49,4167713226","1,0461641195",,76.076322,76322,Seine-Maritime,28.0,Normandie,50.0,7.0,2.0,2,1.0,28,Normandie,76,3,13,LeGrand-Quevilly,25975,225,26200.0
202100055287,1.0,1,1,1,0.0,1.0,-1.0, -1,-1.0,1958.0,A01,11,1,2021,18:15,3,76.0,76322,2,1,1.0,7.0,Rue Louis Joseph Gay Lussac,"49,4167713226","1,0461641195",,76.076322,76322,Seine-Maritime,28.0,Normandie,50.0,7.0,2.0,2,1.0,28,Normandie,76,3,13,LeGrand-Quevilly,25975,225,26200.0
202100055288,1.0,1,4,2,5.0,1.0,-1.0, -1,-1.0,1985.0,B01,11,1,2021,15:25,1,76.0,76351,2,1,1.0,2.0,Rue de Verdun,"49,5016800000","0,1530000000",,76.076351,76351,Seine-Maritime,28.0,Normandie,50.0,3.0,2.0,2,1.0,28,Normandie,76,2,96,LeHavre,166058,1780,167838.0
202100055288,1.0,1,4,1,4.0,8.0,-1.0, -1,-1.0,1982.0,A01,11,1,2021,15:25,1,76.0,76351,2,1,1.0,2.0,Rue de Verdun,"49,5016800000","0,1530000000",,76.076351,76351,Seine-Maritime,28.0,Normandie,50.0,3.0,2.0,2,1.0,28,Normandie,76,2,96,LeHavre,166058,1780,167838.0
202100055289,1.0,1,4,1,1.0,1.0,-1.0, -1,-1.0,1969.0,B01,11,1,2021,19:20,5,76.0,76296,1,1,2.0,1.0,Rue de la Libération,"49,5179562255","0,2561685629",,76.076296,76296,Seine-Maritime,28.0,Normandie,70.0,3.0,2.0,2,2.0,28,Normandie,76,2,16,GainnevilLe2511,39,2550,
202100055289,1.0,1,4,1,4.0,1.0,-1.0, -1,-1.0,1991.0,A01,11,1,2021,19:20,5,76.0,76296,1,1,2.0,1.0,Rue de la Libération,"49,5179562255","0,2561685629",,76.076296,76296,Seine-Maritime,28.0,Normandie,70.0,3.0,2.0,2,2.0,28,Normandie,76,2,16,GainnevilLe2511,39,2550,
202100055464,1.0,1,1,1,4.0,1.0,-1.0, -1,-1.0,1961.0,C01,9,1,2021,19:00,5,76.0,76108,2,2,1.0,4.0,Rue de la Republique,"49,4724300000","1,1122700000",,76.076108,76108,Seine-Maritime,28.0,Normandie,50.0,7.0,2.0,3,1.0,28,Normandie,76,3,2,Bois-Guillaume,14262,361,14623.0
202100055464,1.0,1,1,2,3.0,1.0,-1.0, -1,-1.0,1945.0,A01,9,1,2021,19:00,5,76.0,76108,2,2,1.0,4.0,Rue de la Republique,"49,4724300000","1,1122700000",,76.076108,76108,Seine-Maritime,28.0,Normandie,50.0,7.0,2.0,3,1.0,28,Normandie,76,3,2,Bois-Guillaume,14262,361,14623.0
202100055464,1.0,1,3,1,3.0,2.0,-1.0, -1,-1.0,1964.0,B01,9,1,2021,19:00,5,76.0,76108,2,2,1.0,4.0,Rue de la Republique,"49,4724300000","1,1122700000",,76.076108,76108,Seine-Maritime,28.0,Normandie,50.0,7.0,2.0,3,1.0,28,Normandie,76,3,2,Bois-Guillaume,14262,361,14623.0
202100055465,2.0,2,4,2,0.0,1.0,-1.0, -1,-1.0,1995.0,A01,9,1,2021,15:00,1,76.0,76322,2,2,1.0,1.0,Avenue des Canadiens,"49,4020400000","1,0651800000",,76.076322,76322,Seine-Maritime,28.0,Normandie,50.0,7.0,2.0,4,1.0,28,Normandie,76,3,13,LeGrand-Quevilly,25975,225,26200.0
202100055465,1.0,1,4,1,0.0,1.0,-1.0, -1,-1.0,1957.0,A01,9,1,2021,15:00,1,76.0,76322,2,2,1.0,1.0,Avenue des Canadiens,"49,4020400000","1,0651800000",,76.076322,76322,Seine-Maritime,28.0,Normandie,50.0,7.0,2.0,4,1.0,28,Normandie,76,3,13,LeGrand-Quevilly,25975,225,26200.0
202100055465,1.0,1,1,1,0.0,1.0,-1.0, -1,-1.0,1972.0,B01,9,1,2021,15:00,1,76.0,76322,2,2,1.0,1.0,Avenue des Canadiens,"49,4020400000","1,0651800000",,76.076322,76322,Seine-Maritime,28.0,Normandie,50.0,7.0,2.0,4,1.0,28,Normandie,76,3,13,LeGrand-Quevilly,25975,225,26200.0
202100055466,1.0,1,4,1,1.0,1.0,-1.0, -1,-1.0,1982.0,B01,8,1,2021,19:20,5,76.0,76351,2,1,1.0,3.0,Boulevard Jules Durand,"49,4939100000","0,1737600000",,76.076351,76351,Seine-Maritime,28.0,Normandie,50.0,3.0,2.0,3,2.0,28,Normandie,76,2,96,LeHavre,166058,1780,167838.0
202100055466,1.0,1,4,1,5.0,1.0,-1.0, -1,-1.0,2002.0,A01,8,1,2021,19:20,5,76.0,76351,2,1,1.0,3.0,Boulevard Jules Durand,"49,4939100000","0,1737600000",,76.076351,76351,Seine-Maritime,28.0,Normandie,50.0,3.0,2.0,3,2.0,28,Normandie,76,2,96,LeHavre,166058,1780,167838.0
202100055466,2.0,2,4,1,5.0,1.0,-1.0, -1,-1.0,2005.0,A01,8,1,2021,19:20,5,76.0,76351,2,1,1.0,3.0,Boulevard Jules Durand,"49,4939100000","0,1737600000",,76.076351,76351,Seine-Maritime,28.0,Normandie,50.0,3.0,2.0,3,2.0,28,Normandie,76,2,96,LeHavre,166058,1780,167838.0
202100055765,1.0,1,1,2,5.0,1.0,-1.0, -1,-1.0,2000.0,A01,8,1,2021,13:10,1,76.0,76351,2,3,1.0,6.0,Rue Marcel Paul,"49,4930400000","0,1430000000",,76.076351,76351,Seine-Maritime,28.0,Normandie,50.0,4.0,2.0,1,1.0,28,Normandie,76,2,96,LeHavre,166058,1780,167838.0
202100055765,10.0,3,4,2,1.0,0.0,3.0,3,1.0,1983.0,A01,8,1,2021,13:10,1,76.0,76351,2,3,1.0,6.0,Rue Marcel Paul,"49,4930400000","0,1430000000",,76.076351,76351,Seine-Maritime,28.0,Normandie,50.0,4.0,2.0,1,1.0,28,Normandie,76,2,96,LeHavre,166058,1780,167838.0
202100055903,1.0,1,4,1,1.0,2.0,-1.0, -1,-1.0,1974.0,B01,6,1,2021,17:30,5,76.0,76341,1,1,1.0,3.0,RUE DE VERDUN,"49,5031639960","0,1909241923",,76.076341,76341,Seine-Maritime,28.0,Normandie,50.0,3.0,3.0,4,1.0,28,Normandie,76,2,15,Harfleur,8315,53,8368.0
202100055903,1.0,1,1,-1,-1.0,8.0,-1.0, -1,-1.0,,A01,6,1,2021,17:30,5,76.0,76341,1,1,1.0,3.0,RUE DE VERDUN,"49,5031639960","0,1909241923",,76.076341,76341,Seine-Maritime,28.0,Normandie,50.0,3.0,3.0,4,1.0,28,Normandie,76,2,15,Harfleur,8315,53,8368.0
202100055904,1.0,1,1,2,0.0,1.0,-1.0, -1,-1.0,1975.0,A01,6,1,2021,12:52,1,76.0,76305,2,1,1.0,1.0,Route de la Seine,"49,5049000000","0,2228800000",,76.076305,76305,Seine-Maritime,28.0,Normandie,50.0,4.0,2.0,2,1.0,28,Normandie,76,2,16,Gonfreville-l'Orcher,8961,44,9005.0
202100055904,1.0,1,4,2,0.0,1.0,-1.0, -1,-1.0,1986.0,B01,6,1,2021,12:52,1,76.0,76305,2,1,1.0,1.0,Route de la Seine,"49,5049000000","0,2228800000",,76.076305,76305,Seine-Maritime,28.0,Normandie,50.0,4.0,2.0,2,1.0,28,Normandie,76,2,16,Gonfreville-l'Orcher,8961,44,9005.0
202100055975,1.0,1,1,1,1.0,1.0,0.0,0,-1.0,1985.0,A01,8,1,2021,07:25,4,76.0,76493,2,3,1.0,1.0,Route de Saint Valery,"49,8507070000","0,6304060000",,76.076493,76493,Seine-Maritime,28.0,Normandie,50.0,3.0,2.0,3,7.0,28,Normandie,76,1,33,Paluel,395,12,407.0
202100055975,1.0,1,3,1,1.0,2.0,0.0,0,-1.0,2004.0,B01,8,1,2021,07:25,4,76.0,76493,2,3,1.0,1.0,Route de Saint Valery,"49,8507070000","0,6304060000",,76.076493,76493,Seine-Maritime,28.0,Normandie,50.0,3.0,2.0,3,7.0,28,Normandie,76,1,33,Paluel,395,12,407.0
202100055978,1.0,1,1,2,5.0,1.0,0.0,0,-1.0,1972.0,A01,6,1,2021,12:10,1,76.0,76711,2,1,1.0,1.0,Rue de la Commune de Paris,"50,0604450000","1,3726960000",,76.076711,76711,Seine-Maritime,28.0,Normandie,50.0,3.0,2.0,2,1.0,28,Normandie,76,1,10,LeTréport,4424,91,4515.0
202100055978,1.0,1,4,1,1.0,0.0,0.0,0,-1.0,1999.0,B01,6,1,2021,12:10,1,76.0,76711,2,1,1.0,1.0,Rue de la Commune de Paris,"50,0604450000","1,3726960000",,76.076711,76711,Seine-Maritime,28.0,Normandie,50.0,3.0,2.0,2,1.0,28,Normandie,76,1,10,LeTréport,4424,91,4515.0
202100056004,1.0,1,2,1,3.0,2.0,0.0,0,-1.0,1961.0,A01,8,1,2021,18:25,3,76.0,76099,1,1,1.0,1.0,Route de la Pierre,"49,5568300000","0,8567500000",,76.076099,76099,Seine-Maritime,28.0,Normandie,70.0,3.0,2.0,2,1.0,28,Normandie,76,3,1,BlacquevilLe707,9,716,
202100056004,1.0,1,1,2,1.0,1.0,0.0,0,-1.0,1998.0,B01,8,1,2021,18:25,3,76.0,76099,1,1,1.0,1.0,Route de la Pierre,"49,5568300000","0,8567500000",,76.076099,76099,Seine-Maritime,28.0,Normandie,70.0,3.0,2.0,2,1.0,28,Normandie,76,3,1,BlacquevilLe707,9,716,
202100056035,1.0,1,1,1,0.0,1.0,-1.0, -1,-1.0,1985.0,A01,11,2,2021,06:20,2,76.0,76540,2,1,1.0,2.0,Rue Dufay,"49,4243017981","1,0757777095",,76.076540,76540,Seine-Maritime,28.0,Normandie,30.0,4.0,1.0,2,1.0,28,Normandie,76,3,97,Rouen,114083,1556,115639.0
202100056035,1.0,1,4,1,1.0,1.0,0.0,0,-1.0,1980.0,B01,11,2,2021,06:20,2,76.0,76540,2,1,1.0,2.0,Rue Dufay,"49,4243017981","1,0757777095",,76.076540,76540,Seine-Maritime,28.0,Normandie,30.0,4.0,1.0,2,1.0,28,Normandie,76,3,97,Rouen,114083,1556,115639.0
202100056245,1.0,1,4,1,1.0,1.0,-1.0, -1,-1.0,1971.0,B01,2,1,2021,17:30,5,76.0,76540,2,1,1.0,4.0,Boulevard de l’Yser,"49,4473400000","1,1034900000",,76.076540,76540,Seine-Maritime,28.0,Normandie,50.0,7.0,2.0,2,1.0,28,Normandie,76,3,97,Rouen,114083,1556,115639.0
202100056245,2.0,2,4,2,1.0,1.0,-1.0, -1,-1.0,2001.0,C01,2,1,2021,17:30,5,76.0,76540,2,1,1.0,4.0,Boulevard de l’Yser,"49,4473400000","1,1034900000",,76.076540,76540,Seine-Maritime,28.0,Normandie,50.0,7.0,2.0,2,1.0,28,Normandie,76,3,97,Rouen,114083,1556,115639.0
202100056245,1.0,1,1,1,1.0,1.0,-1.0, -1,-1.0,1965.0,C01,2,1,2021,17:30,5,76.0,76540,2,1,1.0,4.0,Boulevard de l’Yser,"49,4473400000","1,1034900000",,76.076540,76540,Seine-Maritime,28.0,Normandie,50.0,7.0,2.0,2,1.0,28,Normandie,76,3,97,Rouen,114083,1556,115639.0
202100056245,3.0,2,1,2,9.0,1.0,-1.0, -1,-1.0,1995.0,Z01,2,1,2021,17:30,5,76.0,76540,2,1,1.0,4.0,Boulevard de l’Yser,"49,4473400000","1,1034900000",,76.076540,76540,Seine-Maritime,28.0,Normandie,50.0,7.0,2.0,2,1.0,28,Normandie,76,3,97,Rouen,114083,1556,115639.0
202100056245,2.0,2,1,1,9.0,1.0,-1.0, -1,-1.0,1995.0,Z01,2,1,2021,17:30,5,76.0,76540,2,1,1.0,4.0,Boulevard de l’Yser,"49,4473400000","1,1034900000",,76.076540,76540,Seine-Maritime,28.0,Normandie,50.0,7.0,2.0,2,1.0,28,Normandie,76,3,97,Rouen,114083,1556,115639.0
202100056245,1.0,1,1,-1,-1.0,8.0,-1.0, -1,-1.0,,Z01,2,1,2021,17:30,5,76.0,76540,2,1,1.0,4.0,Boulevard de l’Yser,"49,4473400000","1,1034900000",,76.076540,76540,Seine-Maritime,28.0,Normandie,50.0,7.0,2.0,2,1.0,28,Normandie,76,3,97,Rouen,114083,1556,115639.0
202100056245,1.0,1,1,1,1.0,1.0,-1.0, -1,-1.0,1975.0,A01,2,1,2021,17:30,5,76.0,76540,2,1,1.0,4.0,Boulevard de l’Yser,"49,4473400000","1,1034900000",,76.076540,76540,Seine-Maritime,28.0,Normandie,50.0,7.0,2.0,2,1.0,28,Normandie,76,3,97,Rouen,114083,1556,115639.0
202100056246,1.0,1,1,2,4.0,1.0,-1.0, -1,-1.0,2000.0,B01,1,1,2021,15:15,1,76.0,76351,2,3,1.0,1.0,Rue Jules Avril,"49,4976400000","0,0967900000",,76.076351,76351,Seine-Maritime,28.0,Normandie,50.0,4.0,1.0,1,1.0,28,Normandie,76,2,96,LeHavre,166058,1780,167838.0
202100056246,2.0,2,1,1,4.0,1.0,-1.0, -1,-1.0,1982.0,B01,1,1,2021,15:15,1,76.0,76351,2,3,1.0,1.0,Rue Jules Avril,"49,4976400000","0,0967900000",,76.076351,76351,Seine-Maritime,28.0,Normandie,50.0,4.0,1.0,1,1.0,28,Normandie,76,2,96,LeHavre,166058,1780,167838.0
202100056246,1.0,1,4,1,5.0,2.0,-1.0, -1,-1.0,1984.0,A01,1,1,2021,15:15,1,76.0,76351,2,3,1.0,1.0,Rue Jules Avril,"49,4976400000","0,0967900000",,76.076351,76351,Seine-Maritime,28.0,Normandie,50.0,4.0,1.0,1,1.0,28,Normandie,76,2,96,LeHavre,166058,1780,167838.0
202100056304,1.0,1,3,1,3.0,1.0,0.0,0,-1.0,1994.0,A01,5,1,2021,15:00,1,76.0,76419,1,1,1.0,6.0,route de duclair,"49,3965630000","0,8816210000",,76.076419,76419,Seine-Maritime,28.0,Normandie,80.0,3.0,2.0,2,1.0,28,Normandie,76,3,1,Mauny,155,6,161.0
202100056454,1.0,1,3,1,1.0,2.0,0.0,0,-1.0,1961.0,A01,2,1,2021,08:35,2,76.0,76183,2,1,2.0,6.0,Route de Fecamp,"49,7493800000","0,4473500000",,76.076183,76183,Seine-Maritime,28.0,Normandie,50.0,3.0,2.0,2,2.0,28,Normandie,76,2,11,CollevilLe767,19,786,
202000000006,1.0,1,3,1,1.0,2.0,-1.0,0,-1.0,2001.0,B01,5,3,2020,07:00,2,76.0,76114,1,2,2.0,3.0,D6015,"49,5763988","0,5101875",,76.076114,76114,Seine-Maritime,28.0,Normandie,80.0,3.0,2.0,3,2.0,28,Normandie,76,2,3,Bolbec,11635,147,11782.0
202000000006,1.0,1,1,2,1.0,1.0,-1.0,0,-1.0,1972.0,A01,5,3,2020,07:00,2,76.0,76114,1,2,2.0,3.0,D6015,"49,5763988","0,5101875",,76.076114,76114,Seine-Maritime,28.0,Normandie,80.0,3.0,2.0,3,2.0,28,Normandie,76,2,3,Bolbec,11635,147,11782.0
202000000241,2.0,2,4,1,1.0,1.0,0.0,0,-1.0,2004.0,B01,21,9,2020,07:10,2,76.0,76441,1,1,5.0,1.0,D49,"49,9688130","1,5695210",,76.076441,76441,Seine-Maritime,28.0,Normandie,80.0,3.0,2.0,1,1.0,28,Normandie,76,1,10,Monchaux-Soreng,616,10,626.0