Num_Acc,place,catu,grav,sexe,trajet,secu,locp,actp,etatp,an_nais,num_veh,jour,mois,an,hrmn,lum,dep,com,agg,int,atm,col,adr,lat,long,gps,com_insee_temp,com_insee,departmentName,regionCode,regionName,vma,catr,circ,nbv,surf,Code,Region,Departement,Arrondissement,Code_Canton,Nom_Commune,Population_municipaLe,Population_comptee_a_part,Population_Totale
202000005886,1.0,1,1,1,5.0,2.0,0.0,0,-1.0,1967.0,B01,21,7,2020,18:15,1,76.0,76179,2,3,1.0,3.0,Rue Edmond Spalikowski,"49,6010480","1,1156650",,76.076179,76179,Seine-Maritime,28.0,Normandie,50.0,3.0,2.0,2,1.0,28,Normandie,76,3,2,Clères,1380,15,1395.0
202000005886,9.0,2,1,2,5.0,1.0,0.0,0,-1.0,2013.0,A01,21,7,2020,18:15,1,76.0,76179,2,3,1.0,3.0,Rue Edmond Spalikowski,"49,6010480","1,1156650",,76.076179,76179,Seine-Maritime,28.0,Normandie,50.0,3.0,2.0,2,1.0,28,Normandie,76,3,2,Clères,1380,15,1395.0
202000005886,1.0,1,1,2,5.0,1.0,0.0,0,-1.0,1976.0,A01,21,7,2020,18:15,1,76.0,76179,2,3,1.0,3.0,Rue Edmond Spalikowski,"49,6010480","1,1156650",,76.076179,76179,Seine-Maritime,28.0,Normandie,50.0,3.0,2.0,2,1.0,28,Normandie,76,3,2,Clères,1380,15,1395.0
202000005947,6.0,2,4,1,4.0,1.0,-1.0, -1,-1.0,1978.0,C01,19,7,2020,22:20,2,76.0,76231,2,1,1.0,4.0,RN 840 (ROUTE DU NEUBOURG),"49,2786690","1,0059340",,76.076231,76231,Seine-Maritime,28.0,Normandie,50.0,3.0,2.0,2,1.0,28,Normandie,76,3,9,Elbeuf,15951,138,16089.0
202000005947,4.0,2,4,1,4.0,1.0,-1.0, -1,-1.0,1989.0,C01,19,7,2020,22:20,2,76.0,76231,2,1,1.0,4.0,RN 840 (ROUTE DU NEUBOURG),"49,2786690","1,0059340",,76.076231,76231,Seine-Maritime,28.0,Normandie,50.0,3.0,2.0,2,1.0,28,Normandie,76,3,9,Elbeuf,15951,138,16089.0
202000005947,3.0,2,4,1,4.0,1.0,-1.0, -1,-1.0,1970.0,C01,19,7,2020,22:20,2,76.0,76231,2,1,1.0,4.0,RN 840 (ROUTE DU NEUBOURG),"49,2786690","1,0059340",,76.076231,76231,Seine-Maritime,28.0,Normandie,50.0,3.0,2.0,2,1.0,28,Normandie,76,3,9,Elbeuf,15951,138,16089.0
202000005947,1.0,1,4,1,4.0,1.0,-1.0, -1,-1.0,1975.0,C01,19,7,2020,22:20,2,76.0,76231,2,1,1.0,4.0,RN 840 (ROUTE DU NEUBOURG),"49,2786690","1,0059340",,76.076231,76231,Seine-Maritime,28.0,Normandie,50.0,3.0,2.0,2,1.0,28,Normandie,76,3,9,Elbeuf,15951,138,16089.0
202000005947,1.0,1,4,1,0.0,1.0,-1.0, -1,-1.0,1990.0,B01,19,7,2020,22:20,2,76.0,76231,2,1,1.0,4.0,RN 840 (ROUTE DU NEUBOURG),"49,2786690","1,0059340",,76.076231,76231,Seine-Maritime,28.0,Normandie,50.0,3.0,2.0,2,1.0,28,Normandie,76,3,9,Elbeuf,15951,138,16089.0
202000005947,2.0,2,1,1,0.0,1.0,-1.0, -1,-1.0,1969.0,A01,19,7,2020,22:20,2,76.0,76231,2,1,1.0,4.0,RN 840 (ROUTE DU NEUBOURG),"49,2786690","1,0059340",,76.076231,76231,Seine-Maritime,28.0,Normandie,50.0,3.0,2.0,2,1.0,28,Normandie,76,3,9,Elbeuf,15951,138,16089.0
202000005947,1.0,1,4,2,0.0,1.0,-1.0, -1,-1.0,1973.0,A01,19,7,2020,22:20,2,76.0,76231,2,1,1.0,4.0,RN 840 (ROUTE DU NEUBOURG),"49,2786690","1,0059340",,76.076231,76231,Seine-Maritime,28.0,Normandie,50.0,3.0,2.0,2,1.0,28,Normandie,76,3,9,Elbeuf,15951,138,16089.0
202000005948,1.0,1,4,1,0.0,2.0,-1.0, -1,-1.0,1978.0,A01,17,7,2020,16:30,1,76.0,76705,1,6,1.0,7.0,PICARD. AVENUE GUSTAVE,"49,3289200","1,1020700",,76.076705,76705,Seine-Maritime,28.0,Normandie,80.0,3.0,1.0,2,1.0,28,Normandie,76,3,5,Tourville-la-Rivière,2568,19,2587.0
202000005992,1.0,1,1,1,1.0,1.0,-1.0, -1,-1.0,1976.0,A01,14,10,2020,08:00,1,76.0,76540,2,1,1.0,2.0,MARNE. BOULEVARD DE LA,"49,4462000","1,0883900",,76.076540,76540,Seine-Maritime,28.0,Normandie,50.0,3.0,2.0,2,1.0,28,Normandie,76,3,97,Rouen,114083,1556,115639.0
202000005992,1.0,1,4,1,1.0,1.0,-1.0, -1,-1.0,1988.0,B01,14,10,2020,08:00,1,76.0,76540,2,1,1.0,2.0,MARNE. BOULEVARD DE LA,"49,4462000","1,0883900",,76.076540,76540,Seine-Maritime,28.0,Normandie,50.0,3.0,2.0,2,1.0,28,Normandie,76,3,97,Rouen,114083,1556,115639.0
202000005993,10.0,3,4,2,5.0,8.0,9.0,1,1.0,1963.0,A01,14,10,2020,18:30,1,76.0,76575,2,1,1.0,6.0,UNIVERSITE. AVENUE DE L',"49,3868400","1,0660300",,76.076575,76575,Seine-Maritime,28.0,Normandie,30.0,4.0,2.0,1,1.0,28,Normandie,76,3,98,Saint-Étienne-du-Rouvray,28508,225,28733.0
202000005994,1.0,1,4,1,5.0,2.0,-1.0, -1,-1.0,1981.0,A01,14,10,2020,15:15,1,76.0,76165,2,3,1.0,3.0,FAURE. RUE FELIX,"49,2871400","1,0229400",,76.076165,76165,Seine-Maritime,28.0,Normandie,30.0,4.0,2.0,2,1.0,28,Normandie,76,3,5,Caudebec-lès-Elbeuf,10135,69,10204.0
202000005995,1.0,1,4,1,0.0,2.0,-1.0, -1,-1.0,1997.0,A01,15,10,2020,18:30,1,76.0,76349,2,3,1.0,3.0,CABARET (RUE DU),"49,8930900","1,0313800",,76.076349,76349,Seine-Maritime,28.0,Normandie,50.0,3.0,2.0,2,1.0,28,Normandie,76,1,7,Hautot-sur-Mer,1887,46,1933.0
202000005995,1.0,1,1,2,0.0,1.0,-1.0, -1,-1.0,1975.0,B01,15,10,2020,18:30,1,76.0,76349,2,3,1.0,3.0,CABARET (RUE DU),"49,8930900","1,0313800",,76.076349,76349,Seine-Maritime,28.0,Normandie,50.0,3.0,2.0,2,1.0,28,Normandie,76,1,7,Hautot-sur-Mer,1887,46,1933.0
202000006190,1.0,1,4,1,9.0,1.0,0.0,0,-1.0,1983.0,A01,22,8,2020,04:30,3,76.0,76593,1,1,1.0,7.0,autoroute A29. ,"49,5850000","0,4446000",,76.076593,76593,Seine-Maritime,28.0,Normandie,130.0,1.0,1.0,1,1.0,28,Normandie,76,2,3,Saint-Jean-de-la-NeuvilLe662,12,674,
202000006221,1.0,1,4,2,5.0,1.0,-1.0, -1,-1.0,1988.0,B01,19,8,2020,13:50,1,76.0,76575,2,1,1.0,3.0,MADRILLET. RUE DU,"49,3924700","1,0730100",,76.076575,76575,Seine-Maritime,28.0,Normandie,50.0,4.0,2.0,2,1.0,28,Normandie,76,3,98,Saint-Étienne-du-Rouvray,28508,225,28733.0
202000006221,2.0,2,4,2,5.0,1.0,-1.0, -1,-1.0,1977.0,B01,19,8,2020,13:50,1,76.0,76575,2,1,1.0,3.0,MADRILLET. RUE DU,"49,3924700","1,0730100",,76.076575,76575,Seine-Maritime,28.0,Normandie,50.0,4.0,2.0,2,1.0,28,Normandie,76,3,98,Saint-Étienne-du-Rouvray,28508,225,28733.0
202000006221,3.0,2,4,1,0.0,1.0,-1.0, -1,-1.0,2013.0,B01,19,8,2020,13:50,1,76.0,76575,2,1,1.0,3.0,MADRILLET. RUE DU,"49,3924700","1,0730100",,76.076575,76575,Seine-Maritime,28.0,Normandie,50.0,4.0,2.0,2,1.0,28,Normandie,76,3,98,Saint-Étienne-du-Rouvray,28508,225,28733.0
202000006221,4.0,2,4,1,5.0,1.0,-1.0, -1,-1.0,2015.0,B01,19,8,2020,13:50,1,76.0,76575,2,1,1.0,3.0,MADRILLET. RUE DU,"49,3924700","1,0730100",,76.076575,76575,Seine-Maritime,28.0,Normandie,50.0,4.0,2.0,2,1.0,28,Normandie,76,3,98,Saint-Étienne-du-Rouvray,28508,225,28733.0
202000006222,10.0,3,4,2,1.0,8.0,3.0,3,1.0,1998.0,Z01,19,8,2020,15:30,1,76.0,76540,2,1,1.0,6.0,HAVRE. QUAI (HAUT) DU,"49,4395600","1,0860900",,76.076540,76540,Seine-Maritime,28.0,Normandie,50.0,3.0,3.0,4,1.0,28,Normandie,76,3,97,Rouen,114083,1556,115639.0
202000006223,1.0,1,3,1,5.0,2.0,-1.0, -1,-1.0,1998.0,A01,19,8,2020,17:20,1,76.0,76351,2,2,1.0,3.0,PAUL VERLAINE (AVENUE),"49,5093000","0,1631000",,76.076351,76351,Seine-Maritime,28.0,Normandie,50.0,4.0,2.0,2,1.0,28,Normandie,76,2,96,LeHavre,166058,1780,167838.0
202000006223,1.0,1,1,2,5.0,1.0,-1.0, -1,-1.0,1987.0,B01,19,8,2020,17:20,1,76.0,76351,2,2,1.0,3.0,PAUL VERLAINE (AVENUE),"49,5093000","0,1631000",,76.076351,76351,Seine-Maritime,28.0,Normandie,50.0,4.0,2.0,2,1.0,28,Normandie,76,2,96,LeHavre,166058,1780,167838.0
202000006407,1.0,1,4,1,5.0,1.0,-1.0, -1,-1.0,1966.0,B01,9,11,2020,15:50,1,76.0,76351,1,1,1.0,2.0,DAUBREE,"49,5129900","0,1128960",,76.076351,76351,Seine-Maritime,28.0,Normandie,30.0,4.0,1.0,1,1.0,28,Normandie,76,2,96,LeHavre,166058,1780,167838.0
202000006407,10.0,3,4,2,5.0,0.0,5.0,2,2.0,1966.0,B01,9,11,2020,15:50,1,76.0,76351,1,1,1.0,2.0,DAUBREE,"49,5129900","0,1128960",,76.076351,76351,Seine-Maritime,28.0,Normandie,30.0,4.0,1.0,1,1.0,28,Normandie,76,2,96,LeHavre,166058,1780,167838.0
202000006407,1.0,1,4,1,3.0,1.0,-1.0, -1,-1.0,1998.0,A01,9,11,2020,15:50,1,76.0,76351,1,1,1.0,2.0,DAUBREE,"49,5129900","0,1128960",,76.076351,76351,Seine-Maritime,28.0,Normandie,30.0,4.0,1.0,1,1.0,28,Normandie,76,2,96,LeHavre,166058,1780,167838.0
202000006407,2.0,2,4,2,3.0,1.0,-1.0, -1,-1.0,1996.0,A01,9,11,2020,15:50,1,76.0,76351,1,1,1.0,2.0,DAUBREE,"49,5129900","0,1128960",,76.076351,76351,Seine-Maritime,28.0,Normandie,30.0,4.0,1.0,1,1.0,28,Normandie,76,2,96,LeHavre,166058,1780,167838.0
202000006455,3.0,2,1,1,5.0,1.0,-1.0, -1,-1.0,1988.0,B01,29,5,2020,16:36,1,76.0,76681,2,2,1.0,1.0,RASPAIL. RUE FRANCOIS,"49,4162600","1,0962000",,76.076681,76681,Seine-Maritime,28.0,Normandie,50.0,4.0,2.0,2,1.0,28,Normandie,76,3,99,Sotteville-lès-Rouen,28965,475,29440.0
202000006455,2.0,2,3,2,5.0,1.0,-1.0, -1,-1.0,1992.0,B01,29,5,2020,16:36,1,76.0,76681,2,2,1.0,1.0,RASPAIL. RUE FRANCOIS,"49,4162600","1,0962000",,76.076681,76681,Seine-Maritime,28.0,Normandie,50.0,4.0,2.0,2,1.0,28,Normandie,76,3,99,Sotteville-lès-Rouen,28965,475,29440.0
202000006455,1.0,1,3,2,5.0,1.0,-1.0, -1,-1.0,1960.0,B01,29,5,2020,16:36,1,76.0,76681,2,2,1.0,1.0,RASPAIL. RUE FRANCOIS,"49,4162600","1,0962000",,76.076681,76681,Seine-Maritime,28.0,Normandie,50.0,4.0,2.0,2,1.0,28,Normandie,76,3,99,Sotteville-lès-Rouen,28965,475,29440.0
202000006491,1.0,1,4,1,0.0,1.0,-1.0, -1,-1.0,1992.0,B01,31,12,2020,18:05,5,76.0,76212,2,1,1.0,2.0,BELGES. RUE DES,"49,4422300","1,1498400",,76.076212,76212,Seine-Maritime,28.0,Normandie,50.0,4.0,2.0,2,1.0,28,Normandie,76,3,6,Darnétal,9738,74,9812.0
202000006491,1.0,1,4,1,5.0,1.0,-1.0, -1,-1.0,1987.0,A01,31,12,2020,18:05,5,76.0,76212,2,1,1.0,2.0,BELGES. RUE DES,"49,4422300","1,1498400",,76.076212,76212,Seine-Maritime,28.0,Normandie,50.0,4.0,2.0,2,1.0,28,Normandie,76,3,6,Darnétal,9738,74,9812.0
202000006492,1.0,1,4,1,4.0,2.0,-1.0, -1,-1.0,1985.0,B01,31,12,2020,09:50,1,76.0,76575,2,6,1.0,3.0,GUYNEMER. RUE GEORGES,"49,3974900","1,0807700",,76.076575,76575,Seine-Maritime,28.0,Normandie,50.0,4.0,2.0,2,1.0,28,Normandie,76,3,98,Saint-Étienne-du-Rouvray,28508,225,28733.0
202000006492,1.0,1,1,2,0.0,1.0,-1.0, -1,-1.0,1978.0,A01,31,12,2020,09:50,1,76.0,76575,2,6,1.0,3.0,GUYNEMER. RUE GEORGES,"49,3974900","1,0807700",,76.076575,76575,Seine-Maritime,28.0,Normandie,50.0,4.0,2.0,2,1.0,28,Normandie,76,3,98,Saint-Étienne-du-Rouvray,28508,225,28733.0
202000006580,2.0,2,3,1,5.0,0.0,0.0,0,-1.0,1962.0,A01,27,11,2020,00:15,3,76.0,76355,1,1,1.0,6.0,Rd 149,"49,7081910","0,7196040",,76.076355,76355,Seine-Maritime,28.0,Normandie,80.0,3.0,2.0,2,1.0,28,Normandie,76,3,35,Héricourt-en-Caux,959,13,972.0
202000006580,1.0,1,2,1,5.0,0.0,0.0,0,-1.0,1989.0,A01,27,11,2020,00:15,3,76.0,76355,1,1,1.0,6.0,Rd 149,"49,7081910","0,7196040",,76.076355,76355,Seine-Maritime,28.0,Normandie,80.0,3.0,2.0,2,1.0,28,Normandie,76,3,35,Héricourt-en-Caux,959,13,972.0
202000006696,1.0,1,3,1,1.0,1.0,0.0,0,-1.0,1966.0,A01,26,11,2020,15:45,1,76.0,76653,1,1,1.0,1.0,D50,"49,7734490","0,7184030",,76.076653,76653,Seine-Maritime,28.0,Normandie,80.0,3.0,2.0,2,1.0,28,Normandie,76,1,33,Saint-Vaast-DieppedalLe375,9,384,
202000006696,1.0,1,2,2,5.0,1.0,0.0,0,-1.0,1993.0,B01,26,11,2020,15:45,1,76.0,76653,1,1,1.0,1.0,D50,"49,7734490","0,7184030",,76.076653,76653,Seine-Maritime,28.0,Normandie,80.0,3.0,2.0,2,1.0,28,Normandie,76,1,33,Saint-Vaast-DieppedalLe375,9,384,
202000006780,1.0,1,3,1,5.0,8.0,0.0,0,-1.0,2004.0,A01,16,5,2020,19:30,1,76.0,76196,1,1,1.0,7.0,Rue du Canot,"49,6269440","0,2617680",,76.076196,76196,Seine-Maritime,28.0,Normandie,50.0,4.0,-1.0,2,1.0,28,Normandie,76,2,26,Criquetot-l'Esneval,2567,82,2649.0
202000006781,1.0,1,4,1,1.0,1.0,0.0,0,-1.0,2000.0,A01,17,5,2020,17:40,1,76.0,76123,1,1,1.0,1.0,Route de dieppe,"49,5439940","1,1513970",,76.076123,76123,Seine-Maritime,28.0,Normandie,80.0,3.0,2.0,2,1.0,28,Normandie,76,3,2,Bosc-Guérard-Saint-Adrien,1070,30,1100.0
202000006781,1.0,1,3,2,5.0,1.0,0.0,0,-1.0,1983.0,B01,17,5,2020,17:40,1,76.0,76123,1,1,1.0,1.0,Route de dieppe,"49,5439940","1,1513970",,76.076123,76123,Seine-Maritime,28.0,Normandie,80.0,3.0,2.0,2,1.0,28,Normandie,76,3,2,Bosc-Guérard-Saint-Adrien,1070,30,1100.0
202000006856,1.0,1,1,1,5.0,1.0,-1.0, -1,-1.0,2000.0,A01,16,5,2020,00:50,5,76.0,76540,2,2,1.0,3.0,MONT RIBOUDET. AVENUE DU,"49,4482100","1,0667500",,76.076540,76540,Seine-Maritime,28.0,Normandie,50.0,3.0,2.0,5,1.0,28,Normandie,76,3,97,Rouen,114083,1556,115639.0
202000006856,1.0,1,4,2,5.0,1.0,-1.0, -1,-1.0,1992.0,B01,16,5,2020,00:50,5,76.0,76540,2,2,1.0,3.0,MONT RIBOUDET. AVENUE DU,"49,4482100","1,0667500",,76.076540,76540,Seine-Maritime,28.0,Normandie,50.0,3.0,2.0,5,1.0,28,Normandie,76,3,97,Rouen,114083,1556,115639.0
202000007071,1.0,1,1,2,1.0,1.0,-1.0, -1,-1.0,1975.0,A01,24,2,2020,18:20,2,76.0,76540,2,1,1.0,3.0,REPUBLIQUE. RUE DE LA,"49,4380300","1,0964300",,76.076540,76540,Seine-Maritime,28.0,Normandie,30.0,4.0,1.0,2,1.0,28,Normandie,76,3,97,Rouen,114083,1556,115639.0
202000007071,1.0,1,4,1,2.0,8.0,-1.0, -1,-1.0,1997.0,B01,24,2,2020,18:20,2,76.0,76540,2,1,1.0,3.0,REPUBLIQUE. RUE DE LA,"49,4380300","1,0964300",,76.076540,76540,Seine-Maritime,28.0,Normandie,30.0,4.0,1.0,2,1.0,28,Normandie,76,3,97,Rouen,114083,1556,115639.0
202000007072,1.0,1,1,1,5.0,1.0,-1.0, -1,-1.0,2001.0,A01,25,2,2020,14:00,1,76.0,76351,2,9,1.0,1.0,RAOUL MAIL (AVENUE),"49,5157300","0,1470500",,76.076351,76351,Seine-Maritime,28.0,Normandie,30.0,4.0,2.0,2,1.0,28,Normandie,76,2,96,LeHavre,166058,1780,167838.0
202000007072,4.0,2,4,1,0.0,1.0,-1.0, -1,-1.0,2011.0,B01,25,2,2020,14:00,1,76.0,76351,2,9,1.0,1.0,RAOUL MAIL (AVENUE),"49,5157300","0,1470500",,76.076351,76351,Seine-Maritime,28.0,Normandie,30.0,4.0,2.0,2,1.0,28,Normandie,76,2,96,LeHavre,166058,1780,167838.0
202000007072,1.0,1,4,2,0.0,1.0,-1.0, -1,-1.0,1986.0,B01,25,2,2020,14:00,1,76.0,76351,2,9,1.0,1.0,RAOUL MAIL (AVENUE),"49,5157300","0,1470500",,76.076351,76351,Seine-Maritime,28.0,Normandie,30.0,4.0,2.0,2,1.0,28,Normandie,76,2,96,LeHavre,166058,1780,167838.0
202000007147,1.0,1,4,1,0.0,2.0,-1.0, -1,-1.0,1996.0,A01,15,9,2020,18:01,1,76.0,76498,1,1,1.0,3.0,SUD III (RN 338),"49,4308000","1,0577700",,76.076498,76498,Seine-Maritime,28.0,Normandie,90.0,2.0,3.0,4,1.0,28,Normandie,76,3,27,LePetit-Quevilly,21782,274,22056.0
202000007147,4.0,2,1,1,5.0,1.0,-1.0, -1,-1.0,1981.0,B01,15,9,2020,18:01,1,76.0,76498,1,1,1.0,3.0,SUD III (RN 338),"49,4308000","1,0577700",,76.076498,76498,Seine-Maritime,28.0,Normandie,90.0,2.0,3.0,4,1.0,28,Normandie,76,3,27,LePetit-Quevilly,21782,274,22056.0
202000007147,1.0,1,1,2,5.0,1.0,-1.0, -1,-1.0,1983.0,B01,15,9,2020,18:01,1,76.0,76498,1,1,1.0,3.0,SUD III (RN 338),"49,4308000","1,0577700",,76.076498,76498,Seine-Maritime,28.0,Normandie,90.0,2.0,3.0,4,1.0,28,Normandie,76,3,27,LePetit-Quevilly,21782,274,22056.0
202000007147,2.0,2,1,2,5.0,1.0,-1.0, -1,-1.0,1944.0,B01,15,9,2020,18:01,1,76.0,76498,1,1,1.0,3.0,SUD III (RN 338),"49,4308000","1,0577700",,76.076498,76498,Seine-Maritime,28.0,Normandie,90.0,2.0,3.0,4,1.0,28,Normandie,76,3,27,LePetit-Quevilly,21782,274,22056.0
202000007148,1.0,1,1,1,4.0,1.0,-1.0, -1,-1.0,1994.0,A01,15,9,2020,07:29,2,76.0,76366,2,1,1.0,3.0,RN 27 (RUE DU GENERAL DE GAULLE),"49,5002300","1,0459300",,76.076366,76366,Seine-Maritime,28.0,Normandie,50.0,3.0,2.0,2,1.0,28,Normandie,76,3,24,LeHoulme,4133,32,4165.0
202000007148,1.0,1,3,1,0.0,2.0,-1.0, -1,-1.0,2000.0,B01,15,9,2020,07:29,2,76.0,76366,2,1,1.0,3.0,RN 27 (RUE DU GENERAL DE GAULLE),"49,5002300","1,0459300",,76.076366,76366,Seine-Maritime,28.0,Normandie,50.0,3.0,2.0,2,1.0,28,Normandie,76,3,24,LeHoulme,4133,32,4165.0
202000007149,1.0,1,4,1,5.0,8.0,-1.0, -1,-1.0,1978.0,A01,15,9,2020,17:55,1,76.0,76351,2,2,1.0,3.0,DEMIDOFF (RUE),"49,4976000","0,1361000",,76.076351,76351,Seine-Maritime,28.0,Normandie,50.0,4.0,2.0,2,1.0,28,Normandie,76,2,96,LeHavre,166058,1780,167838.0
202000007149,1.0,1,1,1,5.0,1.0,-1.0, -1,-1.0,1990.0,B01,15,9,2020,17:55,1,76.0,76351,2,2,1.0,3.0,DEMIDOFF (RUE),"49,4976000","0,1361000",,76.076351,76351,Seine-Maritime,28.0,Normandie,50.0,4.0,2.0,2,1.0,28,Normandie,76,2,96,LeHavre,166058,1780,167838.0
202000007150,1.0,1,4,1,5.0,1.0,0.0,0,-1.0,1992.0,A01,15,9,2020,23:00,5,76.0,76447,1,1,1.0,6.0,JEAN JAURES,"49,5472900","0,2075000",,76.076447,76447,Seine-Maritime,28.0,Normandie,50.0,3.0,2.0,2,1.0,28,Normandie,76,2,15,Montivilliers,15457,203,15660.0
202000007320,1.0,1,4,1,0.0,1.0,-1.0, -1,-1.0,1972.0,A01,28,1,2020,12:05,1,76.0,76447,2,6,1.0,3.0,BELLE ETOILE,"49,5304400","0,1898600",,76.076447,76447,Seine-Maritime,28.0,Normandie,50.0,3.0,2.0,2,1.0,28,Normandie,76,2,15,Montivilliers,15457,203,15660.0
202000007320,1.0,1,1,1,0.0,1.0,0.0,0,-1.0,1985.0,B01,28,1,2020,12:05,1,76.0,76447,2,6,1.0,3.0,BELLE ETOILE,"49,5304400","0,1898600",,76.076447,76447,Seine-Maritime,28.0,Normandie,50.0,3.0,2.0,2,1.0,28,Normandie,76,2,15,Montivilliers,15457,203,15660.0
202000007658,3.0,2,3,1,5.0,8.0,0.0,0,-1.0,1983.0,A01,20,6,2020,04:50,2,76.0,76258,2,1,1.0,7.0,Le Vogosse (Sainte-Marguerite-sur-Fauville),"49,6733600","0,6131860",,76.076258,76258,Seine-Maritime,28.0,Normandie,-1.0,9.0,-1.0,5,9.0,28,Normandie,76,2,33,Terres-de-Caux,4208,112,4320.0
202000007658,2.0,2,1,1,5.0,8.0,0.0,0,-1.0,1997.0,A01,20,6,2020,04:50,2,76.0,76258,2,1,1.0,7.0,Le Vogosse (Sainte-Marguerite-sur-Fauville),"49,6733600","0,6131860",,76.076258,76258,Seine-Maritime,28.0,Normandie,-1.0,9.0,-1.0,5,9.0,28,Normandie,76,2,33,Terres-de-Caux,4208,112,4320.0
202000007658,2.0,2,1,1,5.0,8.0,0.0,0,-1.0,1997.0,A01,20,6,2020,04:50,2,76.0,76258,2,1,1.0,7.0,Le Vogosse (Sainte-Marguerite-sur-Fauville),"49,6733600","0,6131860",,76.076258,76258,Seine-Maritime,28.0,Normandie,-1.0,9.0,-1.0,5,9.0,28,Normandie,76,2,33,Terres-de-Caux,4208,112,4320.0
202000007658,1.0,1,1,2,5.0,8.0,0.0,0,-1.0,1997.0,A01,20,6,2020,04:50,2,76.0,76258,2,1,1.0,7.0,Le Vogosse (Sainte-Marguerite-sur-Fauville),"49,6733600","0,6131860",,76.076258,76258,Seine-Maritime,28.0,Normandie,-1.0,9.0,-1.0,5,9.0,28,Normandie,76,2,33,Terres-de-Caux,4208,112,4320.0
202000007685,1.0,1,4,1,0.0,2.0,0.0,0,-1.0,1970.0,B01,10,7,2020,14:30,1,76.0,76395,1,3,1.0,3.0,Route de Dieppe,"49,8798970","0,9670760",,76.076395,76395,Seine-Maritime,28.0,Normandie,80.0,3.0,2.0,2,1.0,28,Normandie,76,1,7,Longueil,526,9,535.0
202000007685,1.0,1,1,1,4.0,1.0,0.0,0,-1.0,1959.0,A01,10,7,2020,14:30,1,76.0,76395,1,3,1.0,3.0,Route de Dieppe,"49,8798970","0,9670760",,76.076395,76395,Seine-Maritime,28.0,Normandie,80.0,3.0,2.0,2,1.0,28,Normandie,76,1,7,Longueil,526,9,535.0
202000007719,1.0,1,1,1,0.0,1.0,0.0,0,-1.0,1990.0,C01,20,7,2020,19:10,1,76.0,76391,1,1,1.0,4.0,A13,"49,3387700","0,9544160",,76.076391,76391,Seine-Maritime,28.0,Normandie,130.0,1.0,3.0,3,1.0,28,Normandie,76,3,9,La Londe,2362,71,2433.0
202000007719,2.0,2,1,2,0.0,1.0,0.0,0,-1.0,1995.0,B01,20,7,2020,19:10,1,76.0,76391,1,1,1.0,4.0,A13,"49,3387700","0,9544160",,76.076391,76391,Seine-Maritime,28.0,Normandie,130.0,1.0,3.0,3,1.0,28,Normandie,76,3,9,La Londe,2362,71,2433.0
202000007719,1.0,1,1,1,0.0,1.0,0.0,0,-1.0,1999.0,B01,20,7,2020,19:10,1,76.0,76391,1,1,1.0,4.0,A13,"49,3387700","0,9544160",,76.076391,76391,Seine-Maritime,28.0,Normandie,130.0,1.0,3.0,3,1.0,28,Normandie,76,3,9,La Londe,2362,71,2433.0
202000007719,1.0,1,1,1,0.0,1.0,0.0,0,-1.0,1988.0,A01,20,7,2020,19:10,1,76.0,76391,1,1,1.0,4.0,A13,"49,3387700","0,9544160",,76.076391,76391,Seine-Maritime,28.0,Normandie,130.0,1.0,3.0,3,1.0,28,Normandie,76,3,9,La Londe,2362,71,2433.0
202000007719,1.0,1,1,1,0.0,1.0,0.0,0,-1.0,1994.0,F01,20,7,2020,19:10,1,76.0,76391,1,1,1.0,4.0,A13,"49,3387700","0,9544160",,76.076391,76391,Seine-Maritime,28.0,Normandie,130.0,1.0,3.0,3,1.0,28,Normandie,76,3,9,La Londe,2362,71,2433.0
202000007719,1.0,1,4,1,0.0,2.0,0.0,0,-1.0,1954.0,E01,20,7,2020,19:10,1,76.0,76391,1,1,1.0,4.0,A13,"49,3387700","0,9544160",,76.076391,76391,Seine-Maritime,28.0,Normandie,130.0,1.0,3.0,3,1.0,28,Normandie,76,3,9,La Londe,2362,71,2433.0
202000007719,2.0,2,4,2,0.0,2.0,0.0,0,-1.0,1953.0,E01,20,7,2020,19:10,1,76.0,76391,1,1,1.0,4.0,A13,"49,3387700","0,9544160",,76.076391,76391,Seine-Maritime,28.0,Normandie,130.0,1.0,3.0,3,1.0,28,Normandie,76,3,9,La Londe,2362,71,2433.0
202000007758,1.0,1,1,1,0.0,1.0,0.0,0,-1.0,1968.0,B01,20,7,2020,18:15,1,76.0,76321,2,3,1.0,1.0,240 Rue d'Orival,"49,7898840","1,2223440",,76.076321,76321,Seine-Maritime,28.0,Normandie,50.0,4.0,2.0,2,1.0,28,Normandie,76,1,23,LesGrandes-Ventes,1746,27,1773.0
202000007758,1.0,1,3,1,4.0,1.0,0.0,0,-1.0,1999.0,A01,20,7,2020,18:15,1,76.0,76321,2,3,1.0,1.0,240 Rue d'Orival,"49,7898840","1,2223440",,76.076321,76321,Seine-Maritime,28.0,Normandie,50.0,4.0,2.0,2,1.0,28,Normandie,76,1,23,LesGrandes-Ventes,1746,27,1773.0
202000007891,2.0,2,4,2,9.0,1.0,0.0,0,-1.0,1994.0,A01,20,7,2020,13:15,1,76.0,76146,2,1,1.0,6.0,Route de Rouen (Buchy),"49,5842640","1,3511570",,76.076146,76146,Seine-Maritime,28.0,Normandie,50.0,3.0,2.0,2,1.0,28,Normandie,76,3,21,Buchy,2805,108,2913.0
202000007891,1.0,1,3,1,9.0,1.0,0.0,0,-1.0,1993.0,A01,20,7,2020,13:15,1,76.0,76146,2,1,1.0,6.0,Route de Rouen (Buchy),"49,5842640","1,3511570",,76.076146,76146,Seine-Maritime,28.0,Normandie,50.0,3.0,2.0,2,1.0,28,Normandie,76,3,21,Buchy,2805,108,2913.0