Num_Acc,place,catu,grav,sexe,trajet,secu,locp,actp,etatp,an_nais,num_veh,jour,mois,an,hrmn,lum,dep,com,agg,int,atm,col,adr,lat,long,gps,com_insee_temp,com_insee,departmentName,regionCode,regionName,vma,catr,circ,nbv,surf,Code,Region,Departement,Arrondissement,Code_Canton,Nom_Commune,Population_municipaLe,Population_comptee_a_part,Population_Totale
202000012108,4.0,2,1,1,5.0,1.0,0.0,0,-1.0,2005.0,A01,16,8,2020,22:20,3,76.0,76484,1,1,1.0,2.0,A13,"49,3428520","1,0618760",,76.076484,76484,Seine-Maritime,28.0,Normandie,110.0,1.0,3.0,5,1.0,28,Normandie,76,3,31,Oissel,12367,83,12450.0
202000012108,2.0,2,4,1,5.0,1.0,0.0,0,-1.0,2001.0,A01,16,8,2020,22:20,3,76.0,76484,1,1,1.0,2.0,A13,"49,3428520","1,0618760",,76.076484,76484,Seine-Maritime,28.0,Normandie,110.0,1.0,3.0,5,1.0,28,Normandie,76,3,31,Oissel,12367,83,12450.0
202000012108,7.0,2,1,2,5.0,1.0,0.0,0,-1.0,1974.0,A01,16,8,2020,22:20,3,76.0,76484,1,1,1.0,2.0,A13,"49,3428520","1,0618760",,76.076484,76484,Seine-Maritime,28.0,Normandie,110.0,1.0,3.0,5,1.0,28,Normandie,76,3,31,Oissel,12367,83,12450.0
202000012108,2.0,2,4,1,5.0,1.0,0.0,0,-1.0,2002.0,A01,16,8,2020,22:20,3,76.0,76484,1,1,1.0,2.0,A13,"49,3428520","1,0618760",,76.076484,76484,Seine-Maritime,28.0,Normandie,110.0,1.0,3.0,5,1.0,28,Normandie,76,3,31,Oissel,12367,83,12450.0
202000012108,1.0,1,1,1,5.0,1.0,0.0,0,-1.0,1985.0,B01,16,8,2020,22:20,3,76.0,76484,1,1,1.0,2.0,A13,"49,3428520","1,0618760",,76.076484,76484,Seine-Maritime,28.0,Normandie,110.0,1.0,3.0,5,1.0,28,Normandie,76,3,31,Oissel,12367,83,12450.0
202000012530,4.0,2,4,1,5.0,1.0,-1.0, -1,-1.0,1996.0,A01,10,5,2020,03:00,5,76.0,76351,2,1,1.0,6.0,DEMIDOFF (RUE),"49,4976896","0,1369429",,76.076351,76351,Seine-Maritime,28.0,Normandie,30.0,4.0,2.0,2,3.0,28,Normandie,76,2,96,LeHavre,166058,1780,167838.0
202000012530,2.0,2,4,1,5.0,1.0,-1.0, -1,-1.0,1996.0,A01,10,5,2020,03:00,5,76.0,76351,2,1,1.0,6.0,DEMIDOFF (RUE),"49,4976896","0,1369429",,76.076351,76351,Seine-Maritime,28.0,Normandie,30.0,4.0,2.0,2,3.0,28,Normandie,76,2,96,LeHavre,166058,1780,167838.0
202000012531,1.0,1,3,1,5.0,8.0,-1.0, -1,-1.0,2002.0,A01,11,5,2020,19:15,2,76.0,76351,2,1,1.0,6.0,BIGNE A FOSSE,"49,5301585","0,1155770",,76.076351,76351,Seine-Maritime,28.0,Normandie,10.0,5.0,2.0,1,1.0,28,Normandie,76,2,96,LeHavre,166058,1780,167838.0
202000012572,1.0,1,3,1,5.0,2.0,0.0,0,-1.0,1983.0,A01,12,5,2020,18:55,1,76.0,76378,1,1,1.0,6.0,Route du Mesnil,"49,4135350","0,8418490",,76.076378,76378,Seine-Maritime,28.0,Normandie,80.0,3.0,2.0,2,1.0,28,Normandie,76,3,1,Jumièges,1726,27,1753.0
202000012617,10.0,3,4,1,3.0,0.0,1.0,3,2.0,1980.0,A01,11,5,2020,10:30,1,76.0,76217,2,1,6.0,6.0,CANADIENS (AVENUE DES)  RN27,"49,9097000","1,0761000",,76.076217,76217,Seine-Maritime,28.0,Normandie,50.0,2.0,1.0,2,1.0,28,Normandie,76,1,95,Dieppe,28358,455,28813.0
202000012617,1.0,1,1,1,3.0,1.0,-1.0, -1,-1.0,1991.0,A01,11,5,2020,10:30,1,76.0,76217,2,1,6.0,6.0,CANADIENS (AVENUE DES)  RN27,"49,9097000","1,0761000",,76.076217,76217,Seine-Maritime,28.0,Normandie,50.0,2.0,1.0,2,1.0,28,Normandie,76,1,95,Dieppe,28358,455,28813.0
202000012752,1.0,1,3,1,5.0,2.0,0.0,0,-1.0,1985.0,B01,1,3,2020,12:05,1,76.0,76340,1,3,1.0,3.0,Route de Pichemont,"49,7171410","0,7516090",,76.076340,76340,Seine-Maritime,28.0,Normandie,80.0,3.0,-1.0,2,1.0,28,Normandie,76,3,35,HarcanvilLe527,9,536,
202000012752,2.0,2,1,1,3.0,1.0,0.0,0,-1.0,1999.0,A01,1,3,2020,12:05,1,76.0,76340,1,3,1.0,3.0,Route de Pichemont,"49,7171410","0,7516090",,76.076340,76340,Seine-Maritime,28.0,Normandie,80.0,3.0,-1.0,2,1.0,28,Normandie,76,3,35,HarcanvilLe527,9,536,
202000012752,1.0,1,1,2,3.0,1.0,0.0,0,-1.0,2000.0,A01,1,3,2020,12:05,1,76.0,76340,1,3,1.0,3.0,Route de Pichemont,"49,7171410","0,7516090",,76.076340,76340,Seine-Maritime,28.0,Normandie,80.0,3.0,-1.0,2,1.0,28,Normandie,76,3,35,HarcanvilLe527,9,536,
202000012755,1.0,1,2,1,4.0,1.0,0.0,0,-1.0,1979.0,B01,27,1,2020,10:15,1,76.0,76462,1,1,1.0,2.0,A28,"49,7296530","1,4592290",,76.076462,76462,Seine-Maritime,28.0,Normandie,130.0,1.0,3.0,4,1.0,28,Normandie,76,1,23,Neufchâtel-en-Bray,4680,213,4893.0
202000012755,1.0,1,1,1,4.0,1.0,0.0,0,-1.0,1961.0,A01,27,1,2020,10:15,1,76.0,76462,1,1,1.0,2.0,A28,"49,7296530","1,4592290",,76.076462,76462,Seine-Maritime,28.0,Normandie,130.0,1.0,3.0,4,1.0,28,Normandie,76,1,23,Neufchâtel-en-Bray,4680,213,4893.0
202000012789,1.0,1,1,1,9.0,1.0,0.0,0,-1.0,1977.0,B01,28,1,2020,10:15,1,76.0,76700,1,1,4.0,4.0,N27,"49,6701550","1,0403110",,76.076700,76700,Seine-Maritime,28.0,Normandie,110.0,2.0,3.0,4,9.0,28,Normandie,76,1,20,Tôtes,1575,30,1605.0
202000012789,1.0,1,1,2,5.0,1.0,0.0,0,-1.0,1986.0,D01,28,1,2020,10:15,1,76.0,76700,1,1,4.0,4.0,N27,"49,6701550","1,0403110",,76.076700,76700,Seine-Maritime,28.0,Normandie,110.0,2.0,3.0,4,9.0,28,Normandie,76,1,20,Tôtes,1575,30,1605.0
202000012789,9.0,2,1,2,5.0,1.0,0.0,0,-1.0,2013.0,D01,28,1,2020,10:15,1,76.0,76700,1,1,4.0,4.0,N27,"49,6701550","1,0403110",,76.076700,76700,Seine-Maritime,28.0,Normandie,110.0,2.0,3.0,4,9.0,28,Normandie,76,1,20,Tôtes,1575,30,1605.0
202000012789,2.0,2,1,2,5.0,1.0,0.0,0,-1.0,1992.0,D01,28,1,2020,10:15,1,76.0,76700,1,1,4.0,4.0,N27,"49,6701550","1,0403110",,76.076700,76700,Seine-Maritime,28.0,Normandie,110.0,2.0,3.0,4,9.0,28,Normandie,76,1,20,Tôtes,1575,30,1605.0
202000012789,1.0,1,4,1,0.0,1.0,0.0,0,-1.0,1980.0,C01,28,1,2020,10:15,1,76.0,76700,1,1,4.0,4.0,N27,"49,6701550","1,0403110",,76.076700,76700,Seine-Maritime,28.0,Normandie,110.0,2.0,3.0,4,9.0,28,Normandie,76,1,20,Tôtes,1575,30,1605.0
202000012789,1.0,1,1,1,0.0,1.0,0.0,0,-1.0,1988.0,A01,28,1,2020,10:15,1,76.0,76700,1,1,4.0,4.0,N27,"49,6701550","1,0403110",,76.076700,76700,Seine-Maritime,28.0,Normandie,110.0,2.0,3.0,4,9.0,28,Normandie,76,1,20,Tôtes,1575,30,1605.0
202000012789,1.0,1,1,1,1.0,1.0,0.0,0,-1.0,1998.0,E01,28,1,2020,10:15,1,76.0,76700,1,1,4.0,4.0,N27,"49,6701550","1,0403110",,76.076700,76700,Seine-Maritime,28.0,Normandie,110.0,2.0,3.0,4,9.0,28,Normandie,76,1,20,Tôtes,1575,30,1605.0
202000012789,2.0,2,1,1,1.0,1.0,0.0,0,-1.0,1992.0,E01,28,1,2020,10:15,1,76.0,76700,1,1,4.0,4.0,N27,"49,6701550","1,0403110",,76.076700,76700,Seine-Maritime,28.0,Normandie,110.0,2.0,3.0,4,9.0,28,Normandie,76,1,20,Tôtes,1575,30,1605.0
202000012789,10.0,3,3,1,9.0,8.0,1.0,9,1.0,1965.0,F01,28,1,2020,10:15,1,76.0,76700,1,1,4.0,4.0,N27,"49,6701550","1,0403110",,76.076700,76700,Seine-Maritime,28.0,Normandie,110.0,2.0,3.0,4,9.0,28,Normandie,76,1,20,Tôtes,1575,30,1605.0
202000012966,1.0,1,3,1,5.0,0.0,0.0,0,-1.0,2006.0,A01,26,1,2020,18:40,5,76.0,76255,2,1,2.0,1.0,Route d'Eu,"50,0538670","1,3950170",,76.076255,76255,Seine-Maritime,28.0,Normandie,50.0,3.0,2.0,2,2.0,28,Normandie,76,1,10,Eu,6591,197,6788.0
202000012966,1.0,1,1,1,5.0,1.0,0.0,0,-1.0,1951.0,B01,26,1,2020,18:40,5,76.0,76255,2,1,2.0,1.0,Route d'Eu,"50,0538670","1,3950170",,76.076255,76255,Seine-Maritime,28.0,Normandie,50.0,3.0,2.0,2,2.0,28,Normandie,76,1,10,Eu,6591,197,6788.0
202000013087,1.0,1,1,2,5.0,1.0,-1.0, -1,-1.0,1934.0,A01,24,1,2020,15:00,1,76.0,76212,2,1,1.0,6.0,CARNOT. RUE SADI,"49,4407800","1,1466200",,76.076212,76212,Seine-Maritime,28.0,Normandie,30.0,3.0,2.0,2,1.0,28,Normandie,76,3,6,Darnétal,9738,74,9812.0
202000013087,10.0,3,3,1,5.0,0.0,2.0,3,1.0,1937.0,A01,24,1,2020,15:00,1,76.0,76212,2,1,1.0,6.0,CARNOT. RUE SADI,"49,4407800","1,1466200",,76.076212,76212,Seine-Maritime,28.0,Normandie,30.0,3.0,2.0,2,1.0,28,Normandie,76,3,6,Darnétal,9738,74,9812.0
202000013088,1.0,1,1,2,1.0,1.0,-1.0, -1,-1.0,1992.0,A01,22,1,2020,08:30,1,76.0,76114,2,1,1.0,6.0,DAMBOISE ALCIDE (RUE),"49,5610000","0,4739000",,76.076114,76114,Seine-Maritime,28.0,Normandie,30.0,4.0,2.0,2,1.0,28,Normandie,76,2,3,Bolbec,11635,147,11782.0
202000013088,10.0,3,3,2,1.0,0.0,3.0,3,1.0,2000.0,A01,22,1,2020,08:30,1,76.0,76114,2,1,1.0,6.0,DAMBOISE ALCIDE (RUE),"49,5610000","0,4739000",,76.076114,76114,Seine-Maritime,28.0,Normandie,30.0,4.0,2.0,2,1.0,28,Normandie,76,2,3,Bolbec,11635,147,11782.0
202000013110,10.0,3,2,1,0.0,0.0,8.0,3,1.0,1949.0,A01,16,7,2020,09:30,1,76.0,76217,2,7,1.0,6.0,NATIONALE (PLACE),"49,9200000","1,0796300",,76.076217,76217,Seine-Maritime,28.0,Normandie,10.0,9.0,-1.0,0,1.0,28,Normandie,76,1,95,Dieppe,28358,455,28813.0
202000013110,1.0,1,1,1,4.0,8.0,-1.0, -1,-1.0,1959.0,A01,16,7,2020,09:30,1,76.0,76217,2,7,1.0,6.0,NATIONALE (PLACE),"49,9200000","1,0796300",,76.076217,76217,Seine-Maritime,28.0,Normandie,10.0,9.0,-1.0,0,1.0,28,Normandie,76,1,95,Dieppe,28358,455,28813.0
202000013240,10.0,3,3,2,5.0,0.0,3.0,3,1.0,1937.0,A01,15,9,2020,17:55,1,76.0,76647,2,1,1.0,6.0,15 Rue Saint Michel,"49,5279050","0,3595160",,76.076647,76647,Seine-Maritime,28.0,Normandie,50.0,4.0,2.0,2,1.0,28,Normandie,76,2,32,Saint-Romain-de-Colbosc,4436,43,4479.0
202000013240,1.0,1,1,1,5.0,1.0,0.0,0,-1.0,1943.0,A01,15,9,2020,17:55,1,76.0,76647,2,1,1.0,6.0,15 Rue Saint Michel,"49,5279050","0,3595160",,76.076647,76647,Seine-Maritime,28.0,Normandie,50.0,4.0,2.0,2,1.0,28,Normandie,76,2,32,Saint-Romain-de-Colbosc,4436,43,4479.0
202000013520,1.0,1,3,1,1.0,2.0,-1.0, -1,-1.0,1971.0,A01,12,6,2020,13:05,1,76.0,76540,2,2,1.0,3.0,RONDEAUX. AVENUE JEAN,"49,4344600","1,0763100",,76.076540,76540,Seine-Maritime,28.0,Normandie,50.0,2.0,2.0,4,1.0,28,Normandie,76,3,97,Rouen,114083,1556,115639.0
202000013520,1.0,1,4,2,1.0,1.0,-1.0, -1,-1.0,1971.0,B01,12,6,2020,13:05,1,76.0,76540,2,2,1.0,3.0,RONDEAUX. AVENUE JEAN,"49,4344600","1,0763100",,76.076540,76540,Seine-Maritime,28.0,Normandie,50.0,2.0,2.0,4,1.0,28,Normandie,76,3,97,Rouen,114083,1556,115639.0
202000013521,1.0,1,4,1,4.0,2.0,-1.0, -1,-1.0,2002.0,B01,13,6,2020,19:20,1,76.0,76451,2,3,1.0,3.0,PASTEUR. RUE LOUIS,"49,4573500","1,0811100",,76.076451,76451,Seine-Maritime,28.0,Normandie,50.0,4.0,2.0,2,1.0,28,Normandie,76,3,22,Mont-Saint-Aignan,20066,415,20481.0
202000013521,1.0,1,1,1,1.0,1.0,-1.0, -1,-1.0,1965.0,A01,13,6,2020,19:20,1,76.0,76451,2,3,1.0,3.0,PASTEUR. RUE LOUIS,"49,4573500","1,0811100",,76.076451,76451,Seine-Maritime,28.0,Normandie,50.0,4.0,2.0,2,1.0,28,Normandie,76,3,22,Mont-Saint-Aignan,20066,415,20481.0
202000013522,1.0,1,4,1,1.0,2.0,-1.0, -1,-1.0,1960.0,B01,15,6,2020,13:05,1,76.0,76351,2,1,1.0,-1.0,REPUBLIQUE (COURS DE LA),"49,4930400","0,1243300",,76.076351,76351,Seine-Maritime,28.0,Normandie,50.0,4.0,3.0,5,1.0,28,Normandie,76,2,96,LeHavre,166058,1780,167838.0
202000013522,1.0,1,1,1,3.0,1.0,0.0,0,-1.0,1985.0,A01,15,6,2020,13:05,1,76.0,76351,2,1,1.0,-1.0,REPUBLIQUE (COURS DE LA),"49,4930400","0,1243300",,76.076351,76351,Seine-Maritime,28.0,Normandie,50.0,4.0,3.0,5,1.0,28,Normandie,76,2,96,LeHavre,166058,1780,167838.0
202000013732,10.0,3,3,2,5.0,0.0,3.0,3,1.0,1953.0,A01,14,8,2020,10:38,1,76.0,76351,2,1,1.0,6.0,PIERRE GUILLAUME PETIT,"49,5184200","0,0968800",,76.076351,76351,Seine-Maritime,28.0,Normandie,50.0,4.0,2.0,2,1.0,28,Normandie,76,2,96,LeHavre,166058,1780,167838.0
202000013732,1.0,1,1,2,0.0,1.0,-1.0, -1,-1.0,1951.0,A01,14,8,2020,10:38,1,76.0,76351,2,1,1.0,6.0,PIERRE GUILLAUME PETIT,"49,5184200","0,0968800",,76.076351,76351,Seine-Maritime,28.0,Normandie,50.0,4.0,2.0,2,1.0,28,Normandie,76,2,96,LeHavre,166058,1780,167838.0
202000014139,10.0,3,4,2,5.0,0.0,4.0,3,2.0,2007.0,A01,23,12,2020,16:20,1,76.0,76351,2,1,1.0,6.0,HOTEL DE VILLE (PLACE DE),"49,4941800","0,1096000",,76.076351,76351,Seine-Maritime,28.0,Normandie,30.0,4.0,1.0,3,1.0,28,Normandie,76,2,96,LeHavre,166058,1780,167838.0
202000014139,1.0,1,1,1,0.0,1.0,-1.0, -1,-1.0,1999.0,A01,23,12,2020,16:20,1,76.0,76351,2,1,1.0,6.0,HOTEL DE VILLE (PLACE DE),"49,4941800","0,1096000",,76.076351,76351,Seine-Maritime,28.0,Normandie,30.0,4.0,1.0,3,1.0,28,Normandie,76,2,96,LeHavre,166058,1780,167838.0
202000014139,10.0,3,4,2,5.0,0.0,4.0,3,2.0,2007.0,A01,23,12,2020,16:20,1,76.0,76351,2,1,1.0,6.0,HOTEL DE VILLE (PLACE DE),"49,4941800","0,1096000",,76.076351,76351,Seine-Maritime,28.0,Normandie,30.0,4.0,1.0,3,1.0,28,Normandie,76,2,96,LeHavre,166058,1780,167838.0
202000014140,1.0,1,1,1,4.0,1.0,-1.0, -1,-1.0,1990.0,A01,22,12,2020,11:48,1,76.0,76351,2,1,1.0,5.0,JULES DURAND (BD),"49,4915175","0,1623700",,76.076351,76351,Seine-Maritime,28.0,Normandie,30.0,3.0,2.0,3,2.0,28,Normandie,76,2,96,LeHavre,166058,1780,167838.0
202000014140,1.0,1,4,1,1.0,1.0,-1.0, -1,-1.0,1963.0,B01,22,12,2020,11:48,1,76.0,76351,2,1,1.0,5.0,JULES DURAND (BD),"49,4915175","0,1623700",,76.076351,76351,Seine-Maritime,28.0,Normandie,30.0,3.0,2.0,3,2.0,28,Normandie,76,2,96,LeHavre,166058,1780,167838.0
202000014140,1.0,1,1,1,4.0,1.0,-1.0, -1,-1.0,1986.0,C01,22,12,2020,11:48,1,76.0,76351,2,1,1.0,5.0,JULES DURAND (BD),"49,4915175","0,1623700",,76.076351,76351,Seine-Maritime,28.0,Normandie,30.0,3.0,2.0,3,2.0,28,Normandie,76,2,96,LeHavre,166058,1780,167838.0
202000014140,1.0,1,1,1,4.0,1.0,-1.0, -1,-1.0,1967.0,D01,22,12,2020,11:48,1,76.0,76351,2,1,1.0,5.0,JULES DURAND (BD),"49,4915175","0,1623700",,76.076351,76351,Seine-Maritime,28.0,Normandie,30.0,3.0,2.0,3,2.0,28,Normandie,76,2,96,LeHavre,166058,1780,167838.0
202000014221,1.0,1,2,1,5.0,1.0,0.0,0,-1.0,1971.0,A01,25,12,2020,02:00,3,76.0,76187,1,1,2.0,1.0,CD 926,"49,7274060","0,4372000",,76.076187,76187,Seine-Maritime,28.0,Normandie,80.0,3.0,2.0,2,2.0,28,Normandie,76,2,11,Contremoulins,166,3,169.0
202000014221,1.0,1,3,2,5.0,1.0,0.0,0,-1.0,1967.0,B01,25,12,2020,02:00,3,76.0,76187,1,1,2.0,1.0,CD 926,"49,7274060","0,4372000",,76.076187,76187,Seine-Maritime,28.0,Normandie,80.0,3.0,2.0,2,2.0,28,Normandie,76,2,11,Contremoulins,166,3,169.0
202000014221,2.0,2,4,1,5.0,1.0,0.0,0,-1.0,1966.0,B01,25,12,2020,02:00,3,76.0,76187,1,1,2.0,1.0,CD 926,"49,7274060","0,4372000",,76.076187,76187,Seine-Maritime,28.0,Normandie,80.0,3.0,2.0,2,2.0,28,Normandie,76,2,11,Contremoulins,166,3,169.0
202000014369,1.0,1,4,2,0.0,1.0,-1.0, -1,-1.0,1991.0,B01,10,11,2020,14:25,1,76.0,76540,1,1,1.0,2.0,A150,"49,4508063","1,0574899",,76.076540,76540,Seine-Maritime,28.0,Normandie,70.0,1.0,2.0,2,1.0,28,Normandie,76,3,97,Rouen,114083,1556,115639.0
202000014369,1.0,1,1,1,4.0,1.0,-1.0, -1,-1.0,1978.0,A01,10,11,2020,14:25,1,76.0,76540,1,1,1.0,2.0,A150,"49,4508063","1,0574899",,76.076540,76540,Seine-Maritime,28.0,Normandie,70.0,1.0,2.0,2,1.0,28,Normandie,76,3,97,Rouen,114083,1556,115639.0
202000014370,1.0,1,1,1,0.0,1.0,-1.0, -1,-1.0,1965.0,A01,17,11,2020,16:50,2,76.0,76498,2,2,1.0,5.0,CANADIENS. AVENUE DES,"49,4139800","1,0739700",,76.076498,76498,Seine-Maritime,28.0,Normandie,50.0,4.0,2.0,2,1.0,28,Normandie,76,3,27,LePetit-Quevilly,21782,274,22056.0
202000014370,1.0,1,4,1,0.0,2.0,-1.0, -1,-1.0,1971.0,B01,17,11,2020,16:50,2,76.0,76498,2,2,1.0,5.0,CANADIENS. AVENUE DES,"49,4139800","1,0739700",,76.076498,76498,Seine-Maritime,28.0,Normandie,50.0,4.0,2.0,2,1.0,28,Normandie,76,3,27,LePetit-Quevilly,21782,274,22056.0
202000014370,1.0,1,1,2,0.0,1.0,-1.0, -1,-1.0,1961.0,C01,17,11,2020,16:50,2,76.0,76498,2,2,1.0,5.0,CANADIENS. AVENUE DES,"49,4139800","1,0739700",,76.076498,76498,Seine-Maritime,28.0,Normandie,50.0,4.0,2.0,2,1.0,28,Normandie,76,3,27,LePetit-Quevilly,21782,274,22056.0
202000014371,1.0,1,4,2,1.0,1.0,-1.0, -1,-1.0,1974.0,B01,10,10,2020,12:35,1,76.0,76565,1,3,1.0,3.0,RD 54,"49,8719250","1,0662336",,76.076565,76565,Seine-Maritime,28.0,Normandie,70.0,3.0,2.0,2,1.0,28,Normandie,76,1,7,Saint-Aubin-sur-Scie,1202,101,1303.0
202000014371,2.0,2,1,2,0.0,1.0,-1.0, -1,-1.0,1944.0,A01,10,10,2020,12:35,1,76.0,76565,1,3,1.0,3.0,RD 54,"49,8719250","1,0662336",,76.076565,76565,Seine-Maritime,28.0,Normandie,70.0,3.0,2.0,2,1.0,28,Normandie,76,1,7,Saint-Aubin-sur-Scie,1202,101,1303.0
202000014371,1.0,1,1,1,0.0,1.0,-1.0, -1,-1.0,1937.0,A01,10,10,2020,12:35,1,76.0,76565,1,3,1.0,3.0,RD 54,"49,8719250","1,0662336",,76.076565,76565,Seine-Maritime,28.0,Normandie,70.0,3.0,2.0,2,1.0,28,Normandie,76,1,7,Saint-Aubin-sur-Scie,1202,101,1303.0
202000014566,1.0,1,4,1,0.0,2.0,-1.0, -1,-1.0,1951.0,B01,7,5,2020,12:00,1,76.0,76351,2,2,1.0,1.0,IRENE JOLIOT CURIE (RUE),"49,5105000","0,1025000",,76.076351,76351,Seine-Maritime,28.0,Normandie,50.0,3.0,2.0,2,1.0,28,Normandie,76,2,96,LeHavre,166058,1780,167838.0
202000014566,1.0,1,1,1,0.0,1.0,-1.0, -1,-1.0,1947.0,A01,7,5,2020,12:00,1,76.0,76351,2,2,1.0,1.0,IRENE JOLIOT CURIE (RUE),"49,5105000","0,1025000",,76.076351,76351,Seine-Maritime,28.0,Normandie,50.0,3.0,2.0,2,1.0,28,Normandie,76,2,96,LeHavre,166058,1780,167838.0
202000014567,1.0,1,4,1,0.0,2.0,-1.0, -1,-1.0,1997.0,B01,7,5,2020,09:10,1,76.0,76351,2,2,1.0,3.0,ANDREI SAKHAROV (RUE),"49,5049000","0,1740000",,76.076351,76351,Seine-Maritime,28.0,Normandie,50.0,4.0,2.0,2,1.0,28,Normandie,76,2,96,LeHavre,166058,1780,167838.0
202000014567,1.0,1,1,1,4.0,1.0,-1.0, -1,-1.0,1994.0,A01,7,5,2020,09:10,1,76.0,76351,2,2,1.0,3.0,ANDREI SAKHAROV (RUE),"49,5049000","0,1740000",,76.076351,76351,Seine-Maritime,28.0,Normandie,50.0,4.0,2.0,2,1.0,28,Normandie,76,2,96,LeHavre,166058,1780,167838.0
202000014568,10.0,3,3,2,1.0,0.0,1.0,3,1.0,1986.0,A01,7,5,2020,07:40,1,76.0,76351,2,1,1.0,6.0,CHANTIERS (DES),"49,4867000","0,1630000",,76.076351,76351,Seine-Maritime,28.0,Normandie,50.0,4.0,2.0,3,1.0,28,Normandie,76,2,96,LeHavre,166058,1780,167838.0
202000014568,1.0,1,1,1,0.0,1.0,-1.0, -1,-1.0,1995.0,A01,7,5,2020,07:40,1,76.0,76351,2,1,1.0,6.0,CHANTIERS (DES),"49,4867000","0,1630000",,76.076351,76351,Seine-Maritime,28.0,Normandie,50.0,4.0,2.0,3,1.0,28,Normandie,76,2,96,LeHavre,166058,1780,167838.0
202000014631,2.0,2,1,1,9.0,1.0,-1.0, -1,-1.0,1941.0,B01,5,5,2020,14:15,1,76.0,76681,1,2,1.0,2.0,INDUSTRIEL. BOULEVARD (CD 18E),"49,4028547","1,1106211",,76.076681,76681,Seine-Maritime,28.0,Normandie,70.0,3.0,3.0,4,1.0,28,Normandie,76,3,99,Sotteville-lès-Rouen,28965,475,29440.0
202000014631,1.0,1,4,2,9.0,1.0,-1.0, -1,-1.0,1969.0,B01,5,5,2020,14:15,1,76.0,76681,1,2,1.0,2.0,INDUSTRIEL. BOULEVARD (CD 18E),"49,4028547","1,1106211",,76.076681,76681,Seine-Maritime,28.0,Normandie,70.0,3.0,3.0,4,1.0,28,Normandie,76,3,99,Sotteville-lès-Rouen,28965,475,29440.0
202000014631,1.0,1,1,1,4.0,1.0,-1.0, -1,-1.0,1979.0,A01,5,5,2020,14:15,1,76.0,76681,1,2,1.0,2.0,INDUSTRIEL. BOULEVARD (CD 18E),"49,4028547","1,1106211",,76.076681,76681,Seine-Maritime,28.0,Normandie,70.0,3.0,3.0,4,1.0,28,Normandie,76,3,99,Sotteville-lès-Rouen,28965,475,29440.0
202000014909,1.0,1,1,1,4.0,8.0,0.0,0,-1.0,1968.0,B01,2,3,2020,08:15,1,76.0,76464,1,1,3.0,1.0,D6014,"49,3852500","1,2521410",,76.076464,76464,Seine-Maritime,28.0,Normandie,80.0,3.0,2.0,2,2.0,28,Normandie,76,3,21,La Neuville-Chant-d'Oisel,2377,38,2415.0
202000014909,2.0,2,4,2,5.0,1.0,0.0,0,-1.0,1943.0,A01,2,3,2020,08:15,1,76.0,76464,1,1,3.0,1.0,D6014,"49,3852500","1,2521410",,76.076464,76464,Seine-Maritime,28.0,Normandie,80.0,3.0,2.0,2,2.0,28,Normandie,76,3,21,La Neuville-Chant-d'Oisel,2377,38,2415.0
202000014909,1.0,1,3,1,5.0,1.0,0.0,0,-1.0,1935.0,A01,2,3,2020,08:15,1,76.0,76464,1,1,3.0,1.0,D6014,"49,3852500","1,2521410",,76.076464,76464,Seine-Maritime,28.0,Normandie,80.0,3.0,2.0,2,2.0,28,Normandie,76,3,21,La Neuville-Chant-d'Oisel,2377,38,2415.0
202000015286,2.0,2,1,2,5.0,1.0,0.0,0,-1.0,1955.0,A01,13,9,2020,17:50,1,76.0,76677,2,9,1.0,6.0,46 Route de Dieppe,"49,8389150","1,4826600",,76.076677,76677,Seine-Maritime,28.0,Normandie,50.0,3.0,2.0,2,1.0,28,Normandie,76,1,23,Smermesnil,365,8,373.0
202000015286,1.0,1,2,1,5.0,1.0,0.0,0,-1.0,1949.0,A01,13,9,2020,17:50,1,76.0,76677,2,9,1.0,6.0,46 Route de Dieppe,"49,8389150","1,4826600",,76.076677,76677,Seine-Maritime,28.0,Normandie,50.0,3.0,2.0,2,1.0,28,Normandie,76,1,23,Smermesnil,365,8,373.0
202000015305,1.0,1,1,2,2.0,1.0,0.0,0,-1.0,1982.0,A01,11,9,2020,16:48,1,76.0,76224,2,9,1.0,3.0,Route de Fongueusemare,"49,6510810","0,3250520",,76.076224,76224,Seine-Maritime,28.0,Normandie,50.0,4.0,1.0,1,1.0,28,Normandie,76,2,32,ÉcrainvilLe969,19,988,
202000015305,10.0,3,1,2,2.0,0.0,2.0,4,1.0,1985.0,B01,11,9,2020,16:48,1,76.0,76224,2,9,1.0,3.0,Route de Fongueusemare,"49,6510810","0,3250520",,76.076224,76224,Seine-Maritime,28.0,Normandie,50.0,4.0,1.0,1,1.0,28,Normandie,76,2,32,ÉcrainvilLe969,19,988,
202000015305,4.0,2,4,2,2.0,0.0,0.0,0,-1.0,2013.0,B01,11,9,2020,16:48,1,76.0,76224,2,9,1.0,3.0,Route de Fongueusemare,"49,6510810","0,3250520",,76.076224,76224,Seine-Maritime,28.0,Normandie,50.0,4.0,1.0,1,1.0,28,Normandie,76,2,32,ÉcrainvilLe969,19,988,
202000015363,1.0,1,3,1,5.0,2.0,-1.0, -1,-1.0,1986.0,C01,13,9,2020,17:45,1,76.0,76522,2,3,1.0,3.0,20 Rue des Tilleuls,"49,5270230","0,3974780",,76.076522,76522,Seine-Maritime,28.0,Normandie,50.0,3.0,2.0,2,1.0,28,Normandie,76,2,32,La Remuée,1285,24,1309.0