Num_Acc,place,catu,grav,sexe,trajet,secu,locp,actp,etatp,an_nais,num_veh,jour,mois,an,hrmn,lum,dep,com,agg,int,atm,col,adr,lat,long,gps,com_insee_temp,com_insee,departmentName,regionCode,regionName,vma,catr,circ,nbv,surf,Code,Region,Departement,Arrondissement,Code_Canton,Nom_Commune,Population_municipaLe,Population_comptee_a_part,Population_Totale
202000015363,1.0,1,1,1,5.0,1.0,0.0,0,-1.0,1969.0,A01,13,9,2020,17:45,1,76.0,76522,2,3,1.0,3.0,20 Rue des Tilleuls,"49,5270230","0,3974780",,76.076522,76522,Seine-Maritime,28.0,Normandie,50.0,3.0,2.0,2,1.0,28,Normandie,76,2,32,La Remuée,1285,24,1309.0
202000015410,1.0,1,1,1,4.0,1.0,0.0,0,-1.0,1995.0,A01,13,6,2020,10:35,1,76.0,76217,2,1,1.0,6.0,MORINIERE (RUE DE LA),"49,9255500","1,0755600",,76.076217,76217,Seine-Maritime,28.0,Normandie,15.0,9.0,1.0,1,1.0,28,Normandie,76,1,95,Dieppe,28358,455,28813.0
202000015410,10.0,3,4,2,3.0,0.0,1.0,2,1.0,1950.0,A01,13,6,2020,10:35,1,76.0,76217,2,1,1.0,6.0,MORINIERE (RUE DE LA),"49,9255500","1,0755600",,76.076217,76217,Seine-Maritime,28.0,Normandie,15.0,9.0,1.0,1,1.0,28,Normandie,76,1,95,Dieppe,28358,455,28813.0
202000015493,8.0,2,3,2,5.0,0.0,0.0,0,-1.0,2000.0,A01,13,6,2020,23:00,3,76.0,76285,1,1,1.0,7.0,Route de Bourg Beaudouin,"49,3984869","1,2975830",,76.076285,76285,Seine-Maritime,28.0,Normandie,80.0,3.0,2.0,2,1.0,28,Normandie,76,3,21,Fresne-le-Plan,554,7,561.0
202000015493,9.0,2,1,1,5.0,1.0,0.0,0,-1.0,2001.0,A01,13,6,2020,23:00,3,76.0,76285,1,1,1.0,7.0,Route de Bourg Beaudouin,"49,3984869","1,2975830",,76.076285,76285,Seine-Maritime,28.0,Normandie,80.0,3.0,2.0,2,1.0,28,Normandie,76,3,21,Fresne-le-Plan,554,7,561.0
202000015493,1.0,1,1,1,5.0,1.0,0.0,0,-1.0,2001.0,A01,13,6,2020,23:00,3,76.0,76285,1,1,1.0,7.0,Route de Bourg Beaudouin,"49,3984869","1,2975830",,76.076285,76285,Seine-Maritime,28.0,Normandie,80.0,3.0,2.0,2,1.0,28,Normandie,76,3,21,Fresne-le-Plan,554,7,561.0
202000015493,2.0,2,1,1,5.0,1.0,0.0,0,-1.0,2001.0,A01,13,6,2020,23:00,3,76.0,76285,1,1,1.0,7.0,Route de Bourg Beaudouin,"49,3984869","1,2975830",,76.076285,76285,Seine-Maritime,28.0,Normandie,80.0,3.0,2.0,2,1.0,28,Normandie,76,3,21,Fresne-le-Plan,554,7,561.0
202000015493,7.0,2,1,2,5.0,1.0,0.0,0,-1.0,2000.0,A01,13,6,2020,23:00,3,76.0,76285,1,1,1.0,7.0,Route de Bourg Beaudouin,"49,3984869","1,2975830",,76.076285,76285,Seine-Maritime,28.0,Normandie,80.0,3.0,2.0,2,1.0,28,Normandie,76,3,21,Fresne-le-Plan,554,7,561.0
202000015576,1.0,1,3,2,1.0,1.0,0.0,0,-1.0,1993.0,A01,12,6,2020,13:15,1,76.0,76063,1,1,1.0,7.0,D50,"49,7398190","1,0404400",,76.076063,76063,Seine-Maritime,28.0,Normandie,80.0,3.0,2.0,2,1.0,28,Normandie,76,1,20,Beauval-en-Caux,463,10,473.0
202000015753,1.0,1,3,1,5.0,1.0,0.0,0,-1.0,1997.0,A01,13,8,2020,22:30,4,76.0,76626,2,4,1.0,6.0,Rue de l'Eglise,"49,5552220","0,6251640",,76.076626,76626,Seine-Maritime,28.0,Normandie,50.0,3.0,2.0,2,1.0,28,Normandie,76,3,25,Saint-Nicolas-de-la-Haie,411,14,425.0
202000015792,1.0,1,1,2,5.0,1.0,0.0,0,-1.0,1985.0,B01,10,10,2020,15:20,1,76.0,76069,2,1,1.0,3.0,8 Rue Pasteur,"49,3892440","1,1436020",,76.076069,76069,Seine-Maritime,28.0,Normandie,50.0,4.0,2.0,2,1.0,28,Normandie,76,3,6,Belbeuf,2249,48,2297.0
202000015792,1.0,1,3,1,5.0,2.0,0.0,0,-1.0,2000.0,A01,10,10,2020,15:20,1,76.0,76069,2,1,1.0,3.0,8 Rue Pasteur,"49,3892440","1,1436020",,76.076069,76069,Seine-Maritime,28.0,Normandie,50.0,4.0,2.0,2,1.0,28,Normandie,76,3,6,Belbeuf,2249,48,2297.0
202000015947,1.0,1,1,2,0.0,1.0,0.0,0,-1.0,1951.0,A01,9,10,2020,14:30,1,76.0,76482,2,6,1.0,3.0,rond point du collège offranville,"49,8692450","1,0384820",,76.076482,76482,Seine-Maritime,28.0,Normandie,50.0,3.0,-1.0,1,1.0,28,Normandie,76,1,7,OffranvilLe3191,211,3402,
202000015947,1.0,1,3,2,5.0,0.0,0.0,0,-1.0,1965.0,B01,9,10,2020,14:30,1,76.0,76482,2,6,1.0,3.0,rond point du collège offranville,"49,8692450","1,0384820",,76.076482,76482,Seine-Maritime,28.0,Normandie,50.0,3.0,-1.0,1,1.0,28,Normandie,76,1,7,OffranvilLe3191,211,3402,
202000016012,1.0,1,1,1,0.0,1.0,-1.0, -1,-1.0,2000.0,B01,20,12,2020,00:30,5,76.0,76231,2,2,1.0,3.0,HENRI. RUE,"49,2907500","1,0081400",,76.076231,76231,Seine-Maritime,28.0,Normandie,50.0,4.0,2.0,2,1.0,28,Normandie,76,3,9,Elbeuf,15951,138,16089.0
202000016012,1.0,1,3,1,0.0,2.0,-1.0, -1,-1.0,2001.0,A01,20,12,2020,00:30,5,76.0,76231,2,2,1.0,3.0,HENRI. RUE,"49,2907500","1,0081400",,76.076231,76231,Seine-Maritime,28.0,Normandie,50.0,4.0,2.0,2,1.0,28,Normandie,76,3,9,Elbeuf,15951,138,16089.0
202000016012,2.0,2,4,1,0.0,2.0,-1.0, -1,-1.0,1999.0,A01,20,12,2020,00:30,5,76.0,76231,2,2,1.0,3.0,HENRI. RUE,"49,2907500","1,0081400",,76.076231,76231,Seine-Maritime,28.0,Normandie,50.0,4.0,2.0,2,1.0,28,Normandie,76,3,9,Elbeuf,15951,138,16089.0
202000016013,3.0,2,1,1,0.0,1.0,-1.0, -1,-1.0,2020.0,C01,22,12,2020,15:45,1,76.0,76540,2,2,3.0,5.0,NANSEN. RUE FRIDTJOF,"49,4472000","1,0608700",,76.076540,76540,Seine-Maritime,28.0,Normandie,50.0,2.0,1.0,3,2.0,28,Normandie,76,3,97,Rouen,114083,1556,115639.0
202000016013,2.0,2,1,2,0.0,1.0,-1.0, -1,-1.0,1991.0,C01,22,12,2020,15:45,1,76.0,76540,2,2,3.0,5.0,NANSEN. RUE FRIDTJOF,"49,4472000","1,0608700",,76.076540,76540,Seine-Maritime,28.0,Normandie,50.0,2.0,1.0,3,2.0,28,Normandie,76,3,97,Rouen,114083,1556,115639.0
202000016013,1.0,1,1,1,0.0,1.0,-1.0, -1,-1.0,1983.0,C01,22,12,2020,15:45,1,76.0,76540,2,2,3.0,5.0,NANSEN. RUE FRIDTJOF,"49,4472000","1,0608700",,76.076540,76540,Seine-Maritime,28.0,Normandie,50.0,2.0,1.0,3,2.0,28,Normandie,76,3,97,Rouen,114083,1556,115639.0
202000016013,2.0,2,1,2,0.0,1.0,-1.0, -1,-1.0,1969.0,B01,22,12,2020,15:45,1,76.0,76540,2,2,3.0,5.0,NANSEN. RUE FRIDTJOF,"49,4472000","1,0608700",,76.076540,76540,Seine-Maritime,28.0,Normandie,50.0,2.0,1.0,3,2.0,28,Normandie,76,3,97,Rouen,114083,1556,115639.0
202000016013,1.0,1,3,2,0.0,1.0,-1.0, -1,-1.0,1993.0,B01,22,12,2020,15:45,1,76.0,76540,2,2,3.0,5.0,NANSEN. RUE FRIDTJOF,"49,4472000","1,0608700",,76.076540,76540,Seine-Maritime,28.0,Normandie,50.0,2.0,1.0,3,2.0,28,Normandie,76,3,97,Rouen,114083,1556,115639.0
202000016013,2.0,2,4,1,0.0,1.0,-1.0, -1,-1.0,1969.0,A01,22,12,2020,15:45,1,76.0,76540,2,2,3.0,5.0,NANSEN. RUE FRIDTJOF,"49,4472000","1,0608700",,76.076540,76540,Seine-Maritime,28.0,Normandie,50.0,2.0,1.0,3,2.0,28,Normandie,76,3,97,Rouen,114083,1556,115639.0
202000016013,1.0,1,4,1,9.0,1.0,-1.0, -1,-1.0,1978.0,A01,22,12,2020,15:45,1,76.0,76540,2,2,3.0,5.0,NANSEN. RUE FRIDTJOF,"49,4472000","1,0608700",,76.076540,76540,Seine-Maritime,28.0,Normandie,50.0,2.0,1.0,3,2.0,28,Normandie,76,3,97,Rouen,114083,1556,115639.0
202000016205,10.0,3,4,1,0.0,0.0,2.0,3,1.0,2005.0,A01,16,11,2020,18:04,5,76.0,76351,2,1,1.0,6.0,HUIT MAI 1945 (AVENUE DU),"49,5160800","0,1700700",,76.076351,76351,Seine-Maritime,28.0,Normandie,30.0,4.0,3.0,2,2.0,28,Normandie,76,2,96,LeHavre,166058,1780,167838.0
202000016205,1.0,1,1,2,1.0,1.0,-1.0, -1,-1.0,1963.0,A01,16,11,2020,18:04,5,76.0,76351,2,1,1.0,6.0,HUIT MAI 1945 (AVENUE DU),"49,5160800","0,1700700",,76.076351,76351,Seine-Maritime,28.0,Normandie,30.0,4.0,3.0,2,2.0,28,Normandie,76,2,96,LeHavre,166058,1780,167838.0
202000016313,1.0,1,4,1,0.0,2.0,-1.0, -1,-1.0,1961.0,A01,12,11,2020,19:15,4,76.0,76457,1,1,1.0,7.0,DEPARTEMENTALE 3,"49,3409300","0,9475400",,76.076457,76457,Seine-Maritime,28.0,Normandie,80.0,3.0,2.0,2,1.0,28,Normandie,76,3,9,Moulineaux,932,16,948.0
202000016314,1.0,1,3,1,1.0,2.0,-1.0, -1,-1.0,1959.0,B01,16,11,2020,08:50,1,76.0,76351,2,3,1.0,3.0,APLEMONT (AVENUE D'),"49,5021161","0,1848159",,76.076351,76351,Seine-Maritime,28.0,Normandie,50.0,3.0,2.0,2,2.0,28,Normandie,76,2,96,LeHavre,166058,1780,167838.0
202000016314,1.0,1,1,2,0.0,1.0,-1.0, -1,-1.0,2000.0,A01,16,11,2020,08:50,1,76.0,76351,2,3,1.0,3.0,APLEMONT (AVENUE D'),"49,5021161","0,1848159",,76.076351,76351,Seine-Maritime,28.0,Normandie,50.0,3.0,2.0,2,2.0,28,Normandie,76,2,96,LeHavre,166058,1780,167838.0
202000016315,1.0,1,1,1,4.0,1.0,-1.0, -1,-1.0,1989.0,A01,12,11,2020,16:35,1,76.0,76447,2,1,1.0,7.0,MEDERIC DESCHAMPS,"49,5454000","0,1868000",,76.076447,76447,Seine-Maritime,28.0,Normandie,50.0,4.0,2.0,2,1.0,28,Normandie,76,2,15,Montivilliers,15457,203,15660.0
202000016315,10.0,3,4,2,2.0,0.0,5.0,2,2.0,1986.0,A01,12,11,2020,16:35,1,76.0,76447,2,1,1.0,7.0,MEDERIC DESCHAMPS,"49,5454000","0,1868000",,76.076447,76447,Seine-Maritime,28.0,Normandie,50.0,4.0,2.0,2,1.0,28,Normandie,76,2,15,Montivilliers,15457,203,15660.0
202000016409,1.0,1,3,2,0.0,2.0,0.0,0,-1.0,1998.0,A01,6,5,2020,18:30,1,76.0,76099,2,1,1.0,7.0,Route du Manoir,"49,5516590","0,8501220",,76.076099,76099,Seine-Maritime,28.0,Normandie,50.0,3.0,2.0,2,1.0,28,Normandie,76,3,1,BlacquevilLe707,9,716,
202000016498,1.0,1,3,2,5.0,1.0,-1.0, -1,-1.0,1997.0,A01,1,5,2020,02:01,5,76.0,76351,2,1,1.0,6.0,JULES DURAND (BD),"49,4907700","0,1601600",,76.076351,76351,Seine-Maritime,28.0,Normandie,50.0,3.0,2.0,2,1.0,28,Normandie,76,2,96,LeHavre,166058,1780,167838.0
202000016498,2.0,2,4,1,5.0,1.0,-1.0, -1,-1.0,1997.0,A01,1,5,2020,02:01,5,76.0,76351,2,1,1.0,6.0,JULES DURAND (BD),"49,4907700","0,1601600",,76.076351,76351,Seine-Maritime,28.0,Normandie,50.0,3.0,2.0,2,1.0,28,Normandie,76,2,96,LeHavre,166058,1780,167838.0
202000016573,4.0,2,1,1,5.0,3.0,0.0,0,-1.0,2018.0,B01,25,1,2020,12:10,1,76.0,76622,1,1,5.0,1.0,D81,"49,4772150","0,6021930",,76.076622,76622,Seine-Maritime,28.0,Normandie,80.0,3.0,2.0,2,2.0,28,Normandie,76,2,25,Saint-Maurice-d'Ételan,293,10,303.0
202000016573,1.0,1,1,2,5.0,1.0,0.0,0,-1.0,1989.0,B01,25,1,2020,12:10,1,76.0,76622,1,1,5.0,1.0,D81,"49,4772150","0,6021930",,76.076622,76622,Seine-Maritime,28.0,Normandie,80.0,3.0,2.0,2,2.0,28,Normandie,76,2,25,Saint-Maurice-d'Ételan,293,10,303.0
202000016573,1.0,1,3,1,5.0,1.0,0.0,0,-1.0,1957.0,A01,25,1,2020,12:10,1,76.0,76622,1,1,5.0,1.0,D81,"49,4772150","0,6021930",,76.076622,76622,Seine-Maritime,28.0,Normandie,80.0,3.0,2.0,2,2.0,28,Normandie,76,2,25,Saint-Maurice-d'Ételan,293,10,303.0
202000016573,2.0,2,2,2,5.0,1.0,0.0,0,-1.0,1958.0,A01,25,1,2020,12:10,1,76.0,76622,1,1,5.0,1.0,D81,"49,4772150","0,6021930",,76.076622,76622,Seine-Maritime,28.0,Normandie,80.0,3.0,2.0,2,2.0,28,Normandie,76,2,25,Saint-Maurice-d'Ételan,293,10,303.0
202000016745,1.0,1,4,2,1.0,1.0,0.0,0,-1.0,1974.0,A01,23,1,2020,08:30,2,76.0,76533,1,1,8.0,6.0,Échangeur entre A29 et A131 (Embranchement d'autoroute),"49,4989600","0,2736280",,76.076533,76533,Seine-Maritime,28.0,Normandie,90.0,1.0,1.0,2,2.0,28,Normandie,76,2,16,RogervilLe1706,19,1725,
202000016807,1.0,1,1,1,1.0,1.0,-1.0,0,-1.0,1968.0,A01,7,7,2020,19:38,1,76.0,76681,1,1,1.0,2.0,INDUSTRIEL. BOULEVARD (CD 18E),"49,4165900","1,1077600",,76.076681,76681,Seine-Maritime,28.0,Normandie,70.0,3.0,3.0,4,1.0,28,Normandie,76,3,99,Sotteville-lès-Rouen,28965,475,29440.0
202000016807,1.0,1,4,2,5.0,1.0,-1.0,0,-1.0,1993.0,B01,7,7,2020,19:38,1,76.0,76681,1,1,1.0,2.0,INDUSTRIEL. BOULEVARD (CD 18E),"49,4165900","1,1077600",,76.076681,76681,Seine-Maritime,28.0,Normandie,70.0,3.0,3.0,4,1.0,28,Normandie,76,3,99,Sotteville-lès-Rouen,28965,475,29440.0
202000016807,2.0,2,4,2,5.0,1.0,-1.0, -1,-1.0,1995.0,B01,7,7,2020,19:38,1,76.0,76681,1,1,1.0,2.0,INDUSTRIEL. BOULEVARD (CD 18E),"49,4165900","1,1077600",,76.076681,76681,Seine-Maritime,28.0,Normandie,70.0,3.0,3.0,4,1.0,28,Normandie,76,3,99,Sotteville-lès-Rouen,28965,475,29440.0
202000016807,3.0,2,4,2,5.0,1.0,-1.0, -1,-1.0,1996.0,B01,7,7,2020,19:38,1,76.0,76681,1,1,1.0,2.0,INDUSTRIEL. BOULEVARD (CD 18E),"49,4165900","1,1077600",,76.076681,76681,Seine-Maritime,28.0,Normandie,70.0,3.0,3.0,4,1.0,28,Normandie,76,3,99,Sotteville-lès-Rouen,28965,475,29440.0
202000016807,4.0,2,4,2,5.0,1.0,-1.0, -1,-1.0,1993.0,B01,7,7,2020,19:38,1,76.0,76681,1,1,1.0,2.0,INDUSTRIEL. BOULEVARD (CD 18E),"49,4165900","1,1077600",,76.076681,76681,Seine-Maritime,28.0,Normandie,70.0,3.0,3.0,4,1.0,28,Normandie,76,3,99,Sotteville-lès-Rouen,28965,475,29440.0
202000016808,1.0,1,4,1,5.0,2.0,-1.0, -1,-1.0,1991.0,A01,11,7,2020,21:55,1,76.0,76540,1,1,1.0,6.0,NANSEN. RUE FRIDTJOF,"49,4481100","1,0598100",,76.076540,76540,Seine-Maritime,28.0,Normandie,50.0,3.0,2.0,3,1.0,28,Normandie,76,3,97,Rouen,114083,1556,115639.0
202000016808,2.0,2,4,1,5.0,2.0,-1.0, -1,-1.0,2002.0,A01,11,7,2020,21:55,1,76.0,76540,1,1,1.0,6.0,NANSEN. RUE FRIDTJOF,"49,4481100","1,0598100",,76.076540,76540,Seine-Maritime,28.0,Normandie,50.0,3.0,2.0,3,1.0,28,Normandie,76,3,97,Rouen,114083,1556,115639.0
202000016809,1.0,1,4,1,5.0,1.0,-1.0, -1,-1.0,1985.0,A01,11,7,2020,03:05,5,76.0,76552,2,1,1.0,-1.0,MAURICE TACONET,"49,5037500","0,0808000",,76.076552,76552,Seine-Maritime,28.0,Normandie,50.0,4.0,2.0,2,1.0,28,Normandie,76,2,19,Sainte-Adresse,7116,188,7304.0
202000016809,2.0,2,4,1,5.0,1.0,-1.0, -1,-1.0,1985.0,A01,11,7,2020,03:05,5,76.0,76552,2,1,1.0,-1.0,MAURICE TACONET,"49,5037500","0,0808000",,76.076552,76552,Seine-Maritime,28.0,Normandie,50.0,4.0,2.0,2,1.0,28,Normandie,76,2,19,Sainte-Adresse,7116,188,7304.0
202000016809,1.0,1,4,1,5.0,1.0,-1.0, -1,-1.0,2002.0,B01,11,7,2020,03:05,5,76.0,76552,2,1,1.0,-1.0,MAURICE TACONET,"49,5037500","0,0808000",,76.076552,76552,Seine-Maritime,28.0,Normandie,50.0,4.0,2.0,2,1.0,28,Normandie,76,2,19,Sainte-Adresse,7116,188,7304.0
202000016809,2.0,2,4,1,5.0,1.0,-1.0, -1,-1.0,2002.0,B01,11,7,2020,03:05,5,76.0,76552,2,1,1.0,-1.0,MAURICE TACONET,"49,5037500","0,0808000",,76.076552,76552,Seine-Maritime,28.0,Normandie,50.0,4.0,2.0,2,1.0,28,Normandie,76,2,19,Sainte-Adresse,7116,188,7304.0
202000016906,1.0,1,4,1,5.0,0.0,0.0,0,-1.0,1965.0,A01,14,7,2020,11:32,1,76.0,76655,2,1,2.0,7.0,Rue Max Leclerc,"49,8702760","0,7084790",,76.076655,76655,Seine-Maritime,28.0,Normandie,50.0,4.0,2.0,2,2.0,28,Normandie,76,1,33,Saint-Valery-en-Caux,3915,162,4077.0
202000016962,1.0,1,1,1,5.0,1.0,-1.0, -1,-1.0,1994.0,A01,23,2,2020,08:09,2,76.0,76351,2,1,2.0,6.0,HUBERT LATHAM,"49,5306300","0,0965700",,76.076351,76351,Seine-Maritime,28.0,Normandie,50.0,4.0,2.0,2,2.0,28,Normandie,76,2,96,LeHavre,166058,1780,167838.0
202000016962,2.0,2,3,1,5.0,1.0,-1.0, -1,-1.0,1996.0,A01,23,2,2020,08:09,2,76.0,76351,2,1,2.0,6.0,HUBERT LATHAM,"49,5306300","0,0965700",,76.076351,76351,Seine-Maritime,28.0,Normandie,50.0,4.0,2.0,2,2.0,28,Normandie,76,2,96,LeHavre,166058,1780,167838.0
202000017086,10.0,3,4,2,1.0,0.0,4.0,3,1.0,1960.0,A01,13,2,2020,07:50,5,76.0,76259,2,1,3.0,6.0,REPUBLIQUE ( BOULEVARD DE LA),"49,7576500","0,3813500",,76.076259,76259,Seine-Maritime,28.0,Normandie,50.0,4.0,2.0,2,2.0,28,Normandie,76,2,11,Fécamp,18016,269,18285.0
202000017086,1.0,1,1,2,5.0,1.0,-1.0,0,-1.0,1942.0,A01,13,2,2020,07:50,5,76.0,76259,2,1,3.0,6.0,REPUBLIQUE ( BOULEVARD DE LA),"49,7576500","0,3813500",,76.076259,76259,Seine-Maritime,28.0,Normandie,50.0,4.0,2.0,2,2.0,28,Normandie,76,2,11,Fécamp,18016,269,18285.0
202000017128,1.0,1,4,1,0.0,1.0,-1.0, -1,-1.0,1966.0,A01,10,9,2020,07:30,1,76.0,76351,1,4,1.0,6.0,RD 6015,"49,5031200","0,1933500",,76.076351,76351,Seine-Maritime,28.0,Normandie,70.0,3.0,1.0,2,1.0,28,Normandie,76,2,96,LeHavre,166058,1780,167838.0
202000017129,1.0,1,1,1,0.0,1.0,-1.0, -1,-1.0,1979.0,B01,9,9,2020,18:20,1,76.0,76481,1,1,1.0,1.0,SAINT BARTHELEMY (ROUTE DE),"49,5589100","0,1412100",,76.076481,76481,Seine-Maritime,28.0,Normandie,50.0,3.0,2.0,2,1.0,28,Normandie,76,2,26,Octeville-sur-Mer,6122,119,6241.0
202000017129,1.0,1,4,1,0.0,2.0,-1.0, -1,-1.0,1964.0,A01,9,9,2020,18:20,1,76.0,76481,1,1,1.0,1.0,SAINT BARTHELEMY (ROUTE DE),"49,5589100","0,1412100",,76.076481,76481,Seine-Maritime,28.0,Normandie,50.0,3.0,2.0,2,1.0,28,Normandie,76,2,26,Octeville-sur-Mer,6122,119,6241.0
202000017130,3.0,2,4,1,0.0,1.0,-1.0, -1,-1.0,2000.0,A01,9,9,2020,16:50,1,76.0,76351,1,1,1.0,6.0,RD 6382,"49,5244900","0,1618200",,76.076351,76351,Seine-Maritime,28.0,Normandie,90.0,3.0,3.0,4,1.0,28,Normandie,76,2,96,LeHavre,166058,1780,167838.0
202000017130,2.0,2,1,2,0.0,1.0,-1.0, -1,-1.0,1997.0,A01,9,9,2020,16:50,1,76.0,76351,1,1,1.0,6.0,RD 6382,"49,5244900","0,1618200",,76.076351,76351,Seine-Maritime,28.0,Normandie,90.0,3.0,3.0,4,1.0,28,Normandie,76,2,96,LeHavre,166058,1780,167838.0
202000017130,1.0,1,4,1,0.0,1.0,-1.0, -1,-1.0,1998.0,A01,9,9,2020,16:50,1,76.0,76351,1,1,1.0,6.0,RD 6382,"49,5244900","0,1618200",,76.076351,76351,Seine-Maritime,28.0,Normandie,90.0,3.0,3.0,4,1.0,28,Normandie,76,2,96,LeHavre,166058,1780,167838.0
202000017361,1.0,1,1,2,0.0,1.0,-1.0, -1,-1.0,1947.0,A01,11,6,2020,10:20,1,76.0,76600,2,2,1.0,3.0,HUIT MAI 1945,"49,7418000","0,3680000",,76.076600,76600,Seine-Maritime,28.0,Normandie,50.0,4.0,2.0,2,1.0,28,Normandie,76,2,11,Saint-Léonard,1713,34,1747.0
202000017361,1.0,1,4,1,0.0,2.0,-1.0, -1,-1.0,1992.0,B01,11,6,2020,10:20,1,76.0,76600,2,2,1.0,3.0,HUIT MAI 1945,"49,7418000","0,3680000",,76.076600,76600,Seine-Maritime,28.0,Normandie,50.0,4.0,2.0,2,1.0,28,Normandie,76,2,11,Saint-Léonard,1713,34,1747.0
202000017652,1.0,1,4,1,1.0,1.0,-1.0, -1,-1.0,1971.0,B01,8,10,2020,07:00,5,76.0,76575,2,1,1.0,1.0,LENINE. BOULEVARD,"49,3816770","1,1097900",,76.076575,76575,Seine-Maritime,28.0,Normandie,70.0,3.0,3.0,4,1.0,28,Normandie,76,3,98,Saint-Étienne-du-Rouvray,28508,225,28733.0
202000017655,1.0,1,4,1,0.0,2.0,-1.0, -1,-1.0,1980.0,A01,7,10,2020,16:10,1,76.0,76540,2,3,1.0,3.0,MONT RIBOUDET. AVENUE DU,"49,4480700","1,0667100",,76.076540,76540,Seine-Maritime,28.0,Normandie,50.0,3.0,3.0,5,1.0,28,Normandie,76,3,97,Rouen,114083,1556,115639.0
202000017655,1.0,1,1,1,4.0,1.0,-1.0, -1,-1.0,1974.0,B01,7,10,2020,16:10,1,76.0,76540,2,3,1.0,3.0,MONT RIBOUDET. AVENUE DU,"49,4480700","1,0667100",,76.076540,76540,Seine-Maritime,28.0,Normandie,50.0,3.0,3.0,5,1.0,28,Normandie,76,3,97,Rouen,114083,1556,115639.0
202000017657,1.0,1,1,1,4.0,1.0,-1.0, -1,-1.0,1997.0,A01,7,10,2020,08:42,1,76.0,76231,2,3,1.0,6.0,NEUBOURG. RUE DU (RN 840),"49,2800451","1,0075128",,76.076231,76231,Seine-Maritime,28.0,Normandie,50.0,3.0,2.0,2,2.0,28,Normandie,76,3,9,Elbeuf,15951,138,16089.0
202000017657,10.0,3,4,2,1.0,0.0,3.0,3,1.0,1971.0,A01,7,10,2020,08:42,1,76.0,76231,2,3,1.0,6.0,NEUBOURG. RUE DU (RN 840),"49,2800451","1,0075128",,76.076231,76231,Seine-Maritime,28.0,Normandie,50.0,3.0,2.0,2,2.0,28,Normandie,76,3,9,Elbeuf,15951,138,16089.0
202000017670,1.0,1,4,1,5.0,1.0,-1.0, -1,-1.0,2001.0,A01,10,8,2020,22:10,5,76.0,76540,2,1,1.0,4.0,VAL D'EAUPLET. RUE DU,"49,4326600","1,1080300",,76.076540,76540,Seine-Maritime,28.0,Normandie,50.0,3.0,2.0,4,1.0,28,Normandie,76,3,97,Rouen,114083,1556,115639.0
202000017670,2.0,2,4,2,0.0,1.0,-1.0, -1,-1.0,2003.0,A01,10,8,2020,22:10,5,76.0,76540,2,1,1.0,4.0,VAL D'EAUPLET. RUE DU,"49,4326600","1,1080300",,76.076540,76540,Seine-Maritime,28.0,Normandie,50.0,3.0,2.0,4,1.0,28,Normandie,76,3,97,Rouen,114083,1556,115639.0
202000017670,1.0,1,1,1,5.0,1.0,-1.0, -1,-1.0,1945.0,B01,10,8,2020,22:10,5,76.0,76540,2,1,1.0,4.0,VAL D'EAUPLET. RUE DU,"49,4326600","1,1080300",,76.076540,76540,Seine-Maritime,28.0,Normandie,50.0,3.0,2.0,4,1.0,28,Normandie,76,3,97,Rouen,114083,1556,115639.0
202000017672,1.0,1,3,1,1.0,2.0,-1.0, -1,-1.0,1970.0,A01,9,8,2020,02:15,5,76.0,76681,2,2,1.0,3.0,14 JUILLET. AVENUE DU,"49,4110800","1,0769700",,76.076681,76681,Seine-Maritime,28.0,Normandie,50.0,3.0,2.0,2,1.0,28,Normandie,76,3,99,Sotteville-lès-Rouen,28965,475,29440.0
202000017824,1.0,1,3,1,5.0,2.0,0.0,0,-1.0,1977.0,A01,8,10,2020,15:20,1,76.0,76443,1,1,2.0,7.0,D3 route de clères,"49,5658830","1,1125480",,76.076443,76443,Seine-Maritime,28.0,Normandie,80.0,3.0,2.0,2,2.0,28,Normandie,76,3,2,Mont-Cauvaire,862,16,878.0
202000017946,10.0,3,2,1,5.0,9.0,1.0,1,2.0,1963.0,A01,23,12,2020,17:50,3,76.0,76726,1,1,8.0,6.0,route des Loges,"49,7089610","0,2817710",,76.076726,76726,Seine-Maritime,28.0,Normandie,80.0,4.0,2.0,2,2.0,28,Normandie,76,2,11,Vattetot-sur-Mer,324,4,328.0
202000017946,1.0,1,1,2,5.0,1.0,0.0,0,-1.0,1985.0,A01,23,12,2020,17:50,3,76.0,76726,1,1,8.0,6.0,route des Loges,"49,7089610","0,2817710",,76.076726,76726,Seine-Maritime,28.0,Normandie,80.0,4.0,2.0,2,2.0,28,Normandie,76,2,11,Vattetot-sur-Mer,324,4,328.0
202000018026,1.0,1,1,2,5.0,1.0,-1.0, -1,-1.0,1999.0,A01,19,12,2020,16:00,1,76.0,76540,2,2,1.0,3.0,NANSEN. RUE FRIDTJOF,"49,4469200","1,0607100",,76.076540,76540,Seine-Maritime,28.0,Normandie,50.0,2.0,1.0,3,1.0,28,Normandie,76,3,97,Rouen,114083,1556,115639.0
202000018026,1.0,1,3,1,0.0,2.0,-1.0, -1,-1.0,1989.0,B01,19,12,2020,16:00,1,76.0,76540,2,2,1.0,3.0,NANSEN. RUE FRIDTJOF,"49,4469200","1,0607100",,76.076540,76540,Seine-Maritime,28.0,Normandie,50.0,2.0,1.0,3,1.0,28,Normandie,76,3,97,Rouen,114083,1556,115639.0