Num_Acc,place,catu,grav,sexe,trajet,secu,locp,actp,etatp,an_nais,num_veh,jour,mois,an,hrmn,lum,dep,com,agg,int,atm,col,adr,lat,long,gps,com_insee_temp,com_insee,departmentName,regionCode,regionName,vma,catr,circ,nbv,surf,Code,Region,Departement,Arrondissement,Code_Canton,Nom_Commune,Population_municipaLe,Population_comptee_a_part,Population_Totale
202000018027,1.0,1,4,1,0.0,2.0,-1.0, -1,-1.0,1983.0,B01,18,12,2020,18:55,5,76.0,76351,2,2,1.0,2.0,CAVEE VERTE (RUE DE LA),"49,5048700","0,1122900",,76.076351,76351,Seine-Maritime,28.0,Normandie,50.0,4.0,2.0,2,1.0,28,Normandie,76,2,96,LeHavre,166058,1780,167838.0
202000018027,1.0,1,4,1,0.0,1.0,-1.0, -1,-1.0,1953.0,A01,18,12,2020,18:55,5,76.0,76351,2,2,1.0,2.0,CAVEE VERTE (RUE DE LA),"49,5048700","0,1122900",,76.076351,76351,Seine-Maritime,28.0,Normandie,50.0,4.0,2.0,2,1.0,28,Normandie,76,2,96,LeHavre,166058,1780,167838.0
202000018028,2.0,2,4,1,5.0,1.0,-1.0, -1,-1.0,2002.0,A01,20,12,2020,04:15,5,76.0,76351,2,1,1.0,6.0,MARTYRS (DES),"49,5147540","0,1073210",,76.076351,76351,Seine-Maritime,28.0,Normandie,50.0,4.0,1.0,1,2.0,28,Normandie,76,2,96,LeHavre,166058,1780,167838.0
202000018028,1.0,1,1,1,5.0,1.0,-1.0, -1,-1.0,2000.0,A01,20,12,2020,04:15,5,76.0,76351,2,1,1.0,6.0,MARTYRS (DES),"49,5147540","0,1073210",,76.076351,76351,Seine-Maritime,28.0,Normandie,50.0,4.0,1.0,1,2.0,28,Normandie,76,2,96,LeHavre,166058,1780,167838.0
202000018218,1.0,1,3,2,0.0,1.0,-1.0, -1,-1.0,1971.0,A01,13,11,2020,10:40,1,76.0,76540,1,1,1.0,3.0,N28,"49,4382800","1,1220900",,76.076540,76540,Seine-Maritime,28.0,Normandie,70.0,2.0,3.0,3,1.0,28,Normandie,76,3,97,Rouen,114083,1556,115639.0
202000018218,1.0,1,1,1,4.0,1.0,-1.0, -1,-1.0,1976.0,B01,13,11,2020,10:40,1,76.0,76540,1,1,1.0,3.0,N28,"49,4382800","1,1220900",,76.076540,76540,Seine-Maritime,28.0,Normandie,70.0,2.0,3.0,3,1.0,28,Normandie,76,3,97,Rouen,114083,1556,115639.0
202000018391,1.0,1,3,2,0.0,8.0,0.0,0,-1.0,1966.0,A01,29,4,2020,14:30,1,76.0,76146,1,1,3.0,6.0,A28,"49,5771361","1,2754243",,76.076146,76146,Seine-Maritime,28.0,Normandie,110.0,1.0,1.0,2,2.0,28,Normandie,76,3,21,Buchy,2805,108,2913.0
202000018521,1.0,1,1,1,0.0,1.0,-1.0, -1,-1.0,1975.0,A01,21,1,2020,09:30,1,76.0,76322,2,1,1.0,6.0,DUMONT D'URVILLE. BOULEVARD,"49,3999200","1,0425800",,76.076322,76322,Seine-Maritime,28.0,Normandie,50.0,4.0,2.0,2,1.0,28,Normandie,76,3,13,LeGrand-Quevilly,25975,225,26200.0
202000018521,10.0,3,4,2,2.0,0.0,3.0,3,1.0,2002.0,A01,21,1,2020,09:30,1,76.0,76322,2,1,1.0,6.0,DUMONT D'URVILLE. BOULEVARD,"49,3999200","1,0425800",,76.076322,76322,Seine-Maritime,28.0,Normandie,50.0,4.0,2.0,2,1.0,28,Normandie,76,3,13,LeGrand-Quevilly,25975,225,26200.0
202000018896,1.0,1,3,1,5.0,1.0,0.0,0,-1.0,1982.0,A01,24,2,2020,02:35,3,76.0,76418,1,1,2.0,7.0,D40,"49,5464360","0,7019330",,76.076418,76418,Seine-Maritime,28.0,Normandie,80.0,3.0,2.0,2,2.0,28,Normandie,76,3,25,Maulévrier-Sainte-Gertrude,1035,17,1052.0
202000018926,1.0,1,2,1,0.0,8.0,0.0,0,-1.0,1994.0,A01,22,2,2020,04:00,3,76.0,76217,1,1,1.0,7.0,BREAUTE (AVENUE DE )  ,"49,9110530","1,0863480",,76.076217,76217,Seine-Maritime,28.0,Normandie,70.0,3.0,1.0,1,1.0,28,Normandie,76,1,95,Dieppe,28358,455,28813.0
202000019033,1.0,1,3,2,1.0,1.0,-1.0, -1,-1.0,1984.0,A01,6,2,2020,13:30,1,76.0,76319,1,1,1.0,6.0,RN 138,"49,3485030","1,0207340",,76.076319,76319,Seine-Maritime,28.0,Normandie,110.0,2.0,3.0,4,1.0,28,Normandie,76,3,9,Grand-Couronne,9726,177,9903.0
202000019033,10.0,3,3,1,0.0,0.0,6.0,3,1.0,2004.0,A01,6,2,2020,13:30,1,76.0,76319,1,1,1.0,6.0,RN 138,"49,3485030","1,0207340",,76.076319,76319,Seine-Maritime,28.0,Normandie,110.0,2.0,3.0,4,1.0,28,Normandie,76,3,9,Grand-Couronne,9726,177,9903.0
202000019057,5.0,2,1,1,5.0,1.0,-1.0, -1,-1.0,2001.0,A01,22,8,2020,03:10,1,76.0,76245,2,9,1.0,6.0,GAMBETTA (AVENUE),"49,5513839","1,0427356",,76.076245,76245,Seine-Maritime,28.0,Normandie,50.0,4.0,2.0,2,2.0,28,Normandie,76,3,24,Eslettes,1641,16,1657.0
202000019057,4.0,2,1,1,5.0,1.0,-1.0, -1,-1.0,2001.0,A01,22,8,2020,03:10,1,76.0,76245,2,9,1.0,6.0,GAMBETTA (AVENUE),"49,5513839","1,0427356",,76.076245,76245,Seine-Maritime,28.0,Normandie,50.0,4.0,2.0,2,2.0,28,Normandie,76,3,24,Eslettes,1641,16,1657.0
202000019057,3.0,2,4,1,5.0,1.0,-1.0, -1,-1.0,2001.0,A01,22,8,2020,03:10,1,76.0,76245,2,9,1.0,6.0,GAMBETTA (AVENUE),"49,5513839","1,0427356",,76.076245,76245,Seine-Maritime,28.0,Normandie,50.0,4.0,2.0,2,2.0,28,Normandie,76,3,24,Eslettes,1641,16,1657.0
202000019057,2.0,2,4,1,5.0,1.0,-1.0, -1,-1.0,2001.0,A01,22,8,2020,03:10,1,76.0,76245,2,9,1.0,6.0,GAMBETTA (AVENUE),"49,5513839","1,0427356",,76.076245,76245,Seine-Maritime,28.0,Normandie,50.0,4.0,2.0,2,2.0,28,Normandie,76,3,24,Eslettes,1641,16,1657.0
202000019057,1.0,1,4,1,5.0,1.0,-1.0, -1,-1.0,2001.0,A01,22,8,2020,03:10,1,76.0,76245,2,9,1.0,6.0,GAMBETTA (AVENUE),"49,5513839","1,0427356",,76.076245,76245,Seine-Maritime,28.0,Normandie,50.0,4.0,2.0,2,2.0,28,Normandie,76,3,24,Eslettes,1641,16,1657.0
202000019058,1.0,1,4,1,5.0,1.0,-1.0, -1,-1.0,2000.0,A01,10,9,2020,00:55,5,76.0,76322,2,3,1.0,3.0,RAVEL. BOULEVARD MAURICE,"49,4098300","1,0471800",,76.076322,76322,Seine-Maritime,28.0,Normandie,50.0,4.0,2.0,2,1.0,28,Normandie,76,3,13,LeGrand-Quevilly,25975,225,26200.0
202000019382,1.0,1,4,1,1.0,2.0,-1.0, -1,-1.0,1958.0,B01,9,6,2020,07:45,1,76.0,76231,2,1,1.0,3.0,RD 840 (RUE DU NEUBOURG),"49,2832100","1,0082400",,76.076231,76231,Seine-Maritime,28.0,Normandie,50.0,3.0,2.0,2,1.0,28,Normandie,76,3,9,Elbeuf,15951,138,16089.0
202000019383,1.0,1,4,1,5.0,2.0,-1.0, -1,-1.0,1998.0,A01,10,6,2020,02:15,5,76.0,76540,2,2,1.0,3.0,RICARD. RUE LOUIS,"49,4485390","1,0997066",,76.076540,76540,Seine-Maritime,28.0,Normandie,50.0,3.0,2.0,3,1.0,28,Normandie,76,3,97,Rouen,114083,1556,115639.0
202000019384,10.0,3,3,2,3.0,0.0,3.0,3,1.0,1942.0,A01,9,6,2020,16:15,1,76.0,76351,2,2,1.0,6.0,RAYMOND GUENOT,"49,4942000","0,1037000",,76.076351,76351,Seine-Maritime,28.0,Normandie,50.0,4.0,2.0,1,1.0,28,Normandie,76,2,96,LeHavre,166058,1780,167838.0
202000019384,1.0,1,1,2,0.0,1.0,-1.0, -1,-1.0,1988.0,A01,9,6,2020,16:15,1,76.0,76351,2,2,1.0,6.0,RAYMOND GUENOT,"49,4942000","0,1037000",,76.076351,76351,Seine-Maritime,28.0,Normandie,50.0,4.0,2.0,1,1.0,28,Normandie,76,2,96,LeHavre,166058,1780,167838.0
202000019447,1.0,1,1,1,4.0,1.0,0.0,0,-1.0,1946.0,A01,12,8,2020,08:40,1,76.0,76618,2,1,1.0,3.0,24 rue du chateau,"49,9403600","1,1423420",,76.076618,76618,Seine-Maritime,28.0,Normandie,50.0,3.0,2.0,2,1.0,28,Normandie,76,1,8,Petit-Caux,9625,210,9835.0
202000019447,1.0,1,4,1,5.0,2.0,0.0,0,-1.0,1950.0,B01,12,8,2020,08:40,1,76.0,76618,2,1,1.0,3.0,24 rue du chateau,"49,9403600","1,1423420",,76.076618,76618,Seine-Maritime,28.0,Normandie,50.0,3.0,2.0,2,1.0,28,Normandie,76,1,8,Petit-Caux,9625,210,9835.0
202000019476,1.0,1,3,1,0.0,2.0,-1.0, -1,-1.0,1965.0,A01,6,10,2020,21:20,5,76.0,76351,1,1,3.0,7.0,LOUIS LUMIERE,"49,5246970","0,1235200",,76.076351,76351,Seine-Maritime,28.0,Normandie,50.0,3.0,2.0,4,3.0,28,Normandie,76,2,96,LeHavre,166058,1780,167838.0
202000019717,2.0,2,3,1,1.0,8.0,0.0,0,-1.0,1971.0,A01,8,10,2020,06:35,3,76.0,76533,1,1,2.0,2.0,A131,"49,4952420","0,2589000",,76.076533,76533,Seine-Maritime,28.0,Normandie,130.0,1.0,3.0,4,2.0,28,Normandie,76,2,16,RogervilLe1706,19,1725,
202000019717,1.0,1,4,1,1.0,8.0,0.0,0,-1.0,1985.0,A01,8,10,2020,06:35,3,76.0,76533,1,1,2.0,2.0,A131,"49,4952420","0,2589000",,76.076533,76533,Seine-Maritime,28.0,Normandie,130.0,1.0,3.0,4,2.0,28,Normandie,76,2,16,RogervilLe1706,19,1725,
202000019717,1.0,1,4,1,1.0,9.0,0.0,0,-1.0,1980.0,B01,8,10,2020,06:35,3,76.0,76533,1,1,2.0,2.0,A131,"49,4952420","0,2589000",,76.076533,76533,Seine-Maritime,28.0,Normandie,130.0,1.0,3.0,4,2.0,28,Normandie,76,2,16,RogervilLe1706,19,1725,
202000019757,1.0,1,1,1,0.0,1.0,-1.0, -1,-1.0,1946.0,A01,30,7,2020,13:55,1,76.0,76351,2,6,1.0,6.0,AMIRAL MOUCHEZ (BD),"49,4854600","0,1368300",,76.076351,76351,Seine-Maritime,28.0,Normandie,50.0,3.0,3.0,4,1.0,28,Normandie,76,2,96,LeHavre,166058,1780,167838.0
202000019757,10.0,3,4,2,5.0,0.0,3.0,3,3.0,1989.0,A01,30,7,2020,13:55,1,76.0,76351,2,6,1.0,6.0,AMIRAL MOUCHEZ (BD),"49,4854600","0,1368300",,76.076351,76351,Seine-Maritime,28.0,Normandie,50.0,3.0,3.0,4,1.0,28,Normandie,76,2,96,LeHavre,166058,1780,167838.0
202000019757,10.0,3,4,2,5.0,0.0,3.0,3,3.0,2016.0,A01,30,7,2020,13:55,1,76.0,76351,2,6,1.0,6.0,AMIRAL MOUCHEZ (BD),"49,4854600","0,1368300",,76.076351,76351,Seine-Maritime,28.0,Normandie,50.0,3.0,3.0,4,1.0,28,Normandie,76,2,96,LeHavre,166058,1780,167838.0
202000019757,10.0,3,4,2,5.0,0.0,3.0,3,3.0,2014.0,A01,30,7,2020,13:55,1,76.0,76351,2,6,1.0,6.0,AMIRAL MOUCHEZ (BD),"49,4854600","0,1368300",,76.076351,76351,Seine-Maritime,28.0,Normandie,50.0,3.0,3.0,4,1.0,28,Normandie,76,2,96,LeHavre,166058,1780,167838.0
202000019757,10.0,3,4,2,5.0,0.0,3.0,3,3.0,2012.0,A01,30,7,2020,13:55,1,76.0,76351,2,6,1.0,6.0,AMIRAL MOUCHEZ (BD),"49,4854600","0,1368300",,76.076351,76351,Seine-Maritime,28.0,Normandie,50.0,3.0,3.0,4,1.0,28,Normandie,76,2,96,LeHavre,166058,1780,167838.0
202000019757,10.0,3,4,2,5.0,0.0,3.0,3,3.0,2019.0,A01,30,7,2020,13:55,1,76.0,76351,2,6,1.0,6.0,AMIRAL MOUCHEZ (BD),"49,4854600","0,1368300",,76.076351,76351,Seine-Maritime,28.0,Normandie,50.0,3.0,3.0,4,1.0,28,Normandie,76,2,96,LeHavre,166058,1780,167838.0
202000019839,1.0,1,1,1,5.0,1.0,0.0,0,-1.0,1980.0,A01,22,12,2020,07:35,4,76.0,76752,2,1,2.0,6.0,22 Rue Jacques Ferny,"49,6681760","0,8971350",,76.076752,76752,Seine-Maritime,28.0,Normandie,50.0,3.0,2.0,2,2.0,28,Normandie,76,3,35,YervilLe2584,29,2613,
202000019839,10.0,3,4,2,5.0,0.0,2.0,3,1.0,1943.0,A01,22,12,2020,07:35,4,76.0,76752,2,1,2.0,6.0,22 Rue Jacques Ferny,"49,6681760","0,8971350",,76.076752,76752,Seine-Maritime,28.0,Normandie,50.0,3.0,2.0,2,2.0,28,Normandie,76,3,35,YervilLe2584,29,2613,
202000019844,1.0,1,3,2,5.0,1.0,0.0,0,-1.0,1938.0,A01,21,12,2020,16:00,1,76.0,76619,1,1,2.0,1.0,D22,"49,9972310","1,3575380",,76.076619,76619,Seine-Maritime,28.0,Normandie,80.0,3.0,2.0,2,2.0,28,Normandie,76,1,10,Saint-Martin-le-Gaillard,288,5,293.0
202000019844,1.0,1,1,1,4.0,1.0,0.0,0,-1.0,1992.0,B01,21,12,2020,16:00,1,76.0,76619,1,1,2.0,1.0,D22,"49,9972310","1,3575380",,76.076619,76619,Seine-Maritime,28.0,Normandie,80.0,3.0,2.0,2,2.0,28,Normandie,76,1,10,Saint-Martin-le-Gaillard,288,5,293.0
202000019905,1.0,1,1,1,0.0,1.0,-1.0, -1,-1.0,1985.0,B01,18,12,2020,15:20,1,76.0,76540,2,1,1.0,2.0,GAMBETTA. BOULEVARD,"49,4414300","1,1126700",,76.076540,76540,Seine-Maritime,28.0,Normandie,50.0,2.0,3.0,6,1.0,28,Normandie,76,3,97,Rouen,114083,1556,115639.0
202000019905,1.0,1,4,1,4.0,2.0,-1.0, -1,-1.0,1994.0,A01,18,12,2020,15:20,1,76.0,76540,2,1,1.0,2.0,GAMBETTA. BOULEVARD,"49,4414300","1,1126700",,76.076540,76540,Seine-Maritime,28.0,Normandie,50.0,2.0,3.0,6,1.0,28,Normandie,76,3,97,Rouen,114083,1556,115639.0
202000020021,1.0,1,4,1,1.0,2.0,-1.0, -1,-1.0,2003.0,A01,12,11,2020,12:05,1,76.0,76341,2,6,1.0,3.0,VIEILLE FAIENCERIE,"49,5161500","0,1857400",,76.076341,76341,Seine-Maritime,28.0,Normandie,50.0,3.0,2.0,2,1.0,28,Normandie,76,2,15,Harfleur,8315,53,8368.0
202000020021,3.0,2,1,2,2.0,3.0,-1.0, -1,-1.0,2017.0,B01,12,11,2020,12:05,1,76.0,76341,2,6,1.0,3.0,VIEILLE FAIENCERIE,"49,5161500","0,1857400",,76.076341,76341,Seine-Maritime,28.0,Normandie,50.0,3.0,2.0,2,1.0,28,Normandie,76,2,15,Harfleur,8315,53,8368.0
202000020021,1.0,1,4,1,2.0,1.0,-1.0, -1,-1.0,1975.0,B01,12,11,2020,12:05,1,76.0,76341,2,6,1.0,3.0,VIEILLE FAIENCERIE,"49,5161500","0,1857400",,76.076341,76341,Seine-Maritime,28.0,Normandie,50.0,3.0,2.0,2,1.0,28,Normandie,76,2,15,Harfleur,8315,53,8368.0
202000020260,10.0,3,2,1,5.0,0.0,1.0,9,1.0,1966.0,A01,26,4,2020,13:15,1,76.0,76540,2,1,1.0,6.0,BIHOREL. RUE DE,"49,4484400","1,1024100",,76.076540,76540,Seine-Maritime,28.0,Normandie,30.0,4.0,1.0,1,1.0,28,Normandie,76,3,97,Rouen,114083,1556,115639.0
202000020260,1.0,1,1,2,5.0,1.0,-1.0, -1,-1.0,1950.0,A01,26,4,2020,13:15,1,76.0,76540,2,1,1.0,6.0,BIHOREL. RUE DE,"49,4484400","1,1024100",,76.076540,76540,Seine-Maritime,28.0,Normandie,30.0,4.0,1.0,1,1.0,28,Normandie,76,3,97,Rouen,114083,1556,115639.0
202000020261,1.0,1,3,1,0.0,2.0,-1.0, -1,-1.0,1992.0,A01,23,4,2020,12:55,1,76.0,76212,2,6,1.0,3.0,LONGPAON. RUE DE,"49,4490400","1,1509600",,76.076212,76212,Seine-Maritime,28.0,Normandie,50.0,3.0,1.0,1,1.0,28,Normandie,76,3,6,Darnétal,9738,74,9812.0
202000020262,1.0,1,1,2,1.0,1.0,-1.0, -1,-1.0,1975.0,A01,24,4,2020,19:20,1,76.0,76540,2,1,1.0,2.0,JAURES. BOULEVARD JEAN,"49,4503400","1,0623500",,76.076540,76540,Seine-Maritime,28.0,Normandie,50.0,3.0,2.0,2,1.0,28,Normandie,76,3,97,Rouen,114083,1556,115639.0
202000020262,1.0,1,3,1,4.0,2.0,-1.0, -1,-1.0,1996.0,B01,24,4,2020,19:20,1,76.0,76540,2,1,1.0,2.0,JAURES. BOULEVARD JEAN,"49,4503400","1,0623500",,76.076540,76540,Seine-Maritime,28.0,Normandie,50.0,3.0,2.0,2,1.0,28,Normandie,76,3,97,Rouen,114083,1556,115639.0
202000020263,10.0,3,4,1,5.0,0.0,1.0,1,3.0,2002.0,A01,26,4,2020,16:40,1,76.0,76481,2,1,1.0,6.0,TOT (CHEMIN DU),"49,5541400","0,1109100",,76.076481,76481,Seine-Maritime,28.0,Normandie,50.0,4.0,2.0,2,1.0,28,Normandie,76,2,26,Octeville-sur-Mer,6122,119,6241.0
202000020263,1.0,1,1,1,5.0,8.0,-1.0, -1,-1.0,1997.0,A01,26,4,2020,16:40,1,76.0,76481,2,1,1.0,6.0,TOT (CHEMIN DU),"49,5541400","0,1109100",,76.076481,76481,Seine-Maritime,28.0,Normandie,50.0,4.0,2.0,2,1.0,28,Normandie,76,2,26,Octeville-sur-Mer,6122,119,6241.0
202000020264,1.0,1,4,1,1.0,2.0,-1.0, -1,-1.0,1974.0,B01,24,4,2020,00:15,5,76.0,76447,2,1,1.0,2.0,PIERRE MENDES FRANCE,"49,5280100","0,1824300",,76.076447,76447,Seine-Maritime,28.0,Normandie,50.0,3.0,3.0,2,1.0,28,Normandie,76,2,15,Montivilliers,15457,203,15660.0
202000020264,1.0,1,1,1,5.0,1.0,-1.0, -1,-1.0,1974.0,A01,24,4,2020,00:15,5,76.0,76447,2,1,1.0,2.0,PIERRE MENDES FRANCE,"49,5280100","0,1824300",,76.076447,76447,Seine-Maritime,28.0,Normandie,50.0,3.0,3.0,2,1.0,28,Normandie,76,2,15,Montivilliers,15457,203,15660.0
202000020386,1.0,1,3,1,1.0,2.0,-1.0, -1,-1.0,1961.0,A01,23,4,2020,17:40,1,76.0,76341,1,1,1.0,6.0,RD 6015,"49,5047800","0,1940800",,76.076341,76341,Seine-Maritime,28.0,Normandie,70.0,3.0,3.0,4,1.0,28,Normandie,76,2,15,Harfleur,8315,53,8368.0
202000020400,1.0,1,4,1,1.0,2.0,-1.0, -1,-1.0,1993.0,A01,20,1,2020,07:32,1,76.0,76497,1,1,1.0,6.0,VOIE RAPIDE SUD 3 (RN 338),"49,3805000","1,0484500",,76.076497,76497,Seine-Maritime,28.0,Normandie,2.0,2.0,2.0,2,7.0,28,Normandie,76,3,13,Petit-Couronne,8688,175,8863.0
202000020401,1.0,1,4,2,9.0,1.0,-1.0, -1,-1.0,1965.0,A01,17,1,2020,17:00,1,76.0,76575,2,2,1.0,3.0,CPAM (RUE LAZARE CARNOT),"49,3796394","1,1076450",,76.076575,76575,Seine-Maritime,28.0,Normandie,30.0,4.0,2.0,2,1.0,28,Normandie,76,3,98,Saint-Étienne-du-Rouvray,28508,225,28733.0
202000020401,4.0,2,4,1,0.0,1.0,-1.0, -1,-1.0,2015.0,B01,17,1,2020,17:00,1,76.0,76575,2,2,1.0,3.0,CPAM (RUE LAZARE CARNOT),"49,3796394","1,1076450",,76.076575,76575,Seine-Maritime,28.0,Normandie,30.0,4.0,2.0,2,1.0,28,Normandie,76,3,98,Saint-Étienne-du-Rouvray,28508,225,28733.0
202000020401,3.0,2,1,1,0.0,1.0,-1.0, -1,-1.0,2017.0,B01,17,1,2020,17:00,1,76.0,76575,2,2,1.0,3.0,CPAM (RUE LAZARE CARNOT),"49,3796394","1,1076450",,76.076575,76575,Seine-Maritime,28.0,Normandie,30.0,4.0,2.0,2,1.0,28,Normandie,76,3,98,Saint-Étienne-du-Rouvray,28508,225,28733.0
202000020401,2.0,2,1,2,0.0,1.0,-1.0, -1,-1.0,1991.0,B01,17,1,2020,17:00,1,76.0,76575,2,2,1.0,3.0,CPAM (RUE LAZARE CARNOT),"49,3796394","1,1076450",,76.076575,76575,Seine-Maritime,28.0,Normandie,30.0,4.0,2.0,2,1.0,28,Normandie,76,3,98,Saint-Étienne-du-Rouvray,28508,225,28733.0
202000020401,1.0,1,4,2,0.0,1.0,-1.0, -1,-1.0,1999.0,B01,17,1,2020,17:00,1,76.0,76575,2,2,1.0,3.0,CPAM (RUE LAZARE CARNOT),"49,3796394","1,1076450",,76.076575,76575,Seine-Maritime,28.0,Normandie,30.0,4.0,2.0,2,1.0,28,Normandie,76,3,98,Saint-Étienne-du-Rouvray,28508,225,28733.0
202000020578,1.0,1,4,1,0.0,2.0,-1.0, -1,-1.0,1967.0,A01,16,1,2020,19:45,5,76.0,76575,2,1,1.0,6.0,"rue de l'universite,MADRILLET. PARC TECHNOLOGIQUE DU","49,3852200","1,0748300",,76.076575,76575,Seine-Maritime,28.0,Normandie,30.0,4.0,2.0,2,1.0,28,Normandie,76,3,98,Saint-Étienne-du-Rouvray,28508,225,28733.0
202000020578,10.0,3,4,1,2.0,0.0,9.0,3,1.0,1997.0,A01,16,1,2020,19:45,5,76.0,76575,2,1,1.0,6.0,"rue de l'universite,MADRILLET. PARC TECHNOLOGIQUE DU","49,3852200","1,0748300",,76.076575,76575,Seine-Maritime,28.0,Normandie,30.0,4.0,2.0,2,1.0,28,Normandie,76,3,98,Saint-Étienne-du-Rouvray,28508,225,28733.0
202000020579,1.0,1,3,1,0.0,2.0,0.0,0,-1.0,1979.0,A01,18,1,2020,14:30,1,76.0,76351,2,4,1.0,3.0,VERDUN (RUE DE),"49,5022494","0,1866872",,76.076351,76351,Seine-Maritime,28.0,Normandie,50.0,3.0,2.0,2,1.0,28,Normandie,76,2,96,LeHavre,166058,1780,167838.0
202000020579,1.0,1,1,1,0.0,1.0,0.0,0,-1.0,1974.0,B01,18,1,2020,14:30,1,76.0,76351,2,4,1.0,3.0,VERDUN (RUE DE),"49,5022494","0,1866872",,76.076351,76351,Seine-Maritime,28.0,Normandie,50.0,3.0,2.0,2,1.0,28,Normandie,76,2,96,LeHavre,166058,1780,167838.0
202000020580,1.0,1,4,2,5.0,1.0,0.0,0,-1.0,2000.0,B01,11,1,2020,23:30,5,76.0,76217,2,2,1.0,1.0,REPUBLIQUE (AVENUE DE LA),"49,9245850","1,1038150",,76.076217,76217,Seine-Maritime,28.0,Normandie,50.0,4.0,2.0,2,1.0,28,Normandie,76,1,95,Dieppe,28358,455,28813.0
202000020580,1.0,1,4,1,5.0,1.0,0.0,0,-1.0,1984.0,A01,11,1,2020,23:30,5,76.0,76217,2,2,1.0,1.0,REPUBLIQUE (AVENUE DE LA),"49,9245850","1,1038150",,76.076217,76217,Seine-Maritime,28.0,Normandie,50.0,4.0,2.0,2,1.0,28,Normandie,76,1,95,Dieppe,28358,455,28813.0
202000020734,1.0,1,4,2,0.0,1.0,-1.0, -1,-1.0,2001.0,A01,10,7,2020,14:00,1,76.0,76561,2,2,1.0,1.0,CHURCHILL. RUE WINSTON,"49,2973400","1,0111800",,76.076561,76561,Seine-Maritime,28.0,Normandie,50.0,3.0,2.0,4,1.0,28,Normandie,76,3,5,Saint-Aubin-lès-Elbeuf,8428,75,8503.0
202000020734,1.0,1,1,1,0.0,1.0,-1.0, -1,-1.0,1990.0,B01,10,7,2020,14:00,1,76.0,76561,2,2,1.0,1.0,CHURCHILL. RUE WINSTON,"49,2973400","1,0111800",,76.076561,76561,Seine-Maritime,28.0,Normandie,50.0,3.0,2.0,4,1.0,28,Normandie,76,3,5,Saint-Aubin-lès-Elbeuf,8428,75,8503.0
202000020966,1.0,1,1,2,0.0,1.0,-1.0, -1,-1.0,1972.0,A01,19,2,2020,19:40,5,76.0,76351,2,2,1.0,3.0,JULES FERRY (PLACE),"49,4921800","0,1113600",,76.076351,76351,Seine-Maritime,28.0,Normandie,50.0,4.0,2.0,2,2.0,28,Normandie,76,2,96,LeHavre,166058,1780,167838.0
202000020966,2.0,2,1,1,0.0,1.0,-1.0, -1,-1.0,2003.0,A01,19,2,2020,19:40,5,76.0,76351,2,2,1.0,3.0,JULES FERRY (PLACE),"49,4921800","0,1113600",,76.076351,76351,Seine-Maritime,28.0,Normandie,50.0,4.0,2.0,2,2.0,28,Normandie,76,2,96,LeHavre,166058,1780,167838.0
202000020966,3.0,2,1,2,0.0,1.0,-1.0, -1,-1.0,1998.0,A01,19,2,2020,19:40,5,76.0,76351,2,2,1.0,3.0,JULES FERRY (PLACE),"49,4921800","0,1113600",,76.076351,76351,Seine-Maritime,28.0,Normandie,50.0,4.0,2.0,2,2.0,28,Normandie,76,2,96,LeHavre,166058,1780,167838.0
202000020966,1.0,1,3,1,0.0,2.0,-1.0, -1,-1.0,1995.0,B01,19,2,2020,19:40,5,76.0,76351,2,2,1.0,3.0,JULES FERRY (PLACE),"49,4921800","0,1113600",,76.076351,76351,Seine-Maritime,28.0,Normandie,50.0,4.0,2.0,2,2.0,28,Normandie,76,2,96,LeHavre,166058,1780,167838.0
202000021020,10.0,3,4,1,2.0,8.0,4.0,3,1.0,2002.0,Z01,8,9,2020,15:30,1,76.0,76484,2,1,1.0,6.0,SAVOIE. RUE DE,"49,3553000","1,0952700",,76.076484,76484,Seine-Maritime,28.0,Normandie,30.0,4.0,2.0,2,1.0,28,Normandie,76,3,31,Oissel,12367,83,12450.0
202000021148,2.0,2,3,2,5.0,1.0,0.0,0,-1.0,1948.0,B01,10,9,2020,10:25,1,76.0,76387,1,2,1.0,3.0,cd142,"49,7052220","0,8885190",,76.076387,76387,Seine-Maritime,28.0,Normandie,80.0,3.0,2.0,2,1.0,28,Normandie,76,3,35,Lindebeuf,379,7,386.0
202000021148,1.0,1,1,1,5.0,1.0,0.0,0,-1.0,1951.0,B01,10,9,2020,10:25,1,76.0,76387,1,2,1.0,3.0,cd142,"49,7052220","0,8885190",,76.076387,76387,Seine-Maritime,28.0,Normandie,80.0,3.0,2.0,2,1.0,28,Normandie,76,3,35,Lindebeuf,379,7,386.0
202000021148,1.0,1,1,1,1.0,1.0,0.0,0,-1.0,1997.0,A01,10,9,2020,10:25,1,76.0,76387,1,2,1.0,3.0,cd142,"49,7052220","0,8885190",,76.076387,76387,Seine-Maritime,28.0,Normandie,80.0,3.0,2.0,2,1.0,28,Normandie,76,3,35,Lindebeuf,379,7,386.0
202000021149,1.0,1,1,1,5.0,1.0,0.0,0,-1.0,2006.0,A01,31,8,2020,17:10,1,76.0,76728,1,1,1.0,6.0,Rue de l'Orme,"49,4875310","0,9837380",,76.076728,76728,Seine-Maritime,28.0,Normandie,80.0,4.0,2.0,2,1.0,28,Normandie,76,3,24,La Vaupalière,1192,21,1213.0
202000021149,5.0,2,1,2,5.0,1.0,0.0,0,-1.0,2007.0,A01,31,8,2020,17:10,1,76.0,76728,1,1,1.0,6.0,Rue de l'Orme,"49,4875310","0,9837380",,76.076728,76728,Seine-Maritime,28.0,Normandie,80.0,4.0,2.0,2,1.0,28,Normandie,76,3,24,La Vaupalière,1192,21,1213.0