Num_Acc,place,catu,grav,sexe,trajet,secu,locp,actp,etatp,an_nais,num_veh,jour,mois,an,hrmn,lum,dep,com,agg,int,atm,col,adr,lat,long,gps,com_insee_temp,com_insee,departmentName,regionCode,regionName,vma,catr,circ,nbv,surf,Code,Region,Departement,Arrondissement,Code_Canton,Nom_Commune,Population_municipaLe,Population_comptee_a_part,Population_Totale
202000023581,1.0,1,1,1,5.0,1.0,0.0,0,-1.0,1998.0,A01,6,10,2020,08:20,1,76.0,76238,2,9,9.0,6.0,Rue Aristide Briand,"49,5581860","0,2133740",,76.076238,76238,Seine-Maritime,28.0,Normandie,50.0,3.0,2.0,2,2.0,28,Normandie,76,2,26,ÉpouvilLe2641,38,2679,
202000023581,10.0,3,4,1,2.0,0.0,3.0,3,1.0,2011.0,A01,6,10,2020,08:20,1,76.0,76238,2,9,9.0,6.0,Rue Aristide Briand,"49,5581860","0,2133740",,76.076238,76238,Seine-Maritime,28.0,Normandie,50.0,3.0,2.0,2,2.0,28,Normandie,76,2,26,ÉpouvilLe2641,38,2679,
202000023807,1.0,1,3,1,5.0,0.0,0.0,0,-1.0,1955.0,A01,29,9,2020,14:30,1,76.0,76562,1,1,1.0,-1.0,Rue Edmond Manoury,"49,8683220","1,1980460",,76.076562,76562,Seine-Maritime,28.0,Normandie,80.0,3.0,2.0,2,1.0,28,Normandie,76,1,8,Saint-Aubin-le-Cauf,835,22,857.0
202000023807,1.0,1,1,1,5.0,0.0,0.0,0,-1.0,1956.0,B01,29,9,2020,14:30,1,76.0,76562,1,1,1.0,-1.0,Rue Edmond Manoury,"49,8683220","1,1980460",,76.076562,76562,Seine-Maritime,28.0,Normandie,80.0,3.0,2.0,2,1.0,28,Normandie,76,1,8,Saint-Aubin-le-Cauf,835,22,857.0
202000023943,1.0,1,4,1,0.0,8.0,-1.0, -1,-1.0,2005.0,B01,16,12,2020,19:00,5,76.0,76351,2,5,2.0,6.0,GUSTAVE NICOLLE,"49,4925000","0,1484300",,76.076351,76351,Seine-Maritime,28.0,Normandie,50.0,4.0,2.0,5,2.0,28,Normandie,76,2,96,LeHavre,166058,1780,167838.0
202000024037,1.0,1,1,1,5.0,1.0,0.0,0,-1.0,1967.0,A01,17,12,2020,17:35,5,76.0,76752,2,1,1.0,6.0,Place du General Leclerc,"49,6684690","0,8973340",,76.076752,76752,Seine-Maritime,28.0,Normandie,50.0,6.0,-1.0,-1,1.0,28,Normandie,76,3,35,YervilLe2584,29,2613,
202000024037,10.0,3,3,2,5.0,9.0,5.0,3,1.0,1949.0,A01,17,12,2020,17:35,5,76.0,76752,2,1,1.0,6.0,Place du General Leclerc,"49,6684690","0,8973340",,76.076752,76752,Seine-Maritime,28.0,Normandie,50.0,6.0,-1.0,-1,1.0,28,Normandie,76,3,35,YervilLe2584,29,2613,
202000024062,1.0,1,3,1,0.0,1.0,0.0,0,-1.0,1993.0,A01,20,4,2020,18:45,1,76.0,76562,2,1,1.0,7.0,Route de Dieppe,"49,8692870","1,1765890",,76.076562,76562,Seine-Maritime,28.0,Normandie,80.0,3.0,2.0,2,1.0,28,Normandie,76,1,8,Saint-Aubin-le-Cauf,835,22,857.0
202000024157,1.0,1,4,1,1.0,2.0,0.0,0,-1.0,1986.0,A01,16,4,2020,06:05,5,76.0,76305,1,1,1.0,7.0,ESTUAIRE,"49,4556200","0,2355800",,76.076305,76305,Seine-Maritime,28.0,Normandie,70.0,4.0,2.0,2,1.0,28,Normandie,76,2,16,Gonfreville-l'Orcher,8961,44,9005.0
202000024193,1.0,1,1,1,0.0,1.0,-1.0,0,-1.0,1958.0,A01,15,4,2020,16:53,1,76.0,76575,2,3,1.0,3.0,VAL L'ABBE. RUE DU,"49,3812200","1,1001400",,76.076575,76575,Seine-Maritime,28.0,Normandie,50.0,3.0,-1.0,2,1.0,28,Normandie,76,3,98,Saint-Étienne-du-Rouvray,28508,225,28733.0
202000024193,1.0,1,4,2,0.0,2.0,-1.0,0,-1.0,1986.0,B01,15,4,2020,16:53,1,76.0,76575,2,3,1.0,3.0,VAL L'ABBE. RUE DU,"49,3812200","1,1001400",,76.076575,76575,Seine-Maritime,28.0,Normandie,50.0,3.0,-1.0,2,1.0,28,Normandie,76,3,98,Saint-Étienne-du-Rouvray,28508,225,28733.0
202000024194,1.0,1,4,1,0.0,1.0,0.0,0,-1.0,1992.0,A01,8,4,2020,02:30,5,76.0,76351,2,4,1.0,6.0,PIERRE LOTI,"49,5097200","0,1513800",,76.076351,76351,Seine-Maritime,28.0,Normandie,50.0,4.0,2.0,2,1.0,28,Normandie,76,2,96,LeHavre,166058,1780,167838.0
202000024195,1.0,1,4,1,5.0,2.0,-1.0, -1,-1.0,1947.0,B01,7,4,2020,16:00,1,76.0,76351,2,1,1.0,3.0,CAMILLE DESMOULINS,"49,4780200","0,1412100",,76.076351,76351,Seine-Maritime,28.0,Normandie,50.0,4.0,2.0,2,1.0,28,Normandie,76,2,96,LeHavre,166058,1780,167838.0
202000024196,1.0,1,1,1,0.0,1.0,0.0,0,-1.0,1991.0,B01,30,3,2020,22:20,5,76.0,76351,2,2,1.0,3.0,GERANIUMS (DES),"49,5053500","0,1653700",,76.076351,76351,Seine-Maritime,28.0,Normandie,50.0,4.0,2.0,2,1.0,28,Normandie,76,2,96,LeHavre,166058,1780,167838.0
202000024196,2.0,2,4,1,0.0,1.0,-1.0, -1,-1.0,1993.0,A01,30,3,2020,22:20,5,76.0,76351,2,2,1.0,3.0,GERANIUMS (DES),"49,5053500","0,1653700",,76.076351,76351,Seine-Maritime,28.0,Normandie,50.0,4.0,2.0,2,1.0,28,Normandie,76,2,96,LeHavre,166058,1780,167838.0
202000024196,1.0,1,1,1,0.0,1.0,0.0,0,-1.0,1992.0,A01,30,3,2020,22:20,5,76.0,76351,2,2,1.0,3.0,GERANIUMS (DES),"49,5053500","0,1653700",,76.076351,76351,Seine-Maritime,28.0,Normandie,50.0,4.0,2.0,2,1.0,28,Normandie,76,2,96,LeHavre,166058,1780,167838.0
202000024229,10.0,3,4,1,0.0,0.0,5.0,5,1.0,2007.0,A01,28,1,2020,15:35,1,76.0,76351,2,1,1.0,6.0,BOIS AU COQ (AVENUE),"49,5156800","0,1211800",,76.076351,76351,Seine-Maritime,28.0,Normandie,50.0,9.0,3.0,4,1.0,28,Normandie,76,2,96,LeHavre,166058,1780,167838.0
202000024229,1.0,1,1,1,4.0,8.0,-1.0, -1,-1.0,1970.0,A01,28,1,2020,15:35,1,76.0,76351,2,1,1.0,6.0,BOIS AU COQ (AVENUE),"49,5156800","0,1211800",,76.076351,76351,Seine-Maritime,28.0,Normandie,50.0,9.0,3.0,4,1.0,28,Normandie,76,2,96,LeHavre,166058,1780,167838.0
202000024301,1.0,1,3,1,0.0,8.0,-1.0, -1,-1.0,2000.0,A01,19,1,2020,00:55,5,76.0,76217,2,1,1.0,6.0,MONTIGNY,"49,9168900","1,0705600",,76.076217,76217,Seine-Maritime,28.0,Normandie,50.0,4.0,2.0,2,1.0,28,Normandie,76,1,95,Dieppe,28358,455,28813.0
202000024374,1.0,1,3,1,5.0,2.0,0.0,0,-1.0,2003.0,B01,18,1,2020,18:00,5,76.0,76034,2,1,2.0,1.0,Rue Roger Fossé,"49,7185450","1,0998940",,76.076034,76034,Seine-Maritime,28.0,Normandie,50.0,3.0,2.0,2,2.0,28,Normandie,76,1,20,Val-de-Scie,2526,25,2551.0
202000024374,2.0,2,4,1,5.0,2.0,0.0,0,-1.0,2002.0,B01,18,1,2020,18:00,5,76.0,76034,2,1,2.0,1.0,Rue Roger Fossé,"49,7185450","1,0998940",,76.076034,76034,Seine-Maritime,28.0,Normandie,50.0,3.0,2.0,2,2.0,28,Normandie,76,1,20,Val-de-Scie,2526,25,2551.0
202000024374,1.0,1,1,1,5.0,1.0,0.0,0,-1.0,1969.0,A01,18,1,2020,18:00,5,76.0,76034,2,1,2.0,1.0,Rue Roger Fossé,"49,7185450","1,0998940",,76.076034,76034,Seine-Maritime,28.0,Normandie,50.0,3.0,2.0,2,2.0,28,Normandie,76,1,20,Val-de-Scie,2526,25,2551.0
202000024536,1.0,1,1,1,5.0,1.0,0.0,0,-1.0,1976.0,A01,26,6,2020,18:30,1,76.0,76457,1,1,1.0,3.0,A13,"49,3390150","0,9632460",,76.076457,76457,Seine-Maritime,28.0,Normandie,130.0,1.0,3.0,4,1.0,28,Normandie,76,3,9,Moulineaux,932,16,948.0
202000024536,1.0,1,4,1,5.0,2.0,0.0,0,-1.0,2000.0,B01,26,6,2020,18:30,1,76.0,76457,1,1,1.0,3.0,A13,"49,3390150","0,9632460",,76.076457,76457,Seine-Maritime,28.0,Normandie,130.0,1.0,3.0,4,1.0,28,Normandie,76,3,9,Moulineaux,932,16,948.0
202000024556,10.0,3,4,1,3.0,0.0,4.0,3,1.0,2001.0,A01,9,7,2020,19:30,1,76.0,76276,2,2,1.0,6.0,15 Rue de Neufchatel,"49,6128740","1,5456900",,76.076276,76276,Seine-Maritime,28.0,Normandie,50.0,3.0,2.0,2,1.0,28,Normandie,76,1,12,Forges-les-Eaux,3702,157,3859.0
202000024556,1.0,1,1,1,4.0,1.0,0.0,0,-1.0,1998.0,A01,9,7,2020,19:30,1,76.0,76276,2,2,1.0,6.0,15 Rue de Neufchatel,"49,6128740","1,5456900",,76.076276,76276,Seine-Maritime,28.0,Normandie,50.0,3.0,2.0,2,1.0,28,Normandie,76,1,12,Forges-les-Eaux,3702,157,3859.0
202000024602,1.0,1,3,1,0.0,1.0,-1.0, -1,-1.0,1944.0,A01,8,7,2020,10:40,1,76.0,76157,2,6,1.0,7.0,CD 982 (RUE DE DUCLAIR),"49,4450100","1,0124700",,76.076157,76157,Seine-Maritime,28.0,Normandie,50.0,3.0,-1.0,2,1.0,28,Normandie,76,3,4,Canteleu,13966,360,14326.0
202000024603,10.0,3,4,1,0.0,0.0,3.0,3,1.0,2008.0,A01,7,7,2020,12:10,1,76.0,76351,2,1,1.0,6.0,VALLEE (RUE DE LA),"49,4951300","0,1552500",,76.076351,76351,Seine-Maritime,28.0,Normandie,50.0,4.0,2.0,2,1.0,28,Normandie,76,2,96,LeHavre,166058,1780,167838.0
202000024603,1.0,1,1,1,0.0,1.0,-1.0, -1,-1.0,1963.0,A01,7,7,2020,12:10,1,76.0,76351,2,1,1.0,6.0,VALLEE (RUE DE LA),"49,4951300","0,1552500",,76.076351,76351,Seine-Maritime,28.0,Normandie,50.0,4.0,2.0,2,1.0,28,Normandie,76,2,96,LeHavre,166058,1780,167838.0
202000024753,1.0,1,1,2,5.0,1.0,-1.0, -1,-1.0,2000.0,A01,16,2,2020,07:20,5,76.0,76540,2,2,1.0,3.0,DUFAY. RUE,"49,4221400","1,0800100",,76.076540,76540,Seine-Maritime,28.0,Normandie,30.0,4.0,2.0,2,2.0,28,Normandie,76,3,97,Rouen,114083,1556,115639.0
202000024753,2.0,2,1,1,5.0,1.0,-1.0, -1,-1.0,2001.0,A01,16,2,2020,07:20,5,76.0,76540,2,2,1.0,3.0,DUFAY. RUE,"49,4221400","1,0800100",,76.076540,76540,Seine-Maritime,28.0,Normandie,30.0,4.0,2.0,2,2.0,28,Normandie,76,3,97,Rouen,114083,1556,115639.0
202000024753,1.0,1,4,2,1.0,1.0,-1.0, -1,-1.0,1981.0,B01,16,2,2020,07:20,5,76.0,76540,2,2,1.0,3.0,DUFAY. RUE,"49,4221400","1,0800100",,76.076540,76540,Seine-Maritime,28.0,Normandie,30.0,4.0,2.0,2,2.0,28,Normandie,76,3,97,Rouen,114083,1556,115639.0
202000024754,1.0,1,3,2,1.0,1.0,-1.0,0,-1.0,1985.0,A01,14,2,2020,08:30,1,76.0,76157,1,1,1.0,1.0,SAHURS. ROUTE DE (CD 351),"49,4254300","1,0119200",,76.076157,76157,Seine-Maritime,28.0,Normandie,70.0,3.0,2.0,2,2.0,28,Normandie,76,3,4,Canteleu,13966,360,14326.0
202000024754,1.0,1,3,2,1.0,1.0,-1.0,0,-1.0,1977.0,B01,14,2,2020,08:30,1,76.0,76157,1,1,1.0,1.0,SAHURS. ROUTE DE (CD 351),"49,4254300","1,0119200",,76.076157,76157,Seine-Maritime,28.0,Normandie,70.0,3.0,2.0,2,2.0,28,Normandie,76,3,4,Canteleu,13966,360,14326.0
202000024755,1.0,1,1,1,1.0,1.0,0.0,0,-1.0,1973.0,A01,14,2,2020,07:50,5,76.0,76540,2,3,1.0,3.0,NEUFCHATEL. ROUTE DE,"49,4518000","1,0981700",,76.076540,76540,Seine-Maritime,28.0,Normandie,50.0,3.0,2.0,3,1.0,28,Normandie,76,3,97,Rouen,114083,1556,115639.0
202000024755,1.0,1,4,1,0.0,2.0,-1.0, -1,-1.0,1985.0,B01,14,2,2020,07:50,5,76.0,76540,2,3,1.0,3.0,NEUFCHATEL. ROUTE DE,"49,4518000","1,0981700",,76.076540,76540,Seine-Maritime,28.0,Normandie,50.0,3.0,2.0,3,1.0,28,Normandie,76,3,97,Rouen,114083,1556,115639.0
202000024756,1.0,1,1,1,0.0,1.0,-1.0, -1,-1.0,1952.0,B01,14,2,2020,14:15,1,76.0,76319,1,1,1.0,2.0,RN 138,"49,3469752","1,0182115",,76.076319,76319,Seine-Maritime,28.0,Normandie,110.0,2.0,3.0,4,1.0,28,Normandie,76,3,9,Grand-Couronne,9726,177,9903.0
202000024756,1.0,1,4,1,0.0,1.0,-1.0, -1,-1.0,1968.0,A01,14,2,2020,14:15,1,76.0,76319,1,1,1.0,2.0,RN 138,"49,3469752","1,0182115",,76.076319,76319,Seine-Maritime,28.0,Normandie,110.0,2.0,3.0,4,1.0,28,Normandie,76,3,9,Grand-Couronne,9726,177,9903.0
202000024757,10.0,3,4,2,1.0,0.0,3.0,3,1.0,2000.0,A01,10,2,2020,19:10,5,76.0,76540,2,2,3.0,7.0,GAMBETTA. BOULEVARD LEON,"49,4367800","1,1023300",,76.076540,76540,Seine-Maritime,28.0,Normandie,50.0,4.0,2.0,2,2.0,28,Normandie,76,3,97,Rouen,114083,1556,115639.0
202000024757,1.0,1,1,1,1.0,1.0,-1.0,0,-1.0,1963.0,A01,10,2,2020,19:10,5,76.0,76540,2,2,3.0,7.0,GAMBETTA. BOULEVARD LEON,"49,4367800","1,1023300",,76.076540,76540,Seine-Maritime,28.0,Normandie,50.0,4.0,2.0,2,2.0,28,Normandie,76,3,97,Rouen,114083,1556,115639.0
202000024758,1.0,1,4,1,5.0,8.0,-1.0, -1,-1.0,1997.0,B01,1,2,2020,11:10,1,76.0,76216,2,3,1.0,-1.0,PETIT AULNAY. RUE DU,"49,4633600","1,0461600",,76.076216,76216,Seine-Maritime,28.0,Normandie,50.0,4.0,2.0,2,2.0,28,Normandie,76,3,22,Déville-lès-Rouen,10745,62,10807.0
202000024758,1.0,1,1,1,5.0,1.0,-1.0, -1,-1.0,2003.0,A01,1,2,2020,11:10,1,76.0,76216,2,3,1.0,-1.0,PETIT AULNAY. RUE DU,"49,4633600","1,0461600",,76.076216,76216,Seine-Maritime,28.0,Normandie,50.0,4.0,2.0,2,2.0,28,Normandie,76,3,22,Déville-lès-Rouen,10745,62,10807.0
202000024758,10.0,3,4,2,0.0,0.0,5.0,4,2.0,2018.0,A01,1,2,2020,11:10,1,76.0,76216,2,3,1.0,-1.0,PETIT AULNAY. RUE DU,"49,4633600","1,0461600",,76.076216,76216,Seine-Maritime,28.0,Normandie,50.0,4.0,2.0,2,2.0,28,Normandie,76,3,22,Déville-lès-Rouen,10745,62,10807.0
202000024759,1.0,1,1,1,5.0,1.0,-1.0, -1,-1.0,1934.0,A01,8,2,2020,07:45,2,76.0,76351,2,1,2.0,6.0,GENERAL FERRIE (AVENUE),"49,5089800","0,1746300",,76.076351,76351,Seine-Maritime,28.0,Normandie,50.0,4.0,2.0,2,2.0,28,Normandie,76,2,96,LeHavre,166058,1780,167838.0
202000024759,2.0,2,1,2,5.0,1.0,-1.0, -1,-1.0,1942.0,A01,8,2,2020,07:45,2,76.0,76351,2,1,2.0,6.0,GENERAL FERRIE (AVENUE),"49,5089800","0,1746300",,76.076351,76351,Seine-Maritime,28.0,Normandie,50.0,4.0,2.0,2,2.0,28,Normandie,76,2,96,LeHavre,166058,1780,167838.0
202000024759,10.0,3,3,2,5.0,0.0,2.0,3,1.0,1938.0,A01,8,2,2020,07:45,2,76.0,76351,2,1,2.0,6.0,GENERAL FERRIE (AVENUE),"49,5089800","0,1746300",,76.076351,76351,Seine-Maritime,28.0,Normandie,50.0,4.0,2.0,2,2.0,28,Normandie,76,2,96,LeHavre,166058,1780,167838.0
202000024760,1.0,1,1,2,0.0,1.0,-1.0, -1,-1.0,1975.0,A01,24,1,2020,13:15,1,76.0,76351,2,1,1.0,6.0,FELIX FAURE,"49,5016800","0,1140000",,76.076351,76351,Seine-Maritime,28.0,Normandie,50.0,4.0,2.0,2,1.0,28,Normandie,76,2,96,LeHavre,166058,1780,167838.0
202000024760,10.0,3,3,2,2.0,0.0,3.0,3,1.0,2004.0,A01,24,1,2020,13:15,1,76.0,76351,2,1,1.0,6.0,FELIX FAURE,"49,5016800","0,1140000",,76.076351,76351,Seine-Maritime,28.0,Normandie,50.0,4.0,2.0,2,1.0,28,Normandie,76,2,96,LeHavre,166058,1780,167838.0
202000024761,1.0,1,3,1,5.0,2.0,-1.0,0,-1.0,2002.0,B01,7,2,2020,22:00,5,76.0,76217,2,2,1.0,6.0,FAUBOURG DE LA BARRE (DE),"49,9222079","1,0701585",,76.076217,76217,Seine-Maritime,28.0,Normandie,50.0,3.0,2.0,2,1.0,28,Normandie,76,1,95,Dieppe,28358,455,28813.0
202000024761,2.0,2,4,2,5.0,2.0,-1.0,0,-1.0,2003.0,B01,7,2,2020,22:00,5,76.0,76217,2,2,1.0,6.0,FAUBOURG DE LA BARRE (DE),"49,9222079","1,0701585",,76.076217,76217,Seine-Maritime,28.0,Normandie,50.0,3.0,2.0,2,1.0,28,Normandie,76,1,95,Dieppe,28358,455,28813.0
202000024891,1.0,1,4,2,4.0,1.0,-1.0, -1,-1.0,1994.0,B01,5,9,2020,09:05,1,76.0,76540,2,3,1.0,3.0,AMIENS. RUE D',"49,4401900","1,1027200",,76.076540,76540,Seine-Maritime,28.0,Normandie,30.0,4.0,2.0,2,1.0,28,Normandie,76,3,97,Rouen,114083,1556,115639.0
202000024891,1.0,1,1,2,5.0,1.0,-1.0, -1,-1.0,1966.0,A01,5,9,2020,09:05,1,76.0,76540,2,3,1.0,3.0,AMIENS. RUE D',"49,4401900","1,1027200",,76.076540,76540,Seine-Maritime,28.0,Normandie,30.0,4.0,2.0,2,1.0,28,Normandie,76,3,97,Rouen,114083,1556,115639.0
202000024892,1.0,1,3,2,0.0,2.0,-1.0, -1,-1.0,1989.0,A01,6,9,2020,04:00,5,76.0,76351,2,2,1.0,2.0,MARECHAL JOFFRE (RUE),"49,4996000","0,1227400",,76.076351,76351,Seine-Maritime,28.0,Normandie,50.0,4.0,2.0,2,1.0,28,Normandie,76,2,96,LeHavre,166058,1780,167838.0
202000024892,1.0,1,1,1,0.0,1.0,-1.0, -1,-1.0,1995.0,B01,6,9,2020,04:00,5,76.0,76351,2,2,1.0,2.0,MARECHAL JOFFRE (RUE),"49,4996000","0,1227400",,76.076351,76351,Seine-Maritime,28.0,Normandie,50.0,4.0,2.0,2,1.0,28,Normandie,76,2,96,LeHavre,166058,1780,167838.0
202000024893,2.0,2,4,2,5.0,2.0,-1.0, -1,-1.0,1986.0,A01,6,9,2020,00:55,5,76.0,76351,2,2,1.0,7.0,REPUBLIQUE (COURS DE LA),"49,5000000","0,1298000",,76.076351,76351,Seine-Maritime,28.0,Normandie,50.0,4.0,2.0,4,1.0,28,Normandie,76,2,96,LeHavre,166058,1780,167838.0
202000024893,1.0,1,1,1,5.0,2.0,-1.0, -1,-1.0,1983.0,A01,6,9,2020,00:55,5,76.0,76351,2,2,1.0,7.0,REPUBLIQUE (COURS DE LA),"49,5000000","0,1298000",,76.076351,76351,Seine-Maritime,28.0,Normandie,50.0,4.0,2.0,4,1.0,28,Normandie,76,2,96,LeHavre,166058,1780,167838.0
202000025011,1.0,1,3,2,5.0,1.0,0.0,0,-1.0,1958.0,A01,8,8,2020,15:20,1,76.0,76628,1,9,1.0,7.0,A29,"49,6408840","1,0214710",,76.076628,76628,Seine-Maritime,28.0,Normandie,130.0,1.0,1.0,4,1.0,28,Normandie,76,1,20,Saint-Ouen-du-Breuil,889,14,903.0
202000025011,2.0,2,3,1,5.0,1.0,0.0,0,-1.0,1962.0,A01,8,8,2020,15:20,1,76.0,76628,1,9,1.0,7.0,A29,"49,6408840","1,0214710",,76.076628,76628,Seine-Maritime,28.0,Normandie,130.0,1.0,1.0,4,1.0,28,Normandie,76,1,20,Saint-Ouen-du-Breuil,889,14,903.0
202000025018,1.0,1,1,1,5.0,1.0,0.0,0,-1.0,1944.0,A01,8,8,2020,10:40,1,76.0,76755,1,3,7.0,3.0,D926,"49,6883890","0,5450730",,76.076755,76755,Seine-Maritime,28.0,Normandie,80.0,3.0,2.0,2,1.0,28,Normandie,76,2,11,Ypreville-BivilLe555,8,563,
202000025018,2.0,2,3,2,5.0,2.0,0.0,0,-1.0,1968.0,B01,8,8,2020,10:40,1,76.0,76755,1,3,7.0,3.0,D926,"49,6883890","0,5450730",,76.076755,76755,Seine-Maritime,28.0,Normandie,80.0,3.0,2.0,2,1.0,28,Normandie,76,2,11,Ypreville-BivilLe555,8,563,
202000025018,1.0,1,4,1,5.0,2.0,0.0,0,-1.0,1966.0,B01,8,8,2020,10:40,1,76.0,76755,1,3,7.0,3.0,D926,"49,6883890","0,5450730",,76.076755,76755,Seine-Maritime,28.0,Normandie,80.0,3.0,2.0,2,1.0,28,Normandie,76,2,11,Ypreville-BivilLe555,8,563,
202000025102,2.0,2,3,2,5.0,1.0,-1.0, -1,-1.0,2000.0,A01,6,8,2020,04:50,5,76.0,76217,2,1,1.0,6.0,GAMBETTA (AVENUE),"49,9219900","1,0732200",,76.076217,76217,Seine-Maritime,28.0,Normandie,50.0,3.0,2.0,3,1.0,28,Normandie,76,1,95,Dieppe,28358,455,28813.0
202000025102,4.0,2,4,2,0.0,1.0,-1.0, -1,-1.0,2003.0,A01,6,8,2020,04:50,5,76.0,76217,2,1,1.0,6.0,GAMBETTA (AVENUE),"49,9219900","1,0732200",,76.076217,76217,Seine-Maritime,28.0,Normandie,50.0,3.0,2.0,3,1.0,28,Normandie,76,1,95,Dieppe,28358,455,28813.0
202000025102,1.0,1,4,2,5.0,1.0,-1.0, -1,-1.0,1998.0,A01,6,8,2020,04:50,5,76.0,76217,2,1,1.0,6.0,GAMBETTA (AVENUE),"49,9219900","1,0732200",,76.076217,76217,Seine-Maritime,28.0,Normandie,50.0,3.0,2.0,3,1.0,28,Normandie,76,1,95,Dieppe,28358,455,28813.0
202000025275,1.0,1,4,2,1.0,1.0,0.0,0,-1.0,1990.0,A01,5,6,2020,20:00,1,76.0,76484,1,1,1.0,6.0,A139,"49,3527490","1,0335730",,76.076484,76484,Seine-Maritime,28.0,Normandie,110.0,1.0,3.0,4,1.0,28,Normandie,76,3,31,Oissel,12367,83,12450.0
202000025313,1.0,1,3,1,5.0,1.0,0.0,0,-1.0,1956.0,B01,7,6,2020,23:00,3,76.0,76473,1,2,1.0,2.0,D490,"49,4861150","0,7574790",,76.076473,76473,Seine-Maritime,28.0,Normandie,80.0,3.0,2.0,2,1.0,28,Normandie,76,3,25,Notre-Dame-de-Bliquetuit,817,11,828.0
202000025313,1.0,1,1,1,5.0,1.0,0.0,0,-1.0,1977.0,A01,7,6,2020,23:00,3,76.0,76473,1,2,1.0,2.0,D490,"49,4861150","0,7574790",,76.076473,76473,Seine-Maritime,28.0,Normandie,80.0,3.0,2.0,2,1.0,28,Normandie,76,3,25,Notre-Dame-de-Bliquetuit,817,11,828.0
202000025313,9.0,2,1,2,5.0,1.0,0.0,0,-1.0,1981.0,A01,7,6,2020,23:00,3,76.0,76473,1,2,1.0,2.0,D490,"49,4861150","0,7574790",,76.076473,76473,Seine-Maritime,28.0,Normandie,80.0,3.0,2.0,2,1.0,28,Normandie,76,3,25,Notre-Dame-de-Bliquetuit,817,11,828.0
202000025345,1.0,1,1,1,4.0,1.0,-1.0, -1,-1.0,1998.0,A01,6,11,2020,07:40,1,76.0,76540,2,1,1.0,3.0,NEUFCHATEL. ROUTE DE,"49,4530300","1,0986600",,76.076540,76540,Seine-Maritime,28.0,Normandie,50.0,3.0,2.0,3,1.0,28,Normandie,76,3,97,Rouen,114083,1556,115639.0
202000025345,1.0,1,4,1,1.0,2.0,-1.0, -1,-1.0,1978.0,B01,6,11,2020,07:40,1,76.0,76540,2,1,1.0,3.0,NEUFCHATEL. ROUTE DE,"49,4530300","1,0986600",,76.076540,76540,Seine-Maritime,28.0,Normandie,50.0,3.0,2.0,3,1.0,28,Normandie,76,3,97,Rouen,114083,1556,115639.0
202000025348,1.0,1,4,1,0.0,8.0,-1.0, -1,-1.0,1997.0,A01,5,11,2020,21:00,5,76.0,76351,2,2,1.0,3.0,MARECHAL JOFFRE (RUE),"49,4989310","0,1198750",,76.076351,76351,Seine-Maritime,28.0,Normandie,50.0,4.0,2.0,2,1.0,28,Normandie,76,2,96,LeHavre,166058,1780,167838.0
202000025348,1.0,1,1,1,1.0,1.0,-1.0, -1,-1.0,2000.0,B01,5,11,2020,21:00,5,76.0,76351,2,2,1.0,3.0,MARECHAL JOFFRE (RUE),"49,4989310","0,1198750",,76.076351,76351,Seine-Maritime,28.0,Normandie,50.0,4.0,2.0,2,1.0,28,Normandie,76,2,96,LeHavre,166058,1780,167838.0
202000025501,1.0,1,3,1,5.0,2.0,0.0,0,-1.0,1959.0,A01,6,6,2020,17:00,1,76.0,76488,1,1,6.0,7.0,Rue de Maldestour,"49,7839000","0,5923000",,76.076488,76488,Seine-Maritime,28.0,Normandie,80.0,3.0,2.0,2,1.0,28,Normandie,76,1,33,OuainvilLe527,12,539,
202000025576,1.0,1,1,1,0.0,1.0,-1.0, -1,-1.0,1944.0,A01,2,10,2020,20:00,3,76.0,76095,2,1,2.0,5.0,RN 28 (ROUTE DE NEUFCHATEL),"49,4575200","1,1080900",,76.076095,76095,Seine-Maritime,28.0,Normandie,50.0,3.0,2.0,2,2.0,28,Normandie,76,3,2,Bihorel,8199,164,8363.0
202000025576,1.0,1,1,1,0.0,1.0,-1.0, -1,-1.0,2001.0,C01,2,10,2020,20:00,3,76.0,76095,2,1,2.0,5.0,RN 28 (ROUTE DE NEUFCHATEL),"49,4575200","1,1080900",,76.076095,76095,Seine-Maritime,28.0,Normandie,50.0,3.0,2.0,2,2.0,28,Normandie,76,3,2,Bihorel,8199,164,8363.0
202000025576,1.0,1,4,1,4.0,2.0,-1.0, -1,-1.0,1997.0,B01,2,10,2020,20:00,3,76.0,76095,2,1,2.0,5.0,RN 28 (ROUTE DE NEUFCHATEL),"49,4575200","1,1080900",,76.076095,76095,Seine-Maritime,28.0,Normandie,50.0,3.0,2.0,2,2.0,28,Normandie,76,3,2,Bihorel,8199,164,8363.0
202000025663,10.0,3,3,1,5.0,8.0,3.0,3,1.0,1928.0,A01,5,6,2020,15:00,1,76.0,76217,2,1,1.0,6.0,BOURSE (ARCADES DE LA),"49,9267600","1,0794700",,76.076217,76217,Seine-Maritime,28.0,Normandie,30.0,4.0,1.0,2,1.0,28,Normandie,76,1,95,Dieppe,28358,455,28813.0
202000025663,1.0,1,1,1,0.0,1.0,-1.0, -1,-1.0,2000.0,A01,5,6,2020,15:00,1,76.0,76217,2,1,1.0,6.0,BOURSE (ARCADES DE LA),"49,9267600","1,0794700",,76.076217,76217,Seine-Maritime,28.0,Normandie,30.0,4.0,1.0,2,1.0,28,Normandie,76,1,95,Dieppe,28358,455,28813.0