Num_Acc,place,catu,grav,sexe,trajet,secu,locp,actp,etatp,an_nais,num_veh,jour,mois,an,hrmn,lum,dep,com,agg,int,atm,col,adr,lat,long,gps,com_insee_temp,com_insee,departmentName,regionCode,regionName,vma,catr,circ,nbv,surf,Code,Region,Departement,Arrondissement,Code_Canton,Nom_Commune,Population_municipaLe,Population_comptee_a_part,Population_Totale
202000025943,1.0,1,4,1,0.0,1.0,-1.0, -1,-1.0,1984.0,A01,9,4,2020,23:00,5,76.0,76319,1,1,1.0,7.0,ESSARTS. RUE DES (CD 13),"49,3382604","1,0140420",,76.076319,76319,Seine-Maritime,28.0,Normandie,80.0,3.0,2.0,2,1.0,28,Normandie,76,3,9,Grand-Couronne,9726,177,9903.0
202000026028,1.0,1,4,1,0.0,2.0,-1.0, -1,-1.0,2001.0,B01,15,12,2020,18:00,5,76.0,76540,2,1,1.0,2.0,CANADIENS. AVENUE DES,"49,4589100","1,1289700",,76.076540,76540,Seine-Maritime,28.0,Normandie,30.0,4.0,2.0,2,1.0,28,Normandie,76,3,97,Rouen,114083,1556,115639.0
202000026028,1.0,1,1,1,5.0,1.0,-1.0, -1,-1.0,1947.0,A01,15,12,2020,18:00,5,76.0,76540,2,1,1.0,2.0,CANADIENS. AVENUE DES,"49,4589100","1,1289700",,76.076540,76540,Seine-Maritime,28.0,Normandie,30.0,4.0,2.0,2,1.0,28,Normandie,76,3,97,Rouen,114083,1556,115639.0
202000026153,1.0,1,3,1,0.0,8.0,-1.0, -1,-1.0,1988.0,A01,16,1,2020,19:07,4,76.0,76165,2,1,1.0,-1.0,CHENNEVIERE. RUE,"49,2899100","1,0262500",,76.076165,76165,Seine-Maritime,28.0,Normandie,50.0,4.0,2.0,2,1.0,28,Normandie,76,3,5,Caudebec-lès-Elbeuf,10135,69,10204.0
202000026153,1.0,1,1,2,0.0,1.0,-1.0, -1,-1.0,1991.0,B01,16,1,2020,19:07,4,76.0,76165,2,1,1.0,-1.0,CHENNEVIERE. RUE,"49,2899100","1,0262500",,76.076165,76165,Seine-Maritime,28.0,Normandie,50.0,4.0,2.0,2,1.0,28,Normandie,76,3,5,Caudebec-lès-Elbeuf,10135,69,10204.0
202000026154,1.0,1,1,1,0.0,1.0,-1.0, -1,-1.0,1985.0,B01,16,1,2020,18:05,5,76.0,76351,2,1,1.0,-1.0,FRISSARD (QUAI),"49,4903800","0,1275600",,76.076351,76351,Seine-Maritime,28.0,Normandie,30.0,4.0,2.0,2,1.0,28,Normandie,76,2,96,LeHavre,166058,1780,167838.0
202000026154,10.0,3,4,1,0.0,0.0,3.0,3,1.0,1996.0,A01,16,1,2020,18:05,5,76.0,76351,2,1,1.0,-1.0,FRISSARD (QUAI),"49,4903800","0,1275600",,76.076351,76351,Seine-Maritime,28.0,Normandie,30.0,4.0,2.0,2,1.0,28,Normandie,76,2,96,LeHavre,166058,1780,167838.0
202000026154,1.0,1,1,1,5.0,2.0,0.0,0,-1.0,1999.0,A01,16,1,2020,18:05,5,76.0,76351,2,1,1.0,-1.0,FRISSARD (QUAI),"49,4903800","0,1275600",,76.076351,76351,Seine-Maritime,28.0,Normandie,30.0,4.0,2.0,2,1.0,28,Normandie,76,2,96,LeHavre,166058,1780,167838.0
202000026338,1.0,1,1,1,1.0,1.0,0.0,0,-1.0,1993.0,A01,15,1,2020,08:10,5,76.0,76540,2,1,1.0,6.0,MONT RIBOUDET. AVENUE DU,"49,4463700","1,0708900",,76.076540,76540,Seine-Maritime,28.0,Normandie,50.0,3.0,3.0,7,1.0,28,Normandie,76,3,97,Rouen,114083,1556,115639.0
202000026338,10.0,3,4,2,1.0,0.0,3.0,3,1.0,1998.0,A01,15,1,2020,08:10,5,76.0,76540,2,1,1.0,6.0,MONT RIBOUDET. AVENUE DU,"49,4463700","1,0708900",,76.076540,76540,Seine-Maritime,28.0,Normandie,50.0,3.0,3.0,7,1.0,28,Normandie,76,3,97,Rouen,114083,1556,115639.0
202000026339,1.0,1,1,1,0.0,1.0,0.0,0,-1.0,1958.0,A01,15,1,2020,09:10,1,76.0,76351,2,1,1.0,6.0,PIERRE FARCIS,"49,5168100","0,1011000",,76.076351,76351,Seine-Maritime,28.0,Normandie,50.0,4.0,2.0,-1,1.0,28,Normandie,76,2,96,LeHavre,166058,1780,167838.0
202000026339,10.0,3,4,1,3.0,0.0,2.0,3,1.0,1969.0,A01,15,1,2020,09:10,1,76.0,76351,2,1,1.0,6.0,PIERRE FARCIS,"49,5168100","0,1011000",,76.076351,76351,Seine-Maritime,28.0,Normandie,50.0,4.0,2.0,-1,1.0,28,Normandie,76,2,96,LeHavre,166058,1780,167838.0
202000026340,1.0,1,1,1,5.0,1.0,0.0,0,-1.0,1936.0,A01,10,1,2020,12:10,1,76.0,76351,2,2,1.0,3.0,LOUIS BRINDEAU,"49,4912200","0,1033600",,76.076351,76351,Seine-Maritime,28.0,Normandie,30.0,4.0,1.0,2,1.0,28,Normandie,76,2,96,LeHavre,166058,1780,167838.0
202000026340,2.0,2,1,2,5.0,1.0,0.0,0,-1.0,1940.0,A01,10,1,2020,12:10,1,76.0,76351,2,2,1.0,3.0,LOUIS BRINDEAU,"49,4912200","0,1033600",,76.076351,76351,Seine-Maritime,28.0,Normandie,30.0,4.0,1.0,2,1.0,28,Normandie,76,2,96,LeHavre,166058,1780,167838.0
202000026340,1.0,1,4,1,2.0,8.0,0.0,0,-1.0,2006.0,B01,10,1,2020,12:10,1,76.0,76351,2,2,1.0,3.0,LOUIS BRINDEAU,"49,4912200","0,1033600",,76.076351,76351,Seine-Maritime,28.0,Normandie,30.0,4.0,1.0,2,1.0,28,Normandie,76,2,96,LeHavre,166058,1780,167838.0
202000026737,1.0,1,3,2,0.0,1.0,0.0,0,-1.0,1996.0,A01,7,9,2020,08:30,1,76.0,76155,2,1,7.0,3.0,153 Rue des Potiers,"49,9845350","1,3536680",,76.076155,76155,Seine-Maritime,28.0,Normandie,50.0,3.0,2.0,2,1.0,28,Normandie,76,1,10,Canehan,381,13,394.0
202000026737,1.0,1,1,1,4.0,0.0,0.0,0,-1.0,1968.0,B01,7,9,2020,08:30,1,76.0,76155,2,1,7.0,3.0,153 Rue des Potiers,"49,9845350","1,3536680",,76.076155,76155,Seine-Maritime,28.0,Normandie,50.0,3.0,2.0,2,1.0,28,Normandie,76,1,10,Canehan,381,13,394.0
202000026880,1.0,1,4,1,5.0,2.0,0.0,0,-1.0,2000.0,A01,6,9,2020,15:00,1,76.0,76637,1,1,1.0,7.0,D79,"49,8124980","0,5121250",,76.076637,76637,Seine-Maritime,28.0,Normandie,80.0,3.0,2.0,2,1.0,28,Normandie,76,2,11,Saint-Pierre-en-Port,830,14,844.0
202000026880,2.0,2,4,2,5.0,2.0,0.0,0,-1.0,2000.0,A01,6,9,2020,15:00,1,76.0,76637,1,1,1.0,7.0,D79,"49,8124980","0,5121250",,76.076637,76637,Seine-Maritime,28.0,Normandie,80.0,3.0,2.0,2,1.0,28,Normandie,76,2,11,Saint-Pierre-en-Port,830,14,844.0
202000027067,1.0,1,4,1,0.0,1.0,-1.0, -1,-1.0,1985.0,A01,5,11,2020,04:30,5,76.0,76681,2,1,9.0,3.0,14 JUILLET. AVENUE DU,"49,4078700","1,0904900",,76.076681,76681,Seine-Maritime,28.0,Normandie,50.0,4.0,2.0,2,1.0,28,Normandie,76,3,99,Sotteville-lès-Rouen,28965,475,29440.0
202000027067,1.0,1,4,1,0.0,1.0,-1.0, -1,-1.0,1978.0,B01,5,11,2020,04:30,5,76.0,76681,2,1,9.0,3.0,14 JUILLET. AVENUE DU,"49,4078700","1,0904900",,76.076681,76681,Seine-Maritime,28.0,Normandie,50.0,4.0,2.0,2,1.0,28,Normandie,76,3,99,Sotteville-lès-Rouen,28965,475,29440.0
202000027069,1.0,1,1,1,5.0,1.0,-1.0, -1,-1.0,1955.0,A01,4,11,2020,17:36,1,76.0,76351,2,3,1.0,2.0,PAUL BERT (AVENUE).,"49,5079900","0,1682400",,76.076351,76351,Seine-Maritime,28.0,Normandie,50.0,4.0,2.0,2,1.0,28,Normandie,76,2,96,LeHavre,166058,1780,167838.0
202000027069,1.0,1,4,1,0.0,2.0,-1.0, -1,-1.0,1966.0,B01,4,11,2020,17:36,1,76.0,76351,2,3,1.0,2.0,PAUL BERT (AVENUE).,"49,5079900","0,1682400",,76.076351,76351,Seine-Maritime,28.0,Normandie,50.0,4.0,2.0,2,1.0,28,Normandie,76,2,96,LeHavre,166058,1780,167838.0
202000027073,10.0,3,4,2,5.0,8.0,3.0,3,2.0,1936.0,Z01,4,11,2020,09:50,1,76.0,76351,2,3,1.0,6.0,ALBERT SAMAIN,"49,5167300","0,0929600",,76.076351,76351,Seine-Maritime,28.0,Normandie,50.0,4.0,2.0,2,1.0,28,Normandie,76,2,96,LeHavre,166058,1780,167838.0
202000027085,2.0,2,4,2,0.0,1.0,-1.0,0,-1.0,2001.0,A01,9,4,2020,01:15,5,76.0,76319,2,1,1.0,7.0,ESSARTS. RUE DES (CD 13),"49,3528700","1,0130800",,76.076319,76319,Seine-Maritime,28.0,Normandie,50.0,3.0,2.0,2,1.0,28,Normandie,76,3,9,Grand-Couronne,9726,177,9903.0
202000027302,10.0,3,4,2,9.0,0.0,1.0,5,1.0,1994.0,A01,8,4,2020,17:40,1,76.0,76226,2,1,7.0,6.0,2 Rue des Hetres,"49,7904490","0,4849000",,76.076226,76226,Seine-Maritime,28.0,Normandie,50.0,4.0,2.0,2,1.0,28,Normandie,76,2,11,Écretteville-sur-Mer,155,2,157.0
202000027302,1.0,1,1,1,3.0,2.0,0.0,0,-1.0,1995.0,A01,8,4,2020,17:40,1,76.0,76226,2,1,7.0,6.0,2 Rue des Hetres,"49,7904490","0,4849000",,76.076226,76226,Seine-Maritime,28.0,Normandie,50.0,4.0,2.0,2,1.0,28,Normandie,76,2,11,Écretteville-sur-Mer,155,2,157.0
202000027305,1.0,1,3,2,5.0,0.0,0.0,0,-1.0,1962.0,A01,8,4,2020,18:30,1,76.0,76452,2,6,1.0,7.0,Rue de Bois Isambert,"49,5435800","1,1042010",,76.076452,76452,Seine-Maritime,28.0,Normandie,50.0,3.0,2.0,2,1.0,28,Normandie,76,3,2,MontvilLe4595,51,4646,
202000027455,1.0,1,4,1,3.0,1.0,-1.0, -1,-1.0,1976.0,B01,2,11,2020,11:40,1,76.0,76351,2,1,2.0,1.0,LOUIS BLERIOT,"49,5302052","0,0948046",,76.076351,76351,Seine-Maritime,28.0,Normandie,50.0,3.0,2.0,2,2.0,28,Normandie,76,2,96,LeHavre,166058,1780,167838.0
202000027455,2.0,2,4,2,3.0,1.0,-1.0, -1,-1.0,1976.0,B01,2,11,2020,11:40,1,76.0,76351,2,1,2.0,1.0,LOUIS BLERIOT,"49,5302052","0,0948046",,76.076351,76351,Seine-Maritime,28.0,Normandie,50.0,3.0,2.0,2,2.0,28,Normandie,76,2,96,LeHavre,166058,1780,167838.0
202000027455,1.0,1,1,1,0.0,1.0,-1.0, -1,-1.0,1982.0,A01,2,11,2020,11:40,1,76.0,76351,2,1,2.0,1.0,LOUIS BLERIOT,"49,5302052","0,0948046",,76.076351,76351,Seine-Maritime,28.0,Normandie,50.0,3.0,2.0,2,2.0,28,Normandie,76,2,96,LeHavre,166058,1780,167838.0
202000027735,1.0,1,3,1,5.0,2.0,0.0,0,-1.0,1980.0,B01,3,10,2020,10:00,1,76.0,76125,1,9,8.0,1.0,Chemin de Crecieusemare,"49,6246400","1,1685100",,76.076125,76125,Seine-Maritime,28.0,Normandie,80.0,4.0,2.0,2,6.0,28,Normandie,76,3,23,Bosc-le-Hard,1579,18,1597.0
202000027735,1.0,1,1,1,5.0,1.0,0.0,0,-1.0,1995.0,A01,3,10,2020,10:00,1,76.0,76125,1,9,8.0,1.0,Chemin de Crecieusemare,"49,6246400","1,1685100",,76.076125,76125,Seine-Maritime,28.0,Normandie,80.0,4.0,2.0,2,6.0,28,Normandie,76,3,23,Bosc-le-Hard,1579,18,1597.0
202000028035,1.0,1,1,1,4.0,1.0,0.0,0,-1.0,1977.0,A01,16,12,2020,11:29,1,76.0,76728,1,1,1.0,2.0,A150,"49,4826990","1,0067490",,76.076728,76728,Seine-Maritime,28.0,Normandie,110.0,1.0,1.0,4,1.0,28,Normandie,76,3,24,La Vaupalière,1192,21,1213.0
202000028035,1.0,1,3,2,3.0,1.0,0.0,0,-1.0,1974.0,B01,16,12,2020,11:29,1,76.0,76728,1,1,1.0,2.0,A150,"49,4826990","1,0067490",,76.076728,76728,Seine-Maritime,28.0,Normandie,110.0,1.0,1.0,4,1.0,28,Normandie,76,3,24,La Vaupalière,1192,21,1213.0
202000028237,1.0,1,3,2,0.0,8.0,-1.0, -1,-1.0,1949.0,A01,14,1,2020,16:55,2,76.0,76217,2,9,1.0,3.0,DUQUESNE (QUAI),"49,9251000","1,0804690",,76.076217,76217,Seine-Maritime,28.0,Normandie,30.0,4.0,1.0,2,1.0,28,Normandie,76,1,95,Dieppe,28358,455,28813.0
202000028237,1.0,1,1,1,9.0,1.0,-1.0, -1,-1.0,1978.0,B01,14,1,2020,16:55,2,76.0,76217,2,9,1.0,3.0,DUQUESNE (QUAI),"49,9251000","1,0804690",,76.076217,76217,Seine-Maritime,28.0,Normandie,30.0,4.0,1.0,2,1.0,28,Normandie,76,1,95,Dieppe,28358,455,28813.0
202000028238,10.0,3,4,2,1.0,0.0,3.0,3,1.0,1973.0,A01,14,1,2020,11:30,1,76.0,76414,2,1,1.0,7.0,SAINT MARTIN (RUE),"49,8995675","1,1505707",,76.076414,76414,Seine-Maritime,28.0,Normandie,50.0,4.0,2.0,2,2.0,28,Normandie,76,1,8,Martin-Église,1600,55,1655.0
202000028238,1.0,1,1,2,5.0,1.0,0.0,0,-1.0,1940.0,A01,14,1,2020,11:30,1,76.0,76414,2,1,1.0,7.0,SAINT MARTIN (RUE),"49,8995675","1,1505707",,76.076414,76414,Seine-Maritime,28.0,Normandie,50.0,4.0,2.0,2,2.0,28,Normandie,76,1,8,Martin-Église,1600,55,1655.0
202000028438,1.0,1,3,1,5.0,2.0,-1.0, -1,-1.0,1952.0,A01,5,7,2020,19:05,1,76.0,76681,2,2,1.0,2.0,CORNEILLE. RUE PIERRE,"49,4182000","1,0971500",,76.076681,76681,Seine-Maritime,28.0,Normandie,50.0,3.0,2.0,2,1.0,28,Normandie,76,3,99,Sotteville-lès-Rouen,28965,475,29440.0
202000028512,1.0,1,1,1,4.0,1.0,0.0,0,-1.0,1977.0,A01,17,2,2020,17:27,1,76.0,76281,1,2,1.0,2.0,D484,"49,5201310","0,5748890",,76.076281,76281,Seine-Maritime,28.0,Normandie,80.0,3.0,2.0,2,1.0,28,Normandie,76,2,25,La Frénaye,2081,44,2125.0
202000028512,2.0,2,3,2,5.0,1.0,0.0,0,-1.0,1938.0,B01,17,2,2020,17:27,1,76.0,76281,1,2,1.0,2.0,D484,"49,5201310","0,5748890",,76.076281,76281,Seine-Maritime,28.0,Normandie,80.0,3.0,2.0,2,1.0,28,Normandie,76,2,25,La Frénaye,2081,44,2125.0
202000028512,1.0,1,1,1,5.0,1.0,0.0,0,-1.0,1930.0,B01,17,2,2020,17:27,1,76.0,76281,1,2,1.0,2.0,D484,"49,5201310","0,5748890",,76.076281,76281,Seine-Maritime,28.0,Normandie,80.0,3.0,2.0,2,1.0,28,Normandie,76,2,25,La Frénaye,2081,44,2125.0
202000028589,2.0,2,3,2,5.0,1.0,0.0,0,-1.0,1997.0,A01,16,2,2020,18:40,3,76.0,76516,1,1,3.0,7.0,A28,"49,7166000","1,4154000",,76.076516,76516,Seine-Maritime,28.0,Normandie,130.0,1.0,3.0,4,2.0,28,Normandie,76,1,23,Quièvrecourt,406,18,424.0
202000028589,1.0,1,1,1,5.0,1.0,0.0,0,-1.0,1999.0,A01,16,2,2020,18:40,3,76.0,76516,1,1,3.0,7.0,A28,"49,7166000","1,4154000",,76.076516,76516,Seine-Maritime,28.0,Normandie,130.0,1.0,3.0,4,2.0,28,Normandie,76,1,23,Quièvrecourt,406,18,424.0
202000028608,1.0,1,3,2,0.0,1.0,0.0,0,-1.0,1983.0,A01,17,2,2020,00:00,3,76.0,76657,1,9,1.0,6.0,A131,"49,4892600","0,3792860",,76.076657,76657,Seine-Maritime,28.0,Normandie,130.0,1.0,3.0,4,2.0,28,Normandie,76,2,32,Saint-Vigor-d'YmonvilLe1167,24,1191,
202000028665,1.0,1,4,1,0.0,1.0,0.0,0,-1.0,2000.0,A01,6,9,2020,22:00,3,76.0,76223,1,1,1.0,6.0,D89,"49,6177310","0,8310000",,76.076223,76223,Seine-Maritime,28.0,Normandie,80.0,3.0,2.0,2,1.0,28,Normandie,76,3,24,Écalles-Alix,528,6,534.0
202000028665,2.0,2,4,2,9.0,1.0,0.0,0,-1.0,2000.0,A01,6,9,2020,22:00,3,76.0,76223,1,1,1.0,6.0,D89,"49,6177310","0,8310000",,76.076223,76223,Seine-Maritime,28.0,Normandie,80.0,3.0,2.0,2,1.0,28,Normandie,76,3,24,Écalles-Alix,528,6,534.0
202000028665,10.0,3,2,1,1.0,0.0,1.0,1,1.0,1980.0,A01,6,9,2020,22:00,3,76.0,76223,1,1,1.0,6.0,D89,"49,6177310","0,8310000",,76.076223,76223,Seine-Maritime,28.0,Normandie,80.0,3.0,2.0,2,1.0,28,Normandie,76,3,24,Écalles-Alix,528,6,534.0
202000028666,1.0,1,3,1,1.0,2.0,0.0,0,-1.0,1998.0,A01,7,9,2020,13:40,1,76.0,76660,1,1,1.0,2.0,Route des Alizes,"49,4785109","0,3081141",,76.076660,76660,Seine-Maritime,28.0,Normandie,50.0,4.0,2.0,2,1.0,28,Normandie,76,2,32,SandouvilLe800,11,811,
202000028666,1.0,1,1,1,1.0,1.0,0.0,0,-1.0,1976.0,B01,7,9,2020,13:40,1,76.0,76660,1,1,1.0,2.0,Route des Alizes,"49,4785109","0,3081141",,76.076660,76660,Seine-Maritime,28.0,Normandie,50.0,4.0,2.0,2,1.0,28,Normandie,76,2,32,SandouvilLe800,11,811,
202000028697,1.0,1,1,1,0.0,1.0,-1.0, -1,-1.0,1964.0,B01,4,9,2020,17:08,1,76.0,76329,2,9,1.0,3.0,ABBAYE (RUE DE L'),"49,5498400","0,4919000",,76.076329,76329,Seine-Maritime,28.0,Normandie,50.0,3.0,2.0,1,1.0,28,Normandie,76,2,3,Gruchet-le-Valasse,3074,39,3113.0
202000028697,1.0,1,3,1,9.0,2.0,-1.0, -1,-1.0,1964.0,A01,4,9,2020,17:08,1,76.0,76329,2,9,1.0,3.0,ABBAYE (RUE DE L'),"49,5498400","0,4919000",,76.076329,76329,Seine-Maritime,28.0,Normandie,50.0,3.0,2.0,1,1.0,28,Normandie,76,2,3,Gruchet-le-Valasse,3074,39,3113.0
202000028856,1.0,1,2,1,1.0,2.0,0.0,0,-1.0,1970.0,A01,7,4,2020,20:15,2,76.0,76331,2,1,1.0,6.0,Route de l'Etablissement,"49,6154890","1,1051990",,76.076331,76331,Seine-Maritime,28.0,Normandie,30.0,3.0,2.0,2,1.0,28,Normandie,76,3,2,Grugny,1005,5,1010.0
202000028879,1.0,1,4,1,5.0,2.0,-1.0, -1,-1.0,2002.0,A01,6,4,2020,04:17,5,76.0,76681,2,1,1.0,7.0,GUESDE. RUE JULES,"49,3975800","1,0831900",,76.076681,76681,Seine-Maritime,28.0,Normandie,50.0,4.0,2.0,2,1.0,28,Normandie,76,3,99,Sotteville-lès-Rouen,28965,475,29440.0
202000029059,3.0,2,4,1,5.0,1.0,-1.0, -1,-1.0,2009.0,B01,4,8,2020,12:10,1,76.0,76498,2,1,1.0,2.0,ALLIES. AVENUE DES,"49,4225500","1,0533500",,76.076498,76498,Seine-Maritime,28.0,Normandie,50.0,3.0,2.0,2,1.0,28,Normandie,76,3,27,LePetit-Quevilly,21782,274,22056.0
202000029059,2.0,2,1,2,5.0,1.0,-1.0, -1,-1.0,1982.0,B01,4,8,2020,12:10,1,76.0,76498,2,1,1.0,2.0,ALLIES. AVENUE DES,"49,4225500","1,0533500",,76.076498,76498,Seine-Maritime,28.0,Normandie,50.0,3.0,2.0,2,1.0,28,Normandie,76,3,27,LePetit-Quevilly,21782,274,22056.0
202000029059,1.0,1,1,1,5.0,1.0,-1.0, -1,-1.0,1972.0,B01,4,8,2020,12:10,1,76.0,76498,2,1,1.0,2.0,ALLIES. AVENUE DES,"49,4225500","1,0533500",,76.076498,76498,Seine-Maritime,28.0,Normandie,50.0,3.0,2.0,2,1.0,28,Normandie,76,3,27,LePetit-Quevilly,21782,274,22056.0
202000029059,1.0,1,1,1,5.0,1.0,-1.0, -1,-1.0,1981.0,A01,4,8,2020,12:10,1,76.0,76498,2,1,1.0,2.0,ALLIES. AVENUE DES,"49,4225500","1,0533500",,76.076498,76498,Seine-Maritime,28.0,Normandie,50.0,3.0,2.0,2,1.0,28,Normandie,76,3,27,LePetit-Quevilly,21782,274,22056.0
202000029060,1.0,1,4,1,0.0,1.0,-1.0, -1,-1.0,2000.0,A01,1,8,2020,05:25,5,76.0,76351,2,2,1.0,6.0,CHANTIERS (DES),"49,4851900","0,1632600",,76.076351,76351,Seine-Maritime,28.0,Normandie,50.0,4.0,2.0,2,1.0,28,Normandie,76,2,96,LeHavre,166058,1780,167838.0
202000029060,2.0,2,4,1,0.0,1.0,-1.0, -1,-1.0,2000.0,A01,1,8,2020,05:25,5,76.0,76351,2,2,1.0,6.0,CHANTIERS (DES),"49,4851900","0,1632600",,76.076351,76351,Seine-Maritime,28.0,Normandie,50.0,4.0,2.0,2,1.0,28,Normandie,76,2,96,LeHavre,166058,1780,167838.0
202000029218,1.0,1,4,1,0.0,2.0,-1.0, -1,-1.0,1993.0,A01,1,8,2020,12:00,1,76.0,76682,1,1,1.0,7.0,VILLAGE RUE DU,"49,3199634","1,1056633",,76.076682,76682,Seine-Maritime,28.0,Normandie,70.0,3.0,2.0,2,1.0,28,Normandie,76,3,5,Sotteville-sous-le-Val,742,4,746.0
202000029240,1.0,1,2,1,5.0,2.0,0.0,0,-1.0,2002.0,B01,5,11,2020,18:20,3,76.0,76001,1,2,1.0,3.0,D34,"49,5893100","0,6600380",,76.076001,76001,Seine-Maritime,28.0,Normandie,80.0,3.0,2.0,2,1.0,28,Normandie,76,3,35,Allouville-Bellefosse,1150,19,1169.0
202000029240,1.0,1,1,1,9.0,1.0,0.0,0,-1.0,2001.0,A01,5,11,2020,18:20,3,76.0,76001,1,2,1.0,3.0,D34,"49,5893100","0,6600380",,76.076001,76001,Seine-Maritime,28.0,Normandie,80.0,3.0,2.0,2,1.0,28,Normandie,76,3,35,Allouville-Bellefosse,1150,19,1169.0
202000029260,1.0,1,1,2,1.0,1.0,-1.0, -1,-1.0,1972.0,B01,2,11,2020,17:22,1,76.0,76451,2,1,1.0,-1.0,MONT AUX MALADES. AVENUE DU,"49,4644900","1,0734400",,76.076451,76451,Seine-Maritime,28.0,Normandie,50.0,4.0,2.0,2,1.0,28,Normandie,76,3,22,Mont-Saint-Aignan,20066,415,20481.0
202000029260,1.0,1,3,2,0.0,1.0,-1.0, -1,-1.0,1963.0,A01,2,11,2020,17:22,1,76.0,76451,2,1,1.0,-1.0,MONT AUX MALADES. AVENUE DU,"49,4644900","1,0734400",,76.076451,76451,Seine-Maritime,28.0,Normandie,50.0,4.0,2.0,2,1.0,28,Normandie,76,3,22,Mont-Saint-Aignan,20066,415,20481.0
202000029351,1.0,1,4,1,5.0,1.0,-1.0, -1,-1.0,1984.0,A01,31,10,2020,02:40,5,76.0,76341,2,1,1.0,7.0,RD 6382,"49,5137747","0,1997570",,76.076341,76341,Seine-Maritime,28.0,Normandie,50.0,3.0,3.0,4,1.0,28,Normandie,76,2,15,Harfleur,8315,53,8368.0
202000029352,2.0,2,4,2,5.0,1.0,-1.0, -1,-1.0,1974.0,A01,1,11,2020,02:15,5,76.0,76351,1,1,2.0,6.0,JULES DURAND (BD),"49,4974291","0,1832129",,76.076351,76351,Seine-Maritime,28.0,Normandie,50.0,3.0,3.0,6,3.0,28,Normandie,76,2,96,LeHavre,166058,1780,167838.0
202000029352,1.0,1,1,1,5.0,1.0,-1.0, -1,-1.0,1983.0,A01,1,11,2020,02:15,5,76.0,76351,1,1,2.0,6.0,JULES DURAND (BD),"49,4974291","0,1832129",,76.076351,76351,Seine-Maritime,28.0,Normandie,50.0,3.0,3.0,6,3.0,28,Normandie,76,2,96,LeHavre,166058,1780,167838.0
202000029502,1.0,1,1,1,0.0,8.0,-1.0, -1,-1.0,1984.0,A01,30,9,2020,20:25,5,76.0,76351,2,2,2.0,2.0,CALIGNY (DE),"49,4932000","0,1007800",,76.076351,76351,Seine-Maritime,28.0,Normandie,50.0,4.0,2.0,2,2.0,28,Normandie,76,2,96,LeHavre,166058,1780,167838.0
202000029502,1.0,1,4,2,0.0,1.0,-1.0, -1,-1.0,1975.0,B01,30,9,2020,20:25,5,76.0,76351,2,2,2.0,2.0,CALIGNY (DE),"49,4932000","0,1007800",,76.076351,76351,Seine-Maritime,28.0,Normandie,50.0,4.0,2.0,2,2.0,28,Normandie,76,2,96,LeHavre,166058,1780,167838.0
202000029638,1.0,1,3,1,5.0,2.0,-1.0, -1,-1.0,1955.0,A01,29,5,2020,15:45,1,76.0,76486,1,1,1.0,7.0,RD 932 (AVENUE DU CIRCUIT),"49,3244100","0,9990600",,76.076486,76486,Seine-Maritime,28.0,Normandie,70.0,3.0,2.0,2,1.0,28,Normandie,76,3,9,Orival,860,5,865.0
202000029640,2.0,2,1,1,5.0,1.0,-1.0, -1,-1.0,1985.0,B01,30,5,2020,17:37,1,76.0,76681,1,1,1.0,2.0,INDUSTRIEL. BOULEVARD (CD 18E),"49,4155708","1,1072159",,76.076681,76681,Seine-Maritime,28.0,Normandie,70.0,3.0,3.0,4,1.0,28,Normandie,76,3,99,Sotteville-lès-Rouen,28965,475,29440.0
202000029640,1.0,1,1,1,5.0,1.0,-1.0, -1,-1.0,1988.0,B01,30,5,2020,17:37,1,76.0,76681,1,1,1.0,2.0,INDUSTRIEL. BOULEVARD (CD 18E),"49,4155708","1,1072159",,76.076681,76681,Seine-Maritime,28.0,Normandie,70.0,3.0,3.0,4,1.0,28,Normandie,76,3,99,Sotteville-lès-Rouen,28965,475,29440.0
202000029640,1.0,1,3,1,5.0,1.0,-1.0, -1,-1.0,1957.0,A01,30,5,2020,17:37,1,76.0,76681,1,1,1.0,2.0,INDUSTRIEL. BOULEVARD (CD 18E),"49,4155708","1,1072159",,76.076681,76681,Seine-Maritime,28.0,Normandie,70.0,3.0,3.0,4,1.0,28,Normandie,76,3,99,Sotteville-lès-Rouen,28965,475,29440.0
202000029642,2.0,2,4,2,5.0,1.0,-1.0, -1,-1.0,1945.0,B01,2,6,2020,14:40,1,76.0,76681,2,2,1.0,3.0,CORNEILLE. RUE PIERRE,"49,4181900","1,0971900",,76.076681,76681,Seine-Maritime,28.0,Normandie,50.0,3.0,2.0,3,1.0,28,Normandie,76,3,99,Sotteville-lès-Rouen,28965,475,29440.0
202000029642,1.0,1,4,1,5.0,1.0,-1.0, -1,-1.0,1943.0,B01,2,6,2020,14:40,1,76.0,76681,2,2,1.0,3.0,CORNEILLE. RUE PIERRE,"49,4181900","1,0971900",,76.076681,76681,Seine-Maritime,28.0,Normandie,50.0,3.0,2.0,3,1.0,28,Normandie,76,3,99,Sotteville-lès-Rouen,28965,475,29440.0
202000029642,1.0,1,1,1,0.0,8.0,-1.0, -1,-1.0,1992.0,A01,2,6,2020,14:40,1,76.0,76681,2,2,1.0,3.0,CORNEILLE. RUE PIERRE,"49,4181900","1,0971900",,76.076681,76681,Seine-Maritime,28.0,Normandie,50.0,3.0,2.0,3,1.0,28,Normandie,76,3,99,Sotteville-lès-Rouen,28965,475,29440.0
202000029834,1.0,1,3,1,9.0,2.0,-1.0, -1,-1.0,1998.0,A01,13,12,2020,02:00,5,76.0,76540,2,2,1.0,7.0,GANTERIE. RUE,"49,4438500","1,0924800",,76.076540,76540,Seine-Maritime,28.0,Normandie,10.0,4.0,1.0,1,1.0,28,Normandie,76,3,97,Rouen,114083,1556,115639.0