Num_Acc,place,catu,grav,sexe,trajet,secu,locp,actp,etatp,an_nais,num_veh,jour,mois,an,hrmn,lum,dep,com,agg,int,atm,col,adr,lat,long,gps,com_insee_temp,com_insee,departmentName,regionCode,regionName,vma,catr,circ,nbv,surf,Code,Region,Departement,Arrondissement,Code_Canton,Nom_Commune,Population_municipaLe,Population_comptee_a_part,Population_Totale
202000029835,1.0,1,4,2,0.0,1.0,-1.0, -1,-1.0,1996.0,A01,13,12,2020,09:30,1,76.0,76322,2,1,1.0,6.0,PAINLEVE. RUE PAUL,"49,4062500","1,0608200",,76.076322,76322,Seine-Maritime,28.0,Normandie,50.0,4.0,2.0,2,2.0,28,Normandie,76,3,13,LeGrand-Quevilly,25975,225,26200.0
202000029836,10.0,3,4,2,0.0,8.0,3.0,3,2.0,2005.0,A01,13,12,2020,17:13,5,76.0,76486,2,1,1.0,6.0,CORNEILLE. RUE PIERRE ET THOMAS,"49,3044800","0,9926700",,76.076486,76486,Seine-Maritime,28.0,Normandie,50.0,3.0,2.0,2,2.0,28,Normandie,76,3,9,Orival,860,5,865.0
202000029836,1.0,1,1,1,0.0,1.0,-1.0, -1,-1.0,2002.0,A01,13,12,2020,17:13,5,76.0,76486,2,1,1.0,6.0,CORNEILLE. RUE PIERRE ET THOMAS,"49,3044800","0,9926700",,76.076486,76486,Seine-Maritime,28.0,Normandie,50.0,3.0,2.0,2,2.0,28,Normandie,76,3,9,Orival,860,5,865.0
202000029837,1.0,1,4,1,0.0,2.0,-1.0, -1,-1.0,1970.0,A01,14,12,2020,08:25,1,76.0,76351,2,1,1.0,2.0,LENINGRAD (BD DE),"49,5003500","0,1773400",,76.076351,76351,Seine-Maritime,28.0,Normandie,50.0,3.0,3.0,5,2.0,28,Normandie,76,2,96,LeHavre,166058,1780,167838.0
202000029837,2.0,2,1,1,0.0,1.0,-1.0, -1,-1.0,1997.0,B01,14,12,2020,08:25,1,76.0,76351,2,1,1.0,2.0,LENINGRAD (BD DE),"49,5003500","0,1773400",,76.076351,76351,Seine-Maritime,28.0,Normandie,50.0,3.0,3.0,5,2.0,28,Normandie,76,2,96,LeHavre,166058,1780,167838.0
202000029837,1.0,1,1,1,0.0,1.0,-1.0, -1,-1.0,1992.0,B01,14,12,2020,08:25,1,76.0,76351,2,1,1.0,2.0,LENINGRAD (BD DE),"49,5003500","0,1773400",,76.076351,76351,Seine-Maritime,28.0,Normandie,50.0,3.0,3.0,5,2.0,28,Normandie,76,2,96,LeHavre,166058,1780,167838.0
202000029838,1.0,1,4,2,0.0,1.0,-1.0, -1,-1.0,1996.0,A01,13,12,2020,21:55,3,76.0,76341,1,1,2.0,6.0,RD 6382,"49,5141789","0,1937790",,76.076341,76341,Seine-Maritime,28.0,Normandie,50.0,3.0,1.0,1,2.0,28,Normandie,76,2,15,Harfleur,8315,53,8368.0
202000029961,1.0,1,3,2,1.0,2.0,0.0,0,-1.0,1962.0,B01,14,12,2020,18:15,5,76.0,76475,2,6,2.0,3.0,D6014,"49,4024530","1,1609670",,76.076475,76475,Seine-Maritime,28.0,Normandie,50.0,3.0,2.0,2,2.0,28,Normandie,76,3,21,Franqueville-Saint-Pierre,6067,195,6262.0
202000029961,1.0,1,1,1,0.0,1.0,0.0,0,-1.0,1963.0,A01,14,12,2020,18:15,5,76.0,76475,2,6,2.0,3.0,D6014,"49,4024530","1,1609670",,76.076475,76475,Seine-Maritime,28.0,Normandie,50.0,3.0,2.0,2,2.0,28,Normandie,76,3,21,Franqueville-Saint-Pierre,6067,195,6262.0
202000030077,1.0,1,1,1,5.0,1.0,0.0,0,-1.0,1963.0,B01,14,1,2020,10:40,1,76.0,76013,1,2,2.0,3.0,516 Route de Sassetot,"49,7788350","0,5227530",,76.076013,76013,Seine-Maritime,28.0,Normandie,70.0,3.0,2.0,2,2.0,28,Normandie,76,2,11,Angerville-la-Martel,1083,27,1110.0
202000030077,2.0,2,3,1,5.0,1.0,0.0,0,-1.0,1950.0,A01,14,1,2020,10:40,1,76.0,76013,1,2,2.0,3.0,516 Route de Sassetot,"49,7788350","0,5227530",,76.076013,76013,Seine-Maritime,28.0,Normandie,70.0,3.0,2.0,2,2.0,28,Normandie,76,2,11,Angerville-la-Martel,1083,27,1110.0
202000030077,1.0,1,1,2,5.0,1.0,0.0,0,-1.0,1952.0,A01,14,1,2020,10:40,1,76.0,76013,1,2,2.0,3.0,516 Route de Sassetot,"49,7788350","0,5227530",,76.076013,76013,Seine-Maritime,28.0,Normandie,70.0,3.0,2.0,2,2.0,28,Normandie,76,2,11,Angerville-la-Martel,1083,27,1110.0
202000030256,1.0,1,4,1,5.0,2.0,0.0,0,-1.0,2002.0,A01,7,7,2020,11:00,1,76.0,76719,1,1,1.0,2.0,Route du Bec au Cauchois,"49,7443010","0,4926950",,76.076719,76719,Seine-Maritime,28.0,Normandie,70.0,3.0,2.0,2,1.0,28,Normandie,76,2,11,Valmont,867,15,882.0
202000030256,2.0,2,1,2,5.0,1.0,0.0,0,-1.0,1946.0,B01,7,7,2020,11:00,1,76.0,76719,1,1,1.0,2.0,Route du Bec au Cauchois,"49,7443010","0,4926950",,76.076719,76719,Seine-Maritime,28.0,Normandie,70.0,3.0,2.0,2,1.0,28,Normandie,76,2,11,Valmont,867,15,882.0
202000030256,1.0,1,1,1,5.0,1.0,0.0,0,-1.0,1973.0,B01,7,7,2020,11:00,1,76.0,76719,1,1,1.0,2.0,Route du Bec au Cauchois,"49,7443010","0,4926950",,76.076719,76719,Seine-Maritime,28.0,Normandie,70.0,3.0,2.0,2,1.0,28,Normandie,76,2,11,Valmont,867,15,882.0
202000030456,1.0,1,1,1,5.0,1.0,0.0,0,-1.0,1952.0,C01,14,2,2020,15:00,1,76.0,76563,1,2,1.0,4.0,D6015,"49,5259880","0,3304910",,76.076563,76563,Seine-Maritime,28.0,Normandie,80.0,3.0,2.0,2,1.0,28,Normandie,76,2,32,Saint-Aubin-Routot,1954,20,1974.0
202000030456,1.0,1,3,2,1.0,1.0,0.0,0,-1.0,1980.0,B01,14,2,2020,15:00,1,76.0,76563,1,2,1.0,4.0,D6015,"49,5259880","0,3304910",,76.076563,76563,Seine-Maritime,28.0,Normandie,80.0,3.0,2.0,2,1.0,28,Normandie,76,2,32,Saint-Aubin-Routot,1954,20,1974.0
202000030456,1.0,1,1,1,0.0,1.0,0.0,0,-1.0,1980.0,A01,14,2,2020,15:00,1,76.0,76563,1,2,1.0,4.0,D6015,"49,5259880","0,3304910",,76.076563,76563,Seine-Maritime,28.0,Normandie,80.0,3.0,2.0,2,1.0,28,Normandie,76,2,32,Saint-Aubin-Routot,1954,20,1974.0
202000030493,1.0,1,3,2,5.0,8.0,-1.0, -1,-1.0,1968.0,A01,13,2,2020,20:50,5,76.0,76157,2,1,1.0,6.0,HUGO. RUE VICTOR,"49,4460500","1,0360400",,76.076157,76157,Seine-Maritime,28.0,Normandie,50.0,3.0,2.0,2,2.0,28,Normandie,76,3,4,Canteleu,13966,360,14326.0
202000031105,10.0,3,4,2,0.0,0.0,3.0,3,1.0,1989.0,A01,29,10,2020,18:20,3,76.0,76540,2,1,1.0,6.0,GAMBETTA. BOULEVARD,"49,4378700","1,1054600",,76.076540,76540,Seine-Maritime,28.0,Normandie,30.0,4.0,2.0,2,1.0,28,Normandie,76,3,97,Rouen,114083,1556,115639.0
202000031105,2.0,2,1,2,9.0,1.0,-1.0, -1,-1.0,1965.0,A01,29,10,2020,18:20,3,76.0,76540,2,1,1.0,6.0,GAMBETTA. BOULEVARD,"49,4378700","1,1054600",,76.076540,76540,Seine-Maritime,28.0,Normandie,30.0,4.0,2.0,2,1.0,28,Normandie,76,3,97,Rouen,114083,1556,115639.0
202000031105,1.0,1,1,1,9.0,1.0,-1.0, -1,-1.0,1955.0,A01,29,10,2020,18:20,3,76.0,76540,2,1,1.0,6.0,GAMBETTA. BOULEVARD,"49,4378700","1,1054600",,76.076540,76540,Seine-Maritime,28.0,Normandie,30.0,4.0,2.0,2,1.0,28,Normandie,76,3,97,Rouen,114083,1556,115639.0
202000031106,10.0,3,3,1,0.0,0.0,5.0,9,1.0,1967.0,A01,29,10,2020,18:50,1,76.0,76305,2,1,1.0,6.0,CAMP PHILIP MORIS (RUE),"49,5093100","0,2288400",,76.076305,76305,Seine-Maritime,28.0,Normandie,50.0,4.0,1.0,2,1.0,28,Normandie,76,2,16,Gonfreville-l'Orcher,8961,44,9005.0
202000031106,1.0,1,1,2,0.0,1.0,-1.0, -1,-1.0,1993.0,A01,29,10,2020,18:50,1,76.0,76305,2,1,1.0,6.0,CAMP PHILIP MORIS (RUE),"49,5093100","0,2288400",,76.076305,76305,Seine-Maritime,28.0,Normandie,50.0,4.0,1.0,2,1.0,28,Normandie,76,2,16,Gonfreville-l'Orcher,8961,44,9005.0
202000031360,1.0,1,3,1,5.0,2.0,-1.0, -1,-1.0,1990.0,A01,1,6,2020,19:02,1,76.0,76498,2,1,1.0,7.0,JAURES. AVENUE JEAN,"49,4271978","1,0655665",,76.076498,76498,Seine-Maritime,28.0,Normandie,50.0,3.0,2.0,2,1.0,28,Normandie,76,3,27,LePetit-Quevilly,21782,274,22056.0
202000031361,1.0,1,3,1,0.0,8.0,-1.0, -1,-1.0,1990.0,B01,31,5,2020,15:20,1,76.0,76165,2,3,1.0,-1.0,REPUBLIQUE. RUE DE LA,"49,2837882","1,0164347",,76.076165,76165,Seine-Maritime,28.0,Normandie,30.0,3.0,1.0,1,1.0,28,Normandie,76,3,5,Caudebec-lès-Elbeuf,10135,69,10204.0
202000031363,1.0,1,2,1,5.0,2.0,-1.0, -1,-1.0,1987.0,A01,31,5,2020,23:10,5,76.0,76305,2,8,1.0,6.0,BREQUE (Route de la),"49,4900500","0,1963000",,76.076305,76305,Seine-Maritime,28.0,Normandie,50.0,4.0,2.0,2,1.0,28,Normandie,76,2,16,Gonfreville-l'Orcher,8961,44,9005.0
202000031364,2.0,2,4,1,5.0,1.0,-1.0, -1,-1.0,1997.0,A01,31,5,2020,02:45,3,76.0,76270,1,1,1.0,7.0,RD 6382,"49,5305600","0,1294100",,76.076270,76270,Seine-Maritime,28.0,Normandie,90.0,3.0,3.0,4,1.0,28,Normandie,76,2,26,Fontaine-la-Mallet,2635,54,2689.0
202000031366,1.0,1,1,1,0.0,1.0,-1.0, -1,-1.0,1999.0,A01,1,6,2020,17:24,1,76.0,76351,2,2,1.0,3.0,PIERRE GUINARD,"49,4852000","0,1300400",,76.076351,76351,Seine-Maritime,28.0,Normandie,50.0,4.0,2.0,1,1.0,28,Normandie,76,2,96,LeHavre,166058,1780,167838.0
202000031366,2.0,2,1,2,0.0,1.0,-1.0, -1,-1.0,2002.0,A01,1,6,2020,17:24,1,76.0,76351,2,2,1.0,3.0,PIERRE GUINARD,"49,4852000","0,1300400",,76.076351,76351,Seine-Maritime,28.0,Normandie,50.0,4.0,2.0,1,1.0,28,Normandie,76,2,96,LeHavre,166058,1780,167838.0
202000031366,1.0,1,4,2,3.0,1.0,-1.0, -1,-1.0,1965.0,B01,1,6,2020,17:24,1,76.0,76351,2,2,1.0,3.0,PIERRE GUINARD,"49,4852000","0,1300400",,76.076351,76351,Seine-Maritime,28.0,Normandie,50.0,4.0,2.0,1,1.0,28,Normandie,76,2,96,LeHavre,166058,1780,167838.0
202000031366,2.0,2,4,2,3.0,1.0,-1.0, -1,-1.0,2006.0,B01,1,6,2020,17:24,1,76.0,76351,2,2,1.0,3.0,PIERRE GUINARD,"49,4852000","0,1300400",,76.076351,76351,Seine-Maritime,28.0,Normandie,50.0,4.0,2.0,1,1.0,28,Normandie,76,2,96,LeHavre,166058,1780,167838.0
202000031522,1.0,1,3,1,5.0,2.0,0.0,0,-1.0,1952.0,A01,3,6,2020,16:40,1,76.0,76235,2,1,1.0,7.0,Rue Abbé Cochet,"49,8955900","1,2655980",,76.076235,76235,Seine-Maritime,28.0,Normandie,50.0,3.0,2.0,2,1.0,28,Normandie,76,1,8,Envermeu,1978,132,2110.0
202000031729,1.0,1,4,1,2.0,2.0,-1.0, -1,-1.0,2004.0,A01,28,9,2020,08:25,1,76.0,76231,1,1,1.0,2.0,SAUSSAYE. RUE DE LA,"49,2715500","0,9970900",,76.076231,76231,Seine-Maritime,28.0,Normandie,80.0,3.0,2.0,2,1.0,28,Normandie,76,3,9,Elbeuf,15951,138,16089.0
202000031768,10.0,3,3,1,3.0,0.0,3.0,3,1.0,1952.0,A01,14,12,2020,09:30,1,76.0,76302,2,1,1.0,6.0,18 rue Emile Benard,"49,6455720","0,3683580",,76.076302,76302,Seine-Maritime,28.0,Normandie,50.0,3.0,2.0,2,1.0,28,Normandie,76,2,32,GodervilLe2839,39,2878,
202000031768,1.0,1,1,1,5.0,1.0,0.0,0,-1.0,1997.0,A01,14,12,2020,09:30,1,76.0,76302,2,1,1.0,6.0,18 rue Emile Benard,"49,6455720","0,3683580",,76.076302,76302,Seine-Maritime,28.0,Normandie,50.0,3.0,2.0,2,1.0,28,Normandie,76,2,32,GodervilLe2839,39,2878,
202000032078,1.0,1,3,1,0.0,1.0,0.0,0,-1.0,1987.0,A01,12,1,2020,17:50,1,76.0,76305,1,1,1.0,7.0,RD 6015,"49,5122800","0,2164700",,76.076305,76305,Seine-Maritime,28.0,Normandie,50.0,3.0,1.0,1,1.0,28,Normandie,76,2,16,Gonfreville-l'Orcher,8961,44,9005.0
202000032295,1.0,1,3,1,5.0,2.0,0.0,0,-1.0,2004.0,A01,5,7,2020,12:45,1,76.0,76196,2,6,8.0,6.0,Route de Gonneville,"49,6433740","0,2621385",,76.076196,76196,Seine-Maritime,28.0,Normandie,50.0,3.0,2.0,2,2.0,28,Normandie,76,2,26,Criquetot-l'Esneval,2567,82,2649.0
202000032296,1.0,1,3,1,5.0,1.0,0.0,0,-1.0,2001.0,A01,5,7,2020,05:00,3,76.0,76258,1,1,2.0,6.0,Rd 926,"49,6353490","0,6301370",,76.076258,76258,Seine-Maritime,28.0,Normandie,80.0,3.0,2.0,2,2.0,28,Normandie,76,2,33,Terres-de-Caux,4208,112,4320.0
202000032337,10.0,3,4,2,3.0,0.0,9.0,A,2.0,1930.0,A01,24,1,2020,15:17,1,76.0,76351,2,1,1.0,6.0,CAPUCHET (DU),"49,5234500","0,1040900",,76.076351,76351,Seine-Maritime,28.0,Normandie,20.0,6.0,-1.0,-1,1.0,28,Normandie,76,2,96,LeHavre,166058,1780,167838.0
202000032337,1.0,1,1,2,3.0,1.0,0.0,0,-1.0,1954.0,A01,24,1,2020,15:17,1,76.0,76351,2,1,1.0,6.0,CAPUCHET (DU),"49,5234500","0,1040900",,76.076351,76351,Seine-Maritime,28.0,Normandie,20.0,6.0,-1.0,-1,1.0,28,Normandie,76,2,96,LeHavre,166058,1780,167838.0
202000032343,1.0,1,4,1,0.0,1.0,0.0,0,-1.0,1992.0,B01,24,3,2020,23:00,5,76.0,76351,2,4,1.0,1.0,DU GUESCLIN,"49,4961300","0,1261200",,76.076351,76351,Seine-Maritime,28.0,Normandie,50.0,4.0,2.0,2,1.0,28,Normandie,76,2,96,LeHavre,166058,1780,167838.0
202000032343,1.0,1,1,1,0.0,1.0,0.0,0,-1.0,1997.0,A01,24,3,2020,23:00,5,76.0,76351,2,4,1.0,1.0,DU GUESCLIN,"49,4961300","0,1261200",,76.076351,76351,Seine-Maritime,28.0,Normandie,50.0,4.0,2.0,2,1.0,28,Normandie,76,2,96,LeHavre,166058,1780,167838.0
202000032381,1.0,1,3,1,0.0,1.0,0.0,0,-1.0,1991.0,A01,25,3,2020,18:57,1,76.0,76135,1,9,1.0,7.0,Villers-Écalles,"49,5481470","0,9216020",,76.076135,76135,Seine-Maritime,28.0,Normandie,70.0,1.0,1.0,4,1.0,28,Normandie,76,3,1,BouvilLe1013,12,1025,
202000032385,1.0,1,1,1,9.0,1.0,0.0,0,-1.0,1959.0,B01,16,3,2020,17:15,1,76.0,76517,1,4,1.0,3.0,Rue de la Muette,"49,5158365","1,1395705",,76.076517,76517,Seine-Maritime,28.0,Normandie,80.0,3.0,2.0,2,1.0,28,Normandie,76,3,2,Quincampoix,3110,68,3178.0
202000032385,1.0,1,1,1,3.0,1.0,0.0,0,-1.0,1986.0,A01,16,3,2020,17:15,1,76.0,76517,1,4,1.0,3.0,Rue de la Muette,"49,5158365","1,1395705",,76.076517,76517,Seine-Maritime,28.0,Normandie,80.0,3.0,2.0,2,1.0,28,Normandie,76,3,2,Quincampoix,3110,68,3178.0
202000032385,2.0,2,4,2,3.0,1.0,0.0,0,-1.0,1986.0,A01,16,3,2020,17:15,1,76.0,76517,1,4,1.0,3.0,Rue de la Muette,"49,5158365","1,1395705",,76.076517,76517,Seine-Maritime,28.0,Normandie,80.0,3.0,2.0,2,1.0,28,Normandie,76,3,2,Quincampoix,3110,68,3178.0
202000032395,10.0,3,4,1,5.0,0.0,3.0,3,1.0,1950.0,A01,13,1,2020,19:30,5,76.0,76540,2,2,1.0,6.0,COUPERIN. RUE FRANCOIS,"49,4498500","1,1384600",,76.076540,76540,Seine-Maritime,28.0,Normandie,50.0,4.0,2.0,2,1.0,28,Normandie,76,3,97,Rouen,114083,1556,115639.0
202000032395,1.0,1,1,1,5.0,1.0,-1.0,0,-1.0,1964.0,A01,13,1,2020,19:30,5,76.0,76540,2,2,1.0,6.0,COUPERIN. RUE FRANCOIS,"49,4498500","1,1384600",,76.076540,76540,Seine-Maritime,28.0,Normandie,50.0,4.0,2.0,2,1.0,28,Normandie,76,3,97,Rouen,114083,1556,115639.0
202000032426,1.0,1,2,1,5.0,0.0,0.0,0,-1.0,1965.0,A01,24,3,2020,12:45,1,76.0,76638,1,1,1.0,6.0,D1314,"50,0044460","1,4320690",,76.076638,76638,Seine-Maritime,28.0,Normandie,80.0,3.0,2.0,2,1.0,28,Normandie,76,1,10,Saint-Pierre-en-Val,1090,16,1106.0
202000032519,2.0,2,3,1,5.0,1.0,0.0,0,-1.0,1971.0,A01,15,2,2020,05:15,3,76.0,76610,2,1,1.0,6.0,Rue des Tilleuls,"49,6257410","0,7813650",,76.076610,76610,Seine-Maritime,28.0,Normandie,50.0,4.0,1.0,1,2.0,28,Normandie,76,3,35,Sainte-Marie-des-Champs,1579,13,1592.0
202000032519,1.0,1,2,1,5.0,8.0,0.0,0,-1.0,1973.0,A01,15,2,2020,05:15,3,76.0,76610,2,1,1.0,6.0,Rue des Tilleuls,"49,6257410","0,7813650",,76.076610,76610,Seine-Maritime,28.0,Normandie,50.0,4.0,1.0,1,2.0,28,Normandie,76,3,35,Sainte-Marie-des-Champs,1579,13,1592.0
202000032557,1.0,1,4,1,0.0,1.0,0.0,0,-1.0,1975.0,C01,18,3,2020,19:00,1,76.0,76351,2,1,1.0,5.0,LENINGRAD (BD DE),"49,4986117","0,1585186",,76.076351,76351,Seine-Maritime,28.0,Normandie,50.0,3.0,3.0,3,1.0,28,Normandie,76,2,96,LeHavre,166058,1780,167838.0
202000032557,4.0,2,4,1,0.0,1.0,-1.0,0,-1.0,2011.0,C01,18,3,2020,19:00,1,76.0,76351,2,1,1.0,5.0,LENINGRAD (BD DE),"49,4986117","0,1585186",,76.076351,76351,Seine-Maritime,28.0,Normandie,50.0,3.0,3.0,3,1.0,28,Normandie,76,2,96,LeHavre,166058,1780,167838.0
202000032557,1.0,1,1,1,0.0,1.0,0.0,0,-1.0,1989.0,B01,18,3,2020,19:00,1,76.0,76351,2,1,1.0,5.0,LENINGRAD (BD DE),"49,4986117","0,1585186",,76.076351,76351,Seine-Maritime,28.0,Normandie,50.0,3.0,3.0,3,1.0,28,Normandie,76,2,96,LeHavre,166058,1780,167838.0
202000032557,1.0,1,1,1,0.0,1.0,0.0,0,-1.0,1977.0,A01,18,3,2020,19:00,1,76.0,76351,2,1,1.0,5.0,LENINGRAD (BD DE),"49,4986117","0,1585186",,76.076351,76351,Seine-Maritime,28.0,Normandie,50.0,3.0,3.0,3,1.0,28,Normandie,76,2,96,LeHavre,166058,1780,167838.0
202000032578,1.0,1,1,2,-1.0,0.0,-1.0, -1,-1.0,1975.0,A01,12,2,2020,16:25,1,76.0,76351,2,6,1.0,3.0,Rue des Chargeurs Réunis,"49,4853900","0,1368000",,76.076351,76351,Seine-Maritime,28.0,Normandie,-1.0,3.0,2.0,2,1.0,28,Normandie,76,2,96,LeHavre,166058,1780,167838.0
202000032578,1.0,1,4,1,-1.0,0.0,-1.0,0,-1.0,1993.0,B01,12,2,2020,16:25,1,76.0,76351,2,6,1.0,3.0,Rue des Chargeurs Réunis,"49,4853900","0,1368000",,76.076351,76351,Seine-Maritime,28.0,Normandie,-1.0,3.0,2.0,2,1.0,28,Normandie,76,2,96,LeHavre,166058,1780,167838.0
202000032620,1.0,1,4,1,0.0,1.0,-1.0,0,-1.0,1999.0,A01,18,3,2020,09:20,1,76.0,76484,2,4,1.0,3.0,FRATERNITE. AVENUE DE LA,"49,3610300","1,0988100",,76.076484,76484,Seine-Maritime,28.0,Normandie,50.0,4.0,2.0,2,1.0,28,Normandie,76,3,31,Oissel,12367,83,12450.0
202000032620,1.0,1,1,1,4.0,2.0,-1.0,0,-1.0,1975.0,B01,18,3,2020,09:20,1,76.0,76484,2,4,1.0,3.0,FRATERNITE. AVENUE DE LA,"49,3610300","1,0988100",,76.076484,76484,Seine-Maritime,28.0,Normandie,50.0,4.0,2.0,2,1.0,28,Normandie,76,3,31,Oissel,12367,83,12450.0
202000032745,1.0,1,1,1,5.0,1.0,-1.0, -1,-1.0,1944.0,A01,2,9,2020,12:25,1,76.0,76216,2,1,1.0,6.0,FONTENELLE. RUE DE,"49,4762200","1,0535600",,76.076216,76216,Seine-Maritime,28.0,Normandie,50.0,4.0,2.0,2,1.0,28,Normandie,76,3,22,Déville-lès-Rouen,10745,62,10807.0
202000032745,10.0,3,4,1,2.0,0.0,2.0,3,1.0,2008.0,A01,2,9,2020,12:25,1,76.0,76216,2,1,1.0,6.0,FONTENELLE. RUE DE,"49,4762200","1,0535600",,76.076216,76216,Seine-Maritime,28.0,Normandie,50.0,4.0,2.0,2,1.0,28,Normandie,76,3,22,Déville-lès-Rouen,10745,62,10807.0
202000032746,10.0,3,2,1,0.0,0.0,2.0,3,1.0,1969.0,A01,2,9,2020,20:45,5,76.0,76451,2,1,1.0,6.0,MONT AUX MALADES. AVENUE DU,"49,4606600","1,0824500",,76.076451,76451,Seine-Maritime,28.0,Normandie,50.0,3.0,2.0,3,1.0,28,Normandie,76,3,22,Mont-Saint-Aignan,20066,415,20481.0
202000032746,1.0,1,1,1,5.0,1.0,-1.0,0,-1.0,1995.0,A01,2,9,2020,20:45,5,76.0,76451,2,1,1.0,6.0,MONT AUX MALADES. AVENUE DU,"49,4606600","1,0824500",,76.076451,76451,Seine-Maritime,28.0,Normandie,50.0,3.0,2.0,3,1.0,28,Normandie,76,3,22,Mont-Saint-Aignan,20066,415,20481.0
202000032747,1.0,1,4,1,1.0,2.0,-1.0, -1,-1.0,1969.0,A01,2,9,2020,13:10,1,76.0,76575,2,1,1.0,-1.0,RUE DU CLOS TELLIER,"49,3777400","1,1157300",,76.076575,76575,Seine-Maritime,28.0,Normandie,50.0,4.0,-1.0,2,1.0,28,Normandie,76,3,98,Saint-Étienne-du-Rouvray,28508,225,28733.0
202000032748,1.0,1,2,1,5.0,2.0,-1.0, -1,-1.0,1935.0,B01,3,9,2020,16:00,1,76.0,76382,1,1,1.0,2.0,D6015,"49,5777100","0,5152840",,76.076382,76382,Seine-Maritime,28.0,Normandie,80.0,3.0,2.0,3,1.0,28,Normandie,76,2,3,Lanquetot,1152,19,1171.0
202000032748,1.0,1,1,1,9.0,1.0,-1.0, -1,-1.0,1951.0,A01,3,9,2020,16:00,1,76.0,76382,1,1,1.0,2.0,D6015,"49,5777100","0,5152840",,76.076382,76382,Seine-Maritime,28.0,Normandie,80.0,3.0,2.0,3,1.0,28,Normandie,76,2,3,Lanquetot,1152,19,1171.0
202000032863,1.0,1,3,2,3.0,1.0,0.0,0,-1.0,1958.0,A01,5,8,2020,18:50,1,76.0,76126,1,1,1.0,6.0,D928,"49,6748490","1,3434220",,76.076126,76126,Seine-Maritime,28.0,Normandie,80.0,3.0,2.0,2,1.0,28,Normandie,76,1,23,Bosc-Mesnil,325,5,330.0
202000033066,1.0,1,1,1,0.0,1.0,-1.0, -1,-1.0,2002.0,A01,31,7,2020,22:11,5,76.0,76540,2,2,1.0,3.0,ELBEUF. RUE D',"49,4257700","1,0826100",,76.076540,76540,Seine-Maritime,28.0,Normandie,30.0,4.0,2.0,2,1.0,28,Normandie,76,3,97,Rouen,114083,1556,115639.0
202000033066,1.0,1,3,1,0.0,2.0,-1.0, -1,-1.0,1995.0,B01,31,7,2020,22:11,5,76.0,76540,2,2,1.0,3.0,ELBEUF. RUE D',"49,4257700","1,0826100",,76.076540,76540,Seine-Maritime,28.0,Normandie,30.0,4.0,2.0,2,1.0,28,Normandie,76,3,97,Rouen,114083,1556,115639.0
202000033206,1.0,1,4,1,5.0,2.0,0.0,0,-1.0,1982.0,A01,2,8,2020,02:00,5,76.0,76468,2,1,7.0,6.0,238 Route de la Gare,"49,5972280","0,4803140",,76.076468,76468,Seine-Maritime,28.0,Normandie,50.0,3.0,2.0,2,1.0,28,Normandie,76,2,3,Nointot,1364,33,1397.0
202000033429,1.0,1,4,1,5.0,2.0,0.0,0,-1.0,1970.0,B01,1,6,2020,16:15,1,76.0,76132,2,1,1.0,-1.0,947 Grand Rue,"49,6792780","0,9401040",,76.076132,76132,Seine-Maritime,28.0,Normandie,50.0,3.0,2.0,2,9.0,28,Normandie,76,3,35,BourdainvilLe471,2,473,
202000033429,2.0,2,1,2,5.0,2.0,0.0,0,-1.0,1970.0,B01,1,6,2020,16:15,1,76.0,76132,2,1,1.0,-1.0,947 Grand Rue,"49,6792780","0,9401040",,76.076132,76132,Seine-Maritime,28.0,Normandie,50.0,3.0,2.0,2,9.0,28,Normandie,76,3,35,BourdainvilLe471,2,473,
202000033429,1.0,1,1,1,5.0,2.0,0.0,0,-1.0,1996.0,A01,1,6,2020,16:15,1,76.0,76132,2,1,1.0,-1.0,947 Grand Rue,"49,6792780","0,9401040",,76.076132,76132,Seine-Maritime,28.0,Normandie,50.0,3.0,2.0,2,9.0,28,Normandie,76,3,35,BourdainvilLe471,2,473,
202000033429,2.0,2,1,2,5.0,2.0,0.0,0,-1.0,2002.0,A01,1,6,2020,16:15,1,76.0,76132,2,1,1.0,-1.0,947 Grand Rue,"49,6792780","0,9401040",,76.076132,76132,Seine-Maritime,28.0,Normandie,50.0,3.0,2.0,2,9.0,28,Normandie,76,3,35,BourdainvilLe471,2,473,
202000033473,2.0,2,4,1,5.0,8.0,-1.0, -1,-1.0,2001.0,A01,31,7,2020,01:10,4,76.0,76366,2,1,1.0,7.0,RN 27 (RUE DU GENERAL DE GAULLE),"49,5037300","1,0426100",,76.076366,76366,Seine-Maritime,28.0,Normandie,50.0,3.0,2.0,2,1.0,28,Normandie,76,3,24,LeHoulme,4133,32,4165.0
202000033473,3.0,2,3,1,0.0,1.0,-1.0, -1,-1.0,2001.0,A01,31,7,2020,01:10,4,76.0,76366,2,1,1.0,7.0,RN 27 (RUE DU GENERAL DE GAULLE),"49,5037300","1,0426100",,76.076366,76366,Seine-Maritime,28.0,Normandie,50.0,3.0,2.0,2,1.0,28,Normandie,76,3,24,LeHoulme,4133,32,4165.0
202000033473,4.0,2,4,2,5.0,8.0,-1.0, -1,-1.0,2001.0,A01,31,7,2020,01:10,4,76.0,76366,2,1,1.0,7.0,RN 27 (RUE DU GENERAL DE GAULLE),"49,5037300","1,0426100",,76.076366,76366,Seine-Maritime,28.0,Normandie,50.0,3.0,2.0,2,1.0,28,Normandie,76,3,24,LeHoulme,4133,32,4165.0