Num_Acc,place,catu,grav,sexe,trajet,secu,locp,actp,etatp,an_nais,num_veh,jour,mois,an,hrmn,lum,dep,com,agg,int,atm,col,adr,lat,long,gps,com_insee_temp,com_insee,departmentName,regionCode,regionName,vma,catr,circ,nbv,surf,Code,Region,Departement,Arrondissement,Code_Canton,Nom_Commune,Population_municipaLe,Population_comptee_a_part,Population_Totale
202000036300,10.0,3,3,1,5.0,0.0,4.0,3,1.0,1974.0,A01,13,3,2020,18:05,1,76.0,76540,2,1,1.0,7.0,RONDEAUX. AVENUE JEAN,"49,4371500","1,0785800",,76.076540,76540,Seine-Maritime,28.0,Normandie,50.0,2.0,2.0,4,1.0,28,Normandie,76,3,97,Rouen,114083,1556,115639.0
202000036301,1.0,1,1,1,0.0,1.0,-1.0,0,-1.0,1981.0,A01,13,3,2020,18:00,1,76.0,76157,2,3,1.0,3.0,CD 982 (COTE DE CANTELEU),"49,4451500","1,0420500",,76.076157,76157,Seine-Maritime,28.0,Normandie,70.0,3.0,2.0,4,1.0,28,Normandie,76,3,4,Canteleu,13966,360,14326.0
202000036301,2.0,2,4,2,0.0,1.0,-1.0,0,-1.0,2007.0,B01,13,3,2020,18:00,1,76.0,76157,2,3,1.0,3.0,CD 982 (COTE DE CANTELEU),"49,4451500","1,0420500",,76.076157,76157,Seine-Maritime,28.0,Normandie,70.0,3.0,2.0,4,1.0,28,Normandie,76,3,4,Canteleu,13966,360,14326.0
202000036301,1.0,1,3,1,0.0,1.0,-1.0,0,-1.0,1970.0,B01,13,3,2020,18:00,1,76.0,76157,2,3,1.0,3.0,CD 982 (COTE DE CANTELEU),"49,4451500","1,0420500",,76.076157,76157,Seine-Maritime,28.0,Normandie,70.0,3.0,2.0,4,1.0,28,Normandie,76,3,4,Canteleu,13966,360,14326.0
202000036380,1.0,1,4,1,1.0,2.0,-1.0, -1,-1.0,1999.0,A01,31,8,2020,19:40,1,76.0,76540,2,1,1.0,7.0,JUIFS. RUE AUX,"49,4420300","1,0923300",,76.076540,76540,Seine-Maritime,28.0,Normandie,10.0,4.0,-1.0,0,1.0,28,Normandie,76,3,97,Rouen,114083,1556,115639.0
202000036380,10.0,3,4,1,5.0,0.0,9.0,2,1.0,1991.0,A01,31,8,2020,19:40,1,76.0,76540,2,1,1.0,7.0,JUIFS. RUE AUX,"49,4420300","1,0923300",,76.076540,76540,Seine-Maritime,28.0,Normandie,10.0,4.0,-1.0,0,1.0,28,Normandie,76,3,97,Rouen,114083,1556,115639.0
202000036381,2.0,2,1,1,4.0,1.0,-1.0, -1,-1.0,1981.0,B01,1,8,2020,05:45,2,76.0,76481,2,2,1.0,3.0,JARDINETS (IMPASSE DES),"49,5524800","0,1176300",,76.076481,76481,Seine-Maritime,28.0,Normandie,50.0,4.0,2.0,2,1.0,28,Normandie,76,2,26,Octeville-sur-Mer,6122,119,6241.0
202000036381,1.0,1,1,1,4.0,1.0,-1.0, -1,-1.0,1986.0,B01,1,8,2020,05:45,2,76.0,76481,2,2,1.0,3.0,JARDINETS (IMPASSE DES),"49,5524800","0,1176300",,76.076481,76481,Seine-Maritime,28.0,Normandie,50.0,4.0,2.0,2,1.0,28,Normandie,76,2,26,Octeville-sur-Mer,6122,119,6241.0
202000036381,1.0,1,4,1,1.0,2.0,-1.0, -1,-1.0,1964.0,A01,1,8,2020,05:45,2,76.0,76481,2,2,1.0,3.0,JARDINETS (IMPASSE DES),"49,5524800","0,1176300",,76.076481,76481,Seine-Maritime,28.0,Normandie,50.0,4.0,2.0,2,1.0,28,Normandie,76,2,26,Octeville-sur-Mer,6122,119,6241.0
202000036382,10.0,3,3,2,5.0,0.0,3.0,3,1.0,1940.0,A01,31,8,2020,17:30,1,76.0,76351,2,2,1.0,6.0,LOUIS BRINDEAU,"49,4911500","0,1053300",,76.076351,76351,Seine-Maritime,28.0,Normandie,30.0,4.0,1.0,2,1.0,28,Normandie,76,2,96,LeHavre,166058,1780,167838.0
202000036382,1.0,1,1,1,5.0,1.0,-1.0, -1,-1.0,1972.0,A01,31,8,2020,17:30,1,76.0,76351,2,2,1.0,6.0,LOUIS BRINDEAU,"49,4911500","0,1053300",,76.076351,76351,Seine-Maritime,28.0,Normandie,30.0,4.0,1.0,2,1.0,28,Normandie,76,2,96,LeHavre,166058,1780,167838.0
202000036383,1.0,1,1,1,0.0,1.0,-1.0, -1,-1.0,1979.0,A01,30,7,2020,10:50,1,76.0,76384,2,1,1.0,6.0,RD 173 (RUES DU BECQUET/DESGENETAIS),"49,5210000","0,5330000",,76.076384,76384,Seine-Maritime,28.0,Normandie,50.0,3.0,1.0,2,1.0,28,Normandie,76,2,3,Lillebonne,8729,141,8870.0
202000036383,10.0,3,3,2,3.0,0.0,4.0,3,1.0,1968.0,A01,30,7,2020,10:50,1,76.0,76384,2,1,1.0,6.0,RD 173 (RUES DU BECQUET/DESGENETAIS),"49,5210000","0,5330000",,76.076384,76384,Seine-Maritime,28.0,Normandie,50.0,3.0,1.0,2,1.0,28,Normandie,76,2,3,Lillebonne,8729,141,8870.0
202000036461,1.0,1,4,1,5.0,1.0,0.0,0,-1.0,1998.0,A01,6,8,2020,01:15,5,76.0,76400,2,1,1.0,6.0,Rue du Moulin à Vent,"49,8280590","0,9092370",,76.076400,76400,Seine-Maritime,28.0,Normandie,50.0,3.0,2.0,2,1.0,28,Normandie,76,1,20,Luneray,2170,36,2206.0
202000036465,1.0,1,1,1,0.0,1.0,0.0,0,-1.0,2002.0,B01,2,9,2020,17:25,1,76.0,76619,2,2,1.0,3.0,6 Rue Vallee Tournee,"49,9931330","1,3544080",,76.076619,76619,Seine-Maritime,28.0,Normandie,70.0,3.0,2.0,2,1.0,28,Normandie,76,1,10,Saint-Martin-le-Gaillard,288,5,293.0
202000036465,1.0,1,4,1,0.0,2.0,0.0,0,-1.0,1987.0,A01,2,9,2020,17:25,1,76.0,76619,2,2,1.0,3.0,6 Rue Vallee Tournee,"49,9931330","1,3544080",,76.076619,76619,Seine-Maritime,28.0,Normandie,70.0,3.0,2.0,2,1.0,28,Normandie,76,1,10,Saint-Martin-le-Gaillard,288,5,293.0
202000036579,1.0,1,1,2,0.0,1.0,-1.0, -1,-1.0,1990.0,A01,21,8,2020,18:00,1,76.0,76540,2,2,1.0,6.0,LYONS LA FORET. RUE DE,"49,4364400","1,1338400",,76.076540,76540,Seine-Maritime,28.0,Normandie,70.0,3.0,1.0,2,1.0,28,Normandie,76,3,97,Rouen,114083,1556,115639.0
202000036579,10.0,3,4,2,5.0,8.0,2.0,5,1.0,1994.0,A01,21,8,2020,18:00,1,76.0,76540,2,2,1.0,6.0,LYONS LA FORET. RUE DE,"49,4364400","1,1338400",,76.076540,76540,Seine-Maritime,28.0,Normandie,70.0,3.0,1.0,2,1.0,28,Normandie,76,3,97,Rouen,114083,1556,115639.0
202000036581,1.0,1,1,1,5.0,1.0,0.0,0,-1.0,1948.0,A01,10,2,2020,19:30,3,76.0,76244,1,1,2.0,6.0,A28,"49,7155620","1,4132830",,76.076244,76244,Seine-Maritime,28.0,Normandie,130.0,1.0,3.0,4,2.0,28,Normandie,76,1,23,EsclavelLes386,6,392,
202000036581,2.0,2,4,2,0.0,1.0,0.0,0,-1.0,1959.0,A01,10,2,2020,19:30,3,76.0,76244,1,1,2.0,6.0,A28,"49,7155620","1,4132830",,76.076244,76244,Seine-Maritime,28.0,Normandie,130.0,1.0,3.0,4,2.0,28,Normandie,76,1,23,EsclavelLes386,6,392,
202000036582,2.0,2,4,2,0.0,1.0,-1.0, -1,-1.0,1999.0,B01,30,8,2020,04:35,5,76.0,76447,2,2,2.0,3.0,COMMUNE 1871 (DE LA),"49,5450000","0,1886300",,76.076447,76447,Seine-Maritime,28.0,Normandie,50.0,4.0,2.0,2,2.0,28,Normandie,76,2,15,Montivilliers,15457,203,15660.0
202000036582,1.0,1,4,1,0.0,1.0,-1.0, -1,-1.0,2000.0,B01,30,8,2020,04:35,5,76.0,76447,2,2,2.0,3.0,COMMUNE 1871 (DE LA),"49,5450000","0,1886300",,76.076447,76447,Seine-Maritime,28.0,Normandie,50.0,4.0,2.0,2,2.0,28,Normandie,76,2,15,Montivilliers,15457,203,15660.0
202000036582,3.0,2,4,1,0.0,1.0,-1.0, -1,-1.0,2000.0,B01,30,8,2020,04:35,5,76.0,76447,2,2,2.0,3.0,COMMUNE 1871 (DE LA),"49,5450000","0,1886300",,76.076447,76447,Seine-Maritime,28.0,Normandie,50.0,4.0,2.0,2,2.0,28,Normandie,76,2,15,Montivilliers,15457,203,15660.0
202000036582,2.0,2,1,1,0.0,8.0,-1.0, -1,-1.0,2000.0,A01,30,8,2020,04:35,5,76.0,76447,2,2,2.0,3.0,COMMUNE 1871 (DE LA),"49,5450000","0,1886300",,76.076447,76447,Seine-Maritime,28.0,Normandie,50.0,4.0,2.0,2,2.0,28,Normandie,76,2,15,Montivilliers,15457,203,15660.0
202000036582,1.0,1,1,2,0.0,1.0,-1.0, -1,-1.0,2000.0,A01,30,8,2020,04:35,5,76.0,76447,2,2,2.0,3.0,COMMUNE 1871 (DE LA),"49,5450000","0,1886300",,76.076447,76447,Seine-Maritime,28.0,Normandie,50.0,4.0,2.0,2,2.0,28,Normandie,76,2,15,Montivilliers,15457,203,15660.0
202000036583,1.0,1,1,2,5.0,1.0,-1.0, -1,-1.0,1966.0,A01,29,8,2020,00:20,5,76.0,76351,2,1,2.0,-1.0,GEORGES LAFAURIE (RUE),"49,5013000","0,1141000",,76.076351,76351,Seine-Maritime,28.0,Normandie,50.0,4.0,2.0,2,2.0,28,Normandie,76,2,96,LeHavre,166058,1780,167838.0
202000036583,10.0,3,3,1,4.0,0.0,1.0,B,2.0,1978.0,A01,29,8,2020,00:20,5,76.0,76351,2,1,2.0,-1.0,GEORGES LAFAURIE (RUE),"49,5013000","0,1141000",,76.076351,76351,Seine-Maritime,28.0,Normandie,50.0,4.0,2.0,2,2.0,28,Normandie,76,2,96,LeHavre,166058,1780,167838.0
202000036583,1.0,1,1,2,5.0,1.0,-1.0, -1,-1.0,1995.0,B01,29,8,2020,00:20,5,76.0,76351,2,1,2.0,-1.0,GEORGES LAFAURIE (RUE),"49,5013000","0,1141000",,76.076351,76351,Seine-Maritime,28.0,Normandie,50.0,4.0,2.0,2,2.0,28,Normandie,76,2,96,LeHavre,166058,1780,167838.0
202000036608,1.0,1,3,1,1.0,1.0,0.0,0,-1.0,1963.0,A01,8,2,2020,05:20,3,76.0,76381,1,1,6.0,6.0,D7,"49,7953940","1,6252900",,76.076381,76381,Seine-Maritime,28.0,Normandie,80.0,3.0,2.0,2,2.0,28,Normandie,76,1,12,Landes-Vieilles-et-Neuves,127,1,128.0
202000036720,1.0,1,4,1,5.0,1.0,0.0,0,-1.0,1993.0,A01,9,2,2020,01:20,5,76.0,76351,2,3,1.0,3.0,MICHEL FERE (QUAI),"49,4885900","0,1112400",,76.076351,76351,Seine-Maritime,28.0,Normandie,50.0,4.0,2.0,2,1.0,28,Normandie,76,2,96,LeHavre,166058,1780,167838.0
202000036720,1.0,1,4,1,5.0,1.0,0.0,0,-1.0,1990.0,B01,9,2,2020,01:20,5,76.0,76351,2,3,1.0,3.0,MICHEL FERE (QUAI),"49,4885900","0,1112400",,76.076351,76351,Seine-Maritime,28.0,Normandie,50.0,4.0,2.0,2,1.0,28,Normandie,76,2,96,LeHavre,166058,1780,167838.0
202000036720,2.0,2,4,1,5.0,1.0,-1.0, -1,-1.0,1991.0,B01,9,2,2020,01:20,5,76.0,76351,2,3,1.0,3.0,MICHEL FERE (QUAI),"49,4885900","0,1112400",,76.076351,76351,Seine-Maritime,28.0,Normandie,50.0,4.0,2.0,2,1.0,28,Normandie,76,2,96,LeHavre,166058,1780,167838.0
202000036875,5.0,2,1,2,5.0,8.0,-1.0,0,-1.0,1994.0,A01,7,1,2020,05:50,5,76.0,76540,2,1,1.0,6.0,BOISGUILBERT. QUAI DE,"49,4424600","1,0773100",,76.076540,76540,Seine-Maritime,28.0,Normandie,50.0,3.0,1.0,3,2.0,28,Normandie,76,3,97,Rouen,114083,1556,115639.0
202000036875,2.0,2,3,2,5.0,1.0,-1.0,0,-1.0,1993.0,A01,7,1,2020,05:50,5,76.0,76540,2,1,1.0,6.0,BOISGUILBERT. QUAI DE,"49,4424600","1,0773100",,76.076540,76540,Seine-Maritime,28.0,Normandie,50.0,3.0,1.0,3,2.0,28,Normandie,76,3,97,Rouen,114083,1556,115639.0
202000036964,1.0,1,3,1,5.0,8.0,-1.0, -1,-1.0,1958.0,A01,29,5,2020,09:30,1,76.0,76216,2,1,1.0,7.0,DIEPPE. ROUTE DE (RN 27),"49,4709500","1,0498700",,76.076216,76216,Seine-Maritime,28.0,Normandie,50.0,3.0,2.0,2,1.0,28,Normandie,76,3,22,Déville-lès-Rouen,10745,62,10807.0
202000036966,1.0,1,3,1,0.0,2.0,-1.0, -1,-1.0,1977.0,B01,29,5,2020,07:45,1,76.0,76351,2,6,1.0,3.0,COCHET,"49,5055600","0,1010300",,76.076351,76351,Seine-Maritime,28.0,Normandie,50.0,3.0,2.0,2,1.0,28,Normandie,76,2,96,LeHavre,166058,1780,167838.0
202000036966,1.0,1,1,1,0.0,1.0,-1.0, -1,-1.0,1966.0,A01,29,5,2020,07:45,1,76.0,76351,2,6,1.0,3.0,COCHET,"49,5055600","0,1010300",,76.076351,76351,Seine-Maritime,28.0,Normandie,50.0,3.0,2.0,2,1.0,28,Normandie,76,2,96,LeHavre,166058,1780,167838.0
202000037096,4.0,2,4,2,5.0,0.0,0.0,0,-1.0,2002.0,A01,29,4,2020,02:55,3,76.0,76421,1,4,1.0,7.0,372 Rue du Carreau,"49,5514744","0,4316313",,76.076421,76421,Seine-Maritime,28.0,Normandie,80.0,4.0,2.0,2,1.0,28,Normandie,76,2,3,Mélamare,928,14,942.0
202000037096,5.0,2,4,2,5.0,0.0,0.0,0,-1.0,2001.0,A01,29,4,2020,02:55,3,76.0,76421,1,4,1.0,7.0,372 Rue du Carreau,"49,5514744","0,4316313",,76.076421,76421,Seine-Maritime,28.0,Normandie,80.0,4.0,2.0,2,1.0,28,Normandie,76,2,3,Mélamare,928,14,942.0
202000037096,1.0,1,3,2,5.0,1.0,0.0,0,-1.0,2000.0,A01,29,4,2020,02:55,3,76.0,76421,1,4,1.0,7.0,372 Rue du Carreau,"49,5514744","0,4316313",,76.076421,76421,Seine-Maritime,28.0,Normandie,80.0,4.0,2.0,2,1.0,28,Normandie,76,2,3,Mélamare,928,14,942.0
202000037413,1.0,1,4,1,5.0,8.0,-1.0, -1,-1.0,1984.0,B01,5,12,2020,16:00,1,76.0,76540,2,2,1.0,3.0,BELGES. BOULEVARD DES,"49,4427100","1,0845900",,76.076540,76540,Seine-Maritime,28.0,Normandie,50.0,3.0,3.0,6,1.0,28,Normandie,76,3,97,Rouen,114083,1556,115639.0
202000037413,1.0,1,1,1,4.0,1.0,-1.0, -1,-1.0,1973.0,A01,5,12,2020,16:00,1,76.0,76540,2,2,1.0,3.0,BELGES. BOULEVARD DES,"49,4427100","1,0845900",,76.076540,76540,Seine-Maritime,28.0,Normandie,50.0,3.0,3.0,6,1.0,28,Normandie,76,3,97,Rouen,114083,1556,115639.0
202000037416,10.0,3,3,1,2.0,0.0,4.0,3,1.0,2007.0,A01,7,12,2020,08:45,2,76.0,76540,2,2,1.0,6.0,ELBEUF. RUE D',"49,4257600","1,0826300",,76.076540,76540,Seine-Maritime,28.0,Normandie,30.0,4.0,2.0,3,1.0,28,Normandie,76,3,97,Rouen,114083,1556,115639.0
202000037416,1.0,1,1,1,0.0,1.0,-1.0, -1,-1.0,1995.0,A01,7,12,2020,08:45,2,76.0,76540,2,2,1.0,6.0,ELBEUF. RUE D',"49,4257600","1,0826300",,76.076540,76540,Seine-Maritime,28.0,Normandie,30.0,4.0,2.0,3,1.0,28,Normandie,76,3,97,Rouen,114083,1556,115639.0
202000037560,1.0,1,1,2,4.0,1.0,-1.0, -1,-1.0,1999.0,C01,25,9,2020,09:30,1,76.0,76540,1,1,2.0,4.0,GRAND COURS. AVENUE DU,"49,4274300","1,1035900",,76.076540,76540,Seine-Maritime,28.0,Normandie,70.0,3.0,3.0,2,2.0,28,Normandie,76,3,97,Rouen,114083,1556,115639.0
202000037560,1.0,1,4,1,5.0,1.0,-1.0, -1,-1.0,1970.0,B01,25,9,2020,09:30,1,76.0,76540,1,1,2.0,4.0,GRAND COURS. AVENUE DU,"49,4274300","1,1035900",,76.076540,76540,Seine-Maritime,28.0,Normandie,70.0,3.0,3.0,2,2.0,28,Normandie,76,3,97,Rouen,114083,1556,115639.0
202000037560,1.0,1,1,2,5.0,1.0,-1.0, -1,-1.0,1958.0,A01,25,9,2020,09:30,1,76.0,76540,1,1,2.0,4.0,GRAND COURS. AVENUE DU,"49,4274300","1,1035900",,76.076540,76540,Seine-Maritime,28.0,Normandie,70.0,3.0,3.0,2,2.0,28,Normandie,76,3,97,Rouen,114083,1556,115639.0
202000037609,1.0,1,4,1,0.0,2.0,-1.0, -1,-1.0,1979.0,B01,28,7,2020,14:15,1,76.0,76540,2,2,1.0,3.0,NEUFCHATEL. ROUTE DE (RN 28),"49,4505500","1,0986900",,76.076540,76540,Seine-Maritime,28.0,Normandie,50.0,3.0,3.0,3,1.0,28,Normandie,76,3,97,Rouen,114083,1556,115639.0
202000037609,1.0,1,1,2,1.0,1.0,-1.0, -1,-1.0,1979.0,A01,28,7,2020,14:15,1,76.0,76540,2,2,1.0,3.0,NEUFCHATEL. ROUTE DE (RN 28),"49,4505500","1,0986900",,76.076540,76540,Seine-Maritime,28.0,Normandie,50.0,3.0,3.0,3,1.0,28,Normandie,76,3,97,Rouen,114083,1556,115639.0
202000037646,1.0,1,2,1,0.0,1.0,-1.0, -1,-1.0,1953.0,A01,1,7,2020,12:48,1,76.0,76484,1,1,2.0,1.0,D 13,"49,3453200","1,0753600",,76.076484,76484,Seine-Maritime,28.0,Normandie,80.0,3.0,2.0,2,2.0,28,Normandie,76,3,31,Oissel,12367,83,12450.0
202000037646,1.0,1,3,1,1.0,1.0,-1.0, -1,-1.0,1984.0,B01,1,7,2020,12:48,1,76.0,76484,1,1,2.0,1.0,D 13,"49,3453200","1,0753600",,76.076484,76484,Seine-Maritime,28.0,Normandie,80.0,3.0,2.0,2,2.0,28,Normandie,76,3,31,Oissel,12367,83,12450.0
202000037647,1.0,1,4,1,0.0,2.0,-1.0, -1,-1.0,1974.0,A01,30,6,2020,14:23,1,76.0,76552,2,1,1.0,7.0,OCTEVILLE,"49,5158000","0,0856000",,76.076552,76552,Seine-Maritime,28.0,Normandie,50.0,3.0,2.0,2,1.0,28,Normandie,76,2,19,Sainte-Adresse,7116,188,7304.0
202000037821,2.0,1,3,1,5.0,1.0,0.0,0,-1.0,1952.0,A01,27,9,2020,11:10,1,76.0,76126,1,9,6.0,6.0,A28,"49,6774180","1,3388510",,76.076126,76126,Seine-Maritime,28.0,Normandie,130.0,1.0,1.0,2,2.0,28,Normandie,76,1,23,Bosc-Mesnil,325,5,330.0
202000037821,1.0,2,1,2,5.0,1.0,0.0,0,-1.0,1953.0,A01,27,9,2020,11:10,1,76.0,76126,1,9,6.0,6.0,A28,"49,6774180","1,3388510",,76.076126,76126,Seine-Maritime,28.0,Normandie,130.0,1.0,1.0,2,2.0,28,Normandie,76,1,23,Bosc-Mesnil,325,5,330.0
202000038038,1.0,1,1,1,0.0,1.0,-1.0, -1,-1.0,1947.0,B01,24,10,2020,11:28,1,76.0,76498,2,2,2.0,2.0,GIRARDIN. BOULEVARD STANISLAS,"49,4159300","1,0565400",,76.076498,76498,Seine-Maritime,28.0,Normandie,50.0,3.0,2.0,2,2.0,28,Normandie,76,3,27,LePetit-Quevilly,21782,274,22056.0
202000038038,1.0,1,4,2,1.0,2.0,-1.0, -1,-1.0,1980.0,A01,24,10,2020,11:28,1,76.0,76498,2,2,2.0,2.0,GIRARDIN. BOULEVARD STANISLAS,"49,4159300","1,0565400",,76.076498,76498,Seine-Maritime,28.0,Normandie,50.0,3.0,2.0,2,2.0,28,Normandie,76,3,27,LePetit-Quevilly,21782,274,22056.0
202000038040,1.0,1,3,1,0.0,8.0,-1.0, -1,-1.0,1993.0,A01,25,10,2020,20:30,5,76.0,76231,2,1,1.0,6.0,CARNOT. COURS,"49,2869500","1,0163900",,76.076231,76231,Seine-Maritime,28.0,Normandie,50.0,4.0,2.0,2,2.0,28,Normandie,76,3,9,Elbeuf,15951,138,16089.0
202000038042,1.0,1,1,1,5.0,1.0,-1.0, -1,-1.0,2001.0,A01,24,10,2020,11:00,1,76.0,76540,2,1,1.0,4.0,NANSEN. RUE FRIDTJOF,"49,4450600","1,0638700",,76.076540,76540,Seine-Maritime,28.0,Normandie,50.0,2.0,2.0,4,2.0,28,Normandie,76,3,97,Rouen,114083,1556,115639.0
202000038042,1.0,1,4,2,0.0,1.0,-1.0, -1,-1.0,1933.0,B01,24,10,2020,11:00,1,76.0,76540,2,1,1.0,4.0,NANSEN. RUE FRIDTJOF,"49,4450600","1,0638700",,76.076540,76540,Seine-Maritime,28.0,Normandie,50.0,2.0,2.0,4,2.0,28,Normandie,76,3,97,Rouen,114083,1556,115639.0
202000038042,1.0,1,4,1,0.0,1.0,-1.0, -1,-1.0,1950.0,C01,24,10,2020,11:00,1,76.0,76540,2,1,1.0,4.0,NANSEN. RUE FRIDTJOF,"49,4450600","1,0638700",,76.076540,76540,Seine-Maritime,28.0,Normandie,50.0,2.0,2.0,4,2.0,28,Normandie,76,3,97,Rouen,114083,1556,115639.0
202000038042,1.0,1,1,1,0.0,1.0,-1.0, -1,-1.0,1963.0,D01,24,10,2020,11:00,1,76.0,76540,2,1,1.0,4.0,NANSEN. RUE FRIDTJOF,"49,4450600","1,0638700",,76.076540,76540,Seine-Maritime,28.0,Normandie,50.0,2.0,2.0,4,2.0,28,Normandie,76,3,97,Rouen,114083,1556,115639.0
202000038054,6.0,2,1,1,4.0,1.0,0.0,0,-1.0,1989.0,B01,1,7,2020,07:40,2,76.0,76532,1,1,2.0,2.0,D41,"49,6128558","1,3260949",,76.076532,76532,Seine-Maritime,28.0,Normandie,80.0,3.0,2.0,2,2.0,28,Normandie,76,1,23,Rocquemont,778,17,795.0
202000038054,10.0,3,3,1,4.0,0.0,1.0,0,1.0,1970.0,B01,1,7,2020,07:40,2,76.0,76532,1,1,2.0,2.0,D41,"49,6128558","1,3260949",,76.076532,76532,Seine-Maritime,28.0,Normandie,80.0,3.0,2.0,2,2.0,28,Normandie,76,1,23,Rocquemont,778,17,795.0
202000038054,1.0,1,1,1,4.0,1.0,0.0,0,-1.0,1989.0,B01,1,7,2020,07:40,2,76.0,76532,1,1,2.0,2.0,D41,"49,6128558","1,3260949",,76.076532,76532,Seine-Maritime,28.0,Normandie,80.0,3.0,2.0,2,2.0,28,Normandie,76,1,23,Rocquemont,778,17,795.0
202000038054,1.0,1,4,2,1.0,1.0,0.0,0,-1.0,1991.0,A01,1,7,2020,07:40,2,76.0,76532,1,1,2.0,2.0,D41,"49,6128558","1,3260949",,76.076532,76532,Seine-Maritime,28.0,Normandie,80.0,3.0,2.0,2,2.0,28,Normandie,76,1,23,Rocquemont,778,17,795.0
202000038171,1.0,1,3,1,5.0,2.0,-1.0, -1,-1.0,1950.0,B01,12,3,2020,18:05,1,76.0,76540,2,5,1.0,3.0,BRIAND. AVENUE ARISTIDE,"49,4345100","1,1060900",,76.076540,76540,Seine-Maritime,28.0,Normandie,50.0,3.0,1.0,3,1.0,28,Normandie,76,3,97,Rouen,114083,1556,115639.0
202000038171,1.0,1,1,2,0.0,1.0,-1.0, -1,-1.0,1981.0,A01,12,3,2020,18:05,1,76.0,76540,2,5,1.0,3.0,BRIAND. AVENUE ARISTIDE,"49,4345100","1,1060900",,76.076540,76540,Seine-Maritime,28.0,Normandie,50.0,3.0,1.0,3,1.0,28,Normandie,76,3,97,Rouen,114083,1556,115639.0
202000038172,1.0,1,1,2,0.0,1.0,0.0,0,-1.0,2000.0,B01,12,3,2020,15:25,1,76.0,76305,2,1,2.0,1.0,Allée Victor Hugo,"49,5054000","0,2319000",,76.076305,76305,Seine-Maritime,28.0,Normandie,50.0,4.0,2.0,2,2.0,28,Normandie,76,2,16,Gonfreville-l'Orcher,8961,44,9005.0
202000038172,1.0,1,4,1,0.0,2.0,0.0,0,-1.0,2004.0,A01,12,3,2020,15:25,1,76.0,76305,2,1,2.0,1.0,Allée Victor Hugo,"49,5054000","0,2319000",,76.076305,76305,Seine-Maritime,28.0,Normandie,50.0,4.0,2.0,2,2.0,28,Normandie,76,2,16,Gonfreville-l'Orcher,8961,44,9005.0
202000038173,1.0,1,3,1,0.0,8.0,-1.0, -1,-1.0,1970.0,A01,13,3,2020,07:55,1,76.0,76217,2,2,2.0,3.0,CORMORANS (DES),"49,9302200","1,0973500",,76.076217,76217,Seine-Maritime,28.0,Normandie,50.0,4.0,2.0,2,2.0,28,Normandie,76,1,95,Dieppe,28358,455,28813.0
202000038173,1.0,1,1,2,0.0,1.0,-1.0, -1,-1.0,1975.0,B01,13,3,2020,07:55,1,76.0,76217,2,2,2.0,3.0,CORMORANS (DES),"49,9302200","1,0973500",,76.076217,76217,Seine-Maritime,28.0,Normandie,50.0,4.0,2.0,2,2.0,28,Normandie,76,1,95,Dieppe,28358,455,28813.0
202000038264,1.0,1,4,1,5.0,1.0,0.0,0,-1.0,1947.0,A01,13,3,2020,19:10,3,76.0,76006,1,1,1.0,1.0,D88,"49,6861890","0,8320750",,76.076006,76006,Seine-Maritime,28.0,Normandie,80.0,3.0,2.0,2,1.0,28,Normandie,76,3,35,Amfreville-les-Champs,184,4,188.0
202000038264,1.0,1,1,1,1.0,1.0,0.0,0,-1.0,1980.0,B01,13,3,2020,19:10,3,76.0,76006,1,1,1.0,1.0,D88,"49,6861890","0,8320750",,76.076006,76006,Seine-Maritime,28.0,Normandie,80.0,3.0,2.0,2,1.0,28,Normandie,76,3,35,Amfreville-les-Champs,184,4,188.0
202000038400,10.0,3,3,1,5.0,0.0,4.0,9,1.0,2000.0,B01,31,8,2020,20:00,1,76.0,76758,2,2,1.0,-1.0,Rue Saint-françois,"49,6163370","0,7597300",,76.076758,76758,Seine-Maritime,28.0,Normandie,50.0,4.0,1.0,1,1.0,28,Normandie,76,3,35,Yvetot,11385,208,11593.0
202000038400,1.0,1,1,1,1.0,1.0,0.0,0,-1.0,1959.0,A01,31,8,2020,20:00,1,76.0,76758,2,2,1.0,-1.0,Rue Saint-françois,"49,6163370","0,7597300",,76.076758,76758,Seine-Maritime,28.0,Normandie,50.0,4.0,1.0,1,1.0,28,Normandie,76,3,35,Yvetot,11385,208,11593.0
202000038461,1.0,1,1,1,5.0,1.0,0.0,0,-1.0,1995.0,A01,30,8,2020,09:30,1,76.0,76516,1,1,3.0,7.0,A28,"49,7190133","1,4213397",,76.076516,76516,Seine-Maritime,28.0,Normandie,130.0,1.0,3.0,4,2.0,28,Normandie,76,1,23,Quièvrecourt,406,18,424.0
202000038461,2.0,2,3,2,5.0,1.0,0.0,0,-1.0,1997.0,A01,30,8,2020,09:30,1,76.0,76516,1,1,3.0,7.0,A28,"49,7190133","1,4213397",,76.076516,76516,Seine-Maritime,28.0,Normandie,130.0,1.0,3.0,4,2.0,28,Normandie,76,1,23,Quièvrecourt,406,18,424.0
202000038469,1.0,1,3,1,0.0,2.0,0.0,0,-1.0,2004.0,A01,30,7,2020,21:10,1,76.0,76711,2,1,1.0,3.0,Avenue du Marechal Foch,"50,0642980","1,3794390",,76.076711,76711,Seine-Maritime,28.0,Normandie,50.0,3.0,2.0,2,1.0,28,Normandie,76,1,10,LeTréport,4424,91,4515.0
202000038469,1.0,1,1,1,5.0,1.0,0.0,0,-1.0,1963.0,B01,30,7,2020,21:10,1,76.0,76711,2,1,1.0,3.0,Avenue du Marechal Foch,"50,0642980","1,3794390",,76.076711,76711,Seine-Maritime,28.0,Normandie,50.0,3.0,2.0,2,1.0,28,Normandie,76,1,10,LeTréport,4424,91,4515.0