Num_Acc,place,catu,grav,sexe,trajet,secu,locp,actp,etatp,an_nais,num_veh,jour,mois,an,hrmn,lum,dep,com,agg,int,atm,col,adr,lat,long,gps,com_insee_temp,com_insee,departmentName,regionCode,regionName,vma,catr,circ,nbv,surf,Code,Region,Departement,Arrondissement,Code_Canton,Nom_Commune,Population_municipaLe,Population_comptee_a_part,Population_Totale
201900002147,10.0,3,4,2,5.0,0.0,3.0,3,1.0,1993.0,A01,26,12,2019,18:00,5,76.0,76341,2,1,2.0,7.0,RESISTANCE (AVENUE DE LA),"49,4984561","0,2291518",,76.076341,76341,Seine-Maritime,28.0,Normandie,50.0,3.0,2.0,2,2.0,28,Normandie,76,2,15,Harfleur,8315,53,8368.0
201900002148,1.0,1,4,1,3.0,2.0,-1.0, -1,-1.0,1986.0,B01,24,12,2019,19:50,5,76.0,76351,2,2,1.0,3.0,PAUL CLAUDEL,"49,5170100","0,1162700",,76.076351,76351,Seine-Maritime,28.0,Normandie,50.0,4.0,2.0,1,1.0,28,Normandie,76,2,96,LeHavre,166058,1780,167838.0
201900002148,1.0,1,1,1,3.0,1.0,-1.0, -1,-1.0,1979.0,A01,24,12,2019,19:50,5,76.0,76351,2,2,1.0,3.0,PAUL CLAUDEL,"49,5170100","0,1162700",,76.076351,76351,Seine-Maritime,28.0,Normandie,50.0,4.0,2.0,1,1.0,28,Normandie,76,2,96,LeHavre,166058,1780,167838.0
201900002149,10.0,3,3,2,5.0,0.0,4.0,3,1.0,1948.0,A01,24,12,2019,10:10,1,76.0,76447,2,2,1.0,7.0,COMMUNE 1871 (DE LA),"49,5455400","0,1882000",,76.076447,76447,Seine-Maritime,28.0,Normandie,50.0,4.0,2.0,2,2.0,28,Normandie,76,2,15,Montivilliers,15457,203,15660.0
201900002149,1.0,1,1,2,5.0,1.0,0.0,0,-1.0,1970.0,A01,24,12,2019,10:10,1,76.0,76447,2,2,1.0,7.0,COMMUNE 1871 (DE LA),"49,5455400","0,1882000",,76.076447,76447,Seine-Maritime,28.0,Normandie,50.0,4.0,2.0,2,2.0,28,Normandie,76,2,15,Montivilliers,15457,203,15660.0
201900002150,10.0,3,4,1,3.0,0.0,3.0,3,1.0,2000.0,A01,19,12,2019,18:20,3,76.0,76384,2,1,2.0,7.0,HUGO VICTOR (RUE),"49,5179800","0,5367100",,76.076384,76384,Seine-Maritime,28.0,Normandie,50.0,9.0,2.0,2,2.0,28,Normandie,76,2,3,Lillebonne,8729,141,8870.0
201900002150,1.0,1,1,1,3.0,1.0,0.0,0,-1.0,1966.0,A01,19,12,2019,18:20,3,76.0,76384,2,1,2.0,7.0,HUGO VICTOR (RUE),"49,5179800","0,5367100",,76.076384,76384,Seine-Maritime,28.0,Normandie,50.0,9.0,2.0,2,2.0,28,Normandie,76,2,3,Lillebonne,8729,141,8870.0
201900002151,1.0,1,4,2,1.0,2.0,0.0,0,-1.0,1984.0,A01,16,12,2019,13:25,1,76.0,76575,2,6,1.0,3.0,OREE DU ROUVRAY. RUE DE L',"49,3920800","1,0870400",,76.076575,76575,Seine-Maritime,28.0,Normandie,50.0,4.0,-1.0,1,1.0,28,Normandie,76,3,98,Saint-Étienne-du-Rouvray,28508,225,28733.0
201900002152,1.0,1,1,2,0.0,1.0,0.0,0,-1.0,1993.0,B01,6,12,2019,08:45,1,76.0,76351,2,4,2.0,2.0,GENERAL FERRIE (AVENUE),"49,5034575","0,1795542",,76.076351,76351,Seine-Maritime,28.0,Normandie,50.0,4.0,1.0,2,2.0,28,Normandie,76,2,96,LeHavre,166058,1780,167838.0
201900002152,2.0,2,4,2,9.0,2.0,0.0,0,-1.0,2002.0,A01,6,12,2019,08:45,1,76.0,76351,2,4,2.0,2.0,GENERAL FERRIE (AVENUE),"49,5034575","0,1795542",,76.076351,76351,Seine-Maritime,28.0,Normandie,50.0,4.0,1.0,2,2.0,28,Normandie,76,2,96,LeHavre,166058,1780,167838.0
201900002152,1.0,1,4,1,5.0,2.0,0.0,0,-1.0,1978.0,A01,6,12,2019,08:45,1,76.0,76351,2,4,2.0,2.0,GENERAL FERRIE (AVENUE),"49,5034575","0,1795542",,76.076351,76351,Seine-Maritime,28.0,Normandie,50.0,4.0,1.0,2,2.0,28,Normandie,76,2,96,LeHavre,166058,1780,167838.0
201900002153,1.0,1,3,1,0.0,1.0,0.0,0,-1.0,1996.0,A01,15,12,2019,12:20,1,76.0,76305,2,1,1.0,7.0,ENTREPRISES (ROUTE DES),"49,4825000","0,1987700",,76.076305,76305,Seine-Maritime,28.0,Normandie,50.0,4.0,2.0,2,1.0,28,Normandie,76,2,16,Gonfreville-l'Orcher,8961,44,9005.0
201900002154,10.0,3,4,1,2.0,0.0,3.0,3,2.0,1988.0,A01,3,12,2019,16:20,1,76.0,76447,2,1,1.0,6.0,PRESIDENT WILSON,"49,5449526","0,1853192",,76.076447,76447,Seine-Maritime,28.0,Normandie,30.0,4.0,2.0,2,1.0,28,Normandie,76,2,15,Montivilliers,15457,203,15660.0
201900002154,10.0,3,4,1,2.0,0.0,3.0,3,2.0,2014.0,A01,3,12,2019,16:20,1,76.0,76447,2,1,1.0,6.0,PRESIDENT WILSON,"49,5449526","0,1853192",,76.076447,76447,Seine-Maritime,28.0,Normandie,30.0,4.0,2.0,2,1.0,28,Normandie,76,2,15,Montivilliers,15457,203,15660.0
201900002154,1.0,1,1,2,0.0,1.0,0.0,0,-1.0,1960.0,A01,3,12,2019,16:20,1,76.0,76447,2,1,1.0,6.0,PRESIDENT WILSON,"49,5449526","0,1853192",,76.076447,76447,Seine-Maritime,28.0,Normandie,30.0,4.0,2.0,2,1.0,28,Normandie,76,2,15,Montivilliers,15457,203,15660.0
201900002155,10.0,3,3,1,0.0,0.0,3.0,3,1.0,1957.0,A01,3,12,2019,11:05,1,76.0,76351,2,3,1.0,6.0,PAUL MARION,"49,4847689","0,1334667",,76.076351,76351,Seine-Maritime,28.0,Normandie,50.0,3.0,2.0,2,1.0,28,Normandie,76,2,96,LeHavre,166058,1780,167838.0
201900002155,1.0,1,1,1,0.0,1.0,0.0,0,-1.0,1973.0,A01,3,12,2019,11:05,1,76.0,76351,2,3,1.0,6.0,PAUL MARION,"49,4847689","0,1334667",,76.076351,76351,Seine-Maritime,28.0,Normandie,50.0,3.0,2.0,2,1.0,28,Normandie,76,2,96,LeHavre,166058,1780,167838.0
201900002156,1.0,1,1,1,1.0,1.0,0.0,0,-1.0,1960.0,A01,26,11,2019,16:00,1,76.0,76351,2,1,1.0,6.0,AMIRAL MOUCHEZ (BD),"49,4860800","0,1396300",,76.076351,76351,Seine-Maritime,28.0,Normandie,30.0,3.0,2.0,2,1.0,28,Normandie,76,2,96,LeHavre,166058,1780,167838.0
201900002156,10.0,3,3,2,2.0,0.0,2.0,3,1.0,2008.0,A01,26,11,2019,16:00,1,76.0,76351,2,1,1.0,6.0,AMIRAL MOUCHEZ (BD),"49,4860800","0,1396300",,76.076351,76351,Seine-Maritime,28.0,Normandie,30.0,3.0,2.0,2,1.0,28,Normandie,76,2,96,LeHavre,166058,1780,167838.0
201900002304,2.0,2,4,2,5.0,2.0,0.0,0,-1.0,1997.0,B01,18,9,2019,13:50,1,76.0,76351,2,2,1.0,3.0,STRASBOURG (BD),"49,4927000","0,1166000",,76.076351,76351,Seine-Maritime,28.0,Normandie,50.0,4.0,2.0,4,1.0,28,Normandie,76,2,96,LeHavre,166058,1780,167838.0
201900002304,1.0,1,4,1,5.0,2.0,0.0,0,-1.0,1992.0,B01,18,9,2019,13:50,1,76.0,76351,2,2,1.0,3.0,STRASBOURG (BD),"49,4927000","0,1166000",,76.076351,76351,Seine-Maritime,28.0,Normandie,50.0,4.0,2.0,4,1.0,28,Normandie,76,2,96,LeHavre,166058,1780,167838.0
201900002304,1.0,1,1,2,4.0,1.0,0.0,0,-1.0,1971.0,A01,18,9,2019,13:50,1,76.0,76351,2,2,1.0,3.0,STRASBOURG (BD),"49,4927000","0,1166000",,76.076351,76351,Seine-Maritime,28.0,Normandie,50.0,4.0,2.0,4,1.0,28,Normandie,76,2,96,LeHavre,166058,1780,167838.0
201900002305,1.0,1,4,1,4.0,1.0,-1.0, -1,-1.0,1959.0,A01,18,9,2019,02:30,5,76.0,76351,2,3,1.0,6.0,JULES DURAND (BD),"49,4894000","0,1547200",,76.076351,76351,Seine-Maritime,28.0,Normandie,50.0,3.0,-1.0,2,1.0,28,Normandie,76,2,96,LeHavre,166058,1780,167838.0
201900002306,10.0,3,4,1,9.0,8.0,9.0,0,-1.0,1994.0,A01,17,9,2019,19:45,1,76.0,76351,2,1,1.0,6.0,JULES DURAND (BD),"49,4893000","0,1540000",,76.076351,76351,Seine-Maritime,28.0,Normandie,50.0,3.0,2.0,2,1.0,28,Normandie,76,2,96,LeHavre,166058,1780,167838.0
201900002306,10.0,3,4,1,9.0,8.0,9.0,0,-1.0,1974.0,A01,17,9,2019,19:45,1,76.0,76351,2,1,1.0,6.0,JULES DURAND (BD),"49,4893000","0,1540000",,76.076351,76351,Seine-Maritime,28.0,Normandie,50.0,3.0,2.0,2,1.0,28,Normandie,76,2,96,LeHavre,166058,1780,167838.0
201900002306,1.0,1,1,1,5.0,1.0,0.0,0,-1.0,1999.0,A01,17,9,2019,19:45,1,76.0,76351,2,1,1.0,6.0,JULES DURAND (BD),"49,4893000","0,1540000",,76.076351,76351,Seine-Maritime,28.0,Normandie,50.0,3.0,2.0,2,1.0,28,Normandie,76,2,96,LeHavre,166058,1780,167838.0
201900002405,1.0,1,3,1,5.0,1.0,0.0,0,-1.0,1959.0,A01,18,9,2019,11:00,1,76.0,76249,1,1,9.0,3.0,A 29,"49,6354900","1,1597470",,76.076249,76249,Seine-Maritime,28.0,Normandie,130.0,1.0,3.0,4,1.0,28,Normandie,76,1,20,Étaimpuis,850,7,857.0
201900002405,1.0,1,1,2,4.0,1.0,0.0,0,-1.0,1999.0,B01,18,9,2019,11:00,1,76.0,76249,1,1,9.0,3.0,A 29,"49,6354900","1,1597470",,76.076249,76249,Seine-Maritime,28.0,Normandie,130.0,1.0,3.0,4,1.0,28,Normandie,76,1,20,Étaimpuis,850,7,857.0
201900002405,2.0,2,1,1,4.0,1.0,0.0,0,-1.0,1970.0,B01,18,9,2019,11:00,1,76.0,76249,1,1,9.0,3.0,A 29,"49,6354900","1,1597470",,76.076249,76249,Seine-Maritime,28.0,Normandie,130.0,1.0,3.0,4,1.0,28,Normandie,76,1,20,Étaimpuis,850,7,857.0
201900002536,1.0,1,4,1,1.0,1.0,0.0,0,-1.0,1988.0,A01,14,2,2019,16:30,1,76.0,76595,1,1,1.0,7.0,CD111,"49,6488890","0,1641260",,76.076595,76595,Seine-Maritime,28.0,Normandie,80.0,3.0,2.0,2,1.0,28,Normandie,76,2,26,Saint-Jouin-Bruneval,1829,35,1864.0
201900002650,1.0,1,4,1,5.0,2.0,0.0,0,-1.0,1997.0,A01,8,7,2019,17:20,1,76.0,76498,1,1,1.0,6.0,SUD III (RN 338),"49,4296400","1,0566500",,76.076498,76498,Seine-Maritime,28.0,Normandie,90.0,2.0,3.0,4,1.0,28,Normandie,76,3,27,LePetit-Quevilly,21782,274,22056.0
201900002651,2.0,2,4,2,0.0,1.0,0.0,0,-1.0,1999.0,A01,7,7,2019,06:55,1,76.0,76351,1,1,1.0,6.0,RD 6382,"49,5237500","0,1673700",,76.076351,76351,Seine-Maritime,28.0,Normandie,90.0,3.0,3.0,4,1.0,28,Normandie,76,2,96,LeHavre,166058,1780,167838.0
201900002651,4.0,2,4,2,0.0,1.0,0.0,0,-1.0,2000.0,A01,7,7,2019,06:55,1,76.0,76351,1,1,1.0,6.0,RD 6382,"49,5237500","0,1673700",,76.076351,76351,Seine-Maritime,28.0,Normandie,90.0,3.0,3.0,4,1.0,28,Normandie,76,2,96,LeHavre,166058,1780,167838.0
201900002651,1.0,1,4,2,0.0,1.0,0.0,0,-1.0,2000.0,A01,7,7,2019,06:55,1,76.0,76351,1,1,1.0,6.0,RD 6382,"49,5237500","0,1673700",,76.076351,76351,Seine-Maritime,28.0,Normandie,90.0,3.0,3.0,4,1.0,28,Normandie,76,2,96,LeHavre,166058,1780,167838.0
201900002991,1.0,1,3,1,3.0,2.0,0.0,0,-1.0,2000.0,A01,16,8,2019,16:55,1,76.0,76367,1,1,1.0,6.0,D121,"49,5045990","1,0996010",,76.076367,76367,Seine-Maritime,28.0,Normandie,80.0,3.0,2.0,2,1.0,28,Normandie,76,3,24,HouppevilLe2884,51,2935,
201900003069,1.0,1,4,1,5.0,2.0,0.0,0,-1.0,1983.0,B01,16,6,2019,11:20,1,76.0,76167,2,3,1.0,3.0,Rue d'Ecqueville,"49,5857000","0,1207000",,76.076167,76167,Seine-Maritime,28.0,Normandie,-1.0,4.0,2.0,-1,1.0,28,Normandie,76,2,26,Cauville-sur-Mer,1618,29,1647.0
201900003069,2.0,2,1,2,5.0,1.0,0.0,0,-1.0,1967.0,A01,16,6,2019,11:20,1,76.0,76167,2,3,1.0,3.0,Rue d'Ecqueville,"49,5857000","0,1207000",,76.076167,76167,Seine-Maritime,28.0,Normandie,-1.0,4.0,2.0,-1,1.0,28,Normandie,76,2,26,Cauville-sur-Mer,1618,29,1647.0
201900003069,1.0,1,1,1,5.0,1.0,0.0,0,-1.0,1967.0,A01,16,6,2019,11:20,1,76.0,76167,2,3,1.0,3.0,Rue d'Ecqueville,"49,5857000","0,1207000",,76.076167,76167,Seine-Maritime,28.0,Normandie,-1.0,4.0,2.0,-1,1.0,28,Normandie,76,2,26,Cauville-sur-Mer,1618,29,1647.0
201900003230,1.0,1,3,2,5.0,1.0,0.0,0,-1.0,1964.0,A01,22,10,2019,13:30,1,76.0,76211,1,2,7.0,3.0,D16,"49,8968700","1,5364380",,76.076211,76211,Seine-Maritime,28.0,Normandie,80.0,3.0,2.0,2,1.0,28,Normandie,76,1,10,Dancourt,233,2,235.0
201900003230,1.0,1,1,1,4.0,1.0,0.0,0,-1.0,1979.0,B01,22,10,2019,13:30,1,76.0,76211,1,2,7.0,3.0,D16,"49,8968700","1,5364380",,76.076211,76211,Seine-Maritime,28.0,Normandie,80.0,3.0,2.0,2,1.0,28,Normandie,76,1,10,Dancourt,233,2,235.0
201900003390,1.0,1,1,1,5.0,1.0,0.0,0,-1.0,1954.0,A01,1,6,2019,20:00,2,76.0,76655,2,1,1.0,6.0,Rue des remparts,"49,8693690","0,7161640",,76.076655,76655,Seine-Maritime,28.0,Normandie,50.0,6.0,-1.0,-1,1.0,28,Normandie,76,1,33,Saint-Valery-en-Caux,3915,162,4077.0
201900003390,10.0,3,3,2,5.0,0.0,2.0,A,2.0,1963.0,A01,1,6,2019,20:00,2,76.0,76655,2,1,1.0,6.0,Rue des remparts,"49,8693690","0,7161640",,76.076655,76655,Seine-Maritime,28.0,Normandie,50.0,6.0,-1.0,-1,1.0,28,Normandie,76,1,33,Saint-Valery-en-Caux,3915,162,4077.0
201900003391,1.0,1,3,1,5.0,2.0,0.0,0,-1.0,1966.0,A01,16,6,2019,11:45,1,76.0,76419,1,2,1.0,6.0,RD265,"49,3945000","0,8972000",,76.076419,76419,Seine-Maritime,28.0,Normandie,80.0,3.0,2.0,2,1.0,28,Normandie,76,3,1,Mauny,155,6,161.0
201900003393,1.0,1,1,1,5.0,1.0,0.0,0,-1.0,1985.0,A01,13,6,2019,22:50,3,76.0,76263,1,1,1.0,6.0,"PK 29+200, R.N. 31","49,4635000","1,4734000",,76.076263,76263,Seine-Maritime,28.0,Normandie,80.0,2.0,2.0,2,1.0,28,Normandie,76,1,12,La Feuillie,1262,28,1290.0
201900003393,10.0,3,2,1,5.0,0.0,1.0,0,-1.0,1951.0,A01,13,6,2019,22:50,3,76.0,76263,1,1,1.0,6.0,"PK 29+200, R.N. 31","49,4635000","1,4734000",,76.076263,76263,Seine-Maritime,28.0,Normandie,80.0,2.0,2.0,2,1.0,28,Normandie,76,1,12,La Feuillie,1262,28,1290.0
201900003396,1.0,1,3,1,1.0,2.0,0.0,0,-1.0,1985.0,A01,19,6,2019,17:45,1,76.0,76555,1,2,2.0,3.0,route de neufchatel,"49,5455210","1,2331860",,76.076555,76555,Seine-Maritime,28.0,Normandie,80.0,3.0,2.0,2,2.0,28,Normandie,76,3,21,Saint-André-sur-Cailly,807,22,829.0
201900003396,1.0,1,1,1,1.0,1.0,0.0,0,-1.0,1972.0,B01,19,6,2019,17:45,1,76.0,76555,1,2,2.0,3.0,route de neufchatel,"49,5455210","1,2331860",,76.076555,76555,Seine-Maritime,28.0,Normandie,80.0,3.0,2.0,2,2.0,28,Normandie,76,3,21,Saint-André-sur-Cailly,807,22,829.0
201900003398,1.0,1,4,2,1.0,1.0,0.0,0,-1.0,1980.0,B01,12,6,2019,18:09,1,76.0,76271,1,1,1.0,1.0,route du Bolhard,"49,5813030","1,1683090",,76.076271,76271,Seine-Maritime,28.0,Normandie,80.0,3.0,2.0,2,1.0,28,Normandie,76,3,2,Fontaine-le-Bourg,1843,18,1861.0
201900003398,1.0,1,2,1,9.0,2.0,0.0,0,-1.0,1969.0,A01,12,6,2019,18:09,1,76.0,76271,1,1,1.0,1.0,route du Bolhard,"49,5813030","1,1683090",,76.076271,76271,Seine-Maritime,28.0,Normandie,80.0,3.0,2.0,2,1.0,28,Normandie,76,3,2,Fontaine-le-Bourg,1843,18,1861.0
201900003400,9.0,2,3,1,5.0,1.0,0.0,0,-1.0,1998.0,B01,4,6,2019,18:30,1,76.0,76517,1,2,8.0,5.0,route de dieppe,"49,5218610","1,1415080",,76.076517,76517,Seine-Maritime,28.0,Normandie,80.0,3.0,2.0,2,2.0,28,Normandie,76,3,2,Quincampoix,3110,68,3178.0
201900003400,1.0,1,1,1,5.0,1.0,0.0,0,-1.0,1998.0,B01,4,6,2019,18:30,1,76.0,76517,1,2,8.0,5.0,route de dieppe,"49,5218610","1,1415080",,76.076517,76517,Seine-Maritime,28.0,Normandie,80.0,3.0,2.0,2,2.0,28,Normandie,76,3,2,Quincampoix,3110,68,3178.0
201900003400,2.0,2,4,2,5.0,1.0,0.0,0,-1.0,1997.0,B01,4,6,2019,18:30,1,76.0,76517,1,2,8.0,5.0,route de dieppe,"49,5218610","1,1415080",,76.076517,76517,Seine-Maritime,28.0,Normandie,80.0,3.0,2.0,2,2.0,28,Normandie,76,3,2,Quincampoix,3110,68,3178.0
201900003400,1.0,1,4,2,0.0,1.0,0.0,0,-1.0,1953.0,A01,4,6,2019,18:30,1,76.0,76517,1,2,8.0,5.0,route de dieppe,"49,5218610","1,1415080",,76.076517,76517,Seine-Maritime,28.0,Normandie,80.0,3.0,2.0,2,2.0,28,Normandie,76,3,2,Quincampoix,3110,68,3178.0
201900003400,1.0,1,1,2,0.0,1.0,0.0,0,-1.0,1974.0,C01,4,6,2019,18:30,1,76.0,76517,1,2,8.0,5.0,route de dieppe,"49,5218610","1,1415080",,76.076517,76517,Seine-Maritime,28.0,Normandie,80.0,3.0,2.0,2,2.0,28,Normandie,76,3,2,Quincampoix,3110,68,3178.0
201900003493,1.0,1,4,2,0.0,2.0,0.0,0,-1.0,1962.0,A01,20,3,2019,21:05,5,76.0,76351,2,1,1.0,7.0,FRANCOIS 1ER (BD),"49,4848800","0,1056200",,76.076351,76351,Seine-Maritime,28.0,Normandie,50.0,4.0,3.0,4,1.0,28,Normandie,76,2,96,LeHavre,166058,1780,167838.0
201900003548,1.0,1,4,1,0.0,2.0,-1.0, -1,-1.0,1964.0,A01,3,11,2019,21:55,5,76.0,76351,2,1,2.0,7.0,COLBERT (QUAI),"49,4919400","0,1282100",,76.076351,76351,Seine-Maritime,28.0,Normandie,50.0,4.0,3.0,4,2.0,28,Normandie,76,2,96,LeHavre,166058,1780,167838.0
201900003614,1.0,1,1,2,1.0,1.0,-1.0, -1,-1.0,1967.0,A01,22,11,2019,13:20,1,76.0,76351,2,1,1.0,6.0,EDOUARD VAILLANT,"49,5160600","0,1758500",,76.076351,76351,Seine-Maritime,28.0,Normandie,30.0,4.0,2.0,2,1.0,28,Normandie,76,2,96,LeHavre,166058,1780,167838.0
201900003614,10.0,3,4,2,2.0,8.0,3.0,3,1.0,2010.0,A01,22,11,2019,13:20,1,76.0,76351,2,1,1.0,6.0,EDOUARD VAILLANT,"49,5160600","0,1758500",,76.076351,76351,Seine-Maritime,28.0,Normandie,30.0,4.0,2.0,2,1.0,28,Normandie,76,2,96,LeHavre,166058,1780,167838.0
201900003782,2.0,2,4,1,5.0,1.0,-1.0,0,-1.0,2007.0,A01,20,10,2019,07:10,5,76.0,76217,2,1,1.0,6.0,VAUBAN (AVENUE),"49,9144800","1,0843700",,76.076217,76217,Seine-Maritime,28.0,Normandie,30.0,4.0,2.0,2,1.0,28,Normandie,76,1,95,Dieppe,28358,455,28813.0
201900003782,1.0,1,4,1,5.0,1.0,-1.0,0,-1.0,1976.0,A01,20,10,2019,07:10,5,76.0,76217,2,1,1.0,6.0,VAUBAN (AVENUE),"49,9144800","1,0843700",,76.076217,76217,Seine-Maritime,28.0,Normandie,30.0,4.0,2.0,2,1.0,28,Normandie,76,1,95,Dieppe,28358,455,28813.0
201900003834,10.0,3,3,2,0.0,0.0,5.0,9,1.0,1950.0,A01,19,12,2019,11:55,1,76.0,76351,2,1,1.0,7.0,GRAVILLE (BD DE),"49,5003400","0,1458700",,76.076351,76351,Seine-Maritime,28.0,Normandie,50.0,4.0,2.0,2,1.0,28,Normandie,76,2,96,LeHavre,166058,1780,167838.0
201900003834,1.0,1,1,1,0.0,1.0,-1.0, -1,-1.0,1985.0,A01,19,12,2019,11:55,1,76.0,76351,2,1,1.0,7.0,GRAVILLE (BD DE),"49,5003400","0,1458700",,76.076351,76351,Seine-Maritime,28.0,Normandie,50.0,4.0,2.0,2,1.0,28,Normandie,76,2,96,LeHavre,166058,1780,167838.0
201900003864,1.0,1,1,2,0.0,1.0,-1.0, -1,-1.0,1949.0,A01,16,12,2019,18:25,5,76.0,76351,2,1,1.0,7.0,PONTS (DES),"49,5205400","0,1261200",,76.076351,76351,Seine-Maritime,28.0,Normandie,50.0,4.0,2.0,2,2.0,28,Normandie,76,2,96,LeHavre,166058,1780,167838.0
201900003864,10.0,3,3,2,1.0,0.0,3.0,3,1.0,1985.0,A01,16,12,2019,18:25,5,76.0,76351,2,1,1.0,7.0,PONTS (DES),"49,5205400","0,1261200",,76.076351,76351,Seine-Maritime,28.0,Normandie,50.0,4.0,2.0,2,2.0,28,Normandie,76,2,96,LeHavre,166058,1780,167838.0
201900003881,1.0,1,1,1,0.0,1.0,0.0,0,-1.0,1994.0,A01,20,9,2019,06:15,3,76.0,76705,1,1,1.0,3.0,"A 13, PK 110.850","49,3332000","1,0804180",,76.076705,76705,Seine-Maritime,28.0,Normandie,110.0,1.0,3.0,5,1.0,28,Normandie,76,3,5,Tourville-la-Rivière,2568,19,2587.0
201900003881,1.0,1,4,1,1.0,1.0,0.0,0,-1.0,1968.0,B01,20,9,2019,06:15,3,76.0,76705,1,1,1.0,3.0,"A 13, PK 110.850","49,3332000","1,0804180",,76.076705,76705,Seine-Maritime,28.0,Normandie,110.0,1.0,3.0,5,1.0,28,Normandie,76,3,5,Tourville-la-Rivière,2568,19,2587.0
201900003881,2.0,2,4,1,0.0,1.0,0.0,0,-1.0,1952.0,B01,20,9,2019,06:15,3,76.0,76705,1,1,1.0,3.0,"A 13, PK 110.850","49,3332000","1,0804180",,76.076705,76705,Seine-Maritime,28.0,Normandie,110.0,1.0,3.0,5,1.0,28,Normandie,76,3,5,Tourville-la-Rivière,2568,19,2587.0
201900004231,1.0,1,3,1,5.0,8.0,0.0,0,-1.0,1999.0,A01,7,7,2019,12:40,1,76.0,76540,2,3,1.0,3.0,VERTE. RUE,"49,4528600","1,0935000",,76.076540,76540,Seine-Maritime,28.0,Normandie,50.0,4.0,2.0,2,1.0,28,Normandie,76,3,97,Rouen,114083,1556,115639.0
201900004231,1.0,1,1,1,5.0,1.0,0.0,0,-1.0,1970.0,B01,7,7,2019,12:40,1,76.0,76540,2,3,1.0,3.0,VERTE. RUE,"49,4528600","1,0935000",,76.076540,76540,Seine-Maritime,28.0,Normandie,50.0,4.0,2.0,2,1.0,28,Normandie,76,3,97,Rouen,114083,1556,115639.0
201900004232,1.0,1,4,1,5.0,2.0,0.0,0,-1.0,1995.0,A01,6,7,2019,17:00,1,76.0,76540,2,1,1.0,2.0,YSER. BOULEVARD DE L',"49,4480700","1,1016300",,76.076540,76540,Seine-Maritime,28.0,Normandie,50.0,3.0,2.0,5,1.0,28,Normandie,76,3,97,Rouen,114083,1556,115639.0
201900004232,1.0,1,1,1,5.0,1.0,0.0,0,-1.0,1965.0,B01,6,7,2019,17:00,1,76.0,76540,2,1,1.0,2.0,YSER. BOULEVARD DE L',"49,4480700","1,1016300",,76.076540,76540,Seine-Maritime,28.0,Normandie,50.0,3.0,2.0,5,1.0,28,Normandie,76,3,97,Rouen,114083,1556,115639.0
201900004233,1.0,1,3,1,0.0,2.0,0.0,0,-1.0,1965.0,A01,6,7,2019,17:00,1,76.0,76341,1,1,1.0,6.0,RD 6015,"49,5161000","0,2091000",,76.076341,76341,Seine-Maritime,28.0,Normandie,90.0,3.0,3.0,4,1.0,28,Normandie,76,2,15,Harfleur,8315,53,8368.0
201900004234,1.0,1,1,2,0.0,1.0,0.0,0,-1.0,1996.0,A01,6,7,2019,21:15,2,76.0,76351,2,3,1.0,3.0,JEAN JAURES (AVENUE),"49,5008400","0,1782100",,76.076351,76351,Seine-Maritime,28.0,Normandie,50.0,4.0,2.0,2,1.0,28,Normandie,76,2,96,LeHavre,166058,1780,167838.0
201900004234,1.0,1,4,2,0.0,2.0,0.0,0,-1.0,1982.0,B01,6,7,2019,21:15,2,76.0,76351,2,3,1.0,3.0,JEAN JAURES (AVENUE),"49,5008400","0,1782100",,76.076351,76351,Seine-Maritime,28.0,Normandie,50.0,4.0,2.0,2,1.0,28,Normandie,76,2,96,LeHavre,166058,1780,167838.0
201900004235,2.0,2,4,1,5.0,2.0,0.0,0,-1.0,2001.0,A01,6,7,2019,13:30,1,76.0,76305,2,3,1.0,6.0,ORCHER,"49,5034900","0,2140200",,76.076305,76305,Seine-Maritime,28.0,Normandie,50.0,4.0,2.0,2,1.0,28,Normandie,76,2,16,Gonfreville-l'Orcher,8961,44,9005.0
201900004235,1.0,1,4,1,5.0,2.0,0.0,0,-1.0,2002.0,A01,6,7,2019,13:30,1,76.0,76305,2,3,1.0,6.0,ORCHER,"49,5034900","0,2140200",,76.076305,76305,Seine-Maritime,28.0,Normandie,50.0,4.0,2.0,2,1.0,28,Normandie,76,2,16,Gonfreville-l'Orcher,8961,44,9005.0
201900004282,2.0,2,1,2,5.0,1.0,0.0,0,-1.0,1992.0,A01,10,2,2019,14:45,1,76.0,76540,2,2,1.0,3.0,MONT RIBOUDET. AVENUE DU,"49,4463300","1,0709600",,76.076540,76540,Seine-Maritime,28.0,Normandie,50.0,3.0,2.0,5,2.0,28,Normandie,76,3,97,Rouen,114083,1556,115639.0
201900004282,3.0,2,1,2,5.0,3.0,0.0,0,-1.0,2017.0,A01,10,2,2019,14:45,1,76.0,76540,2,2,1.0,3.0,MONT RIBOUDET. AVENUE DU,"49,4463300","1,0709600",,76.076540,76540,Seine-Maritime,28.0,Normandie,50.0,3.0,2.0,5,2.0,28,Normandie,76,3,97,Rouen,114083,1556,115639.0
201900004282,1.0,1,1,1,5.0,1.0,0.0,0,-1.0,1987.0,A01,10,2,2019,14:45,1,76.0,76540,2,2,1.0,3.0,MONT RIBOUDET. AVENUE DU,"49,4463300","1,0709600",,76.076540,76540,Seine-Maritime,28.0,Normandie,50.0,3.0,2.0,5,2.0,28,Normandie,76,3,97,Rouen,114083,1556,115639.0