Num_Acc,place,catu,grav,sexe,trajet,secu,locp,actp,etatp,an_nais,num_veh,jour,mois,an,hrmn,lum,dep,com,agg,int,atm,col,adr,lat,long,gps,com_insee_temp,com_insee,departmentName,regionCode,regionName,vma,catr,circ,nbv,surf,Code,Region,Departement,Arrondissement,Code_Canton,Nom_Commune,Population_municipaLe,Population_comptee_a_part,Population_Totale
201900010213,1.0,1,1,1,4.0,1.0,0.0,0,-1.0,1986.0,B01,16,10,2019,15:13,1,76.0,76351,2,2,2.0,2.0,VERDUN (RUE DE),"49,5022552","0,1869219",,76.076351,76351,Seine-Maritime,28.0,Normandie,50.0,4.0,2.0,2,2.0,28,Normandie,76,2,96,LeHavre,166058,1780,167838.0
201900010214,1.0,1,1,2,9.0,1.0,0.0,0,-1.0,1999.0,B01,17,10,2019,16:25,1,76.0,76217,2,2,1.0,1.0,REPUBLIQUE (AVENUE DE LA),"49,9246000","1,1037000",,76.076217,76217,Seine-Maritime,28.0,Normandie,50.0,3.0,2.0,2,1.0,28,Normandie,76,1,95,Dieppe,28358,455,28813.0
201900010214,2.0,1,4,1,2.0,2.0,-1.0, -1,-1.0,2005.0,A01,17,10,2019,16:25,1,76.0,76217,2,2,1.0,1.0,REPUBLIQUE (AVENUE DE LA),"49,9246000","1,1037000",,76.076217,76217,Seine-Maritime,28.0,Normandie,50.0,3.0,2.0,2,1.0,28,Normandie,76,1,95,Dieppe,28358,455,28813.0
201900010703,1.0,1,3,1,5.0,2.0,0.0,0,-1.0,1984.0,A01,10,8,2019,19:30,1,76.0,76071,1,1,1.0,7.0,Rue du 31 Août 1944,"49,9163000","1,2483680",,76.076071,76071,Seine-Maritime,28.0,Normandie,80.0,3.0,-1.0,2,1.0,28,Normandie,76,1,8,BellengrevilLe472,14,486,
201900010704,1.0,1,3,2,5.0,2.0,0.0,0,-1.0,1998.0,A01,10,8,2019,20:45,2,76.0,76743,1,9,1.0,7.0,a 150,"49,5426646","0,9279907",,76.076743,76743,Seine-Maritime,28.0,Normandie,130.0,1.0,1.0,4,1.0,28,Normandie,76,3,1,Villers-ÉcalLes1734,12,1746,
201900010980,2.0,2,1,1,5.0,1.0,0.0,0,-1.0,1991.0,A01,6,7,2019,16:40,1,76.0,76517,1,1,1.0,6.0,Autoroute A28,"49,5334742","1,2186402",,76.076517,76517,Seine-Maritime,28.0,Normandie,110.0,1.0,3.0,4,1.0,28,Normandie,76,3,2,Quincampoix,3110,68,3178.0
201900010980,7.0,2,1,2,5.0,1.0,0.0,0,-1.0,2001.0,A01,6,7,2019,16:40,1,76.0,76517,1,1,1.0,6.0,Autoroute A28,"49,5334742","1,2186402",,76.076517,76517,Seine-Maritime,28.0,Normandie,110.0,1.0,3.0,4,1.0,28,Normandie,76,3,2,Quincampoix,3110,68,3178.0
201900010980,1.0,1,1,1,5.0,1.0,0.0,0,-1.0,1994.0,A01,6,7,2019,16:40,1,76.0,76517,1,1,1.0,6.0,Autoroute A28,"49,5334742","1,2186402",,76.076517,76517,Seine-Maritime,28.0,Normandie,110.0,1.0,3.0,4,1.0,28,Normandie,76,3,2,Quincampoix,3110,68,3178.0
201900010980,9.0,2,3,2,5.0,0.0,0.0,0,-1.0,1964.0,A01,6,7,2019,16:40,1,76.0,76517,1,1,1.0,6.0,Autoroute A28,"49,5334742","1,2186402",,76.076517,76517,Seine-Maritime,28.0,Normandie,110.0,1.0,3.0,4,1.0,28,Normandie,76,3,2,Quincampoix,3110,68,3178.0
201900011093,1.0,1,3,2,2.0,1.0,0.0,0,-1.0,2001.0,B01,23,11,2019,11:40,1,76.0,76712,1,1,2.0,1.0,D34,"49,5510860","0,5681520",,76.076712,76712,Seine-Maritime,28.0,Normandie,80.0,3.0,2.0,2,2.0,28,Normandie,76,2,3,La Trinité-du-Mont,883,17,900.0
201900011093,1.0,1,3,2,5.0,1.0,0.0,0,-1.0,1953.0,A01,23,11,2019,11:40,1,76.0,76712,1,1,2.0,1.0,D34,"49,5510860","0,5681520",,76.076712,76712,Seine-Maritime,28.0,Normandie,80.0,3.0,2.0,2,2.0,28,Normandie,76,2,3,La Trinité-du-Mont,883,17,900.0
201900011235,1.0,1,4,2,2.0,2.0,0.0,0,-1.0,2001.0,A01,17,12,2019,09:00,1,76.0,76540,2,1,1.0,3.0,NEUFCHATEL. ROUTE DE,"49,4546702","1,1056495",,76.076540,76540,Seine-Maritime,28.0,Normandie,50.0,3.0,2.0,4,1.0,28,Normandie,76,3,97,Rouen,114083,1556,115639.0
201900011235,1.0,1,1,1,1.0,1.0,0.0,0,-1.0,1986.0,B01,17,12,2019,09:00,1,76.0,76540,2,1,1.0,3.0,NEUFCHATEL. ROUTE DE,"49,4546702","1,1056495",,76.076540,76540,Seine-Maritime,28.0,Normandie,50.0,3.0,2.0,4,1.0,28,Normandie,76,3,97,Rouen,114083,1556,115639.0
201900011236,10.0,3,4,2,2.0,0.0,3.0,3,1.0,2006.0,A01,16,12,2019,07:40,5,76.0,76366,2,1,1.0,6.0,11 NOVEMBRE. RUE DU,"49,5215500","1,0333400",,76.076366,76366,Seine-Maritime,28.0,Normandie,50.0,3.0,2.0,2,2.0,28,Normandie,76,3,24,LeHoulme,4133,32,4165.0
201900011236,1.0,1,1,1,1.0,1.0,0.0,0,-1.0,1967.0,A01,16,12,2019,07:40,5,76.0,76366,2,1,1.0,6.0,11 NOVEMBRE. RUE DU,"49,5215500","1,0333400",,76.076366,76366,Seine-Maritime,28.0,Normandie,50.0,3.0,2.0,2,2.0,28,Normandie,76,3,24,LeHoulme,4133,32,4165.0
201900011237,1.0,1,4,1,0.0,2.0,-1.0, -1,-1.0,1983.0,B01,13,12,2019,23:00,5,76.0,76351,2,3,2.0,3.0,MARECHAL JOFFRE (RUE),"49,4999611","0,1276892",,76.076351,76351,Seine-Maritime,28.0,Normandie,50.0,4.0,2.0,2,2.0,28,Normandie,76,2,96,LeHavre,166058,1780,167838.0
201900011237,1.0,1,1,1,0.0,1.0,-1.0, -1,-1.0,1975.0,A01,13,12,2019,23:00,5,76.0,76351,2,3,2.0,3.0,MARECHAL JOFFRE (RUE),"49,4999611","0,1276892",,76.076351,76351,Seine-Maritime,28.0,Normandie,50.0,4.0,2.0,2,2.0,28,Normandie,76,2,96,LeHavre,166058,1780,167838.0
201900011238,1.0,1,4,1,0.0,1.0,0.0,0,-1.0,1995.0,B01,13,12,2019,17:45,3,76.0,76447,1,1,2.0,2.0,RD 489,"49,5402813","0,2109128",,76.076447,76447,Seine-Maritime,28.0,Normandie,110.0,3.0,3.0,4,2.0,28,Normandie,76,2,15,Montivilliers,15457,203,15660.0
201900011238,3.0,2,4,2,0.0,1.0,0.0,0,-1.0,2012.0,A01,13,12,2019,17:45,3,76.0,76447,1,1,2.0,2.0,RD 489,"49,5402813","0,2109128",,76.076447,76447,Seine-Maritime,28.0,Normandie,110.0,3.0,3.0,4,2.0,28,Normandie,76,2,15,Montivilliers,15457,203,15660.0
201900011238,1.0,1,4,1,0.0,1.0,0.0,0,-1.0,1984.0,A01,13,12,2019,17:45,3,76.0,76447,1,1,2.0,2.0,RD 489,"49,5402813","0,2109128",,76.076447,76447,Seine-Maritime,28.0,Normandie,110.0,3.0,3.0,4,2.0,28,Normandie,76,2,15,Montivilliers,15457,203,15660.0
201900011460,2.0,2,4,2,5.0,2.0,0.0,0,-1.0,1972.0,B01,15,9,2019,18:25,1,76.0,76235,2,3,7.0,3.0,72 rue des canadiens,"49,8971767","1,2596041",,76.076235,76235,Seine-Maritime,28.0,Normandie,50.0,3.0,2.0,2,1.0,28,Normandie,76,1,8,Envermeu,1978,132,2110.0
201900011460,1.0,1,3,1,5.0,2.0,0.0,0,-1.0,1972.0,B01,15,9,2019,18:25,1,76.0,76235,2,3,7.0,3.0,72 rue des canadiens,"49,8971767","1,2596041",,76.076235,76235,Seine-Maritime,28.0,Normandie,50.0,3.0,2.0,2,1.0,28,Normandie,76,1,8,Envermeu,1978,132,2110.0
201900011460,1.0,1,1,2,5.0,1.0,0.0,0,-1.0,1996.0,A01,15,9,2019,18:25,1,76.0,76235,2,3,7.0,3.0,72 rue des canadiens,"49,8971767","1,2596041",,76.076235,76235,Seine-Maritime,28.0,Normandie,50.0,3.0,2.0,2,1.0,28,Normandie,76,1,8,Envermeu,1978,132,2110.0
201900011604,10.0,3,3,2,3.0,0.0,2.0,3,1.0,1946.0,A01,18,3,2019,10:48,1,76.0,76057,2,9,7.0,6.0,Rue Saint-Hélier,"49,5449670","0,9572390",,76.076057,76057,Seine-Maritime,28.0,Normandie,50.0,3.0,2.0,2,1.0,28,Normandie,76,3,1,Barentin,12154,238,12392.0
201900011604,1.0,1,1,1,4.0,1.0,0.0,0,-1.0,1967.0,A01,18,3,2019,10:48,1,76.0,76057,2,9,7.0,6.0,Rue Saint-Hélier,"49,5449670","0,9572390",,76.076057,76057,Seine-Maritime,28.0,Normandie,50.0,3.0,2.0,2,1.0,28,Normandie,76,3,1,Barentin,12154,238,12392.0
201900011605,1.0,1,3,1,5.0,2.0,0.0,0,-1.0,1962.0,A01,24,3,2019,11:20,1,76.0,76283,1,3,1.0,2.0,Route de pommereval - RD 915,"49,7331160","1,3267310",,76.076283,76283,Seine-Maritime,28.0,Normandie,80.0,3.0,2.0,2,1.0,28,Normandie,76,1,23,FresLes237,5,242,
201900011605,1.0,1,1,1,5.0,1.0,0.0,0,-1.0,1997.0,B01,24,3,2019,11:20,1,76.0,76283,1,3,1.0,2.0,Route de pommereval - RD 915,"49,7331160","1,3267310",,76.076283,76283,Seine-Maritime,28.0,Normandie,80.0,3.0,2.0,2,1.0,28,Normandie,76,1,23,FresLes237,5,242,
201900011606,2.0,2,3,1,5.0,2.0,0.0,0,-1.0,2001.0,B01,22,3,2019,20:30,5,76.0,76647,2,2,5.0,1.0,Avenue Maréchal de Lattre de Tassigny,"49,5327110","0,3543100",,76.076647,76647,Seine-Maritime,28.0,Normandie,50.0,3.0,2.0,2,1.0,28,Normandie,76,2,32,Saint-Romain-de-Colbosc,4436,43,4479.0
201900011606,1.0,1,4,1,5.0,2.0,0.0,0,-1.0,2000.0,B01,22,3,2019,20:30,5,76.0,76647,2,2,5.0,1.0,Avenue Maréchal de Lattre de Tassigny,"49,5327110","0,3543100",,76.076647,76647,Seine-Maritime,28.0,Normandie,50.0,3.0,2.0,2,1.0,28,Normandie,76,2,32,Saint-Romain-de-Colbosc,4436,43,4479.0
201900011606,1.0,1,1,1,1.0,1.0,0.0,0,-1.0,1997.0,A01,22,3,2019,20:30,5,76.0,76647,2,2,5.0,1.0,Avenue Maréchal de Lattre de Tassigny,"49,5327110","0,3543100",,76.076647,76647,Seine-Maritime,28.0,Normandie,50.0,3.0,2.0,2,1.0,28,Normandie,76,2,32,Saint-Romain-de-Colbosc,4436,43,4479.0
201900011681,1.0,1,4,1,0.0,1.0,-1.0,0,-1.0,1991.0,B01,12,3,2019,20:25,5,76.0,76457,2,1,1.0,3.0,DEPARTEMENTALE 3,"49,3418200","0,9667700",,76.076457,76457,Seine-Maritime,28.0,Normandie,50.0,3.0,-1.0,2,1.0,28,Normandie,76,3,9,Moulineaux,932,16,948.0
201900011681,1.0,1,1,1,0.0,1.0,0.0,0,-1.0,1985.0,A01,12,3,2019,20:25,5,76.0,76457,2,1,1.0,3.0,DEPARTEMENTALE 3,"49,3418200","0,9667700",,76.076457,76457,Seine-Maritime,28.0,Normandie,50.0,3.0,-1.0,2,1.0,28,Normandie,76,3,9,Moulineaux,932,16,948.0
201900011711,1.0,1,1,1,5.0,1.0,0.0,0,-1.0,1948.0,A01,18,3,2019,16:25,1,76.0,76540,2,1,1.0,2.0,BRIAND. AVENUE ARISTIDE,"49,4361400","1,1013200",,76.076540,76540,Seine-Maritime,28.0,Normandie,50.0,3.0,3.0,6,2.0,28,Normandie,76,3,97,Rouen,114083,1556,115639.0
201900011711,2.0,2,4,2,5.0,1.0,-1.0,0,-1.0,1950.0,A01,18,3,2019,16:25,1,76.0,76540,2,1,1.0,2.0,BRIAND. AVENUE ARISTIDE,"49,4361400","1,1013200",,76.076540,76540,Seine-Maritime,28.0,Normandie,50.0,3.0,3.0,6,2.0,28,Normandie,76,3,97,Rouen,114083,1556,115639.0
201900011712,1.0,1,4,2,1.0,2.0,0.0,0,-1.0,2002.0,A01,18,3,2019,09:00,1,76.0,76481,1,1,1.0,6.0,GOLF (CHEMIN DU),"49,5664000","0,1372000",,76.076481,76481,Seine-Maritime,28.0,Normandie,80.0,4.0,2.0,2,1.0,28,Normandie,76,2,26,Octeville-sur-Mer,6122,119,6241.0
201900011713,1.0,1,1,1,1.0,1.0,-1.0,0,-1.0,1998.0,A01,18,3,2019,08:42,1,76.0,76351,2,2,1.0,5.0,CAVEE VERTE (RUE DE LA),"49,5054700","0,1147400",,76.076351,76351,Seine-Maritime,28.0,Normandie,50.0,3.0,2.0,4,1.0,28,Normandie,76,2,96,LeHavre,166058,1780,167838.0
201900011713,1.0,1,1,1,0.0,1.0,0.0,0,-1.0,1980.0,B01,18,3,2019,08:42,1,76.0,76351,2,2,1.0,5.0,CAVEE VERTE (RUE DE LA),"49,5054700","0,1147400",,76.076351,76351,Seine-Maritime,28.0,Normandie,50.0,3.0,2.0,4,1.0,28,Normandie,76,2,96,LeHavre,166058,1780,167838.0
201900011713,1.0,1,4,2,1.0,1.0,-1.0,0,-1.0,1958.0,C01,18,3,2019,08:42,1,76.0,76351,2,2,1.0,5.0,CAVEE VERTE (RUE DE LA),"49,5054700","0,1147400",,76.076351,76351,Seine-Maritime,28.0,Normandie,50.0,3.0,2.0,4,1.0,28,Normandie,76,2,96,LeHavre,166058,1780,167838.0
201900011713,1.0,1,1,1,1.0,1.0,-1.0,0,-1.0,1977.0,D01,18,3,2019,08:42,1,76.0,76351,2,2,1.0,5.0,CAVEE VERTE (RUE DE LA),"49,5054700","0,1147400",,76.076351,76351,Seine-Maritime,28.0,Normandie,50.0,3.0,2.0,4,1.0,28,Normandie,76,2,96,LeHavre,166058,1780,167838.0
201900011714,10.0,3,1,1,0.0,8.0,3.0,3,2.0,1947.0,A01,16,3,2019,16:00,1,76.0,76447,2,1,1.0,6.0,PIERRE MENDES FRANCE,"49,5278900","0,1837700",,76.076447,76447,Seine-Maritime,28.0,Normandie,30.0,4.0,3.0,4,1.0,28,Normandie,76,2,15,Montivilliers,15457,203,15660.0
201900011714,1.0,1,1,1,0.0,1.0,0.0,0,-1.0,1973.0,A01,16,3,2019,16:00,1,76.0,76447,2,1,1.0,6.0,PIERRE MENDES FRANCE,"49,5278900","0,1837700",,76.076447,76447,Seine-Maritime,28.0,Normandie,30.0,4.0,3.0,4,1.0,28,Normandie,76,2,15,Montivilliers,15457,203,15660.0
201900011714,10.0,3,4,2,0.0,8.0,3.0,3,2.0,1947.0,A01,16,3,2019,16:00,1,76.0,76447,2,1,1.0,6.0,PIERRE MENDES FRANCE,"49,5278900","0,1837700",,76.076447,76447,Seine-Maritime,28.0,Normandie,30.0,4.0,3.0,4,1.0,28,Normandie,76,2,15,Montivilliers,15457,203,15660.0
201900012065,1.0,1,4,1,0.0,2.0,-1.0,0,-1.0,2000.0,B01,15,10,2019,10:30,1,76.0,76351,2,2,1.0,3.0,FRANCOIS 1ER (BD),"49,4872000","0,1035000",,76.076351,76351,Seine-Maritime,28.0,Normandie,50.0,7.0,2.0,2,1.0,28,Normandie,76,2,96,LeHavre,166058,1780,167838.0
201900012065,1.0,1,1,2,0.0,1.0,-1.0,0,-1.0,1999.0,A01,15,10,2019,10:30,1,76.0,76351,2,2,1.0,3.0,FRANCOIS 1ER (BD),"49,4872000","0,1035000",,76.076351,76351,Seine-Maritime,28.0,Normandie,50.0,7.0,2.0,2,1.0,28,Normandie,76,2,96,LeHavre,166058,1780,167838.0
201900012418,1.0,1,4,1,0.0,2.0,0.0,0,-1.0,1990.0,A01,8,8,2019,18:15,1,76.0,76099,1,3,1.0,3.0,Route du Manoir,"49,5482640","0,8542750",,76.076099,76099,Seine-Maritime,28.0,Normandie,80.0,3.0,2.0,2,1.0,28,Normandie,76,3,1,BlacquevilLe707,9,716,
201900012418,1.0,1,1,2,0.0,1.0,0.0,0,-1.0,1959.0,B01,8,8,2019,18:15,1,76.0,76099,1,3,1.0,3.0,Route du Manoir,"49,5482640","0,8542750",,76.076099,76099,Seine-Maritime,28.0,Normandie,80.0,3.0,2.0,2,1.0,28,Normandie,76,3,1,BlacquevilLe707,9,716,
201900012509,1.0,1,3,1,1.0,2.0,0.0,0,-1.0,2002.0,B01,11,6,2019,07:35,1,76.0,76057,2,3,1.0,3.0,Rue du 11 Novembre,"49,5344560","0,9583104",,76.076057,76057,Seine-Maritime,28.0,Normandie,50.0,4.0,2.0,2,1.0,28,Normandie,76,3,1,Barentin,12154,238,12392.0
201900012509,1.0,1,1,1,5.0,1.0,0.0,0,-1.0,1992.0,A01,11,6,2019,07:35,1,76.0,76057,2,3,1.0,3.0,Rue du 11 Novembre,"49,5344560","0,9583104",,76.076057,76057,Seine-Maritime,28.0,Normandie,50.0,4.0,2.0,2,1.0,28,Normandie,76,3,1,Barentin,12154,238,12392.0
201900012510,1.0,1,3,1,0.0,1.0,0.0,0,-1.0,1947.0,B01,14,2,2019,09:30,1,76.0,76203,1,1,1.0,1.0,Route de Freville,"49,5924600","0,8463790",,76.076203,76203,Seine-Maritime,28.0,Normandie,80.0,3.0,2.0,2,1.0,28,Normandie,76,3,24,Croix-Mare,719,8,727.0
201900012510,1.0,1,3,1,0.0,1.0,0.0,0,-1.0,1949.0,A01,14,2,2019,09:30,1,76.0,76203,1,1,1.0,1.0,Route de Freville,"49,5924600","0,8463790",,76.076203,76203,Seine-Maritime,28.0,Normandie,80.0,3.0,2.0,2,1.0,28,Normandie,76,3,24,Croix-Mare,719,8,727.0
201900012512,1.0,1,3,1,5.0,1.0,0.0,0,-1.0,2000.0,A01,1,6,2019,21:50,2,76.0,76269,1,1,1.0,6.0,les tronquets,"49,6746685","1,4278579",,76.076269,76269,Seine-Maritime,28.0,Normandie,80.0,3.0,2.0,2,1.0,28,Normandie,76,1,23,Fontaine-en-Bray,168,3,171.0
201900012512,2.0,2,3,1,5.0,1.0,0.0,0,-1.0,2001.0,A01,1,6,2019,21:50,2,76.0,76269,1,1,1.0,6.0,les tronquets,"49,6746685","1,4278579",,76.076269,76269,Seine-Maritime,28.0,Normandie,80.0,3.0,2.0,2,1.0,28,Normandie,76,1,23,Fontaine-en-Bray,168,3,171.0
201900012667,1.0,1,4,1,1.0,1.0,0.0,0,-1.0,1984.0,B01,5,7,2019,16:20,1,76.0,76597,1,1,1.0,3.0,Rd 149,"49,7512601","0,8789053",,76.076597,76597,Seine-Maritime,28.0,Normandie,80.0,3.0,2.0,2,1.0,28,Normandie,76,3,35,Saint-Laurent-en-Caux,749,12,761.0
201900012667,1.0,1,1,1,5.0,1.0,0.0,0,-1.0,1994.0,A01,5,7,2019,16:20,1,76.0,76597,1,1,1.0,3.0,Rd 149,"49,7512601","0,8789053",,76.076597,76597,Seine-Maritime,28.0,Normandie,80.0,3.0,2.0,2,1.0,28,Normandie,76,3,35,Saint-Laurent-en-Caux,749,12,761.0
201900012668,1.0,1,1,1,9.0,1.0,0.0,0,-1.0,1995.0,B01,6,7,2019,18:15,1,76.0,76242,1,2,7.0,3.0,PK 004 + 900,"49,4490858","1,7259103",,76.076242,76242,Seine-Maritime,28.0,Normandie,80.0,3.0,2.0,2,1.0,28,Normandie,76,1,12,Ernemont-la-Villette,207,4,211.0
201900012668,2.0,2,3,2,5.0,1.0,0.0,0,-1.0,1932.0,A01,6,7,2019,18:15,1,76.0,76242,1,2,7.0,3.0,PK 004 + 900,"49,4490858","1,7259103",,76.076242,76242,Seine-Maritime,28.0,Normandie,80.0,3.0,2.0,2,1.0,28,Normandie,76,1,12,Ernemont-la-Villette,207,4,211.0
201900012668,1.0,1,3,2,5.0,1.0,0.0,0,-1.0,1939.0,A01,6,7,2019,18:15,1,76.0,76242,1,2,7.0,3.0,PK 004 + 900,"49,4490858","1,7259103",,76.076242,76242,Seine-Maritime,28.0,Normandie,80.0,3.0,2.0,2,1.0,28,Normandie,76,1,12,Ernemont-la-Villette,207,4,211.0
201900012764,1.0,1,4,2,1.0,1.0,0.0,0,-1.0,1998.0,A01,27,6,2019,20:45,1,76.0,76660,1,9,1.0,6.0,A131,"49,4865650","0,3152570",,76.076660,76660,Seine-Maritime,28.0,Normandie,130.0,1.0,3.0,4,1.0,28,Normandie,76,2,32,SandouvilLe800,11,811,
201900012843,10.0,3,4,1,5.0,8.0,6.0,9,2.0,1962.0,A01,20,11,2019,19:00,2,76.0,76540,2,1,1.0,6.0,RAFFETOT. RUE,"49,4509900","1,0835000",,76.076540,76540,Seine-Maritime,28.0,Normandie,50.0,4.0,2.0,2,1.0,28,Normandie,76,3,97,Rouen,114083,1556,115639.0
201900012843,1.0,1,1,1,0.0,1.0,0.0,0,-1.0,1969.0,A01,20,11,2019,19:00,2,76.0,76540,2,1,1.0,6.0,RAFFETOT. RUE,"49,4509900","1,0835000",,76.076540,76540,Seine-Maritime,28.0,Normandie,50.0,4.0,2.0,2,1.0,28,Normandie,76,3,97,Rouen,114083,1556,115639.0
201900012938,1.0,1,3,1,2.0,2.0,0.0,0,-1.0,2004.0,A01,22,11,2019,17:00,5,76.0,76163,2,1,1.0,2.0,Rue Saint Clair,"49,5129916","1,3308048",,76.076163,76163,Seine-Maritime,28.0,Normandie,50.0,3.0,2.0,2,1.0,28,Normandie,76,3,21,Catenay,689,14,703.0
201900012938,1.0,1,1,1,4.0,1.0,0.0,0,-1.0,1987.0,B01,22,11,2019,17:00,5,76.0,76163,2,1,1.0,2.0,Rue Saint Clair,"49,5129916","1,3308048",,76.076163,76163,Seine-Maritime,28.0,Normandie,50.0,3.0,2.0,2,1.0,28,Normandie,76,3,21,Catenay,689,14,703.0
201900012986,1.0,1,1,1,2.0,1.0,0.0,0,-1.0,1968.0,A01,18,11,2019,07:40,2,76.0,76475,2,2,1.0,6.0,Route de Paris,"49,4012970","1,1651460",,76.076475,76475,Seine-Maritime,28.0,Normandie,50.0,3.0,2.0,2,2.0,28,Normandie,76,3,21,Franqueville-Saint-Pierre,6067,195,6262.0
201900012986,10.0,3,3,1,1.0,0.0,4.0,3,1.0,1964.0,A01,18,11,2019,07:40,2,76.0,76475,2,2,1.0,6.0,Route de Paris,"49,4012970","1,1651460",,76.076475,76475,Seine-Maritime,28.0,Normandie,50.0,3.0,2.0,2,2.0,28,Normandie,76,3,21,Franqueville-Saint-Pierre,6067,195,6262.0
201900013075,2.0,2,1,2,5.0,1.0,0.0,0,-1.0,2005.0,B01,18,12,2019,17:45,3,76.0,76475,1,1,2.0,1.0,190 Rue de Pitres,"49,3943100","1,1720210",,76.076475,76475,Seine-Maritime,28.0,Normandie,70.0,3.0,2.0,2,2.0,28,Normandie,76,3,21,Franqueville-Saint-Pierre,6067,195,6262.0
201900013075,1.0,1,4,1,5.0,1.0,0.0,0,-1.0,1969.0,B01,18,12,2019,17:45,3,76.0,76475,1,1,2.0,1.0,190 Rue de Pitres,"49,3943100","1,1720210",,76.076475,76475,Seine-Maritime,28.0,Normandie,70.0,3.0,2.0,2,2.0,28,Normandie,76,3,21,Franqueville-Saint-Pierre,6067,195,6262.0
201900013075,1.0,1,3,1,1.0,1.0,0.0,0,-1.0,1997.0,A01,18,12,2019,17:45,3,76.0,76475,1,1,2.0,1.0,190 Rue de Pitres,"49,3943100","1,1720210",,76.076475,76475,Seine-Maritime,28.0,Normandie,70.0,3.0,2.0,2,2.0,28,Normandie,76,3,21,Franqueville-Saint-Pierre,6067,195,6262.0
201900013136,1.0,1,3,2,0.0,2.0,0.0,0,-1.0,1998.0,A01,30,12,2019,14:25,1,76.0,76270,1,1,1.0,2.0,LOUIS LUMIERE,"49,5566000","0,1258000",,76.076270,76270,Seine-Maritime,28.0,Normandie,70.0,4.0,2.0,2,1.0,28,Normandie,76,2,26,Fontaine-la-Mallet,2635,54,2689.0
201900013136,1.0,1,1,1,0.0,2.0,0.0,0,-1.0,1993.0,B01,30,12,2019,14:25,1,76.0,76270,1,1,1.0,2.0,LOUIS LUMIERE,"49,5566000","0,1258000",,76.076270,76270,Seine-Maritime,28.0,Normandie,70.0,4.0,2.0,2,1.0,28,Normandie,76,2,26,Fontaine-la-Mallet,2635,54,2689.0
201900013137,1.0,1,1,1,0.0,1.0,0.0,0,-1.0,1985.0,A01,27,12,2019,17:00,1,76.0,76351,2,1,1.0,3.0,MARECHAL JOFFRE (RUE),"49,4999800","0,1274900",,76.076351,76351,Seine-Maritime,28.0,Normandie,50.0,4.0,2.0,2,1.0,28,Normandie,76,2,96,LeHavre,166058,1780,167838.0
201900013137,1.0,1,3,1,5.0,2.0,-1.0, -1,-1.0,1970.0,B01,27,12,2019,17:00,1,76.0,76351,2,1,1.0,3.0,MARECHAL JOFFRE (RUE),"49,4999800","0,1274900",,76.076351,76351,Seine-Maritime,28.0,Normandie,50.0,4.0,2.0,2,1.0,28,Normandie,76,2,96,LeHavre,166058,1780,167838.0
201900013238,1.0,1,1,2,5.0,1.0,-1.0, -1,-1.0,1999.0,A01,12,9,2019,12:45,1,76.0,76681,2,3,1.0,3.0,LECHEVALLIER. RUE MARCEL,"49,4055400","1,0797900",,76.076681,76681,Seine-Maritime,28.0,Normandie,50.0,4.0,2.0,2,1.0,28,Normandie,76,3,99,Sotteville-lès-Rouen,28965,475,29440.0
201900013238,2.0,2,3,2,1.0,1.0,-1.0, -1,-1.0,1972.0,B01,12,9,2019,12:45,1,76.0,76681,2,3,1.0,3.0,LECHEVALLIER. RUE MARCEL,"49,4055400","1,0797900",,76.076681,76681,Seine-Maritime,28.0,Normandie,50.0,4.0,2.0,2,1.0,28,Normandie,76,3,99,Sotteville-lès-Rouen,28965,475,29440.0
201900013238,1.0,1,4,1,5.0,1.0,-1.0, -1,-1.0,1990.0,B01,12,9,2019,12:45,1,76.0,76681,2,3,1.0,3.0,LECHEVALLIER. RUE MARCEL,"49,4055400","1,0797900",,76.076681,76681,Seine-Maritime,28.0,Normandie,50.0,4.0,2.0,2,1.0,28,Normandie,76,3,99,Sotteville-lès-Rouen,28965,475,29440.0
201900013239,1.0,1,3,1,0.0,8.0,-1.0, -1,-1.0,1993.0,A01,12,9,2019,06:05,5,76.0,76498,2,1,1.0,6.0,GAULLE. BOULEVARD CHARLES DE,"49,4199400","1,0613800",,76.076498,76498,Seine-Maritime,28.0,Normandie,50.0,4.0,1.0,2,2.0,28,Normandie,76,3,27,LePetit-Quevilly,21782,274,22056.0
201900013240,1.0,1,4,1,5.0,2.0,-1.0, -1,-1.0,1985.0,B01,11,9,2019,19:30,1,76.0,76540,2,2,1.0,3.0,BELGES. BOULEVARD DES,"49,4422000","1,0838100",,76.076540,76540,Seine-Maritime,28.0,Normandie,50.0,2.0,3.0,4,1.0,28,Normandie,76,3,97,Rouen,114083,1556,115639.0
201900013240,1.0,1,1,1,0.0,1.0,-1.0, -1,-1.0,2001.0,A01,11,9,2019,19:30,1,76.0,76540,2,2,1.0,3.0,BELGES. BOULEVARD DES,"49,4422000","1,0838100",,76.076540,76540,Seine-Maritime,28.0,Normandie,50.0,2.0,3.0,4,1.0,28,Normandie,76,3,97,Rouen,114083,1556,115639.0
201900013241,1.0,1,4,1,5.0,2.0,-1.0,0,-1.0,1957.0,A01,11,9,2019,18:40,1,76.0,76540,2,3,1.0,3.0,YSER. BOULEVARD DE L',"49,4479500","1,1020000",,76.076540,76540,Seine-Maritime,28.0,Normandie,50.0,3.0,2.0,4,1.0,28,Normandie,76,3,97,Rouen,114083,1556,115639.0