Num_Acc,place,catu,grav,sexe,trajet,secu,locp,actp,etatp,an_nais,num_veh,jour,mois,an,hrmn,lum,dep,com,agg,int,atm,col,adr,lat,long,gps,com_insee_temp,com_insee,departmentName,regionCode,regionName,vma,catr,circ,nbv,surf,Code,Region,Departement,Arrondissement,Code_Canton,Nom_Commune,Population_municipaLe,Population_comptee_a_part,Population_Totale
201900013242,1.0,1,3,2,1.0,2.0,-1.0,0,-1.0,1960.0,A01,13,9,2019,12:15,1,76.0,76351,2,6,2.0,7.0,MARCEAU (RUE),"49,4910000","0,1335000",,76.076351,76351,Seine-Maritime,28.0,Normandie,50.0,4.0,3.0,4,2.0,28,Normandie,76,2,96,LeHavre,166058,1780,167838.0
201900013515,1.0,1,4,1,5.0,8.0,0.0,0,-1.0,2000.0,A01,16,3,2019,22:10,3,76.0,76351,2,9,1.0,3.0,GRAND HAMEAU (Avenue du ),"49,5230600","0,1097500",,76.076351,76351,Seine-Maritime,28.0,Normandie,10.0,6.0,-1.0,-1,1.0,28,Normandie,76,2,96,LeHavre,166058,1780,167838.0
201900013540,1.0,1,3,2,1.0,1.0,-1.0,0,-1.0,1989.0,B01,4,2,2019,08:20,1,76.0,76565,2,3,1.0,3.0,VERTUS (CHEMIN DES),"49,8950300","1,0743300",,76.076565,76565,Seine-Maritime,28.0,Normandie,50.0,4.0,2.0,2,1.0,28,Normandie,76,1,7,Saint-Aubin-sur-Scie,1202,101,1303.0
201900013540,1.0,1,1,2,5.0,1.0,-1.0,0,-1.0,1974.0,A01,4,2,2019,08:20,1,76.0,76565,2,3,1.0,3.0,VERTUS (CHEMIN DES),"49,8950300","1,0743300",,76.076565,76565,Seine-Maritime,28.0,Normandie,50.0,4.0,2.0,2,1.0,28,Normandie,76,1,7,Saint-Aubin-sur-Scie,1202,101,1303.0
201900013719,1.0,1,4,2,1.0,1.0,-1.0, -1,-1.0,1963.0,A01,16,10,2019,05:23,5,76.0,76681,1,1,2.0,2.0,INDUSTRIEL. BOULEVARD (CD 18E),"49,4203100","1,1070400",,76.076681,76681,Seine-Maritime,28.0,Normandie,70.0,3.0,3.0,4,2.0,28,Normandie,76,3,99,Sotteville-lès-Rouen,28965,475,29440.0
201900013985,1.0,1,2,1,5.0,1.0,0.0,0,-1.0,1997.0,A01,20,4,2019,05:55,2,76.0,76227,1,1,1.0,6.0,Autoroute A29 pk 81 + 100 sens AMIENS - LE HAVRE,"49,6633880","0,9259870",,76.076227,76227,Seine-Maritime,28.0,Normandie,130.0,1.0,3.0,4,1.0,28,Normandie,76,3,35,Ectot-l'Auber,703,10,713.0
201900013985,2.0,2,4,1,5.0,0.0,0.0,0,-1.0,1995.0,A01,20,4,2019,05:55,2,76.0,76227,1,1,1.0,6.0,Autoroute A29 pk 81 + 100 sens AMIENS - LE HAVRE,"49,6633880","0,9259870",,76.076227,76227,Seine-Maritime,28.0,Normandie,130.0,1.0,3.0,4,1.0,28,Normandie,76,3,35,Ectot-l'Auber,703,10,713.0
201900014126,10.0,3,3,2,5.0,0.0,2.0,3,1.0,1943.0,A01,5,8,2019,16:06,1,76.0,76351,2,3,1.0,6.0,BAYARD,"49,5068500","0,0946000",,76.076351,76351,Seine-Maritime,28.0,Normandie,50.0,4.0,2.0,2,1.0,28,Normandie,76,2,96,LeHavre,166058,1780,167838.0
201900014126,1.0,1,1,1,5.0,1.0,0.0,0,-1.0,1939.0,A01,5,8,2019,16:06,1,76.0,76351,2,3,1.0,6.0,BAYARD,"49,5068500","0,0946000",,76.076351,76351,Seine-Maritime,28.0,Normandie,50.0,4.0,2.0,2,1.0,28,Normandie,76,2,96,LeHavre,166058,1780,167838.0
201900014529,10.0,3,4,1,0.0,8.0,3.0,3,2.0,1992.0,A01,29,6,2019,13:50,1,76.0,76498,2,1,1.0,1.0,CANADIENS. AVENUE DES,"49,4127300","1,0728600",,76.076498,76498,Seine-Maritime,28.0,Normandie,50.0,4.0,2.0,2,1.0,28,Normandie,76,3,27,LePetit-Quevilly,21782,274,22056.0
201900014529,10.0,3,4,1,0.0,8.0,3.0,3,2.0,1991.0,A01,29,6,2019,13:50,1,76.0,76498,2,1,1.0,1.0,CANADIENS. AVENUE DES,"49,4127300","1,0728600",,76.076498,76498,Seine-Maritime,28.0,Normandie,50.0,4.0,2.0,2,1.0,28,Normandie,76,3,27,LePetit-Quevilly,21782,274,22056.0
201900014529,1.0,1,1,1,0.0,1.0,0.0,0,-1.0,1966.0,A01,29,6,2019,13:50,1,76.0,76498,2,1,1.0,1.0,CANADIENS. AVENUE DES,"49,4127300","1,0728600",,76.076498,76498,Seine-Maritime,28.0,Normandie,50.0,4.0,2.0,2,1.0,28,Normandie,76,3,27,LePetit-Quevilly,21782,274,22056.0
201900014529,1.0,1,1,1,0.0,1.0,0.0,0,-1.0,1957.0,B01,29,6,2019,13:50,1,76.0,76498,2,1,1.0,1.0,CANADIENS. AVENUE DES,"49,4127300","1,0728600",,76.076498,76498,Seine-Maritime,28.0,Normandie,50.0,4.0,2.0,2,1.0,28,Normandie,76,3,27,LePetit-Quevilly,21782,274,22056.0
201900014530,1.0,1,3,1,1.0,2.0,0.0,0,-1.0,1985.0,B01,2,7,2019,15:00,1,76.0,76540,2,2,1.0,3.0,DARNETAL. ROUTE DE,"49,4414500","1,1204000",,76.076540,76540,Seine-Maritime,28.0,Normandie,30.0,3.0,2.0,2,1.0,28,Normandie,76,3,97,Rouen,114083,1556,115639.0
201900014530,1.0,1,1,1,4.0,1.0,0.0,0,-1.0,1955.0,A01,2,7,2019,15:00,1,76.0,76540,2,2,1.0,3.0,DARNETAL. ROUTE DE,"49,4414500","1,1204000",,76.076540,76540,Seine-Maritime,28.0,Normandie,30.0,3.0,2.0,2,1.0,28,Normandie,76,3,97,Rouen,114083,1556,115639.0
201900014531,1.0,1,4,2,1.0,2.0,0.0,0,-1.0,1985.0,A01,2,7,2019,08:30,1,76.0,76451,2,1,1.0,6.0,MONT AUX MALADES. AVENUE DU,"49,4641500","1,0739500",,76.076451,76451,Seine-Maritime,28.0,Normandie,50.0,4.0,2.0,2,1.0,28,Normandie,76,3,22,Mont-Saint-Aignan,20066,415,20481.0
201900014531,10.0,3,4,1,1.0,8.0,3.0,3,1.0,1975.0,A01,2,7,2019,08:30,1,76.0,76451,2,1,1.0,6.0,MONT AUX MALADES. AVENUE DU,"49,4641500","1,0739500",,76.076451,76451,Seine-Maritime,28.0,Normandie,50.0,4.0,2.0,2,1.0,28,Normandie,76,3,22,Mont-Saint-Aignan,20066,415,20481.0
201900014635,10.0,3,3,2,5.0,0.0,4.0,3,1.0,1936.0,A01,19,11,2019,17:30,5,76.0,76259,2,1,1.0,6.0,DE LATTRE DE TASSIGNY,"49,7542100","0,3781700",,76.076259,76259,Seine-Maritime,28.0,Normandie,50.0,4.0,2.0,2,1.0,28,Normandie,76,2,11,Fécamp,18016,269,18285.0
201900014635,1.0,1,1,2,5.0,1.0,-1.0, -1,-1.0,1949.0,A01,19,11,2019,17:30,5,76.0,76259,2,1,1.0,6.0,DE LATTRE DE TASSIGNY,"49,7542100","0,3781700",,76.076259,76259,Seine-Maritime,28.0,Normandie,50.0,4.0,2.0,2,1.0,28,Normandie,76,2,11,Fécamp,18016,269,18285.0
201900014636,1.0,1,4,1,0.0,0.0,-1.0, -1,-1.0,1981.0,A01,20,11,2019,11:50,1,76.0,76217,2,1,1.0,7.0,CHANZY (GENERAL),"49,9131100","1,0822100",,76.076217,76217,Seine-Maritime,28.0,Normandie,30.0,3.0,2.0,2,1.0,28,Normandie,76,1,95,Dieppe,28358,455,28813.0
201900014856,10.0,3,4,2,1.0,0.0,4.0,3,1.0,1986.0,A01,9,12,2019,08:45,4,76.0,76231,2,1,2.0,6.0,SOLFERINO. RUE DE,"49,2897930","1,0110784",,76.076231,76231,Seine-Maritime,28.0,Normandie,50.0,4.0,2.0,2,2.0,28,Normandie,76,3,9,Elbeuf,15951,138,16089.0
201900014856,1.0,1,1,2,0.0,1.0,0.0,0,-1.0,1986.0,A01,9,12,2019,08:45,4,76.0,76231,2,1,2.0,6.0,SOLFERINO. RUE DE,"49,2897930","1,0110784",,76.076231,76231,Seine-Maritime,28.0,Normandie,50.0,4.0,2.0,2,2.0,28,Normandie,76,3,9,Elbeuf,15951,138,16089.0
201900014857,10.0,3,4,2,1.0,0.0,4.0,3,1.0,1959.0,A01,13,12,2019,12:10,1,76.0,76575,2,2,1.0,7.0,LENINE. BOULEVARD,"49,3811559","1,1096569",,76.076575,76575,Seine-Maritime,28.0,Normandie,70.0,3.0,3.0,2,2.0,28,Normandie,76,3,98,Saint-Étienne-du-Rouvray,28508,225,28733.0
201900014857,1.0,1,1,2,1.0,1.0,0.0,0,-1.0,1988.0,A01,13,12,2019,12:10,1,76.0,76575,2,2,1.0,7.0,LENINE. BOULEVARD,"49,3811559","1,1096569",,76.076575,76575,Seine-Maritime,28.0,Normandie,70.0,3.0,3.0,2,2.0,28,Normandie,76,3,98,Saint-Étienne-du-Rouvray,28508,225,28733.0
201900014858,1.0,1,3,2,0.0,1.0,0.0,0,-1.0,2001.0,A01,28,12,2019,07:50,2,76.0,76481,2,1,1.0,6.0,RD 940,"49,5780900","0,1221500",,76.076481,76481,Seine-Maritime,28.0,Normandie,50.0,3.0,2.0,2,1.0,28,Normandie,76,2,26,Octeville-sur-Mer,6122,119,6241.0
201900014935,1.0,1,1,1,4.0,8.0,0.0,0,-1.0,1955.0,A01,31,12,2019,11:00,1,76.0,76483,1,1,1.0,6.0,Route du Manoir,"49,7209860","0,6834930",,76.076483,76483,Seine-Maritime,28.0,Normandie,80.0,3.0,2.0,2,2.0,28,Normandie,76,1,33,OhervilLe229,2,231,
201900014935,10.0,3,3,2,5.0,0.0,1.0,2,1.0,1945.0,A01,31,12,2019,11:00,1,76.0,76483,1,1,1.0,6.0,Route du Manoir,"49,7209860","0,6834930",,76.076483,76483,Seine-Maritime,28.0,Normandie,80.0,3.0,2.0,2,2.0,28,Normandie,76,1,33,OhervilLe229,2,231,
201900015033,1.0,1,4,2,1.0,1.0,0.0,0,-1.0,1993.0,A01,18,3,2019,15:00,1,76.0,76711,2,9,1.0,3.0,quai Cadi Sarnot,"50,0599390","1,3759870",,76.076711,76711,Seine-Maritime,28.0,Normandie,50.0,4.0,2.0,2,1.0,28,Normandie,76,1,10,LeTréport,4424,91,4515.0
201900015033,1.0,1,1,1,5.0,1.0,0.0,0,-1.0,1950.0,B01,18,3,2019,15:00,1,76.0,76711,2,9,1.0,3.0,quai Cadi Sarnot,"50,0599390","1,3759870",,76.076711,76711,Seine-Maritime,28.0,Normandie,50.0,4.0,2.0,2,1.0,28,Normandie,76,1,10,LeTréport,4424,91,4515.0
201900015143,1.0,1,1,1,9.0,8.0,0.0,0,-1.0,1987.0,A01,17,3,2019,10:45,1,76.0,76260,1,1,8.0,1.0,D930 - Route de Gerberoy,"49,4879730","1,7510790",,76.076260,76260,Seine-Maritime,28.0,Normandie,80.0,3.0,2.0,2,1.0,28,Normandie,76,1,12,Ferrières-en-Bray,1675,15,1690.0
201900015143,1.0,1,1,1,5.0,8.0,0.0,0,-1.0,2000.0,B01,17,3,2019,10:45,1,76.0,76260,1,1,8.0,1.0,D930 - Route de Gerberoy,"49,4879730","1,7510790",,76.076260,76260,Seine-Maritime,28.0,Normandie,80.0,3.0,2.0,2,1.0,28,Normandie,76,1,12,Ferrières-en-Bray,1675,15,1690.0
201900015143,2.0,2,3,2,5.0,8.0,0.0,0,-1.0,2001.0,B01,17,3,2019,10:45,1,76.0,76260,1,1,8.0,1.0,D930 - Route de Gerberoy,"49,4879730","1,7510790",,76.076260,76260,Seine-Maritime,28.0,Normandie,80.0,3.0,2.0,2,1.0,28,Normandie,76,1,12,Ferrières-en-Bray,1675,15,1690.0
201900015144,10.0,3,3,1,2.0,0.0,9.0,9,3.0,2002.0,A01,18,3,2019,07:35,1,76.0,76648,2,7,1.0,7.0,place maintenon,"49,6728170","1,2832690",,76.076648,76648,Seine-Maritime,28.0,Normandie,50.0,3.0,-1.0,2,2.0,28,Normandie,76,1,23,Saint-Saëns,2317,20,2337.0
201900015144,1.0,1,1,1,4.0,1.0,0.0,0,-1.0,1970.0,A01,18,3,2019,07:35,1,76.0,76648,2,7,1.0,7.0,place maintenon,"49,6728170","1,2832690",,76.076648,76648,Seine-Maritime,28.0,Normandie,50.0,3.0,-1.0,2,2.0,28,Normandie,76,1,23,Saint-Saëns,2317,20,2337.0
201900015237,1.0,1,4,1,1.0,0.0,0.0,0,-1.0,2000.0,A01,7,9,2019,11:15,1,76.0,76610,2,1,1.0,3.0,1307 Rue du Mont Asselin,"49,6184900","0,7876950",,76.076610,76610,Seine-Maritime,28.0,Normandie,50.0,4.0,2.0,2,1.0,28,Normandie,76,3,35,Sainte-Marie-des-Champs,1579,13,1592.0
201900015237,1.0,1,1,1,5.0,8.0,0.0,0,-1.0,1983.0,B01,7,9,2019,11:15,1,76.0,76610,2,1,1.0,3.0,1307 Rue du Mont Asselin,"49,6184900","0,7876950",,76.076610,76610,Seine-Maritime,28.0,Normandie,50.0,4.0,2.0,2,1.0,28,Normandie,76,3,35,Sainte-Marie-des-Champs,1579,13,1592.0
201900015252,1.0,1,4,2,0.0,8.0,0.0,0,-1.0,1996.0,A01,12,9,2019,09:09,1,76.0,76351,2,1,1.0,6.0,BOIS AU COQ (AVENUE),"49,5115500","0,1276800",,76.076351,76351,Seine-Maritime,28.0,Normandie,50.0,4.0,3.0,4,2.0,28,Normandie,76,2,96,LeHavre,166058,1780,167838.0
201900015546,1.0,2,1,2,5.0,1.0,-1.0,0,-1.0,1991.0,A01,13,10,2019,09:30,1,76.0,76351,2,3,1.0,6.0,VALLEE (RUE DE LA),"49,4977200","0,1596500",,76.076351,76351,Seine-Maritime,28.0,Normandie,50.0,7.0,2.0,2,1.0,28,Normandie,76,2,96,LeHavre,166058,1780,167838.0
201900015546,1.0,1,4,1,5.0,1.0,-1.0,0,-1.0,1993.0,A01,13,10,2019,09:30,1,76.0,76351,2,3,1.0,6.0,VALLEE (RUE DE LA),"49,4977200","0,1596500",,76.076351,76351,Seine-Maritime,28.0,Normandie,50.0,7.0,2.0,2,1.0,28,Normandie,76,2,96,LeHavre,166058,1780,167838.0
201900015547,1.0,1,4,1,5.0,8.0,-1.0, -1,-1.0,2006.0,B01,12,10,2019,17:04,1,76.0,76351,2,2,1.0,3.0,MARC BLOCH,"49,5190800","0,1198200",,76.076351,76351,Seine-Maritime,28.0,Normandie,50.0,4.0,2.0,2,1.0,28,Normandie,76,2,96,LeHavre,166058,1780,167838.0
201900015547,2.0,2,4,2,5.0,1.0,-1.0,0,-1.0,2006.0,B01,12,10,2019,17:04,1,76.0,76351,2,2,1.0,3.0,MARC BLOCH,"49,5190800","0,1198200",,76.076351,76351,Seine-Maritime,28.0,Normandie,50.0,4.0,2.0,2,1.0,28,Normandie,76,2,96,LeHavre,166058,1780,167838.0
201900015547,1.0,1,1,1,5.0,1.0,-1.0,0,-1.0,1940.0,A01,12,10,2019,17:04,1,76.0,76351,2,2,1.0,3.0,MARC BLOCH,"49,5190800","0,1198200",,76.076351,76351,Seine-Maritime,28.0,Normandie,50.0,4.0,2.0,2,1.0,28,Normandie,76,2,96,LeHavre,166058,1780,167838.0
201900015713,1.0,1,3,1,1.0,1.0,0.0,0,-1.0,1997.0,A01,26,4,2019,23:25,3,76.0,76488,1,2,2.0,1.0,CD 925,"49,7842940","0,6097860",,76.076488,76488,Seine-Maritime,28.0,Normandie,80.0,3.0,2.0,2,2.0,28,Normandie,76,1,33,OuainvilLe527,12,539,
201900015713,1.0,1,1,1,5.0,1.0,0.0,0,-1.0,1996.0,B01,26,4,2019,23:25,3,76.0,76488,1,2,2.0,1.0,CD 925,"49,7842940","0,6097860",,76.076488,76488,Seine-Maritime,28.0,Normandie,80.0,3.0,2.0,2,2.0,28,Normandie,76,1,33,OuainvilLe527,12,539,
201900015714,1.0,1,3,1,0.0,1.0,0.0,0,-1.0,1987.0,A01,26,4,2019,10:40,1,76.0,76594,1,1,1.0,1.0,Route Départementale 90,"49,5106000","1,0203000",,76.076594,76594,Seine-Maritime,28.0,Normandie,80.0,3.0,2.0,2,1.0,28,Normandie,76,3,24,Saint-Jean-du-Cardonnay,1340,27,1367.0
201900015714,1.0,1,4,1,5.0,1.0,0.0,0,-1.0,1938.0,B01,26,4,2019,10:40,1,76.0,76594,1,1,1.0,1.0,Route Départementale 90,"49,5106000","1,0203000",,76.076594,76594,Seine-Maritime,28.0,Normandie,80.0,3.0,2.0,2,1.0,28,Normandie,76,3,24,Saint-Jean-du-Cardonnay,1340,27,1367.0
201900015714,2.0,2,4,2,5.0,1.0,0.0,0,-1.0,1941.0,B01,26,4,2019,10:40,1,76.0,76594,1,1,1.0,1.0,Route Départementale 90,"49,5106000","1,0203000",,76.076594,76594,Seine-Maritime,28.0,Normandie,80.0,3.0,2.0,2,1.0,28,Normandie,76,3,24,Saint-Jean-du-Cardonnay,1340,27,1367.0
201900015715,1.0,1,4,1,0.0,1.0,0.0,0,-1.0,2000.0,A01,19,4,2019,17:40,1,76.0,76067,1,1,1.0,1.0,RN31,"49,4658740","1,6282120",,76.076067,76067,Seine-Maritime,28.0,Normandie,80.0,2.0,2.0,2,1.0,28,Normandie,76,1,12,Beauvoir-en-Lyons,598,15,613.0
201900015715,1.0,1,1,2,5.0,1.0,0.0,0,-1.0,1991.0,B01,19,4,2019,17:40,1,76.0,76067,1,1,1.0,1.0,RN31,"49,4658740","1,6282120",,76.076067,76067,Seine-Maritime,28.0,Normandie,80.0,2.0,2.0,2,1.0,28,Normandie,76,1,12,Beauvoir-en-Lyons,598,15,613.0
201900015716,2.0,2,3,2,5.0,2.0,0.0,0,-1.0,1950.0,A01,20,4,2019,14:00,1,76.0,76070,1,1,1.0,7.0,Route d'Auffay,"49,7112450","1,2041670",,76.076070,76070,Seine-Maritime,28.0,Normandie,80.0,3.0,2.0,2,1.0,28,Normandie,76,1,23,Bellencombre,588,11,599.0
201900015716,1.0,1,3,1,5.0,2.0,0.0,0,-1.0,1950.0,A01,20,4,2019,14:00,1,76.0,76070,1,1,1.0,7.0,Route d'Auffay,"49,7112450","1,2041670",,76.076070,76070,Seine-Maritime,28.0,Normandie,80.0,3.0,2.0,2,1.0,28,Normandie,76,1,23,Bellencombre,588,11,599.0
201900015717,1.0,1,1,2,3.0,1.0,0.0,0,-1.0,1991.0,A01,29,4,2019,18:55,2,76.0,76452,2,4,1.0,6.0,,"49,5475960","1,0742920",,76.076452,76452,Seine-Maritime,28.0,Normandie,50.0,3.0,2.0,2,1.0,28,Normandie,76,3,2,MontvilLe4595,51,4646,
201900015717,10.0,3,4,1,5.0,0.0,3.0,3,1.0,1973.0,A01,29,4,2019,18:55,2,76.0,76452,2,4,1.0,6.0,,"49,5475960","1,0742920",,76.076452,76452,Seine-Maritime,28.0,Normandie,50.0,3.0,2.0,2,1.0,28,Normandie,76,3,2,MontvilLe4595,51,4646,
201900015718,1.0,1,1,2,5.0,1.0,0.0,0,-1.0,1990.0,A01,23,4,2019,18:05,1,76.0,76517,1,2,1.0,3.0,4779 route de neufchatel,"49,5350360","1,2121250",,76.076517,76517,Seine-Maritime,28.0,Normandie,80.0,3.0,2.0,2,1.0,28,Normandie,76,3,2,Quincampoix,3110,68,3178.0
201900015718,1.0,1,4,1,5.0,2.0,0.0,0,-1.0,1992.0,B01,23,4,2019,18:05,1,76.0,76517,1,2,1.0,3.0,4779 route de neufchatel,"49,5350360","1,2121250",,76.076517,76517,Seine-Maritime,28.0,Normandie,80.0,3.0,2.0,2,1.0,28,Normandie,76,3,2,Quincampoix,3110,68,3178.0
201900015718,2.0,2,3,1,5.0,2.0,0.0,0,-1.0,2002.0,B01,23,4,2019,18:05,1,76.0,76517,1,2,1.0,3.0,4779 route de neufchatel,"49,5350360","1,2121250",,76.076517,76517,Seine-Maritime,28.0,Normandie,80.0,3.0,2.0,2,1.0,28,Normandie,76,3,2,Quincampoix,3110,68,3178.0
201900015719,7.0,2,1,1,0.0,3.0,0.0,0,-1.0,2018.0,A01,23,4,2019,10:00,1,76.0,76177,1,1,1.0,2.0,route de cailly,"49,5961460","1,1982420",,76.076177,76177,Seine-Maritime,28.0,Normandie,80.0,3.0,2.0,2,1.0,28,Normandie,76,3,2,Claville-MottevilLe267,6,273,
201900015719,1.0,1,1,1,0.0,1.0,0.0,0,-1.0,1992.0,A01,23,4,2019,10:00,1,76.0,76177,1,1,1.0,2.0,route de cailly,"49,5961460","1,1982420",,76.076177,76177,Seine-Maritime,28.0,Normandie,80.0,3.0,2.0,2,1.0,28,Normandie,76,3,2,Claville-MottevilLe267,6,273,
201900015719,1.0,1,2,1,5.0,0.0,0.0,0,-1.0,1952.0,B01,23,4,2019,10:00,1,76.0,76177,1,1,1.0,2.0,route de cailly,"49,5961460","1,1982420",,76.076177,76177,Seine-Maritime,28.0,Normandie,80.0,3.0,2.0,2,1.0,28,Normandie,76,3,2,Claville-MottevilLe267,6,273,
201900015987,1.0,1,3,1,5.0,2.0,0.0,0,-1.0,2003.0,A01,6,8,2019,19:00,1,76.0,76493,1,3,1.0,7.0,Route départementale 79 76460 PALUEL,"49,8506950","0,6455770",,76.076493,76493,Seine-Maritime,28.0,Normandie,80.0,3.0,2.0,2,1.0,28,Normandie,76,1,33,Paluel,395,12,407.0
201900015987,2.0,2,3,2,5.0,2.0,0.0,0,-1.0,2004.0,A01,6,8,2019,19:00,1,76.0,76493,1,3,1.0,7.0,Route départementale 79 76460 PALUEL,"49,8506950","0,6455770",,76.076493,76493,Seine-Maritime,28.0,Normandie,80.0,3.0,2.0,2,1.0,28,Normandie,76,1,33,Paluel,395,12,407.0
201900015988,1.0,1,1,1,5.0,1.0,0.0,0,-1.0,1946.0,A01,6,8,2019,09:50,1,76.0,76752,2,1,1.0,6.0,Rue Jacques Ferny,"49,6683930","0,8976150",,76.076752,76752,Seine-Maritime,28.0,Normandie,50.0,3.0,2.0,2,1.0,28,Normandie,76,3,35,YervilLe2584,29,2613,
201900015988,10.0,3,3,2,5.0,0.0,3.0,3,1.0,1924.0,A01,6,8,2019,09:50,1,76.0,76752,2,1,1.0,6.0,Rue Jacques Ferny,"49,6683930","0,8976150",,76.076752,76752,Seine-Maritime,28.0,Normandie,50.0,3.0,2.0,2,1.0,28,Normandie,76,3,35,YervilLe2584,29,2613,
201900015989,1.0,1,3,1,4.0,1.0,0.0,0,-1.0,1983.0,A01,24,7,2019,19:41,1,76.0,76531,1,2,1.0,3.0,Route des Forrières,"49,6710540","0,7184480",,76.076531,76531,Seine-Maritime,28.0,Normandie,80.0,3.0,2.0,2,1.0,28,Normandie,76,3,33,Rocquefort,326,8,334.0
201900015989,1.0,1,1,2,0.0,1.0,0.0,0,-1.0,1979.0,B01,24,7,2019,19:41,1,76.0,76531,1,2,1.0,3.0,Route des Forrières,"49,6710540","0,7184480",,76.076531,76531,Seine-Maritime,28.0,Normandie,80.0,3.0,2.0,2,1.0,28,Normandie,76,3,33,Rocquefort,326,8,334.0
201900016114,1.0,1,1,1,4.0,1.0,0.0,0,-1.0,1960.0,B01,4,7,2019,16:45,1,76.0,76054,1,1,1.0,1.0,RD149,"49,9104830","1,3182550",,76.076054,76054,Seine-Maritime,28.0,Normandie,70.0,3.0,2.0,2,1.0,28,Normandie,76,1,8,Bailly-en-Rivière,518,10,528.0
201900016114,2.0,2,1,2,4.0,1.0,0.0,0,-1.0,1972.0,B01,4,7,2019,16:45,1,76.0,76054,1,1,1.0,1.0,RD149,"49,9104830","1,3182550",,76.076054,76054,Seine-Maritime,28.0,Normandie,70.0,3.0,2.0,2,1.0,28,Normandie,76,1,8,Bailly-en-Rivière,518,10,528.0
201900016114,1.0,1,2,2,1.0,2.0,0.0,0,-1.0,1987.0,A01,4,7,2019,16:45,1,76.0,76054,1,1,1.0,1.0,RD149,"49,9104830","1,3182550",,76.076054,76054,Seine-Maritime,28.0,Normandie,70.0,3.0,2.0,2,1.0,28,Normandie,76,1,8,Bailly-en-Rivière,518,10,528.0
201900016215,1.0,1,1,2,0.0,1.0,0.0,0,-1.0,1961.0,B01,1,7,2019,18:51,1,76.0,76351,2,2,1.0,6.0,DEMIDOFF (RUE),"49,4975300","0,1340900",,76.076351,76351,Seine-Maritime,28.0,Normandie,50.0,4.0,2.0,4,1.0,28,Normandie,76,2,96,LeHavre,166058,1780,167838.0
201900016215,1.0,1,3,1,0.0,8.0,0.0,0,-1.0,1991.0,A01,1,7,2019,18:51,1,76.0,76351,2,2,1.0,6.0,DEMIDOFF (RUE),"49,4975300","0,1340900",,76.076351,76351,Seine-Maritime,28.0,Normandie,50.0,4.0,2.0,4,1.0,28,Normandie,76,2,96,LeHavre,166058,1780,167838.0
201900016216,1.0,1,4,1,5.0,1.0,0.0,0,-1.0,1977.0,A01,2,7,2019,00:35,5,76.0,76481,2,3,1.0,6.0, FELIX FAURE (RUE ),"49,5550616","0,1161328",,76.076481,76481,Seine-Maritime,28.0,Normandie,50.0,4.0,2.0,2,1.0,28,Normandie,76,2,26,Octeville-sur-Mer,6122,119,6241.0
201900016217,1.0,1,4,1,0.0,1.0,-1.0,0,-1.0,2001.0,A01,29,6,2019,23:10,5,76.0,76351,2,1,1.0,6.0,HUIT MAI 1945 (AVENUE DU),"49,5166200","0,1680500",,76.076351,76351,Seine-Maritime,28.0,Normandie,50.0,4.0,3.0,2,1.0,28,Normandie,76,2,96,LeHavre,166058,1780,167838.0
201900016217,2.0,2,4,1,5.0,1.0,-1.0,0,-1.0,2003.0,A01,29,6,2019,23:10,5,76.0,76351,2,1,1.0,6.0,HUIT MAI 1945 (AVENUE DU),"49,5166200","0,1680500",,76.076351,76351,Seine-Maritime,28.0,Normandie,50.0,4.0,3.0,2,1.0,28,Normandie,76,2,96,LeHavre,166058,1780,167838.0
201900016218,1.0,1,4,1,0.0,1.0,-1.0,0,-1.0,1973.0,A01,29,6,2019,09:05,1,76.0,76341,1,1,1.0,6.0,RD 6382,"49,5243600","0,1819900",,76.076341,76341,Seine-Maritime,28.0,Normandie,70.0,3.0,3.0,4,1.0,28,Normandie,76,2,15,Harfleur,8315,53,8368.0
201900016219,1.0,1,1,1,5.0,1.0,-1.0,0,-1.0,1981.0,A01,30,6,2019,00:15,5,76.0,76351,2,2,1.0,2.0,VERDUN (RUE DE),"49,5022600","0,1602600",,76.076351,76351,Seine-Maritime,28.0,Normandie,50.0,3.0,2.0,4,1.0,28,Normandie,76,2,96,LeHavre,166058,1780,167838.0
201900016219,2.0,2,4,2,5.0,1.0,-1.0,0,-1.0,1990.0,B01,30,6,2019,00:15,5,76.0,76351,2,2,1.0,2.0,VERDUN (RUE DE),"49,5022600","0,1602600",,76.076351,76351,Seine-Maritime,28.0,Normandie,50.0,3.0,2.0,4,1.0,28,Normandie,76,2,96,LeHavre,166058,1780,167838.0
201900016219,1.0,1,4,2,0.0,1.0,-1.0,0,-1.0,1965.0,B01,30,6,2019,00:15,5,76.0,76351,2,2,1.0,2.0,VERDUN (RUE DE),"49,5022600","0,1602600",,76.076351,76351,Seine-Maritime,28.0,Normandie,50.0,3.0,2.0,4,1.0,28,Normandie,76,2,96,LeHavre,166058,1780,167838.0
201900016266,1.0,1,4,1,0.0,1.0,0.0,0,-1.0,1979.0,B01,14,1,2019,06:50,5,76.0,76322,2,3,1.0,3.0,BROSSOLETTE. BOULEVARD PIERRE,"49,4174800","1,0348900",,76.076322,76322,Seine-Maritime,28.0,Normandie,50.0,4.0,2.0,2,1.0,28,Normandie,76,3,13,LeGrand-Quevilly,25975,225,26200.0