Num_Acc,place,catu,grav,sexe,trajet,secu,locp,actp,etatp,an_nais,num_veh,jour,mois,an,hrmn,lum,dep,com,agg,int,atm,col,adr,lat,long,gps,com_insee_temp,com_insee,departmentName,regionCode,regionName,vma,catr,circ,nbv,surf,Code,Region,Departement,Arrondissement,Code_Canton,Nom_Commune,Population_municipaLe,Population_comptee_a_part,Population_Totale
201900022861,7.0,2,4,1,5.0,1.0,0.0,0,-1.0,2004.0,B01,10,8,2019,11:45,1,76.0,76065,1,3,1.0,1.0,Rue de Bernimont,"49,6771000","1,5683000",,76.076065,76065,Seine-Maritime,28.0,Normandie,80.0,3.0,2.0,2,1.0,28,Normandie,76,1,12,Beaussault,412,4,416.0
201900022861,9.0,2,4,2,5.0,1.0,0.0,0,-1.0,2006.0,B01,10,8,2019,11:45,1,76.0,76065,1,3,1.0,1.0,Rue de Bernimont,"49,6771000","1,5683000",,76.076065,76065,Seine-Maritime,28.0,Normandie,80.0,3.0,2.0,2,1.0,28,Normandie,76,1,12,Beaussault,412,4,416.0
201900022861,1.0,1,4,2,5.0,1.0,0.0,0,-1.0,1977.0,B01,10,8,2019,11:45,1,76.0,76065,1,3,1.0,1.0,Rue de Bernimont,"49,6771000","1,5683000",,76.076065,76065,Seine-Maritime,28.0,Normandie,80.0,3.0,2.0,2,1.0,28,Normandie,76,1,12,Beaussault,412,4,416.0
201900022861,1.0,1,4,2,3.0,1.0,0.0,0,-1.0,1995.0,A01,10,8,2019,11:45,1,76.0,76065,1,3,1.0,1.0,Rue de Bernimont,"49,6771000","1,5683000",,76.076065,76065,Seine-Maritime,28.0,Normandie,80.0,3.0,2.0,2,1.0,28,Normandie,76,1,12,Beaussault,412,4,416.0
201900023206,1.0,1,4,2,5.0,2.0,-1.0,0,-1.0,1995.0,A01,28,6,2019,16:45,1,76.0,76540,1,1,1.0,2.0,MATHILDE. PONT,"49,4314200","1,1029200",,76.076540,76540,Seine-Maritime,28.0,Normandie,50.0,3.0,3.0,6,1.0,28,Normandie,76,3,97,Rouen,114083,1556,115639.0
201900023206,1.0,1,1,1,5.0,1.0,-1.0,0,-1.0,1994.0,B01,28,6,2019,16:45,1,76.0,76540,1,1,1.0,2.0,MATHILDE. PONT,"49,4314200","1,1029200",,76.076540,76540,Seine-Maritime,28.0,Normandie,50.0,3.0,3.0,6,1.0,28,Normandie,76,3,97,Rouen,114083,1556,115639.0
201900023207,1.0,1,4,1,1.0,2.0,0.0,0,-1.0,2000.0,A01,13,6,2019,08:10,1,76.0,76322,2,1,1.0,4.0,LECLERC. AVENUE DU MARECHAL (CD 3),"49,4178500","1,0479400",,76.076322,76322,Seine-Maritime,28.0,Normandie,50.0,3.0,1.0,2,1.0,28,Normandie,76,3,13,LeGrand-Quevilly,25975,225,26200.0
201900023207,1.0,1,1,1,0.0,1.0,0.0,0,-1.0,1964.0,B01,13,6,2019,08:10,1,76.0,76322,2,1,1.0,4.0,LECLERC. AVENUE DU MARECHAL (CD 3),"49,4178500","1,0479400",,76.076322,76322,Seine-Maritime,28.0,Normandie,50.0,3.0,1.0,2,1.0,28,Normandie,76,3,13,LeGrand-Quevilly,25975,225,26200.0
201900023207,1.0,1,4,2,0.0,1.0,-1.0,0,-1.0,1966.0,C01,13,6,2019,08:10,1,76.0,76322,2,1,1.0,4.0,LECLERC. AVENUE DU MARECHAL (CD 3),"49,4178500","1,0479400",,76.076322,76322,Seine-Maritime,28.0,Normandie,50.0,3.0,1.0,2,1.0,28,Normandie,76,3,13,LeGrand-Quevilly,25975,225,26200.0
201900023208,1.0,1,4,1,5.0,2.0,0.0,0,-1.0,1955.0,A01,26,6,2019,09:52,1,76.0,76540,1,6,1.0,7.0,MADAGASCAR. RUE DE,"49,4376100","1,0671500",,76.076540,76540,Seine-Maritime,28.0,Normandie,50.0,2.0,3.0,5,1.0,28,Normandie,76,3,97,Rouen,114083,1556,115639.0
201900023209,1.0,1,1,1,5.0,1.0,-1.0,0,-1.0,1952.0,B01,28,6,2019,11:20,1,76.0,76305,2,3,1.0,3.0,Jacques EBERHARD (Avenue),"49,5044300","0,2338200",,76.076305,76305,Seine-Maritime,28.0,Normandie,50.0,4.0,2.0,2,1.0,28,Normandie,76,2,16,Gonfreville-l'Orcher,8961,44,9005.0
201900023209,1.0,1,4,1,5.0,2.0,-1.0,0,-1.0,2003.0,A01,28,6,2019,11:20,1,76.0,76305,2,3,1.0,3.0,Jacques EBERHARD (Avenue),"49,5044300","0,2338200",,76.076305,76305,Seine-Maritime,28.0,Normandie,50.0,4.0,2.0,2,1.0,28,Normandie,76,2,16,Gonfreville-l'Orcher,8961,44,9005.0
201900023210,1.0,1,4,1,0.0,1.0,-1.0,0,-1.0,1956.0,A01,26,6,2019,10:50,1,76.0,76351,2,3,1.0,6.0,NOTRE DAME (QUAI),"49,4873800","0,1106600",,76.076351,76351,Seine-Maritime,28.0,Normandie,50.0,4.0,2.0,2,1.0,28,Normandie,76,2,96,LeHavre,166058,1780,167838.0
201900023283,1.0,1,1,2,1.0,1.0,0.0,0,-1.0,1979.0,A01,29,7,2019,13:20,1,76.0,76259,2,1,1.0,6.0,DE GAULLE ( PLACE CHARLES),"49,7575000","0,3763300",,76.076259,76259,Seine-Maritime,28.0,Normandie,50.0,3.0,2.0,2,1.0,28,Normandie,76,2,11,Fécamp,18016,269,18285.0
201900023283,10.0,3,4,2,5.0,8.0,3.0,3,1.0,1943.0,A01,29,7,2019,13:20,1,76.0,76259,2,1,1.0,6.0,DE GAULLE ( PLACE CHARLES),"49,7575000","0,3763300",,76.076259,76259,Seine-Maritime,28.0,Normandie,50.0,3.0,2.0,2,1.0,28,Normandie,76,2,11,Fécamp,18016,269,18285.0
201900023346,1.0,1,1,1,1.0,1.0,0.0,0,-1.0,1989.0,B01,1,8,2019,07:40,1,76.0,76735,1,2,1.0,3.0,D925,"49,8640860","0,7710190",,76.076735,76735,Seine-Maritime,28.0,Normandie,80.0,3.0,2.0,2,1.0,28,Normandie,76,1,33,Veules-les-Roses,520,13,533.0
201900023346,1.0,1,4,1,1.0,1.0,0.0,0,-1.0,1986.0,A01,1,8,2019,07:40,1,76.0,76735,1,2,1.0,3.0,D925,"49,8640860","0,7710190",,76.076735,76735,Seine-Maritime,28.0,Normandie,80.0,3.0,2.0,2,1.0,28,Normandie,76,1,33,Veules-les-Roses,520,13,533.0
201900023347,1.0,1,2,1,9.0,1.0,0.0,0,-1.0,1992.0,A01,1,8,2019,01:00,3,76.0,76126,1,1,1.0,7.0,RD 928,"49,6657613","1,3349230",,76.076126,76126,Seine-Maritime,28.0,Normandie,50.0,3.0,2.0,2,9.0,28,Normandie,76,1,23,Bosc-Mesnil,325,5,330.0
201900023382,1.0,1,3,1,5.0,2.0,0.0,0,-1.0,1959.0,A01,31,7,2019,16:30,1,76.0,76608,1,3,1.0,1.0,route du hamel,"49,5140320","0,8228610",,76.076608,76608,Seine-Maritime,28.0,Normandie,70.0,3.0,2.0,2,1.0,28,Normandie,76,3,1,Sainte-Marguerite-sur-Duclair,2032,32,2064.0
201900023382,1.0,1,4,2,3.0,1.0,0.0,0,-1.0,1968.0,B01,31,7,2019,16:30,1,76.0,76608,1,3,1.0,1.0,route du hamel,"49,5140320","0,8228610",,76.076608,76608,Seine-Maritime,28.0,Normandie,70.0,3.0,2.0,2,1.0,28,Normandie,76,3,1,Sainte-Marguerite-sur-Duclair,2032,32,2064.0
201900023448,1.0,1,4,1,5.0,2.0,0.0,0,-1.0,1999.0,A01,28,7,2019,20:40,1,76.0,76540,2,1,1.0,2.0,EUROPE. BOULEVARD DE L',"49,4341400","1,0772000",,76.076540,76540,Seine-Maritime,28.0,Normandie,50.0,4.0,2.0,2,1.0,28,Normandie,76,3,97,Rouen,114083,1556,115639.0
201900023448,1.0,1,1,1,5.0,1.0,0.0,0,-1.0,1996.0,B01,28,7,2019,20:40,1,76.0,76540,2,1,1.0,2.0,EUROPE. BOULEVARD DE L',"49,4341400","1,0772000",,76.076540,76540,Seine-Maritime,28.0,Normandie,50.0,4.0,2.0,2,1.0,28,Normandie,76,3,97,Rouen,114083,1556,115639.0
201900023449,1.0,1,1,1,5.0,1.0,0.0,0,-1.0,1969.0,A01,27,7,2019,11:40,1,76.0,76108,2,2,1.0,3.0,JUIN. AVENUE DU MARECHAL,"49,4639590","1,1160900",,76.076108,76108,Seine-Maritime,28.0,Normandie,50.0,3.0,2.0,3,1.0,28,Normandie,76,3,2,Bois-Guillaume,14262,361,14623.0
201900023449,1.0,1,4,1,5.0,2.0,0.0,0,-1.0,1986.0,B01,27,7,2019,11:40,1,76.0,76108,2,2,1.0,3.0,JUIN. AVENUE DU MARECHAL,"49,4639590","1,1160900",,76.076108,76108,Seine-Maritime,28.0,Normandie,50.0,3.0,2.0,3,1.0,28,Normandie,76,3,2,Bois-Guillaume,14262,361,14623.0
201900023450,1.0,1,4,1,5.0,8.0,0.0,0,-1.0,1999.0,A01,26,7,2019,23:45,5,76.0,76108,1,1,1.0,7.0,BRETEQUE. CHEMIN DE LA,"49,4731900","1,1126800",,76.076108,76108,Seine-Maritime,28.0,Normandie,50.0,3.0,2.0,2,1.0,28,Normandie,76,3,2,Bois-Guillaume,14262,361,14623.0
201900023451,1.0,1,3,1,1.0,2.0,0.0,0,-1.0,1982.0,A01,23,7,2019,07:18,1,76.0,76305,1,1,1.0,7.0,RD 6015,"49,5127800","0,2132000",,76.076305,76305,Seine-Maritime,28.0,Normandie,70.0,3.0,3.0,4,1.0,28,Normandie,76,2,16,Gonfreville-l'Orcher,8961,44,9005.0
201900023471,1.0,1,4,1,0.0,8.0,0.0,0,-1.0,2000.0,A01,24,5,2019,21:40,3,76.0,76484,2,1,1.0,7.0,CURIE. RUE PIERRE,"49,3491000","1,0878700",,76.076484,76484,Seine-Maritime,28.0,Normandie,50.0,4.0,2.0,2,1.0,28,Normandie,76,3,31,Oissel,12367,83,12450.0
201900023472,1.0,1,2,1,5.0,2.0,0.0,0,-1.0,1992.0,A01,24,5,2019,20:40,1,76.0,76540,2,1,1.0,7.0,GRAND MARE. AVENUE DE LA,"49,4608100","1,1328900",,76.076540,76540,Seine-Maritime,28.0,Normandie,50.0,4.0,2.0,2,1.0,28,Normandie,76,3,97,Rouen,114083,1556,115639.0
201900023473,1.0,1,4,1,5.0,2.0,0.0,0,-1.0,1980.0,A01,18,5,2019,06:10,5,76.0,76540,1,1,1.0,7.0,LYONS LA FORET. ROUTE DE,"49,4368300","1,1280100",,76.076540,76540,Seine-Maritime,28.0,Normandie,50.0,2.0,2.0,2,1.0,28,Normandie,76,3,97,Rouen,114083,1556,115639.0
201900023474,1.0,1,4,1,1.0,2.0,0.0,0,-1.0,1971.0,A01,16,5,2019,16:36,1,76.0,76540,2,1,1.0,6.0,MATHILDE. PONT,"49,4352500","1,1062600",,76.076540,76540,Seine-Maritime,28.0,Normandie,70.0,2.0,3.0,4,1.0,28,Normandie,76,3,97,Rouen,114083,1556,115639.0
201900023475,1.0,1,3,1,0.0,2.0,0.0,0,-1.0,1965.0,A01,17,5,2019,00:25,3,76.0,76391,1,1,1.0,7.0,ROUTE FORESTIERE DE LA LOUVETERIE,"49,3329526","0,9178144",,76.076391,76391,Seine-Maritime,28.0,Normandie,80.0,3.0,2.0,2,1.0,28,Normandie,76,3,9,La Londe,2362,71,2433.0
201900023476,1.0,1,4,1,5.0,2.0,0.0,0,-1.0,1993.0,A01,15,5,2019,19:45,1,76.0,76474,2,2,1.0,3.0,DIEPPE. ROUTE DE (RN 27),"49,4917400","1,0489000",,76.076474,76474,Seine-Maritime,28.0,Normandie,50.0,2.0,2.0,2,1.0,28,Normandie,76,3,24,Notre-Dame-de-BondevilLe6957,82,7039,
201900023476,1.0,1,1,1,4.0,1.0,0.0,0,-1.0,1959.0,B01,15,5,2019,19:45,1,76.0,76474,2,2,1.0,3.0,DIEPPE. ROUTE DE (RN 27),"49,4917400","1,0489000",,76.076474,76474,Seine-Maritime,28.0,Normandie,50.0,2.0,2.0,2,1.0,28,Normandie,76,3,24,Notre-Dame-de-BondevilLe6957,82,7039,
201900023477,1.0,1,4,1,5.0,1.0,0.0,0,-1.0,1944.0,A01,11,5,2019,02:00,5,76.0,76231,2,1,1.0,3.0,MOULIN SAINT ETIENNE. RUE DU,"49,2920700","0,9996500",,76.076231,76231,Seine-Maritime,28.0,Normandie,50.0,4.0,2.0,2,1.0,28,Normandie,76,3,9,Elbeuf,15951,138,16089.0
201900023477,10.0,3,4,2,5.0,0.0,1.0,A,2.0,1947.0,A01,11,5,2019,02:00,5,76.0,76231,2,1,1.0,3.0,MOULIN SAINT ETIENNE. RUE DU,"49,2920700","0,9996500",,76.076231,76231,Seine-Maritime,28.0,Normandie,50.0,4.0,2.0,2,1.0,28,Normandie,76,3,9,Elbeuf,15951,138,16089.0
201900023478,10.0,3,4,1,0.0,8.0,3.0,3,1.0,1961.0,A01,3,5,2019,18:00,1,76.0,76575,2,1,1.0,6.0,VAL L'ABBE. RUE DU,"49,3807200","1,1004900",,76.076575,76575,Seine-Maritime,28.0,Normandie,50.0,3.0,2.0,2,1.0,28,Normandie,76,3,98,Saint-Étienne-du-Rouvray,28508,225,28733.0
201900023478,1.0,1,1,2,0.0,1.0,0.0,0,-1.0,1930.0,A01,3,5,2019,18:00,1,76.0,76575,2,1,1.0,6.0,VAL L'ABBE. RUE DU,"49,3807200","1,1004900",,76.076575,76575,Seine-Maritime,28.0,Normandie,50.0,3.0,2.0,2,1.0,28,Normandie,76,3,98,Saint-Étienne-du-Rouvray,28508,225,28733.0
201900023479,1.0,1,1,1,0.0,1.0,0.0,0,-1.0,1990.0,A01,23,4,2019,17:00,1,76.0,76575,2,1,1.0,6.0,RUE JULIAN GRIMAU,"49,3893400","1,0921200",,76.076575,76575,Seine-Maritime,28.0,Normandie,50.0,4.0,-1.0,2,1.0,28,Normandie,76,3,98,Saint-Étienne-du-Rouvray,28508,225,28733.0
201900023479,10.0,3,4,1,0.0,8.0,3.0,3,2.0,2012.0,A01,23,4,2019,17:00,1,76.0,76575,2,1,1.0,6.0,RUE JULIAN GRIMAU,"49,3893400","1,0921200",,76.076575,76575,Seine-Maritime,28.0,Normandie,50.0,4.0,-1.0,2,1.0,28,Normandie,76,3,98,Saint-Étienne-du-Rouvray,28508,225,28733.0
201900023480,2.0,2,4,2,0.0,1.0,0.0,0,-1.0,1997.0,A01,27,4,2019,16:30,1,76.0,76231,2,1,1.0,2.0,GAULLE. RUE DU GENERAL DE,"49,2856500","1,0112300",,76.076231,76231,Seine-Maritime,28.0,Normandie,50.0,3.0,2.0,2,1.0,28,Normandie,76,3,9,Elbeuf,15951,138,16089.0
201900023480,1.0,1,4,1,0.0,1.0,0.0,0,-1.0,1997.0,A01,27,4,2019,16:30,1,76.0,76231,2,1,1.0,2.0,GAULLE. RUE DU GENERAL DE,"49,2856500","1,0112300",,76.076231,76231,Seine-Maritime,28.0,Normandie,50.0,3.0,2.0,2,1.0,28,Normandie,76,3,9,Elbeuf,15951,138,16089.0
201900023481,2.0,2,4,1,0.0,1.0,0.0,0,-1.0,1996.0,A01,28,4,2019,08:19,1,76.0,76322,1,1,1.0,7.0,VOIE RAPIDE SUD 3 (RN 338),"49,4005800","1,0320700",,76.076322,76322,Seine-Maritime,28.0,Normandie,90.0,2.0,3.0,4,1.0,28,Normandie,76,3,13,LeGrand-Quevilly,25975,225,26200.0
201900023481,4.0,2,1,2,0.0,1.0,0.0,0,-1.0,2000.0,A01,28,4,2019,08:19,1,76.0,76322,1,1,1.0,7.0,VOIE RAPIDE SUD 3 (RN 338),"49,4005800","1,0320700",,76.076322,76322,Seine-Maritime,28.0,Normandie,90.0,2.0,3.0,4,1.0,28,Normandie,76,3,13,LeGrand-Quevilly,25975,225,26200.0
201900023481,3.0,2,4,1,0.0,1.0,0.0,0,-1.0,1998.0,A01,28,4,2019,08:19,1,76.0,76322,1,1,1.0,7.0,VOIE RAPIDE SUD 3 (RN 338),"49,4005800","1,0320700",,76.076322,76322,Seine-Maritime,28.0,Normandie,90.0,2.0,3.0,4,1.0,28,Normandie,76,3,13,LeGrand-Quevilly,25975,225,26200.0
201900023482,2.0,2,4,2,0.0,2.0,-1.0,0,-1.0,1975.0,B01,24,2,2019,15:50,1,76.0,76575,2,1,1.0,3.0,CROIZAT. AVENUE AMBROISE,"49,3741600","1,1027300",,76.076575,76575,Seine-Maritime,28.0,Normandie,50.0,3.0,2.0,2,1.0,28,Normandie,76,3,98,Saint-Étienne-du-Rouvray,28508,225,28733.0
201900023482,1.0,1,4,1,0.0,2.0,-1.0,0,-1.0,1973.0,B01,24,2,2019,15:50,1,76.0,76575,2,1,1.0,3.0,CROIZAT. AVENUE AMBROISE,"49,3741600","1,1027300",,76.076575,76575,Seine-Maritime,28.0,Normandie,50.0,3.0,2.0,2,1.0,28,Normandie,76,3,98,Saint-Étienne-du-Rouvray,28508,225,28733.0
201900023483,1.0,1,3,1,0.0,8.0,-1.0,0,-1.0,1989.0,B01,6,3,2019,13:05,1,76.0,76561,2,1,1.0,1.0,VILLERS. AVENUE LOUIS,"49,3082100","1,0385700",,76.076561,76561,Seine-Maritime,28.0,Normandie,50.0,4.0,2.0,2,1.0,28,Normandie,76,3,5,Saint-Aubin-lès-Elbeuf,8428,75,8503.0
201900023483,1.0,1,1,2,0.0,1.0,-1.0,0,-1.0,1935.0,A01,6,3,2019,13:05,1,76.0,76561,2,1,1.0,1.0,VILLERS. AVENUE LOUIS,"49,3082100","1,0385700",,76.076561,76561,Seine-Maritime,28.0,Normandie,50.0,4.0,2.0,2,1.0,28,Normandie,76,3,5,Saint-Aubin-lès-Elbeuf,8428,75,8503.0
201900023484,1.0,1,4,1,5.0,2.0,0.0,0,-1.0,1979.0,A01,15,5,2019,01:30,5,76.0,76108,2,1,1.0,7.0,CASSIOPEE (Avenue),"49,4744700","1,1308000",,76.076108,76108,Seine-Maritime,28.0,Normandie,50.0,4.0,2.0,2,1.0,28,Normandie,76,3,2,Bois-Guillaume,14262,361,14623.0
201900023485,1.0,1,3,1,5.0,2.0,0.0,0,-1.0,1992.0,B01,7,5,2019,23:10,5,76.0,76216,2,2,1.0,3.0,CARNOT. AVENUE,"49,4550000","1,0574600",,76.076216,76216,Seine-Maritime,28.0,Normandie,50.0,3.0,2.0,2,1.0,28,Normandie,76,3,22,Déville-lès-Rouen,10745,62,10807.0
201900023485,1.0,1,4,1,1.0,1.0,0.0,0,-1.0,1979.0,A01,7,5,2019,23:10,5,76.0,76216,2,2,1.0,3.0,CARNOT. AVENUE,"49,4550000","1,0574600",,76.076216,76216,Seine-Maritime,28.0,Normandie,50.0,3.0,2.0,2,1.0,28,Normandie,76,3,22,Déville-lès-Rouen,10745,62,10807.0
201900023486,1.0,1,1,1,5.0,1.0,0.0,0,-1.0,1992.0,A01,7,5,2019,13:15,1,76.0,76681,2,1,1.0,2.0,PARIS. RUE DE,"49,4078600","1,1016000",,76.076681,76681,Seine-Maritime,28.0,Normandie,50.0,3.0,2.0,0,1.0,28,Normandie,76,3,99,Sotteville-lès-Rouen,28965,475,29440.0
201900023486,1.0,1,3,1,5.0,2.0,0.0,0,-1.0,1973.0,B01,7,5,2019,13:15,1,76.0,76681,2,1,1.0,2.0,PARIS. RUE DE,"49,4078600","1,1016000",,76.076681,76681,Seine-Maritime,28.0,Normandie,50.0,3.0,2.0,0,1.0,28,Normandie,76,3,99,Sotteville-lès-Rouen,28965,475,29440.0
201900023487,1.0,1,1,2,5.0,1.0,0.0,0,-1.0,1985.0,A01,1,5,2019,12:10,1,76.0,76540,2,3,1.0,3.0,MARTYRS DE LA RESISTANCE. AVENUE,"49,4207400","1,0789800",,76.076540,76540,Seine-Maritime,28.0,Normandie,50.0,4.0,2.0,2,1.0,28,Normandie,76,3,97,Rouen,114083,1556,115639.0
201900023487,1.0,1,3,1,5.0,2.0,0.0,0,-1.0,1967.0,B01,1,5,2019,12:10,1,76.0,76540,2,3,1.0,3.0,MARTYRS DE LA RESISTANCE. AVENUE,"49,4207400","1,0789800",,76.076540,76540,Seine-Maritime,28.0,Normandie,50.0,4.0,2.0,2,1.0,28,Normandie,76,3,97,Rouen,114083,1556,115639.0
201900023488,1.0,1,4,1,5.0,1.0,0.0,0,-1.0,1984.0,A01,1,5,2019,19:30,1,76.0,76540,2,1,1.0,7.0,GUILLAUME LE CONQUERANT. RAMPE,"49,4411500","1,0814900",,76.076540,76540,Seine-Maritime,28.0,Normandie,50.0,2.0,1.0,1,1.0,28,Normandie,76,3,97,Rouen,114083,1556,115639.0
201900023489,1.0,1,3,1,0.0,2.0,0.0,0,-1.0,1989.0,B01,25,5,2019,09:20,1,76.0,76447,2,1,1.0,3.0,PRESIDENT WILSON,"49,5397400","0,1784300",,76.076447,76447,Seine-Maritime,28.0,Normandie,50.0,4.0,2.0,3,1.0,28,Normandie,76,2,15,Montivilliers,15457,203,15660.0
201900023489,1.0,1,1,1,0.0,1.0,0.0,0,-1.0,1954.0,A01,25,5,2019,09:20,1,76.0,76447,2,1,1.0,3.0,PRESIDENT WILSON,"49,5397400","0,1784300",,76.076447,76447,Seine-Maritime,28.0,Normandie,50.0,4.0,2.0,3,1.0,28,Normandie,76,2,15,Montivilliers,15457,203,15660.0
201900023490,1.0,1,4,2,0.0,1.0,0.0,0,-1.0,1983.0,B01,25,5,2019,09:35,1,76.0,76351,2,2,1.0,3.0,DOCTEUR CALMETTE,"49,5123762","0,0998238",,76.076351,76351,Seine-Maritime,28.0,Normandie,50.0,4.0,2.0,2,1.0,28,Normandie,76,2,96,LeHavre,166058,1780,167838.0
201900023490,1.0,1,1,1,0.0,1.0,0.0,0,-1.0,1934.0,A01,25,5,2019,09:35,1,76.0,76351,2,2,1.0,3.0,DOCTEUR CALMETTE,"49,5123762","0,0998238",,76.076351,76351,Seine-Maritime,28.0,Normandie,50.0,4.0,2.0,2,1.0,28,Normandie,76,2,96,LeHavre,166058,1780,167838.0
201900023491,1.0,1,4,1,0.0,2.0,0.0,0,-1.0,2002.0,A01,21,5,2019,16:45,1,76.0,76351,2,3,1.0,2.0,JEAN JAURES (AVENUE),"49,5008739","0,1781416",,76.076351,76351,Seine-Maritime,28.0,Normandie,50.0,4.0,2.0,2,1.0,28,Normandie,76,2,96,LeHavre,166058,1780,167838.0
201900023491,1.0,1,1,1,4.0,1.0,0.0,0,-1.0,1999.0,B01,21,5,2019,16:45,1,76.0,76351,2,3,1.0,2.0,JEAN JAURES (AVENUE),"49,5008739","0,1781416",,76.076351,76351,Seine-Maritime,28.0,Normandie,50.0,4.0,2.0,2,1.0,28,Normandie,76,2,96,LeHavre,166058,1780,167838.0
201900023492,1.0,1,3,2,5.0,2.0,0.0,0,-1.0,1991.0,B01,20,5,2019,19:48,1,76.0,76305,2,6,1.0,3.0,OUDALLE (ROUTE),"49,5039500","0,2022200",,76.076305,76305,Seine-Maritime,28.0,Normandie,50.0,4.0,2.0,2,1.0,28,Normandie,76,2,16,Gonfreville-l'Orcher,8961,44,9005.0
201900023492,1.0,1,1,1,0.0,1.0,0.0,0,-1.0,1986.0,A01,20,5,2019,19:48,1,76.0,76305,2,6,1.0,3.0,OUDALLE (ROUTE),"49,5039500","0,2022200",,76.076305,76305,Seine-Maritime,28.0,Normandie,50.0,4.0,2.0,2,1.0,28,Normandie,76,2,16,Gonfreville-l'Orcher,8961,44,9005.0
201900023493,1.0,1,1,1,5.0,1.0,0.0,0,-1.0,1992.0,B01,15,5,2019,18:55,1,76.0,76351,2,2,1.0,2.0,ARMAND BARBES,"49,4998600","0,1503300",,76.076351,76351,Seine-Maritime,28.0,Normandie,50.0,4.0,2.0,2,1.0,28,Normandie,76,2,96,LeHavre,166058,1780,167838.0
201900023493,1.0,1,4,1,5.0,2.0,0.0,0,-1.0,1971.0,A01,15,5,2019,18:55,1,76.0,76351,2,2,1.0,2.0,ARMAND BARBES,"49,4998600","0,1503300",,76.076351,76351,Seine-Maritime,28.0,Normandie,50.0,4.0,2.0,2,1.0,28,Normandie,76,2,96,LeHavre,166058,1780,167838.0
201900023494,1.0,1,3,1,5.0,1.0,0.0,0,-1.0,1966.0,A01,16,5,2019,00:55,5,76.0,76351,2,1,1.0,6.0,GUILLEMARD,"49,4968600","0,0941200",,76.076351,76351,Seine-Maritime,28.0,Normandie,50.0,4.0,2.0,2,1.0,28,Normandie,76,2,96,LeHavre,166058,1780,167838.0
201900023495,10.0,3,3,2,0.0,8.0,4.0,3,1.0,1943.0,A01,14,5,2019,13:40,1,76.0,76351,2,2,1.0,6.0,RENE COTY,"49,4971700","0,1117800",,76.076351,76351,Seine-Maritime,28.0,Normandie,50.0,4.0,2.0,3,1.0,28,Normandie,76,2,96,LeHavre,166058,1780,167838.0
201900023495,1.0,1,1,2,0.0,1.0,0.0,0,-1.0,1931.0,A01,14,5,2019,13:40,1,76.0,76351,2,2,1.0,6.0,RENE COTY,"49,4971700","0,1117800",,76.076351,76351,Seine-Maritime,28.0,Normandie,50.0,4.0,2.0,3,1.0,28,Normandie,76,2,96,LeHavre,166058,1780,167838.0
201900023496,10.0,3,3,2,0.0,0.0,2.0,B,1.0,1994.0,A01,13,5,2019,18:10,1,76.0,76351,2,9,1.0,6.0,CHARLES LAFFITTE,"49,4929200","0,1283000",,76.076351,76351,Seine-Maritime,28.0,Normandie,10.0,6.0,-1.0,-1,1.0,28,Normandie,76,2,96,LeHavre,166058,1780,167838.0
201900023496,1.0,1,1,1,4.0,1.0,0.0,0,-1.0,1994.0,A01,13,5,2019,18:10,1,76.0,76351,2,9,1.0,6.0,CHARLES LAFFITTE,"49,4929200","0,1283000",,76.076351,76351,Seine-Maritime,28.0,Normandie,10.0,6.0,-1.0,-1,1.0,28,Normandie,76,2,96,LeHavre,166058,1780,167838.0
201900023497,10.0,3,4,1,5.0,8.0,3.0,3,1.0,1941.0,A01,11,5,2019,22:35,5,76.0,76351,2,3,1.0,6.0,RAFFINERIES (DES),"49,4916800","0,1421100",,76.076351,76351,Seine-Maritime,28.0,Normandie,50.0,4.0,2.0,2,1.0,28,Normandie,76,2,96,LeHavre,166058,1780,167838.0
201900023498,1.0,1,1,1,0.0,1.0,0.0,0,-1.0,1989.0,B01,3,5,2019,22:30,5,76.0,76351,2,2,1.0,3.0,BOIS AU COQ (RUE),"49,5110800","0,1286700",,76.076351,76351,Seine-Maritime,28.0,Normandie,50.0,4.0,3.0,2,1.0,28,Normandie,76,2,96,LeHavre,166058,1780,167838.0
201900023498,1.0,1,4,1,0.0,2.0,0.0,0,-1.0,1990.0,A01,3,5,2019,22:30,5,76.0,76351,2,2,1.0,3.0,BOIS AU COQ (RUE),"49,5110800","0,1286700",,76.076351,76351,Seine-Maritime,28.0,Normandie,50.0,4.0,3.0,2,1.0,28,Normandie,76,2,96,LeHavre,166058,1780,167838.0
201900023499,2.0,2,1,2,0.0,1.0,0.0,0,-1.0,1994.0,B01,3,5,2019,22:00,1,76.0,76351,2,2,1.0,3.0,VERDUN (RUE DE),"49,5023900","0,1726500",,76.076351,76351,Seine-Maritime,28.0,Normandie,50.0,3.0,2.0,2,1.0,28,Normandie,76,2,96,LeHavre,166058,1780,167838.0
201900023499,1.0,1,1,1,5.0,1.0,0.0,0,-1.0,1998.0,B01,3,5,2019,22:00,1,76.0,76351,2,2,1.0,3.0,VERDUN (RUE DE),"49,5023900","0,1726500",,76.076351,76351,Seine-Maritime,28.0,Normandie,50.0,3.0,2.0,2,1.0,28,Normandie,76,2,96,LeHavre,166058,1780,167838.0
201900023499,3.0,2,1,1,0.0,1.0,0.0,0,-1.0,2000.0,B01,3,5,2019,22:00,1,76.0,76351,2,2,1.0,3.0,VERDUN (RUE DE),"49,5023900","0,1726500",,76.076351,76351,Seine-Maritime,28.0,Normandie,50.0,3.0,2.0,2,1.0,28,Normandie,76,2,96,LeHavre,166058,1780,167838.0