Num_Acc,place,catu,grav,sexe,trajet,secu,locp,actp,etatp,an_nais,num_veh,jour,mois,an,hrmn,lum,dep,com,agg,int,atm,col,adr,lat,long,gps,com_insee_temp,com_insee,departmentName,regionCode,regionName,vma,catr,circ,nbv,surf,Code,Region,Departement,Arrondissement,Code_Canton,Nom_Commune,Population_municipaLe,Population_comptee_a_part,Population_Totale
201900023499,4.0,2,1,1,0.0,1.0,0.0,0,-1.0,2001.0,B01,3,5,2019,22:00,1,76.0,76351,2,2,1.0,3.0,VERDUN (RUE DE),"49,5023900","0,1726500",,76.076351,76351,Seine-Maritime,28.0,Normandie,50.0,3.0,2.0,2,1.0,28,Normandie,76,2,96,LeHavre,166058,1780,167838.0
201900023499,3.0,2,4,1,5.0,1.0,0.0,0,-1.0,2002.0,A01,3,5,2019,22:00,1,76.0,76351,2,2,1.0,3.0,VERDUN (RUE DE),"49,5023900","0,1726500",,76.076351,76351,Seine-Maritime,28.0,Normandie,50.0,3.0,2.0,2,1.0,28,Normandie,76,2,96,LeHavre,166058,1780,167838.0
201900023499,4.0,2,4,1,5.0,1.0,0.0,0,-1.0,2002.0,A01,3,5,2019,22:00,1,76.0,76351,2,2,1.0,3.0,VERDUN (RUE DE),"49,5023900","0,1726500",,76.076351,76351,Seine-Maritime,28.0,Normandie,50.0,3.0,2.0,2,1.0,28,Normandie,76,2,96,LeHavre,166058,1780,167838.0
201900023499,2.0,2,4,1,5.0,1.0,0.0,0,-1.0,2002.0,A01,3,5,2019,22:00,1,76.0,76351,2,2,1.0,3.0,VERDUN (RUE DE),"49,5023900","0,1726500",,76.076351,76351,Seine-Maritime,28.0,Normandie,50.0,3.0,2.0,2,1.0,28,Normandie,76,2,96,LeHavre,166058,1780,167838.0
201900023499,5.0,2,4,1,5.0,1.0,0.0,0,-1.0,2000.0,A01,3,5,2019,22:00,1,76.0,76351,2,2,1.0,3.0,VERDUN (RUE DE),"49,5023900","0,1726500",,76.076351,76351,Seine-Maritime,28.0,Normandie,50.0,3.0,2.0,2,1.0,28,Normandie,76,2,96,LeHavre,166058,1780,167838.0
201900023499,1.0,1,4,1,5.0,1.0,0.0,0,-1.0,2000.0,A01,3,5,2019,22:00,1,76.0,76351,2,2,1.0,3.0,VERDUN (RUE DE),"49,5023900","0,1726500",,76.076351,76351,Seine-Maritime,28.0,Normandie,50.0,3.0,2.0,2,1.0,28,Normandie,76,2,96,LeHavre,166058,1780,167838.0
201900023500,1.0,1,4,1,5.0,2.0,0.0,0,-1.0,1956.0,A01,3,5,2019,11:10,1,76.0,76351,2,3,1.0,7.0,CLEMENCEAU (BD),"49,4896900","0,0977300",,76.076351,76351,Seine-Maritime,28.0,Normandie,50.0,4.0,2.0,2,1.0,28,Normandie,76,2,96,LeHavre,166058,1780,167838.0
201900023501,1.0,1,1,2,0.0,1.0,0.0,0,-1.0,1979.0,A01,30,4,2019,18:05,1,76.0,76351,2,1,1.0,1.0,IRENE JOLIOT CURIE (RUE),"49,5062000","0,1004100",,76.076351,76351,Seine-Maritime,28.0,Normandie,50.0,4.0,2.0,2,1.0,28,Normandie,76,2,96,LeHavre,166058,1780,167838.0
201900023501,1.0,1,1,2,0.0,1.0,0.0,0,-1.0,1970.0,B01,30,4,2019,18:05,1,76.0,76351,2,1,1.0,1.0,IRENE JOLIOT CURIE (RUE),"49,5062000","0,1004100",,76.076351,76351,Seine-Maritime,28.0,Normandie,50.0,4.0,2.0,2,1.0,28,Normandie,76,2,96,LeHavre,166058,1780,167838.0
201900023501,2.0,2,4,2,0.0,1.0,-1.0,0,-1.0,2008.0,B01,30,4,2019,18:05,1,76.0,76351,2,1,1.0,1.0,IRENE JOLIOT CURIE (RUE),"49,5062000","0,1004100",,76.076351,76351,Seine-Maritime,28.0,Normandie,50.0,4.0,2.0,2,1.0,28,Normandie,76,2,96,LeHavre,166058,1780,167838.0
201900023502,1.0,1,1,2,0.0,1.0,-1.0,0,-1.0,1980.0,B01,26,4,2019,16:10,1,76.0,76351,2,1,1.0,6.0,AMIRAL MOUCHEZ (BD),"49,4861000","0,1400900",,76.076351,76351,Seine-Maritime,28.0,Normandie,50.0,3.0,2.0,3,1.0,28,Normandie,76,2,96,LeHavre,166058,1780,167838.0
201900023502,10.0,3,3,1,0.0,8.0,1.0,7,1.0,2007.0,B01,26,4,2019,16:10,1,76.0,76351,2,1,1.0,6.0,AMIRAL MOUCHEZ (BD),"49,4861000","0,1400900",,76.076351,76351,Seine-Maritime,28.0,Normandie,50.0,3.0,2.0,3,1.0,28,Normandie,76,2,96,LeHavre,166058,1780,167838.0
201900023503,1.0,1,4,2,5.0,1.0,0.0,0,-1.0,1998.0,C01,30,5,2019,01:55,5,76.0,76217,2,1,1.0,6.0,LIBERATION (AVENUE DE LA),"49,9243300","1,1071900",,76.076217,76217,Seine-Maritime,28.0,Normandie,50.0,3.0,2.0,-1,1.0,28,Normandie,76,1,95,Dieppe,28358,455,28813.0
201900023504,1.0,1,1,1,5.0,1.0,0.0,0,-1.0,1966.0,A01,9,5,2019,12:05,1,76.0,76217,2,2,1.0,3.0,Normandie Sussex (Avenue),"49,9168500","1,0888600",,76.076217,76217,Seine-Maritime,28.0,Normandie,50.0,4.0,3.0,3,1.0,28,Normandie,76,1,95,Dieppe,28358,455,28813.0
201900023504,2.0,1,4,1,5.0,2.0,0.0,0,-1.0,1965.0,B01,9,5,2019,12:05,1,76.0,76217,2,2,1.0,3.0,Normandie Sussex (Avenue),"49,9168500","1,0888600",,76.076217,76217,Seine-Maritime,28.0,Normandie,50.0,4.0,3.0,3,1.0,28,Normandie,76,1,95,Dieppe,28358,455,28813.0
201900023505,1.0,1,3,1,0.0,2.0,0.0,0,-1.0,1985.0,A01,21,5,2019,19:40,1,76.0,76384,1,6,1.0,6.0,RADICATEL (ROUTE DE),"49,4853805","0,5332714",,76.076384,76384,Seine-Maritime,28.0,Normandie,70.0,3.0,3.0,2,1.0,28,Normandie,76,2,3,Lillebonne,8729,141,8870.0
201900023853,10.0,3,4,2,5.0,8.0,3.0,3,2.0,2006.0,A01,13,11,2019,18:15,2,76.0,76474,2,1,1.0,6.0,RN 27 (ROUTE DE DIEPPE),"49,4889100","1,0491000",,76.076474,76474,Seine-Maritime,28.0,Normandie,50.0,3.0,2.0,2,1.0,28,Normandie,76,3,24,Notre-Dame-de-BondevilLe6957,82,7039,
201900023853,10.0,3,4,2,5.0,8.0,3.0,3,2.0,2006.0,A01,13,11,2019,18:15,2,76.0,76474,2,1,1.0,6.0,RN 27 (ROUTE DE DIEPPE),"49,4889100","1,0491000",,76.076474,76474,Seine-Maritime,28.0,Normandie,50.0,3.0,2.0,2,1.0,28,Normandie,76,3,24,Notre-Dame-de-BondevilLe6957,82,7039,
201900023853,1.0,1,1,2,5.0,1.0,0.0,0,-1.0,1946.0,A01,13,11,2019,18:15,2,76.0,76474,2,1,1.0,6.0,RN 27 (ROUTE DE DIEPPE),"49,4889100","1,0491000",,76.076474,76474,Seine-Maritime,28.0,Normandie,50.0,3.0,2.0,2,1.0,28,Normandie,76,3,24,Notre-Dame-de-BondevilLe6957,82,7039,
201900023854,1.0,1,4,1,5.0,1.0,-1.0, -1,-1.0,1971.0,A01,13,11,2019,23:15,5,76.0,76351,2,1,2.0,6.0,PEUPLIERS (DES),"49,5063700","0,1502800",,76.076351,76351,Seine-Maritime,28.0,Normandie,50.0,4.0,-1.0,1,1.0,28,Normandie,76,2,96,LeHavre,166058,1780,167838.0
201900024011,1.0,1,1,1,5.0,1.0,0.0,0,-1.0,1985.0,B01,26,1,2019,06:25,5,76.0,76540,2,1,1.0,1.0,EUROPE. BOULEVARD DE L',"49,4339800","1,0772800",,76.076540,76540,Seine-Maritime,28.0,Normandie,50.0,4.0,3.0,2,2.0,28,Normandie,76,3,97,Rouen,114083,1556,115639.0
201900024011,1.0,1,4,2,5.0,1.0,0.0,0,-1.0,1995.0,A01,26,1,2019,06:25,5,76.0,76540,2,1,1.0,1.0,EUROPE. BOULEVARD DE L',"49,4339800","1,0772800",,76.076540,76540,Seine-Maritime,28.0,Normandie,50.0,4.0,3.0,2,2.0,28,Normandie,76,3,97,Rouen,114083,1556,115639.0
201900024012,1.0,1,4,1,5.0,1.0,0.0,0,-1.0,1994.0,A01,26,1,2019,04:50,5,76.0,76351,2,1,1.0,7.0,VERDUN (RUE DE),"49,5022400","0,1695900",,76.076351,76351,Seine-Maritime,28.0,Normandie,50.0,4.0,2.0,2,2.0,28,Normandie,76,2,96,LeHavre,166058,1780,167838.0
201900024013,1.0,1,4,2,0.0,1.0,0.0,0,-1.0,1989.0,A01,25,1,2019,16:40,1,76.0,76305,1,1,1.0,6.0,RD 6015,"49,5165000","0,2408600",,76.076305,76305,Seine-Maritime,28.0,Normandie,70.0,3.0,3.0,4,2.0,28,Normandie,76,2,16,Gonfreville-l'Orcher,8961,44,9005.0
201900024240,1.0,1,1,1,0.0,1.0,-1.0,0,-1.0,1983.0,A01,7,10,2019,17:15,1,76.0,76212,2,1,1.0,5.0,LYONS LA FORET. ROUTE DE,"49,4352700","1,1486400",,76.076212,76212,Seine-Maritime,28.0,Normandie,70.0,3.0,1.0,2,1.0,28,Normandie,76,3,6,Darnétal,9738,74,9812.0
201900024240,1.0,1,4,1,0.0,2.0,-1.0,0,-1.0,1981.0,B01,7,10,2019,17:15,1,76.0,76212,2,1,1.0,5.0,LYONS LA FORET. ROUTE DE,"49,4352700","1,1486400",,76.076212,76212,Seine-Maritime,28.0,Normandie,70.0,3.0,1.0,2,1.0,28,Normandie,76,3,6,Darnétal,9738,74,9812.0
201900024240,1.0,1,1,2,0.0,1.0,-1.0,0,-1.0,1994.0,C01,7,10,2019,17:15,1,76.0,76212,2,1,1.0,5.0,LYONS LA FORET. ROUTE DE,"49,4352700","1,1486400",,76.076212,76212,Seine-Maritime,28.0,Normandie,70.0,3.0,1.0,2,1.0,28,Normandie,76,3,6,Darnétal,9738,74,9812.0
201900024343,1.0,1,1,1,0.0,8.0,-1.0, -1,-1.0,1940.0,Z01,21,12,2019,21:30,5,76.0,76351,2,3,1.0,3.0,FRANCOIS MAZELINE,"49,4987800","0,1372600",,76.076351,76351,Seine-Maritime,28.0,Normandie,50.0,4.0,2.0,2,1.0,28,Normandie,76,2,96,LeHavre,166058,1780,167838.0
201900024343,3.0,2,4,2,5.0,1.0,-1.0, -1,-1.0,2011.0,A01,21,12,2019,21:30,5,76.0,76351,2,3,1.0,3.0,FRANCOIS MAZELINE,"49,4987800","0,1372600",,76.076351,76351,Seine-Maritime,28.0,Normandie,50.0,4.0,2.0,2,1.0,28,Normandie,76,2,96,LeHavre,166058,1780,167838.0
201900024343,1.0,1,4,1,5.0,1.0,-1.0, -1,-1.0,1968.0,A01,21,12,2019,21:30,5,76.0,76351,2,3,1.0,3.0,FRANCOIS MAZELINE,"49,4987800","0,1372600",,76.076351,76351,Seine-Maritime,28.0,Normandie,50.0,4.0,2.0,2,1.0,28,Normandie,76,2,96,LeHavre,166058,1780,167838.0
201900024343,7.0,2,1,1,5.0,1.0,-1.0, -1,-1.0,2009.0,A01,21,12,2019,21:30,5,76.0,76351,2,3,1.0,3.0,FRANCOIS MAZELINE,"49,4987800","0,1372600",,76.076351,76351,Seine-Maritime,28.0,Normandie,50.0,4.0,2.0,2,1.0,28,Normandie,76,2,96,LeHavre,166058,1780,167838.0
201900024343,9.0,2,4,1,5.0,1.0,-1.0, -1,-1.0,2014.0,A01,21,12,2019,21:30,5,76.0,76351,2,3,1.0,3.0,FRANCOIS MAZELINE,"49,4987800","0,1372600",,76.076351,76351,Seine-Maritime,28.0,Normandie,50.0,4.0,2.0,2,1.0,28,Normandie,76,2,96,LeHavre,166058,1780,167838.0
201900024343,8.0,2,1,1,5.0,1.0,-1.0, -1,-1.0,2006.0,A01,21,12,2019,21:30,5,76.0,76351,2,3,1.0,3.0,FRANCOIS MAZELINE,"49,4987800","0,1372600",,76.076351,76351,Seine-Maritime,28.0,Normandie,50.0,4.0,2.0,2,1.0,28,Normandie,76,2,96,LeHavre,166058,1780,167838.0
201900024343,2.0,2,4,1,5.0,1.0,-1.0, -1,-1.0,1972.0,A01,21,12,2019,21:30,5,76.0,76351,2,3,1.0,3.0,FRANCOIS MAZELINE,"49,4987800","0,1372600",,76.076351,76351,Seine-Maritime,28.0,Normandie,50.0,4.0,2.0,2,1.0,28,Normandie,76,2,96,LeHavre,166058,1780,167838.0
201900024456,2.0,2,1,2,5.0,1.0,0.0,0,-1.0,1952.0,A01,17,12,2019,15:15,1,76.0,76695,1,2,2.0,1.0,Route de la Flamme Olympique,"49,6670860","0,4984190",,76.076695,76695,Seine-Maritime,28.0,Normandie,80.0,3.0,2.0,2,2.0,28,Normandie,76,2,32,Tocqueville-les-Murs,276,5,281.0
201900024456,1.0,1,1,1,5.0,1.0,0.0,0,-1.0,1952.0,A01,17,12,2019,15:15,1,76.0,76695,1,2,2.0,1.0,Route de la Flamme Olympique,"49,6670860","0,4984190",,76.076695,76695,Seine-Maritime,28.0,Normandie,80.0,3.0,2.0,2,2.0,28,Normandie,76,2,32,Tocqueville-les-Murs,276,5,281.0
201900024456,1.0,1,3,2,5.0,1.0,0.0,0,-1.0,1986.0,B01,17,12,2019,15:15,1,76.0,76695,1,2,2.0,1.0,Route de la Flamme Olympique,"49,6670860","0,4984190",,76.076695,76695,Seine-Maritime,28.0,Normandie,80.0,3.0,2.0,2,2.0,28,Normandie,76,2,32,Tocqueville-les-Murs,276,5,281.0
201900024491,1.0,1,3,1,4.0,8.0,0.0,0,-1.0,2000.0,A01,20,12,2019,21:50,3,76.0,76672,1,1,2.0,6.0,685 Route de Rouen,"49,6246490","1,5254080",,76.076672,76672,Seine-Maritime,28.0,Normandie,70.0,3.0,2.0,2,2.0,28,Normandie,76,1,12,Serqueux,957,15,972.0
201900024601,1.0,1,3,1,5.0,2.0,-1.0, -1,-1.0,1960.0,A01,5,9,2019,17:20,1,76.0,76540,1,1,1.0,7.0,GRAND MARE. TUNNEL DE LA,"49,4423300","1,1346400",,76.076540,76540,Seine-Maritime,28.0,Normandie,70.0,2.0,2.0,2,1.0,28,Normandie,76,3,97,Rouen,114083,1556,115639.0
201900024602,1.0,1,1,1,4.0,1.0,0.0,0,-1.0,1978.0,A01,4,9,2019,09:10,1,76.0,76108,1,1,1.0,6.0,RN 28 (ROUTE DE NEUFCHATEL),"49,4574300","1,1440100",,76.076108,76108,Seine-Maritime,28.0,Normandie,90.0,2.0,3.0,4,1.0,28,Normandie,76,3,2,Bois-Guillaume,14262,361,14623.0
201900024602,1.0,1,4,1,4.0,1.0,0.0,0,-1.0,1988.0,B01,4,9,2019,09:10,1,76.0,76108,1,1,1.0,6.0,RN 28 (ROUTE DE NEUFCHATEL),"49,4574300","1,1440100",,76.076108,76108,Seine-Maritime,28.0,Normandie,90.0,2.0,3.0,4,1.0,28,Normandie,76,3,2,Bois-Guillaume,14262,361,14623.0
201900024603,1.0,1,4,2,0.0,1.0,0.0,0,-1.0,1983.0,A01,6,9,2019,06:05,2,76.0,76351,1,1,1.0,6.0,RD 6382,"49,5309918","0,1351967",,76.076351,76351,Seine-Maritime,28.0,Normandie,90.0,3.0,3.0,4,1.0,28,Normandie,76,2,96,LeHavre,166058,1780,167838.0
201900024749,1.0,1,3,1,5.0,2.0,-1.0,0,-1.0,1998.0,A01,14,4,2019,17:15,1,76.0,76410,1,1,1.0,7.0,RD 6015 (COTE DE LA VALETTE),"49,4882700","1,0312700",,76.076410,76410,Seine-Maritime,28.0,Normandie,80.0,3.0,2.0,2,1.0,28,Normandie,76,3,4,Maromme,11024,122,11146.0
201900024749,2.0,2,3,2,5.0,2.0,-1.0,0,-1.0,1999.0,A01,14,4,2019,17:15,1,76.0,76410,1,1,1.0,7.0,RD 6015 (COTE DE LA VALETTE),"49,4882700","1,0312700",,76.076410,76410,Seine-Maritime,28.0,Normandie,80.0,3.0,2.0,2,1.0,28,Normandie,76,3,4,Maromme,11024,122,11146.0
201900024750,10.0,3,4,2,5.0,8.0,1.0,2,1.0,1936.0,A01,13,4,2019,10:20,1,76.0,76540,2,1,1.0,6.0,ECUYERE. RUE,"49,4439200","1,0908400",,76.076540,76540,Seine-Maritime,28.0,Normandie,20.0,4.0,1.0,1,1.0,28,Normandie,76,3,97,Rouen,114083,1556,115639.0
201900024750,1.0,1,1,1,1.0,1.0,-1.0,0,-1.0,1987.0,A01,13,4,2019,10:20,1,76.0,76540,2,1,1.0,6.0,ECUYERE. RUE,"49,4439200","1,0908400",,76.076540,76540,Seine-Maritime,28.0,Normandie,20.0,4.0,1.0,1,1.0,28,Normandie,76,3,97,Rouen,114083,1556,115639.0
201900024751,1.0,1,4,1,5.0,1.0,-1.0,0,-1.0,1997.0,A01,14,4,2019,07:25,1,76.0,76351,2,1,1.0,6.0,CLEMENCEAU (BD),"49,4889530","0,0979543",,76.076351,76351,Seine-Maritime,28.0,Normandie,50.0,4.0,2.0,2,1.0,28,Normandie,76,2,96,LeHavre,166058,1780,167838.0
201900025031,10.0,3,2,2,5.0,8.0,3.0,3,1.0,1940.0,A01,26,7,2019,11:30,1,76.0,76114,2,1,1.0,7.0,JACQUES FAUQUET (RUE),"49,5722100","0,4695900",,76.076114,76114,Seine-Maritime,28.0,Normandie,30.0,4.0,2.0,2,1.0,28,Normandie,76,2,3,Bolbec,11635,147,11782.0
201900025031,1.0,1,1,1,5.0,1.0,0.0,0,-1.0,1963.0,A01,26,7,2019,11:30,1,76.0,76114,2,1,1.0,7.0,JACQUES FAUQUET (RUE),"49,5722100","0,4695900",,76.076114,76114,Seine-Maritime,28.0,Normandie,30.0,4.0,2.0,2,1.0,28,Normandie,76,2,3,Bolbec,11635,147,11782.0
201900025247,1.0,1,2,1,4.0,1.0,0.0,0,-1.0,1984.0,A01,12,3,2019,14:00,1,76.0,76260,1,1,6.0,7.0,RD930 Hameau de Laudencourt,"49,4963770","1,7700910",,76.076260,76260,Seine-Maritime,28.0,Normandie,80.0,3.0,2.0,2,1.0,28,Normandie,76,1,12,Ferrières-en-Bray,1675,15,1690.0
201900025364,1.0,1,3,1,5.0,2.0,0.0,0,-1.0,2003.0,A01,9,3,2019,17:10,1,76.0,76130,1,1,1.0,7.0,Chemin communal des fossettes 76270 BOUELLES,"49,7213260","1,5077910",,76.076130,76130,Seine-Maritime,28.0,Normandie,80.0,9.0,-1.0,2,1.0,28,Normandie,76,1,23,BouelLes272,4,276,
201900025762,1.0,1,3,1,1.0,2.0,0.0,0,-1.0,1985.0,A01,21,12,2019,00:25,5,76.0,76540,2,2,1.0,3.0,BETHENCOURT. BOULEVARD JEAN DE,"49,4389407","1,0799915",,76.076540,76540,Seine-Maritime,28.0,Normandie,50.0,2.0,2.0,6,1.0,28,Normandie,76,3,97,Rouen,114083,1556,115639.0
201900025837,1.0,1,4,2,9.0,1.0,0.0,0,-1.0,1961.0,C01,19,12,2019,16:30,1,76.0,76021,1,2,1.0,5.0,Route de Goderville,"49,6758490","0,4373720",,76.076021,76021,Seine-Maritime,28.0,Normandie,70.0,3.0,2.0,2,1.0,28,Normandie,76,2,32,Annouville-Vilmesnil,455,3,458.0
201900025837,1.0,1,4,1,1.0,1.0,0.0,0,-1.0,1987.0,B01,19,12,2019,16:30,1,76.0,76021,1,2,1.0,5.0,Route de Goderville,"49,6758490","0,4373720",,76.076021,76021,Seine-Maritime,28.0,Normandie,70.0,3.0,2.0,2,1.0,28,Normandie,76,2,32,Annouville-Vilmesnil,455,3,458.0
201900025837,1.0,1,3,2,0.0,1.0,0.0,0,-1.0,1994.0,A01,19,12,2019,16:30,1,76.0,76021,1,2,1.0,5.0,Route de Goderville,"49,6758490","0,4373720",,76.076021,76021,Seine-Maritime,28.0,Normandie,70.0,3.0,2.0,2,1.0,28,Normandie,76,2,32,Annouville-Vilmesnil,455,3,458.0
201900025855,1.0,1,4,1,1.0,2.0,0.0,0,-1.0,1982.0,A01,12,12,2019,07:45,5,76.0,76533,1,9,2.0,7.0,BRETELLE D'ACCES. SORTIE 5 . RN 1029,"49,4804032","0,2638972",,76.076533,76533,Seine-Maritime,28.0,Normandie,70.0,1.0,1.0,1,2.0,28,Normandie,76,2,16,RogervilLe1706,19,1725,
201900025940,7.0,2,3,1,5.0,0.0,0.0,0,-1.0,1990.0,A01,10,10,2019,01:15,3,76.0,76244,1,1,3.0,6.0,A28,"49,7141810","1,4064250",,76.076244,76244,Seine-Maritime,28.0,Normandie,110.0,1.0,3.0,4,2.0,28,Normandie,76,1,23,EsclavelLes386,6,392,
201900025940,2.0,2,3,1,0.0,0.0,0.0,0,-1.0,2004.0,A01,10,10,2019,01:15,3,76.0,76244,1,1,3.0,6.0,A28,"49,7141810","1,4064250",,76.076244,76244,Seine-Maritime,28.0,Normandie,110.0,1.0,3.0,4,2.0,28,Normandie,76,1,23,EsclavelLes386,6,392,
201900025940,1.0,1,3,1,9.0,0.0,0.0,0,-1.0,1989.0,A01,10,10,2019,01:15,3,76.0,76244,1,1,3.0,6.0,A28,"49,7141810","1,4064250",,76.076244,76244,Seine-Maritime,28.0,Normandie,110.0,1.0,3.0,4,2.0,28,Normandie,76,1,23,EsclavelLes386,6,392,
201900025940,8.0,2,3,1,0.0,0.0,0.0,0,-1.0,1986.0,A01,10,10,2019,01:15,3,76.0,76244,1,1,3.0,6.0,A28,"49,7141810","1,4064250",,76.076244,76244,Seine-Maritime,28.0,Normandie,110.0,1.0,3.0,4,2.0,28,Normandie,76,1,23,EsclavelLes386,6,392,
201900026035,5.0,2,1,2,5.0,8.0,-1.0,0,-1.0,2002.0,A01,8,10,2019,00:45,5,76.0,76498,1,1,2.0,6.0,SUD III (RN 338),"49,4344800","1,0685900",,76.076498,76498,Seine-Maritime,28.0,Normandie,90.0,2.0,3.0,4,2.0,28,Normandie,76,3,27,LePetit-Quevilly,21782,274,22056.0
201900026035,4.0,2,1,1,5.0,1.0,-1.0,0,-1.0,2002.0,A01,8,10,2019,00:45,5,76.0,76498,1,1,2.0,6.0,SUD III (RN 338),"49,4344800","1,0685900",,76.076498,76498,Seine-Maritime,28.0,Normandie,90.0,2.0,3.0,4,2.0,28,Normandie,76,3,27,LePetit-Quevilly,21782,274,22056.0
201900026035,3.0,2,1,2,5.0,1.0,-1.0,0,-1.0,2001.0,A01,8,10,2019,00:45,5,76.0,76498,1,1,2.0,6.0,SUD III (RN 338),"49,4344800","1,0685900",,76.076498,76498,Seine-Maritime,28.0,Normandie,90.0,2.0,3.0,4,2.0,28,Normandie,76,3,27,LePetit-Quevilly,21782,274,22056.0
201900026035,2.0,2,4,2,5.0,1.0,-1.0,0,-1.0,1999.0,A01,8,10,2019,00:45,5,76.0,76498,1,1,2.0,6.0,SUD III (RN 338),"49,4344800","1,0685900",,76.076498,76498,Seine-Maritime,28.0,Normandie,90.0,2.0,3.0,4,2.0,28,Normandie,76,3,27,LePetit-Quevilly,21782,274,22056.0
201900026035,1.0,1,4,1,5.0,1.0,-1.0, -1,-1.0,1993.0,A01,8,10,2019,00:45,5,76.0,76498,1,1,2.0,6.0,SUD III (RN 338),"49,4344800","1,0685900",,76.076498,76498,Seine-Maritime,28.0,Normandie,90.0,2.0,3.0,4,2.0,28,Normandie,76,3,27,LePetit-Quevilly,21782,274,22056.0
201900026260,10.0,3,3,2,0.0,8.0,3.0,3,1.0,1937.0,A01,24,1,2019,08:25,2,76.0,76498,2,1,5.0,7.0,BARBUSSE. PLACE HENRI,"49,4300300","1,0528100",,76.076498,76498,Seine-Maritime,28.0,Normandie,50.0,4.0,1.0,1,1.0,28,Normandie,76,3,27,LePetit-Quevilly,21782,274,22056.0
201900026260,1.0,1,1,1,4.0,1.0,0.0,0,-1.0,1967.0,A01,24,1,2019,08:25,2,76.0,76498,2,1,5.0,7.0,BARBUSSE. PLACE HENRI,"49,4300300","1,0528100",,76.076498,76498,Seine-Maritime,28.0,Normandie,50.0,4.0,1.0,1,1.0,28,Normandie,76,3,27,LePetit-Quevilly,21782,274,22056.0
201900026261,1.0,1,3,2,0.0,1.0,-1.0,0,-1.0,1983.0,A01,24,1,2019,14:30,1,76.0,76351,1,1,1.0,6.0,RD 6382,"49,5327848","0,1162255",,76.076351,76351,Seine-Maritime,28.0,Normandie,90.0,3.0,3.0,4,1.0,28,Normandie,76,2,96,LeHavre,166058,1780,167838.0
201900026262,1.0,1,3,1,0.0,2.0,-1.0,0,-1.0,1992.0,A01,24,1,2019,21:15,5,76.0,76351,2,1,1.0,6.0,GENERAL DE GAULLE,"49,5194900","0,1570200",,76.076351,76351,Seine-Maritime,28.0,Normandie,50.0,3.0,2.0,2,2.0,28,Normandie,76,2,96,LeHavre,166058,1780,167838.0
201900026263,1.0,1,4,2,9.0,1.0,0.0,0,-1.0,2000.0,B01,24,1,2019,11:10,1,76.0,76351,2,1,1.0,3.0,COMMANDANT ABADIE,"49,5013600","0,1807100",,76.076351,76351,Seine-Maritime,28.0,Normandie,50.0,4.0,2.0,2,1.0,28,Normandie,76,2,96,LeHavre,166058,1780,167838.0
201900026263,2.0,2,4,2,4.0,1.0,0.0,0,-1.0,1980.0,B01,24,1,2019,11:10,1,76.0,76351,2,1,1.0,3.0,COMMANDANT ABADIE,"49,5013600","0,1807100",,76.076351,76351,Seine-Maritime,28.0,Normandie,50.0,4.0,2.0,2,1.0,28,Normandie,76,2,96,LeHavre,166058,1780,167838.0
201900026264,1.0,1,1,2,1.0,1.0,0.0,0,-1.0,1935.0,A01,23,1,2019,08:15,5,76.0,76341,2,3,1.0,6.0,RESISTANCE (AVENUE DE LA),"49,5046300","0,2005300",,76.076341,76341,Seine-Maritime,28.0,Normandie,50.0,4.0,2.0,2,2.0,28,Normandie,76,2,15,Harfleur,8315,53,8368.0
201900026264,10.0,3,3,1,5.0,8.0,4.0,3,1.0,1935.0,A01,23,1,2019,08:15,5,76.0,76341,2,3,1.0,6.0,RESISTANCE (AVENUE DE LA),"49,5046300","0,2005300",,76.076341,76341,Seine-Maritime,28.0,Normandie,50.0,4.0,2.0,2,2.0,28,Normandie,76,2,15,Harfleur,8315,53,8368.0
201900026265,10.0,3,4,2,1.0,0.0,2.0,3,1.0,2002.0,A01,25,1,2019,18:00,5,76.0,76217,2,1,8.0,6.0,BERIGNY (BOULEVARD),"49,9235700","1,0813200",,76.076217,76217,Seine-Maritime,28.0,Normandie,30.0,4.0,1.0,1,2.0,28,Normandie,76,1,95,Dieppe,28358,455,28813.0
201900026265,1.0,1,1,1,4.0,1.0,0.0,0,-1.0,1986.0,A01,25,1,2019,18:00,5,76.0,76217,2,1,8.0,6.0,BERIGNY (BOULEVARD),"49,9235700","1,0813200",,76.076217,76217,Seine-Maritime,28.0,Normandie,30.0,4.0,1.0,1,2.0,28,Normandie,76,1,95,Dieppe,28358,455,28813.0
201900026490,1.0,1,3,1,5.0,1.0,0.0,0,-1.0,1999.0,A01,30,6,2019,20:25,1,76.0,76392,1,1,1.0,6.0,Route de Fresnoy Folny,"49,8361000","1,3995470",,76.076392,76392,Seine-Maritime,28.0,Normandie,80.0,3.0,2.0,2,1.0,28,Normandie,76,1,23,Londinières,1243,20,1263.0
201900026525,1.0,1,1,1,5.0,1.0,0.0,0,-1.0,1990.0,A01,29,6,2019,11:00,1,76.0,76490,2,6,1.0,6.0,CD 50,"49,7281370","0,6073180",,76.076490,76490,Seine-Maritime,28.0,Normandie,50.0,3.0,2.0,2,1.0,28,Normandie,76,1,33,Ourville-en-Caux,1105,15,1120.0
201900026525,10.0,3,4,2,0.0,0.0,3.0,3,1.0,1968.0,A01,29,6,2019,11:00,1,76.0,76490,2,6,1.0,6.0,CD 50,"49,7281370","0,6073180",,76.076490,76490,Seine-Maritime,28.0,Normandie,50.0,3.0,2.0,2,1.0,28,Normandie,76,1,33,Ourville-en-Caux,1105,15,1120.0