Num_Acc,place,catu,grav,sexe,trajet,secu,locp,actp,etatp,an_nais,num_veh,jour,mois,an,hrmn,lum,dep,com,agg,int,atm,col,adr,lat,long,gps,com_insee_temp,com_insee,departmentName,regionCode,regionName,vma,catr,circ,nbv,surf,Code,Region,Departement,Arrondissement,Code_Canton,Nom_Commune,Population_municipaLe,Population_comptee_a_part,Population_Totale
201900029924,1.0,1,2,2,5.0,2.0,0.0,0,-1.0,1965.0,A01,8,9,2019,00:30,5,76.0,76164,2,7,1.0,6.0,place du parvis,"49,5259380","0,7248210",,76.076164,76164,Seine-Maritime,28.0,Normandie,50.0,4.0,2.0,2,1.0,28,Normandie,76,3,25,Rives-en-Seine,4078,66,4144.0
201900029924,2.0,2,1,1,5.0,2.0,0.0,0,-1.0,1960.0,A01,8,9,2019,00:30,5,76.0,76164,2,7,1.0,6.0,place du parvis,"49,5259380","0,7248210",,76.076164,76164,Seine-Maritime,28.0,Normandie,50.0,4.0,2.0,2,1.0,28,Normandie,76,3,25,Rives-en-Seine,4078,66,4144.0
201900030010,1.0,1,4,1,1.0,2.0,-1.0, -1,-1.0,1996.0,A01,3,9,2019,08:10,1,76.0,76498,1,1,1.0,3.0,SUD III (RN 338),"49,4298300","1,0568800",,76.076498,76498,Seine-Maritime,28.0,Normandie,90.0,2.0,3.0,4,1.0,28,Normandie,76,3,27,LePetit-Quevilly,21782,274,22056.0
201900030011,1.0,1,1,1,4.0,1.0,-1.0,0,-1.0,1995.0,A01,2,9,2019,08:47,1,76.0,76540,2,1,1.0,6.0,"Jean Mullot, rue","49,4268600","1,0779200",,76.076540,76540,Seine-Maritime,28.0,Normandie,50.0,4.0,2.0,2,1.0,28,Normandie,76,3,97,Rouen,114083,1556,115639.0
201900030011,10.0,3,4,2,2.0,8.0,3.0,3,1.0,1992.0,A01,2,9,2019,08:47,1,76.0,76540,2,1,1.0,6.0,"Jean Mullot, rue","49,4268600","1,0779200",,76.076540,76540,Seine-Maritime,28.0,Normandie,50.0,4.0,2.0,2,1.0,28,Normandie,76,3,97,Rouen,114083,1556,115639.0
201900030241,1.0,1,4,2,0.0,2.0,-1.0,0,-1.0,1963.0,B01,23,6,2019,14:20,1,76.0,76540,2,2,1.0,3.0,MARNE. BOULEVARD DE LA,"49,4469300","1,0925700",,76.076540,76540,Seine-Maritime,28.0,Normandie,50.0,3.0,3.0,5,1.0,28,Normandie,76,3,97,Rouen,114083,1556,115639.0
201900030241,1.0,1,1,1,5.0,1.0,-1.0,0,-1.0,1934.0,A01,23,6,2019,14:20,1,76.0,76540,2,2,1.0,3.0,MARNE. BOULEVARD DE LA,"49,4469300","1,0925700",,76.076540,76540,Seine-Maritime,28.0,Normandie,50.0,3.0,3.0,5,1.0,28,Normandie,76,3,97,Rouen,114083,1556,115639.0
201900031219,1.0,1,1,1,4.0,1.0,0.0,0,-1.0,1987.0,A01,19,12,2019,07:45,3,76.0,76238,1,1,1.0,2.0,Rue de Coupeauville,"49,5588577","0,2341140",,76.076238,76238,Seine-Maritime,28.0,Normandie,80.0,3.0,2.0,2,1.0,28,Normandie,76,2,26,ÉpouvilLe2641,38,2679,
201900031219,1.0,1,3,1,1.0,0.0,0.0,0,-1.0,1994.0,B01,19,12,2019,07:45,3,76.0,76238,1,1,1.0,2.0,Rue de Coupeauville,"49,5588577","0,2341140",,76.076238,76238,Seine-Maritime,28.0,Normandie,80.0,3.0,2.0,2,1.0,28,Normandie,76,2,26,ÉpouvilLe2641,38,2679,
201900031339,1.0,1,1,2,5.0,1.0,0.0,0,-1.0,1953.0,B01,17,12,2019,14:15,1,76.0,76392,2,3,2.0,3.0,Rue du Maréchal Leclerc,"49,8357370","1,3978260",,76.076392,76392,Seine-Maritime,28.0,Normandie,50.0,3.0,2.0,2,2.0,28,Normandie,76,1,23,Londinières,1243,20,1263.0
201900031339,2.0,2,4,1,5.0,1.0,0.0,0,-1.0,1950.0,B01,17,12,2019,14:15,1,76.0,76392,2,3,2.0,3.0,Rue du Maréchal Leclerc,"49,8357370","1,3978260",,76.076392,76392,Seine-Maritime,28.0,Normandie,50.0,3.0,2.0,2,2.0,28,Normandie,76,1,23,Londinières,1243,20,1263.0
201900031339,1.0,1,1,1,4.0,8.0,0.0,0,-1.0,1984.0,A01,17,12,2019,14:15,1,76.0,76392,2,3,2.0,3.0,Rue du Maréchal Leclerc,"49,8357370","1,3978260",,76.076392,76392,Seine-Maritime,28.0,Normandie,50.0,3.0,2.0,2,2.0,28,Normandie,76,1,23,Londinières,1243,20,1263.0
201900031347,1.0,1,4,2,0.0,1.0,0.0,0,-1.0,1968.0,A01,17,12,2019,08:15,2,76.0,76240,2,1,2.0,2.0,D925,"49,7087110","0,3649530",,76.076240,76240,Seine-Maritime,28.0,Normandie,-1.0,3.0,2.0,2,2.0,28,Normandie,76,2,11,ÉprevilLe1052,28,1080,
201900031347,1.0,1,1,1,0.0,1.0,0.0,0,-1.0,1964.0,B01,17,12,2019,08:15,2,76.0,76240,2,1,2.0,2.0,D925,"49,7087110","0,3649530",,76.076240,76240,Seine-Maritime,28.0,Normandie,-1.0,3.0,2.0,2,2.0,28,Normandie,76,2,11,ÉprevilLe1052,28,1080,
201900031392,1.0,1,1,1,1.0,1.0,0.0,0,-1.0,1969.0,A01,7,10,2019,06:15,3,76.0,76737,1,1,1.0,6.0,CD 142,"49,6975430","0,8898520",,76.076737,76737,Seine-Maritime,28.0,Normandie,80.0,3.0,2.0,2,1.0,28,Normandie,76,3,35,Vibeuf,614,10,624.0
201900031392,10.0,3,2,1,1.0,0.0,1.0,9,1.0,2003.0,A01,7,10,2019,06:15,3,76.0,76737,1,1,1.0,6.0,CD 142,"49,6975430","0,8898520",,76.076737,76737,Seine-Maritime,28.0,Normandie,80.0,3.0,2.0,2,1.0,28,Normandie,76,3,35,Vibeuf,614,10,624.0
201900031435,1.0,1,3,1,5.0,2.0,0.0,0,-1.0,1987.0,A01,6,10,2019,19:00,1,76.0,76055,1,1,1.0,7.0,CD 55,"49,6374500","0,7854390",,76.076055,76055,Seine-Maritime,28.0,Normandie,70.0,3.0,2.0,2,1.0,28,Normandie,76,3,35,Baons-le-Comte,335,8,343.0
201900031436,1.0,1,4,1,5.0,1.0,0.0,0,-1.0,1962.0,A01,6,10,2019,18:53,1,76.0,76244,1,1,1.0,2.0,RD 928,"49,7022000","1,3911000",,76.076244,76244,Seine-Maritime,28.0,Normandie,80.0,3.0,2.0,2,1.0,28,Normandie,76,1,23,EsclavelLes386,6,392,
201900031436,1.0,1,1,1,5.0,1.0,0.0,0,-1.0,1998.0,B01,6,10,2019,18:53,1,76.0,76244,1,1,1.0,2.0,RD 928,"49,7022000","1,3911000",,76.076244,76244,Seine-Maritime,28.0,Normandie,80.0,3.0,2.0,2,1.0,28,Normandie,76,1,23,EsclavelLes386,6,392,
201900031549,9.0,2,3,1,5.0,0.0,0.0,0,-1.0,1958.0,A01,6,10,2019,10:00,1,76.0,76592,2,6,2.0,7.0,RUE DE L'ÉGLISE,"49,5223350","0,5053250",,76.076592,76592,Seine-Maritime,28.0,Normandie,-1.0,4.0,2.0,-1,2.0,28,Normandie,76,2,3,Saint-Jean-de-FollevilLe800,26,826,
201900031549,1.0,1,1,1,5.0,1.0,0.0,0,-1.0,1971.0,A01,6,10,2019,10:00,1,76.0,76592,2,6,2.0,7.0,RUE DE L'ÉGLISE,"49,5223350","0,5053250",,76.076592,76592,Seine-Maritime,28.0,Normandie,-1.0,4.0,2.0,-1,2.0,28,Normandie,76,2,3,Saint-Jean-de-FollevilLe800,26,826,
201900031549,2.0,2,1,1,5.0,1.0,0.0,0,-1.0,1965.0,A01,6,10,2019,10:00,1,76.0,76592,2,6,2.0,7.0,RUE DE L'ÉGLISE,"49,5223350","0,5053250",,76.076592,76592,Seine-Maritime,28.0,Normandie,-1.0,4.0,2.0,-1,2.0,28,Normandie,76,2,3,Saint-Jean-de-FollevilLe800,26,826,
201900031549,7.0,2,1,2,5.0,0.0,0.0,0,-1.0,1969.0,A01,6,10,2019,10:00,1,76.0,76592,2,6,2.0,7.0,RUE DE L'ÉGLISE,"49,5223350","0,5053250",,76.076592,76592,Seine-Maritime,28.0,Normandie,-1.0,4.0,2.0,-1,2.0,28,Normandie,76,2,3,Saint-Jean-de-FollevilLe800,26,826,
201900031550,1.0,1,3,1,4.0,1.0,0.0,0,-1.0,2001.0,A01,5,10,2019,19:20,2,76.0,76018,1,1,1.0,3.0,Route de Varvannes,"49,6841330","0,9776140",,76.076018,76018,Seine-Maritime,28.0,Normandie,80.0,3.0,2.0,2,2.0,28,Normandie,76,1,20,Val-de-Saâne,1476,33,1509.0
201900031550,1.0,1,4,1,5.0,1.0,0.0,0,-1.0,1982.0,B01,5,10,2019,19:20,2,76.0,76018,1,1,1.0,3.0,Route de Varvannes,"49,6841330","0,9776140",,76.076018,76018,Seine-Maritime,28.0,Normandie,80.0,3.0,2.0,2,2.0,28,Normandie,76,1,20,Val-de-Saâne,1476,33,1509.0
201900031550,3.0,2,4,1,5.0,3.0,0.0,0,-1.0,2017.0,B01,5,10,2019,19:20,2,76.0,76018,1,1,1.0,3.0,Route de Varvannes,"49,6841330","0,9776140",,76.076018,76018,Seine-Maritime,28.0,Normandie,80.0,3.0,2.0,2,2.0,28,Normandie,76,1,20,Val-de-Saâne,1476,33,1509.0
201900031569,1.0,1,1,1,5.0,1.0,0.0,0,-1.0,1963.0,B01,25,1,2019,08:19,2,76.0,76753,1,1,5.0,7.0,d6015,"49,3422430","1,1497590",,76.076753,76753,Seine-Maritime,28.0,Normandie,50.0,3.0,2.0,3,2.0,28,Normandie,76,3,6,Ymare,1212,22,1234.0
201900031569,10.0,3,3,1,1.0,0.0,3.0,B,1.0,1965.0,B01,25,1,2019,08:19,2,76.0,76753,1,1,5.0,7.0,d6015,"49,3422430","1,1497590",,76.076753,76753,Seine-Maritime,28.0,Normandie,50.0,3.0,2.0,3,2.0,28,Normandie,76,3,6,Ymare,1212,22,1234.0
201900031832,1.0,1,4,1,1.0,1.0,0.0,0,-1.0,1973.0,A01,5,9,2019,14:12,1,76.0,76141,1,1,1.0,1.0,rd 910,"49,6164480","0,4066450",,76.076141,76141,Seine-Maritime,28.0,Normandie,80.0,3.0,2.0,2,1.0,28,Normandie,76,2,32,Bréauté,1365,13,1378.0
201900031832,2.0,2,4,2,5.0,1.0,0.0,0,-1.0,1968.0,B01,5,9,2019,14:12,1,76.0,76141,1,1,1.0,1.0,rd 910,"49,6164480","0,4066450",,76.076141,76141,Seine-Maritime,28.0,Normandie,80.0,3.0,2.0,2,1.0,28,Normandie,76,2,32,Bréauté,1365,13,1378.0
201900031832,1.0,1,4,1,5.0,1.0,0.0,0,-1.0,1967.0,B01,5,9,2019,14:12,1,76.0,76141,1,1,1.0,1.0,rd 910,"49,6164480","0,4066450",,76.076141,76141,Seine-Maritime,28.0,Normandie,80.0,3.0,2.0,2,1.0,28,Normandie,76,2,32,Bréauté,1365,13,1378.0
201900031832,3.0,2,4,1,5.0,1.0,0.0,0,-1.0,2002.0,B01,5,9,2019,14:12,1,76.0,76141,1,1,1.0,1.0,rd 910,"49,6164480","0,4066450",,76.076141,76141,Seine-Maritime,28.0,Normandie,80.0,3.0,2.0,2,1.0,28,Normandie,76,2,32,Bréauté,1365,13,1378.0
201900031866,1.0,1,4,1,2.0,2.0,0.0,0,-1.0,2006.0,B01,25,6,2019,15:00,1,76.0,76238,2,3,1.0,3.0,53 Rue Roger Cuvelier,"49,5630690","0,2339620",,76.076238,76238,Seine-Maritime,28.0,Normandie,50.0,3.0,2.0,2,1.0,28,Normandie,76,2,26,ÉpouvilLe2641,38,2679,
201900031866,1.0,1,1,2,4.0,1.0,0.0,0,-1.0,1960.0,A01,25,6,2019,15:00,1,76.0,76238,2,3,1.0,3.0,53 Rue Roger Cuvelier,"49,5630690","0,2339620",,76.076238,76238,Seine-Maritime,28.0,Normandie,50.0,3.0,2.0,2,1.0,28,Normandie,76,2,26,ÉpouvilLe2641,38,2679,
201900031885,1.0,1,3,1,1.0,1.0,0.0,0,-1.0,1971.0,A01,19,6,2019,16:40,1,76.0,76615,1,2,1.0,3.0,CD79,"49,5920190","0,1874760",,76.076615,76615,Seine-Maritime,28.0,Normandie,80.0,3.0,2.0,2,1.0,28,Normandie,76,2,26,Saint-Martin-du-Bec,643,24,667.0
201900031885,1.0,1,4,1,4.0,0.0,0.0,0,-1.0,1995.0,B01,19,6,2019,16:40,1,76.0,76615,1,2,1.0,3.0,CD79,"49,5920190","0,1874760",,76.076615,76615,Seine-Maritime,28.0,Normandie,80.0,3.0,2.0,2,1.0,28,Normandie,76,2,26,Saint-Martin-du-Bec,643,24,667.0
201900031886,10.0,3,3,1,1.0,0.0,3.0,3,1.0,1999.0,C01,5,9,2019,06:50,2,76.0,76391,1,1,1.0,5.0,A13,"49,3397590","0,9448990",,76.076391,76391,Seine-Maritime,28.0,Normandie,130.0,1.0,2.0,3,1.0,28,Normandie,76,3,9,La Londe,2362,71,2433.0
201900031886,1.0,1,4,1,1.0,1.0,0.0,0,-1.0,1984.0,B01,5,9,2019,06:50,2,76.0,76391,1,1,1.0,5.0,A13,"49,3397590","0,9448990",,76.076391,76391,Seine-Maritime,28.0,Normandie,130.0,1.0,2.0,3,1.0,28,Normandie,76,3,9,La Londe,2362,71,2433.0
201900031886,1.0,1,1,1,4.0,1.0,0.0,0,-1.0,1999.0,A01,5,9,2019,06:50,2,76.0,76391,1,1,1.0,5.0,A13,"49,3397590","0,9448990",,76.076391,76391,Seine-Maritime,28.0,Normandie,130.0,1.0,2.0,3,1.0,28,Normandie,76,3,9,La Londe,2362,71,2433.0
201900032176,1.0,1,4,1,4.0,1.0,0.0,0,-1.0,1989.0,A01,5,3,2019,08:00,1,76.0,76700,1,1,3.0,7.0,"N27, pk 025+000","49,6980882","1,0477567",,76.076700,76700,Seine-Maritime,28.0,Normandie,110.0,2.0,3.0,4,3.0,28,Normandie,76,1,20,Tôtes,1575,30,1605.0
201900032353,1.0,1,4,1,0.0,2.0,-1.0,0,-1.0,1997.0,A01,1,3,2019,09:40,1,76.0,76351,2,1,1.0,7.0,PIERRE MENDES FRANCE,"49,5138278","0,1525864",,76.076351,76351,Seine-Maritime,28.0,Normandie,50.0,3.0,2.0,4,1.0,28,Normandie,76,2,96,LeHavre,166058,1780,167838.0
201900032396,10.0,3,4,2,9.0,8.0,1.0,7,1.0,1984.0,A01,9,4,2019,10:20,1,76.0,76540,2,3,1.0,6.0,HENRY II PLANTAGENET. RUE,"49,4262200","1,0969300",,76.076540,76540,Seine-Maritime,28.0,Normandie,30.0,4.0,2.0,2,1.0,28,Normandie,76,3,97,Rouen,114083,1556,115639.0
201900032396,1.0,1,1,1,9.0,1.0,-1.0, -1,-1.0,1986.0,A01,9,4,2019,10:20,1,76.0,76540,2,3,1.0,6.0,HENRY II PLANTAGENET. RUE,"49,4262200","1,0969300",,76.076540,76540,Seine-Maritime,28.0,Normandie,30.0,4.0,2.0,2,1.0,28,Normandie,76,3,97,Rouen,114083,1556,115639.0
201900032570,1.0,1,3,2,5.0,1.0,0.0,0,-1.0,1947.0,A01,27,7,2019,19:50,1,76.0,76666,1,1,1.0,6.0,"D915, PK 23+17","49,5752510","1,6027200",,76.076666,76666,Seine-Maritime,28.0,Normandie,80.0,3.0,2.0,2,1.0,28,Normandie,76,1,12,Saumont-la-Poterie,414,16,430.0
201900032571,1.0,1,4,1,5.0,2.0,0.0,0,-1.0,1976.0,A01,28,7,2019,19:10,1,76.0,76130,1,1,1.0,7.0,1090 route de Neufchatel,"49,7071088","1,4918661",,76.076130,76130,Seine-Maritime,28.0,Normandie,50.0,3.0,2.0,2,1.0,28,Normandie,76,1,23,BouelLes272,4,276,
201900032572,1.0,1,3,1,5.0,2.0,0.0,0,-1.0,1974.0,A01,25,7,2019,18:00,1,76.0,76454,1,1,1.0,3.0,D929,"49,7538050","1,5512860",,76.076454,76454,Seine-Maritime,28.0,Normandie,70.0,3.0,2.0,2,1.0,28,Normandie,76,1,23,Mortemer,87,0,87.0
201900032572,1.0,1,1,2,1.0,0.0,0.0,0,-1.0,1986.0,B01,25,7,2019,18:00,1,76.0,76454,1,1,1.0,3.0,D929,"49,7538050","1,5512860",,76.076454,76454,Seine-Maritime,28.0,Normandie,70.0,3.0,2.0,2,1.0,28,Normandie,76,1,23,Mortemer,87,0,87.0
201900032573,2.0,2,1,2,5.0,1.0,0.0,0,-1.0,1992.0,B01,23,7,2019,16:30,1,76.0,76464,1,1,1.0,2.0,Route de Paris,"49,3865720","1,2328750",,76.076464,76464,Seine-Maritime,28.0,Normandie,80.0,3.0,2.0,2,1.0,28,Normandie,76,3,21,La Neuville-Chant-d'Oisel,2377,38,2415.0
201900032573,1.0,1,1,2,5.0,1.0,0.0,0,-1.0,1970.0,B01,23,7,2019,16:30,1,76.0,76464,1,1,1.0,2.0,Route de Paris,"49,3865720","1,2328750",,76.076464,76464,Seine-Maritime,28.0,Normandie,80.0,3.0,2.0,2,1.0,28,Normandie,76,3,21,La Neuville-Chant-d'Oisel,2377,38,2415.0
201900032573,6.0,2,1,1,4.0,1.0,0.0,0,-1.0,2000.0,A01,23,7,2019,16:30,1,76.0,76464,1,1,1.0,2.0,Route de Paris,"49,3865720","1,2328750",,76.076464,76464,Seine-Maritime,28.0,Normandie,80.0,3.0,2.0,2,1.0,28,Normandie,76,3,21,La Neuville-Chant-d'Oisel,2377,38,2415.0
201900032573,2.0,2,4,1,4.0,1.0,0.0,0,-1.0,1994.0,A01,23,7,2019,16:30,1,76.0,76464,1,1,1.0,2.0,Route de Paris,"49,3865720","1,2328750",,76.076464,76464,Seine-Maritime,28.0,Normandie,80.0,3.0,2.0,2,1.0,28,Normandie,76,3,21,La Neuville-Chant-d'Oisel,2377,38,2415.0
201900032573,1.0,1,1,1,9.0,1.0,0.0,0,-1.0,1997.0,A01,23,7,2019,16:30,1,76.0,76464,1,1,1.0,2.0,Route de Paris,"49,3865720","1,2328750",,76.076464,76464,Seine-Maritime,28.0,Normandie,80.0,3.0,2.0,2,1.0,28,Normandie,76,3,21,La Neuville-Chant-d'Oisel,2377,38,2415.0
201900032626,1.0,1,1,1,4.0,1.0,0.0,0,-1.0,1974.0,A01,23,7,2019,10:45,1,76.0,76410,1,2,1.0,3.0,D86,"49,4720800","1,0276300",,76.076410,76410,Seine-Maritime,28.0,Normandie,70.0,1.0,1.0,1,1.0,28,Normandie,76,3,4,Maromme,11024,122,11146.0
201900032626,1.0,1,4,1,5.0,2.0,0.0,0,-1.0,1996.0,B01,23,7,2019,10:45,1,76.0,76410,1,2,1.0,3.0,D86,"49,4720800","1,0276300",,76.076410,76410,Seine-Maritime,28.0,Normandie,70.0,1.0,1.0,1,1.0,28,Normandie,76,3,4,Maromme,11024,122,11146.0
201900032896,1.0,1,4,1,5.0,1.0,-1.0, -1,-1.0,1989.0,A01,7,11,2019,17:55,5,76.0,76216,2,1,1.0,3.0,HEBERT. RUE GEORGES,"49,4582900","1,0533300",,76.076216,76216,Seine-Maritime,28.0,Normandie,50.0,3.0,1.0,2,1.0,28,Normandie,76,3,22,Déville-lès-Rouen,10745,62,10807.0
201900032896,1.0,1,4,1,5.0,1.0,-1.0, -1,-1.0,1966.0,B01,7,11,2019,17:55,5,76.0,76216,2,1,1.0,3.0,HEBERT. RUE GEORGES,"49,4582900","1,0533300",,76.076216,76216,Seine-Maritime,28.0,Normandie,50.0,3.0,1.0,2,1.0,28,Normandie,76,3,22,Déville-lès-Rouen,10745,62,10807.0
201900032898,10.0,3,4,2,2.0,8.0,1.0,5,2.0,2007.0,A01,7,11,2019,15:30,1,76.0,76498,2,1,1.0,6.0,JACQUARD. RUE,"49,4300000","1,0611000",,76.076498,76498,Seine-Maritime,28.0,Normandie,30.0,4.0,1.0,1,1.0,28,Normandie,76,3,27,LePetit-Quevilly,21782,274,22056.0
201900032898,1.0,1,1,2,0.0,1.0,-1.0,0,-1.0,1965.0,A01,7,11,2019,15:30,1,76.0,76498,2,1,1.0,6.0,JACQUARD. RUE,"49,4300000","1,0611000",,76.076498,76498,Seine-Maritime,28.0,Normandie,30.0,4.0,1.0,1,1.0,28,Normandie,76,3,27,LePetit-Quevilly,21782,274,22056.0
201900032899,1.0,1,1,1,0.0,1.0,-1.0,0,-1.0,1955.0,A01,7,11,2019,13:20,1,76.0,76322,2,1,1.0,3.0,VERDUN. BOULEVARD DE,"49,4150700","1,0521500",,76.076322,76322,Seine-Maritime,28.0,Normandie,50.0,3.0,2.0,2,1.0,28,Normandie,76,3,13,LeGrand-Quevilly,25975,225,26200.0
201900032899,1.0,1,4,1,0.0,2.0,-1.0,0,-1.0,2004.0,B01,7,11,2019,13:20,1,76.0,76322,2,1,1.0,3.0,VERDUN. BOULEVARD DE,"49,4150700","1,0521500",,76.076322,76322,Seine-Maritime,28.0,Normandie,50.0,3.0,2.0,2,1.0,28,Normandie,76,3,13,LeGrand-Quevilly,25975,225,26200.0
201900032901,1.0,1,4,1,5.0,8.0,0.0,0,-1.0,1999.0,B01,7,11,2019,07:40,2,76.0,76540,2,2,1.0,3.0,NEUFCHATEL. ROUTE DE,"49,4487700","1,0995200",,76.076540,76540,Seine-Maritime,28.0,Normandie,50.0,3.0,2.0,4,2.0,28,Normandie,76,3,97,Rouen,114083,1556,115639.0
201900032901,1.0,1,1,1,1.0,1.0,0.0,0,-1.0,1991.0,A01,7,11,2019,07:40,2,76.0,76540,2,2,1.0,3.0,NEUFCHATEL. ROUTE DE,"49,4487700","1,0995200",,76.076540,76540,Seine-Maritime,28.0,Normandie,50.0,3.0,2.0,4,2.0,28,Normandie,76,3,97,Rouen,114083,1556,115639.0
201900032903,1.0,1,4,1,0.0,2.0,0.0,0,-1.0,1989.0,A01,7,11,2019,19:05,5,76.0,76484,1,1,1.0,3.0,ESSARTS. RUE DES,"49,3468700","1,0507900",,76.076484,76484,Seine-Maritime,28.0,Normandie,90.0,3.0,2.0,2,1.0,28,Normandie,76,3,31,Oissel,12367,83,12450.0
201900032903,1.0,1,1,1,0.0,1.0,0.0,0,-1.0,1979.0,B01,7,11,2019,19:05,5,76.0,76484,1,1,1.0,3.0,ESSARTS. RUE DES,"49,3468700","1,0507900",,76.076484,76484,Seine-Maritime,28.0,Normandie,90.0,3.0,2.0,2,1.0,28,Normandie,76,3,31,Oissel,12367,83,12450.0
201900032905,1.0,1,3,1,0.0,1.0,-1.0, -1,-1.0,1991.0,A01,7,11,2019,18:55,5,76.0,76178,2,1,1.0,3.0,CD 7 (VOIE NOUVELLE),"49,3128600","1,0553800",,76.076178,76178,Seine-Maritime,28.0,Normandie,70.0,3.0,2.0,2,1.0,28,Normandie,76,3,5,Cléon,4907,30,4937.0
201900032905,1.0,1,4,1,0.0,1.0,-1.0, -1,-1.0,1994.0,B01,7,11,2019,18:55,5,76.0,76178,2,1,1.0,3.0,CD 7 (VOIE NOUVELLE),"49,3128600","1,0553800",,76.076178,76178,Seine-Maritime,28.0,Normandie,70.0,3.0,2.0,2,1.0,28,Normandie,76,3,5,Cléon,4907,30,4937.0
201900032909,1.0,1,1,1,0.0,1.0,-1.0,0,-1.0,1971.0,A01,7,11,2019,18:15,5,76.0,76351,2,2,1.0,3.0,LENINGRAD (BD DE),"49,4960000","0,1470300",,76.076351,76351,Seine-Maritime,28.0,Normandie,50.0,3.0,3.0,8,1.0,28,Normandie,76,2,96,LeHavre,166058,1780,167838.0
201900032909,1.0,1,4,1,0.0,8.0,-1.0,0,-1.0,1971.0,B01,7,11,2019,18:15,5,76.0,76351,2,2,1.0,3.0,LENINGRAD (BD DE),"49,4960000","0,1470300",,76.076351,76351,Seine-Maritime,28.0,Normandie,50.0,3.0,3.0,8,1.0,28,Normandie,76,2,96,LeHavre,166058,1780,167838.0
201900033178,1.0,1,4,2,1.0,1.0,0.0,0,-1.0,1987.0,C01,14,12,2019,06:30,5,76.0,76540,2,1,1.0,4.0,BOISGUILBERT. QUAI DE,"49,4424300","1,0772700",,76.076540,76540,Seine-Maritime,28.0,Normandie,50.0,3.0,1.0,4,1.0,28,Normandie,76,3,97,Rouen,114083,1556,115639.0
201900033178,1.0,1,4,2,4.0,1.0,0.0,0,-1.0,1968.0,B01,14,12,2019,06:30,5,76.0,76540,2,1,1.0,4.0,BOISGUILBERT. QUAI DE,"49,4424300","1,0772700",,76.076540,76540,Seine-Maritime,28.0,Normandie,50.0,3.0,1.0,4,1.0,28,Normandie,76,3,97,Rouen,114083,1556,115639.0
201900033178,1.0,1,1,1,5.0,1.0,0.0,0,-1.0,1995.0,A01,14,12,2019,06:30,5,76.0,76540,2,1,1.0,4.0,BOISGUILBERT. QUAI DE,"49,4424300","1,0772700",,76.076540,76540,Seine-Maritime,28.0,Normandie,50.0,3.0,1.0,4,1.0,28,Normandie,76,3,97,Rouen,114083,1556,115639.0
201900033258,1.0,1,1,1,5.0,1.0,-1.0,0,-1.0,1998.0,C01,2,10,2019,23:30,5,76.0,76366,2,1,1.0,5.0,REPUBLIQUE. RUE DE LA,"49,5095700","1,0341300",,76.076366,76366,Seine-Maritime,28.0,Normandie,50.0,3.0,2.0,2,1.0,28,Normandie,76,3,24,LeHoulme,4133,32,4165.0
201900033258,1.0,1,4,1,4.0,1.0,-1.0,0,-1.0,1975.0,B01,2,10,2019,23:30,5,76.0,76366,2,1,1.0,5.0,REPUBLIQUE. RUE DE LA,"49,5095700","1,0341300",,76.076366,76366,Seine-Maritime,28.0,Normandie,50.0,3.0,2.0,2,1.0,28,Normandie,76,3,24,LeHoulme,4133,32,4165.0
201900033258,1.0,1,4,1,5.0,1.0,-1.0,0,-1.0,1998.0,A01,2,10,2019,23:30,5,76.0,76366,2,1,1.0,5.0,REPUBLIQUE. RUE DE LA,"49,5095700","1,0341300",,76.076366,76366,Seine-Maritime,28.0,Normandie,50.0,3.0,2.0,2,1.0,28,Normandie,76,3,24,LeHoulme,4133,32,4165.0
201900033258,2.0,2,4,1,5.0,1.0,-1.0,0,-1.0,2001.0,A01,2,10,2019,23:30,5,76.0,76366,2,1,1.0,5.0,REPUBLIQUE. RUE DE LA,"49,5095700","1,0341300",,76.076366,76366,Seine-Maritime,28.0,Normandie,50.0,3.0,2.0,2,1.0,28,Normandie,76,3,24,LeHoulme,4133,32,4165.0
201900033259,1.0,1,1,1,4.0,1.0,-1.0,0,-1.0,1958.0,A01,3,10,2019,10:56,1,76.0,76341,1,1,1.0,1.0,RD 6382,"49,5001700","0,1956900",,76.076341,76341,Seine-Maritime,28.0,Normandie,70.0,3.0,1.0,2,1.0,28,Normandie,76,2,15,Harfleur,8315,53,8368.0
201900033259,1.0,1,4,1,1.0,1.0,-1.0,0,-1.0,1972.0,B01,3,10,2019,10:56,1,76.0,76341,1,1,1.0,1.0,RD 6382,"49,5001700","0,1956900",,76.076341,76341,Seine-Maritime,28.0,Normandie,70.0,3.0,1.0,2,1.0,28,Normandie,76,2,15,Harfleur,8315,53,8368.0
201900033259,2.0,2,4,1,1.0,1.0,-1.0,0,-1.0,1984.0,B01,3,10,2019,10:56,1,76.0,76341,1,1,1.0,1.0,RD 6382,"49,5001700","0,1956900",,76.076341,76341,Seine-Maritime,28.0,Normandie,70.0,3.0,1.0,2,1.0,28,Normandie,76,2,15,Harfleur,8315,53,8368.0
201900033372,1.0,1,1,1,5.0,1.0,-1.0,0,-1.0,1983.0,B01,23,6,2019,18:45,1,76.0,76402,2,1,1.0,1.0, (ROUTE DE DIEPPE),"49,5205900","1,0388800",,76.076402,76402,Seine-Maritime,28.0,Normandie,50.0,3.0,2.0,2,1.0,28,Normandie,76,3,24,Malaunay,6143,49,6192.0
201900033372,2.0,2,3,2,5.0,2.0,-1.0,0,-1.0,1998.0,A01,23,6,2019,18:45,1,76.0,76402,2,1,1.0,1.0, (ROUTE DE DIEPPE),"49,5205900","1,0388800",,76.076402,76402,Seine-Maritime,28.0,Normandie,50.0,3.0,2.0,2,1.0,28,Normandie,76,3,24,Malaunay,6143,49,6192.0