Num_Acc,place,catu,grav,sexe,trajet,secu,locp,actp,etatp,an_nais,num_veh,jour,mois,an,hrmn,lum,dep,com,agg,int,atm,col,adr,lat,long,gps,com_insee_temp,com_insee,departmentName,regionCode,regionName,vma,catr,circ,nbv,surf,Code,Region,Departement,Arrondissement,Code_Canton,Nom_Commune,Population_municipaLe,Population_comptee_a_part,Population_Totale
201900035406,1.0,1,3,2,0.0,8.0,-1.0,0,-1.0,1969.0,B01,18,1,2019,07:45,2,76.0,76447,2,1,9.0,6.0,FAUBOURG ASSIQUET,"49,5478485","0,1969975",,76.076447,76447,Seine-Maritime,28.0,Normandie,50.0,3.0,2.0,2,7.0,28,Normandie,76,2,15,Montivilliers,15457,203,15660.0
201900035407,1.0,1,3,2,4.0,1.0,0.0,0,-1.0,1994.0,B01,13,1,2019,18:00,5,76.0,76259,2,1,1.0,2.0,LORRAIN - D150 (AV),"49,7602700","0,3849800",,76.076259,76259,Seine-Maritime,28.0,Normandie,50.0,3.0,2.0,2,1.0,28,Normandie,76,2,11,Fécamp,18016,269,18285.0
201900035407,1.0,1,4,2,5.0,1.0,0.0,0,-1.0,1992.0,A01,13,1,2019,18:00,5,76.0,76259,2,1,1.0,2.0,LORRAIN - D150 (AV),"49,7602700","0,3849800",,76.076259,76259,Seine-Maritime,28.0,Normandie,50.0,3.0,2.0,2,1.0,28,Normandie,76,2,11,Fécamp,18016,269,18285.0
201900035526,1.0,1,3,1,2.0,1.0,0.0,0,-1.0,1980.0,B01,2,9,2019,08:29,1,76.0,76658,1,1,1.0,1.0,RD80,"49,5083330","0,3486880",,76.076658,76658,Seine-Maritime,28.0,Normandie,80.0,3.0,2.0,2,1.0,28,Normandie,76,2,32,Saint-Vincent-Cramesnil,701,21,722.0
201900035526,1.0,1,1,1,4.0,1.0,0.0,0,-1.0,1978.0,A01,2,9,2019,08:29,1,76.0,76658,1,1,1.0,1.0,RD80,"49,5083330","0,3486880",,76.076658,76658,Seine-Maritime,28.0,Normandie,80.0,3.0,2.0,2,1.0,28,Normandie,76,2,32,Saint-Vincent-Cramesnil,701,21,722.0
201900035545,1.0,1,1,1,5.0,1.0,-1.0,0,-1.0,1975.0,B01,31,8,2019,18:10,1,76.0,76707,2,1,1.0,3.0,COTEAUX (ROUTE DES),"49,8576600","1,0799000",,76.076707,76707,Seine-Maritime,28.0,Normandie,50.0,3.0,2.0,2,1.0,28,Normandie,76,1,7,Tourville-sur-Arques,1193,35,1228.0
201900035545,1.0,1,4,1,5.0,2.0,-1.0,0,-1.0,2001.0,A01,31,8,2019,18:10,1,76.0,76707,2,1,1.0,3.0,COTEAUX (ROUTE DES),"49,8576600","1,0799000",,76.076707,76707,Seine-Maritime,28.0,Normandie,50.0,3.0,2.0,2,1.0,28,Normandie,76,1,7,Tourville-sur-Arques,1193,35,1228.0
201900035762,1.0,1,2,1,5.0,2.0,-1.0,0,-1.0,1999.0,A01,24,2,2019,12:50,1,76.0,76575,2,1,1.0,6.0,CROIZAT. AVENUE AMBROISE,"49,3762600","1,1025600",,76.076575,76575,Seine-Maritime,28.0,Normandie,50.0,3.0,2.0,2,1.0,28,Normandie,76,3,98,Saint-Étienne-du-Rouvray,28508,225,28733.0
201900035763,10.0,3,4,1,0.0,8.0,4.0,3,1.0,1941.0,A01,27,2,2019,16:20,1,76.0,76351,2,2,1.0,6.0,RENE COTY,"49,4971700","0,1119400",,76.076351,76351,Seine-Maritime,28.0,Normandie,30.0,4.0,2.0,2,1.0,28,Normandie,76,2,96,LeHavre,166058,1780,167838.0
201900035763,1.0,1,1,1,4.0,1.0,0.0,0,-1.0,1994.0,A01,27,2,2019,16:20,1,76.0,76351,2,2,1.0,6.0,RENE COTY,"49,4971700","0,1119400",,76.076351,76351,Seine-Maritime,28.0,Normandie,30.0,4.0,2.0,2,1.0,28,Normandie,76,2,96,LeHavre,166058,1780,167838.0
201900035764,1.0,1,3,1,0.0,1.0,-1.0, -1,-1.0,1989.0,A01,23,2,2019,00:20,5,76.0,76351,2,1,1.0,6.0,LUCIEN CORBEAUX (AVENUE),"49,4781100","0,1327900",,76.076351,76351,Seine-Maritime,28.0,Normandie,50.0,4.0,4.0,4,1.0,28,Normandie,76,2,96,LeHavre,166058,1780,167838.0
201900035765,10.0,3,3,2,5.0,8.0,3.0,3,1.0,1935.0,A01,23,2,2019,15:30,1,76.0,76351,2,3,1.0,6.0,BERNARDIN DE SAINT PIERRE,"49,4910500","0,1052400",,76.076351,76351,Seine-Maritime,28.0,Normandie,50.0,4.0,2.0,2,1.0,28,Normandie,76,2,96,LeHavre,166058,1780,167838.0
201900035765,1.0,1,1,2,5.0,1.0,0.0,0,-1.0,1943.0,A01,23,2,2019,15:30,1,76.0,76351,2,3,1.0,6.0,BERNARDIN DE SAINT PIERRE,"49,4910500","0,1052400",,76.076351,76351,Seine-Maritime,28.0,Normandie,50.0,4.0,2.0,2,1.0,28,Normandie,76,2,96,LeHavre,166058,1780,167838.0
201900035921,1.0,1,3,1,1.0,1.0,0.0,0,-1.0,1980.0,A01,10,4,2019,06:20,3,76.0,76126,1,1,3.0,7.0,A28 Pk 67+500,"49,6774340","1,3387800",,76.076126,76126,Seine-Maritime,28.0,Normandie,130.0,1.0,3.0,4,2.0,28,Normandie,76,1,23,Bosc-Mesnil,325,5,330.0
201900035991,1.0,1,3,1,5.0,1.0,0.0,0,-1.0,2000.0,A01,9,4,2019,11:50,1,76.0,76427,2,1,2.0,6.0,Rue de mesnerettes,"49,7653650","1,3695610",,76.076427,76427,Seine-Maritime,28.0,Normandie,50.0,4.0,2.0,2,2.0,28,Normandie,76,1,23,Mesnières-en-Bray,943,252,1195.0
201900035992,1.0,1,3,1,5.0,1.0,0.0,0,-1.0,1991.0,A01,8,4,2019,23:30,5,76.0,76563,2,1,1.0,6.0,RD 6015,"49,5262460","0,3310894",,76.076563,76563,Seine-Maritime,28.0,Normandie,50.0,3.0,2.0,2,1.0,28,Normandie,76,2,32,Saint-Aubin-Routot,1954,20,1974.0
201900036050,1.0,1,3,1,1.0,1.0,0.0,0,-1.0,1998.0,A01,22,7,2019,17:30,1,76.0,76621,1,1,1.0,7.0,autoroute a28,"49,6685930","1,3143414",,76.076621,76621,Seine-Maritime,28.0,Normandie,130.0,1.0,3.0,4,1.0,28,Normandie,76,1,23,Saint-Martin-OsmonvilLe1179,22,1201,
201900036116,1.0,1,4,1,0.0,2.0,0.0,0,-1.0,1987.0,A01,18,7,2019,19:36,1,76.0,76351,2,1,1.0,7.0,PABLO NERUDA (RUE),"49,5043600","0,1539600",,76.076351,76351,Seine-Maritime,28.0,Normandie,50.0,4.0,2.0,2,1.0,28,Normandie,76,2,96,LeHavre,166058,1780,167838.0
201900036141,8.0,2,4,1,0.0,1.0,0.0,0,-1.0,1969.0,A01,22,7,2019,14:30,1,76.0,76351,2,1,1.0,6.0,AMIRAL MOUCHEZ (BD),"49,4865000","0,1419800",,76.076351,76351,Seine-Maritime,28.0,Normandie,50.0,3.0,2.0,2,1.0,28,Normandie,76,2,96,LeHavre,166058,1780,167838.0
201900036141,1.0,1,1,1,4.0,1.0,0.0,0,-1.0,1987.0,A01,22,7,2019,14:30,1,76.0,76351,2,1,1.0,6.0,AMIRAL MOUCHEZ (BD),"49,4865000","0,1419800",,76.076351,76351,Seine-Maritime,28.0,Normandie,50.0,3.0,2.0,2,1.0,28,Normandie,76,2,96,LeHavre,166058,1780,167838.0
201900036141,7.0,2,4,2,9.0,1.0,0.0,0,-1.0,1977.0,A01,22,7,2019,14:30,1,76.0,76351,2,1,1.0,6.0,AMIRAL MOUCHEZ (BD),"49,4865000","0,1419800",,76.076351,76351,Seine-Maritime,28.0,Normandie,50.0,3.0,2.0,2,1.0,28,Normandie,76,2,96,LeHavre,166058,1780,167838.0
201900036142,10.0,3,3,1,5.0,8.0,4.0,3,2.0,1981.0,Z01,20,7,2019,01:15,5,76.0,76351,2,3,1.0,6.0,REPUBLIQUE (COURS DE LA),"49,4933500","0,1246600",,76.076351,76351,Seine-Maritime,28.0,Normandie,50.0,4.0,2.0,4,1.0,28,Normandie,76,2,96,LeHavre,166058,1780,167838.0
201900036640,1.0,1,3,1,0.0,1.0,0.0,0,-1.0,1974.0,B01,8,11,2019,01:30,3,76.0,76223,1,1,1.0,1.0,Route de la Grande Rue,"49,6187970","0,8291800",,76.076223,76223,Seine-Maritime,28.0,Normandie,80.0,3.0,2.0,2,1.0,28,Normandie,76,3,24,Écalles-Alix,528,6,534.0
201900036640,1.0,1,1,1,0.0,1.0,0.0,0,-1.0,1977.0,A01,8,11,2019,01:30,3,76.0,76223,1,1,1.0,1.0,Route de la Grande Rue,"49,6187970","0,8291800",,76.076223,76223,Seine-Maritime,28.0,Normandie,80.0,3.0,2.0,2,1.0,28,Normandie,76,3,24,Écalles-Alix,528,6,534.0
201900036728,1.0,1,4,1,5.0,1.0,0.0,0,-1.0,1941.0,B01,29,10,2019,17:00,1,76.0,76540,2,3,1.0,3.0,CAVELIER DE LA SALLE. QUAI (HAUT),"49,4381300","1,0829300",,76.076540,76540,Seine-Maritime,28.0,Normandie,50.0,4.0,2.0,4,1.0,28,Normandie,76,3,97,Rouen,114083,1556,115639.0
201900036728,2.0,2,4,1,5.0,1.0,-1.0, -1,-1.0,1995.0,A01,29,10,2019,17:00,1,76.0,76540,2,3,1.0,3.0,CAVELIER DE LA SALLE. QUAI (HAUT),"49,4381300","1,0829300",,76.076540,76540,Seine-Maritime,28.0,Normandie,50.0,4.0,2.0,4,1.0,28,Normandie,76,3,97,Rouen,114083,1556,115639.0
201900036728,1.0,1,1,1,5.0,1.0,0.0,0,-1.0,1996.0,A01,29,10,2019,17:00,1,76.0,76540,2,3,1.0,3.0,CAVELIER DE LA SALLE. QUAI (HAUT),"49,4381300","1,0829300",,76.076540,76540,Seine-Maritime,28.0,Normandie,50.0,4.0,2.0,4,1.0,28,Normandie,76,3,97,Rouen,114083,1556,115639.0
201900036729,1.0,1,4,1,5.0,2.0,-1.0, -1,-1.0,1981.0,A01,31,10,2019,12:10,1,76.0,76351,2,2,1.0,3.0,LEO LAGRANGE (AVENUE),"49,5017000","0,1666000",,76.076351,76351,Seine-Maritime,28.0,Normandie,50.0,4.0,2.0,2,1.0,28,Normandie,76,2,96,LeHavre,166058,1780,167838.0
201900036729,1.0,1,1,2,1.0,1.0,-1.0, -1,-1.0,1966.0,B01,31,10,2019,12:10,1,76.0,76351,2,2,1.0,3.0,LEO LAGRANGE (AVENUE),"49,5017000","0,1666000",,76.076351,76351,Seine-Maritime,28.0,Normandie,50.0,4.0,2.0,2,1.0,28,Normandie,76,2,96,LeHavre,166058,1780,167838.0
201900036730,1.0,1,1,1,1.0,1.0,-1.0, -1,-1.0,1980.0,A01,30,10,2019,14:05,1,76.0,76351,2,6,2.0,2.0,VERDUN (RUE DE),"49,5022500","0,1847200",,76.076351,76351,Seine-Maritime,28.0,Normandie,50.0,4.0,3.0,3,2.0,28,Normandie,76,2,96,LeHavre,166058,1780,167838.0
201900036730,2.0,2,1,1,4.0,1.0,-1.0, -1,-1.0,1998.0,B01,30,10,2019,14:05,1,76.0,76351,2,6,2.0,2.0,VERDUN (RUE DE),"49,5022500","0,1847200",,76.076351,76351,Seine-Maritime,28.0,Normandie,50.0,4.0,3.0,3,2.0,28,Normandie,76,2,96,LeHavre,166058,1780,167838.0
201900036730,1.0,1,4,2,9.0,1.0,-1.0, -1,-1.0,1990.0,B01,30,10,2019,14:05,1,76.0,76351,2,6,2.0,2.0,VERDUN (RUE DE),"49,5022500","0,1847200",,76.076351,76351,Seine-Maritime,28.0,Normandie,50.0,4.0,3.0,3,2.0,28,Normandie,76,2,96,LeHavre,166058,1780,167838.0
201900036731,1.0,1,1,1,4.0,1.0,-1.0, -1,-1.0,1981.0,A01,29,10,2019,10:20,1,76.0,76341,2,9,8.0,2.0,RD 982,"49,5046600","0,1959600",,76.076341,76341,Seine-Maritime,28.0,Normandie,50.0,3.0,3.0,3,2.0,28,Normandie,76,2,15,Harfleur,8315,53,8368.0
201900036731,1.0,1,4,2,4.0,1.0,-1.0, -1,-1.0,1990.0,B01,29,10,2019,10:20,1,76.0,76341,2,9,8.0,2.0,RD 982,"49,5046600","0,1959600",,76.076341,76341,Seine-Maritime,28.0,Normandie,50.0,3.0,3.0,3,2.0,28,Normandie,76,2,15,Harfleur,8315,53,8368.0
201900036732,1.0,1,1,1,5.0,1.0,-1.0, -1,-1.0,1951.0,A01,29,10,2019,16:10,1,76.0,76351,2,3,2.0,6.0,VERDUN (RUE DE),"49,5022800","0,1608500",,76.076351,76351,Seine-Maritime,28.0,Normandie,50.0,3.0,2.0,2,2.0,28,Normandie,76,2,96,LeHavre,166058,1780,167838.0
201900036732,10.0,3,3,2,0.0,0.0,3.0,3,1.0,1931.0,A01,29,10,2019,16:10,1,76.0,76351,2,3,2.0,6.0,VERDUN (RUE DE),"49,5022800","0,1608500",,76.076351,76351,Seine-Maritime,28.0,Normandie,50.0,3.0,2.0,2,2.0,28,Normandie,76,2,96,LeHavre,166058,1780,167838.0
201900036733,1.0,1,1,1,0.0,1.0,-1.0,0,-1.0,1949.0,A01,29,10,2019,18:55,5,76.0,76351,2,1,2.0,6.0,IRENE JOLIOT CURIE (RUE),"49,5161000","0,1058500",,76.076351,76351,Seine-Maritime,28.0,Normandie,50.0,4.0,2.0,2,2.0,28,Normandie,76,2,96,LeHavre,166058,1780,167838.0
201900036733,10.0,3,4,1,0.0,8.0,3.0,3,1.0,2004.0,A01,29,10,2019,18:55,5,76.0,76351,2,1,2.0,6.0,IRENE JOLIOT CURIE (RUE),"49,5161000","0,1058500",,76.076351,76351,Seine-Maritime,28.0,Normandie,50.0,4.0,2.0,2,2.0,28,Normandie,76,2,96,LeHavre,166058,1780,167838.0
201900036775,1.0,1,4,1,0.0,2.0,-1.0,0,-1.0,1999.0,B01,19,6,2019,12:14,1,76.0,76095,1,1,1.0,3.0,HAUTS GRIGNEUX. AVENUE DES,"49,4668900","1,1346200",,76.076095,76095,Seine-Maritime,28.0,Normandie,50.0,3.0,1.0,2,1.0,28,Normandie,76,3,2,Bihorel,8199,164,8363.0
201900036775,1.0,1,1,1,5.0,1.0,-1.0,0,-1.0,1954.0,A01,19,6,2019,12:14,1,76.0,76095,1,1,1.0,3.0,HAUTS GRIGNEUX. AVENUE DES,"49,4668900","1,1346200",,76.076095,76095,Seine-Maritime,28.0,Normandie,50.0,3.0,1.0,2,1.0,28,Normandie,76,3,2,Bihorel,8199,164,8363.0
201900036776,2.0,2,4,2,5.0,1.0,-1.0,0,-1.0,2000.0,B01,20,6,2019,20:35,1,76.0,76481,2,6,1.0,3.0,MONTIVILLIERS (ROUTE DE),"49,5558200","0,1291700",,76.076481,76481,Seine-Maritime,28.0,Normandie,50.0,4.0,2.0,2,1.0,28,Normandie,76,2,26,Octeville-sur-Mer,6122,119,6241.0
201900036776,1.0,1,4,2,5.0,1.0,-1.0,0,-1.0,2000.0,B01,20,6,2019,20:35,1,76.0,76481,2,6,1.0,3.0,MONTIVILLIERS (ROUTE DE),"49,5558200","0,1291700",,76.076481,76481,Seine-Maritime,28.0,Normandie,50.0,4.0,2.0,2,1.0,28,Normandie,76,2,26,Octeville-sur-Mer,6122,119,6241.0
201900036776,1.0,1,1,1,5.0,1.0,-1.0,0,-1.0,1998.0,A01,20,6,2019,20:35,1,76.0,76481,2,6,1.0,3.0,MONTIVILLIERS (ROUTE DE),"49,5558200","0,1291700",,76.076481,76481,Seine-Maritime,28.0,Normandie,50.0,4.0,2.0,2,1.0,28,Normandie,76,2,26,Octeville-sur-Mer,6122,119,6241.0
201900036777,1.0,1,1,1,4.0,8.0,-1.0,0,-1.0,1973.0,A01,20,6,2019,14:46,1,76.0,76351,2,2,1.0,6.0,STRASBOURG (BD),"49,4929100","0,1142800",,76.076351,76351,Seine-Maritime,28.0,Normandie,50.0,4.0,2.0,4,1.0,28,Normandie,76,2,96,LeHavre,166058,1780,167838.0
201900036777,10.0,3,4,1,5.0,8.0,4.0,3,1.0,1938.0,A01,20,6,2019,14:46,1,76.0,76351,2,2,1.0,6.0,STRASBOURG (BD),"49,4929100","0,1142800",,76.076351,76351,Seine-Maritime,28.0,Normandie,50.0,4.0,2.0,4,1.0,28,Normandie,76,2,96,LeHavre,166058,1780,167838.0
201900036778,1.0,1,1,2,0.0,1.0,0.0,0,-1.0,1972.0,A01,18,6,2019,21:40,2,76.0,76351,2,1,1.0,6.0,ARISTIDE BRIAND,"49,5002000","0,1346100",,76.076351,76351,Seine-Maritime,28.0,Normandie,50.0,3.0,2.0,2,1.0,28,Normandie,76,2,96,LeHavre,166058,1780,167838.0
201900036778,10.0,3,4,1,0.0,0.0,2.0,3,1.0,2013.0,A01,18,6,2019,21:40,2,76.0,76351,2,1,1.0,6.0,ARISTIDE BRIAND,"49,5002000","0,1346100",,76.076351,76351,Seine-Maritime,28.0,Normandie,50.0,3.0,2.0,2,1.0,28,Normandie,76,2,96,LeHavre,166058,1780,167838.0
201900036779,1.0,1,3,1,0.0,2.0,0.0,0,-1.0,1980.0,A01,22,6,2019,02:15,3,76.0,76349,2,1,1.0,6.0,DIEPPE (ROUTE DE),"49,9055000","1,0567000",,76.076349,76349,Seine-Maritime,28.0,Normandie,50.0,3.0,2.0,2,1.0,28,Normandie,76,1,7,Hautot-sur-Mer,1887,46,1933.0
201900036779,2.0,2,3,1,0.0,2.0,0.0,0,-1.0,1988.0,A01,22,6,2019,02:15,3,76.0,76349,2,1,1.0,6.0,DIEPPE (ROUTE DE),"49,9055000","1,0567000",,76.076349,76349,Seine-Maritime,28.0,Normandie,50.0,3.0,2.0,2,1.0,28,Normandie,76,1,7,Hautot-sur-Mer,1887,46,1933.0
201900036933,1.0,1,1,1,5.0,1.0,0.0,0,-1.0,1953.0,A01,2,10,2019,17:40,1,76.0,76238,2,2,1.0,3.0,Côte du Cap,"49,5648420","0,2263900",,76.076238,76238,Seine-Maritime,28.0,Normandie,50.0,3.0,2.0,2,1.0,28,Normandie,76,2,26,ÉpouvilLe2641,38,2679,
201900036933,1.0,1,4,1,1.0,2.0,0.0,0,-1.0,2004.0,B01,2,10,2019,17:40,1,76.0,76238,2,2,1.0,3.0,Côte du Cap,"49,5648420","0,2263900",,76.076238,76238,Seine-Maritime,28.0,Normandie,50.0,3.0,2.0,2,1.0,28,Normandie,76,2,26,ÉpouvilLe2641,38,2679,
201900037061,10.0,3,4,2,2.0,8.0,2.0,3,1.0,2008.0,A01,2,10,2019,12:05,1,76.0,76351,2,3,1.0,6.0,LEO LAGRANGE (AVENUE),"49,5018400","0,1652000",,76.076351,76351,Seine-Maritime,28.0,Normandie,30.0,4.0,2.0,2,1.0,28,Normandie,76,2,96,LeHavre,166058,1780,167838.0
201900037061,1.0,1,1,1,4.0,1.0,0.0,0,-1.0,1976.0,A01,2,10,2019,12:05,1,76.0,76351,2,3,1.0,6.0,LEO LAGRANGE (AVENUE),"49,5018400","0,1652000",,76.076351,76351,Seine-Maritime,28.0,Normandie,30.0,4.0,2.0,2,1.0,28,Normandie,76,2,96,LeHavre,166058,1780,167838.0
201900037062,10.0,3,4,2,5.0,8.0,2.0,3,1.0,2008.0,A01,2,10,2019,11:10,1,76.0,76351,2,1,1.0,6.0,HUIT MAI 1945 (AVENUE DU),"49,5157100","0,1709200",,76.076351,76351,Seine-Maritime,28.0,Normandie,30.0,4.0,2.0,2,1.0,28,Normandie,76,2,96,LeHavre,166058,1780,167838.0
201900037062,1.0,1,1,2,1.0,1.0,-1.0,0,-1.0,1964.0,A01,2,10,2019,11:10,1,76.0,76351,2,1,1.0,6.0,HUIT MAI 1945 (AVENUE DU),"49,5157100","0,1709200",,76.076351,76351,Seine-Maritime,28.0,Normandie,30.0,4.0,2.0,2,1.0,28,Normandie,76,2,96,LeHavre,166058,1780,167838.0
201900037063,1.0,1,4,2,0.0,1.0,-1.0, -1,-1.0,1992.0,A01,1,10,2019,16:25,1,76.0,76351,2,2,1.0,3.0,GRAND HAMEAU (Avenue du ),"49,5242700","0,0968600",,76.076351,76351,Seine-Maritime,28.0,Normandie,50.0,3.0,2.0,2,2.0,28,Normandie,76,2,96,LeHavre,166058,1780,167838.0
201900037063,4.0,2,4,1,0.0,1.0,-1.0,0,-1.0,2016.0,A01,1,10,2019,16:25,1,76.0,76351,2,2,1.0,3.0,GRAND HAMEAU (Avenue du ),"49,5242700","0,0968600",,76.076351,76351,Seine-Maritime,28.0,Normandie,50.0,3.0,2.0,2,2.0,28,Normandie,76,2,96,LeHavre,166058,1780,167838.0
201900037348,10.0,3,4,2,0.0,8.0,3.0,3,2.0,2013.0,A01,28,8,2019,18:30,1,76.0,76575,2,1,1.0,6.0,MADRILLET. RUE DU,"49,3924400","1,0730800",,76.076575,76575,Seine-Maritime,28.0,Normandie,50.0,4.0,2.0,2,1.0,28,Normandie,76,3,98,Saint-Étienne-du-Rouvray,28508,225,28733.0
201900037348,1.0,1,1,1,0.0,1.0,-1.0, -1,-1.0,1972.0,A01,28,8,2019,18:30,1,76.0,76575,2,1,1.0,6.0,MADRILLET. RUE DU,"49,3924400","1,0730800",,76.076575,76575,Seine-Maritime,28.0,Normandie,50.0,4.0,2.0,2,1.0,28,Normandie,76,3,98,Saint-Étienne-du-Rouvray,28508,225,28733.0
201900037349,1.0,1,1,1,1.0,1.0,-1.0,0,-1.0,1953.0,A01,27,8,2019,12:15,1,76.0,76410,1,1,1.0,3.0,VALETTE. COTE DE LA (RN 15),"49,4878700","1,0319700",,76.076410,76410,Seine-Maritime,28.0,Normandie,50.0,3.0,2.0,2,1.0,28,Normandie,76,3,4,Maromme,11024,122,11146.0
201900037349,1.0,1,3,1,0.0,2.0,-1.0,0,-1.0,1982.0,B01,27,8,2019,12:15,1,76.0,76410,1,1,1.0,3.0,VALETTE. COTE DE LA (RN 15),"49,4878700","1,0319700",,76.076410,76410,Seine-Maritime,28.0,Normandie,50.0,3.0,2.0,2,1.0,28,Normandie,76,3,4,Maromme,11024,122,11146.0
201900037350,1.0,1,1,2,0.0,1.0,-1.0,0,-1.0,1944.0,A01,26,8,2019,17:10,1,76.0,76231,2,2,1.0,6.0,RN 840 (RUE DU NEUBOURG),"49,2848000","1,0085400",,76.076231,76231,Seine-Maritime,28.0,Normandie,50.0,3.0,2.0,2,1.0,28,Normandie,76,3,9,Elbeuf,15951,138,16089.0
201900037350,10.0,3,3,1,0.0,8.0,4.0,3,1.0,1938.0,A01,26,8,2019,17:10,1,76.0,76231,2,2,1.0,6.0,RN 840 (RUE DU NEUBOURG),"49,2848000","1,0085400",,76.076231,76231,Seine-Maritime,28.0,Normandie,50.0,3.0,2.0,2,1.0,28,Normandie,76,3,9,Elbeuf,15951,138,16089.0
201900037351,1.0,1,1,2,0.0,1.0,-1.0,0,-1.0,1965.0,A01,29,8,2019,13:52,1,76.0,76270,2,6,1.0,2.0,JEAN JAURES,"49,5300900","0,1431600",,76.076270,76270,Seine-Maritime,28.0,Normandie,50.0,3.0,-1.0,2,1.0,28,Normandie,76,2,26,Fontaine-la-Mallet,2635,54,2689.0
201900037351,1.0,1,3,2,1.0,2.0,-1.0,0,-1.0,1971.0,B01,29,8,2019,13:52,1,76.0,76270,2,6,1.0,2.0,JEAN JAURES,"49,5300900","0,1431600",,76.076270,76270,Seine-Maritime,28.0,Normandie,50.0,3.0,-1.0,2,1.0,28,Normandie,76,2,26,Fontaine-la-Mallet,2635,54,2689.0
201900037352,1.0,1,1,1,1.0,1.0,-1.0,0,-1.0,1993.0,C01,27,8,2019,17:15,1,76.0,76351,2,3,1.0,5.0,GENERAL FERRIE (AVENUE),"49,5098400","0,1745500",,76.076351,76351,Seine-Maritime,28.0,Normandie,50.0,4.0,2.0,3,1.0,28,Normandie,76,2,96,LeHavre,166058,1780,167838.0
201900037352,1.0,1,1,1,5.0,1.0,-1.0,0,-1.0,1995.0,B01,27,8,2019,17:15,1,76.0,76351,2,3,1.0,5.0,GENERAL FERRIE (AVENUE),"49,5098400","0,1745500",,76.076351,76351,Seine-Maritime,28.0,Normandie,50.0,4.0,2.0,3,1.0,28,Normandie,76,2,96,LeHavre,166058,1780,167838.0
201900037352,2.0,2,4,2,5.0,1.0,-1.0,0,-1.0,1995.0,B01,27,8,2019,17:15,1,76.0,76351,2,3,1.0,5.0,GENERAL FERRIE (AVENUE),"49,5098400","0,1745500",,76.076351,76351,Seine-Maritime,28.0,Normandie,50.0,4.0,2.0,3,1.0,28,Normandie,76,2,96,LeHavre,166058,1780,167838.0
201900037352,1.0,1,1,1,5.0,1.0,-1.0,0,-1.0,1976.0,A01,27,8,2019,17:15,1,76.0,76351,2,3,1.0,5.0,GENERAL FERRIE (AVENUE),"49,5098400","0,1745500",,76.076351,76351,Seine-Maritime,28.0,Normandie,50.0,4.0,2.0,3,1.0,28,Normandie,76,2,96,LeHavre,166058,1780,167838.0
201900037353,1.0,1,3,1,5.0,1.0,0.0,0,-1.0,1951.0,A01,22,8,2019,16:30,1,76.0,76545,1,1,1.0,1.0,RD 154E,"49,9128900","1,0958200",,76.076545,76545,Seine-Maritime,28.0,Normandie,80.0,3.0,3.0,4,1.0,28,Normandie,76,1,7,Rouxmesnil-BouteilLes1814,33,1847,
201900037353,1.0,1,4,2,5.0,1.0,0.0,0,-1.0,1975.0,B01,22,8,2019,16:30,1,76.0,76545,1,1,1.0,1.0,RD 154E,"49,9128900","1,0958200",,76.076545,76545,Seine-Maritime,28.0,Normandie,80.0,3.0,3.0,4,1.0,28,Normandie,76,1,7,Rouxmesnil-BouteilLes1814,33,1847,
201900037354,1.0,1,1,2,5.0,1.0,-1.0,0,-1.0,1949.0,A01,24,8,2019,20:00,1,76.0,76026,1,9,1.0,1.0,RD 23,"49,8784800","1,1210700",,76.076026,76026,Seine-Maritime,28.0,Normandie,50.0,3.0,2.0,2,1.0,28,Normandie,76,1,8,Arques-la-BatailLe2480,44,2524,
201900037354,1.0,1,4,1,5.0,1.0,-1.0,0,-1.0,1980.0,B01,24,8,2019,20:00,1,76.0,76026,1,9,1.0,1.0,RD 23,"49,8784800","1,1210700",,76.076026,76026,Seine-Maritime,28.0,Normandie,50.0,3.0,2.0,2,1.0,28,Normandie,76,1,8,Arques-la-BatailLe2480,44,2524,
201900037690,1.0,1,1,2,5.0,1.0,0.0,0,-1.0,1943.0,A01,6,4,2019,15:00,1,76.0,76396,1,1,1.0,6.0,Route départementale 206,"49,5511280","1,2842770",,76.076396,76396,Seine-Maritime,28.0,Normandie,80.0,3.0,2.0,2,1.0,28,Normandie,76,3,21,Longuerue,341,2,343.0
201900037690,1.0,1,4,1,5.0,2.0,0.0,0,-1.0,1956.0,B01,6,4,2019,15:00,1,76.0,76396,1,1,1.0,6.0,Route départementale 206,"49,5511280","1,2842770",,76.076396,76396,Seine-Maritime,28.0,Normandie,80.0,3.0,2.0,2,1.0,28,Normandie,76,3,21,Longuerue,341,2,343.0
201900037690,1.0,1,3,1,5.0,2.0,0.0,0,-1.0,1965.0,C01,6,4,2019,15:00,1,76.0,76396,1,1,1.0,6.0,Route départementale 206,"49,5511280","1,2842770",,76.076396,76396,Seine-Maritime,28.0,Normandie,80.0,3.0,2.0,2,1.0,28,Normandie,76,3,21,Longuerue,341,2,343.0
201900037885,1.0,1,1,1,0.0,1.0,0.0,0,-1.0,1994.0,A01,18,7,2019,16:50,1,76.0,76259,2,7,1.0,4.0,DE GAULLE ( PLACE CHARLES),"49,7574100","0,3763100",,76.076259,76259,Seine-Maritime,28.0,Normandie,50.0,4.0,2.0,2,1.0,28,Normandie,76,2,11,Fécamp,18016,269,18285.0