Num_Acc,place,catu,grav,sexe,trajet,secu,locp,actp,etatp,an_nais,num_veh,jour,mois,an,hrmn,lum,dep,com,agg,int,atm,col,adr,lat,long,gps,com_insee_temp,com_insee,departmentName,regionCode,regionName,vma,catr,circ,nbv,surf,Code,Region,Departement,Arrondissement,Code_Canton,Nom_Commune,Population_municipaLe,Population_comptee_a_part,Population_Totale
201900037885,1.0,1,4,1,1.0,1.0,0.0,0,-1.0,2001.0,B01,18,7,2019,16:50,1,76.0,76259,2,7,1.0,4.0,DE GAULLE ( PLACE CHARLES),"49,7574100","0,3763100",,76.076259,76259,Seine-Maritime,28.0,Normandie,50.0,4.0,2.0,2,1.0,28,Normandie,76,2,11,Fécamp,18016,269,18285.0
201900037885,1.0,1,1,1,0.0,1.0,0.0,0,-1.0,1934.0,C01,18,7,2019,16:50,1,76.0,76259,2,7,1.0,4.0,DE GAULLE ( PLACE CHARLES),"49,7574100","0,3763100",,76.076259,76259,Seine-Maritime,28.0,Normandie,50.0,4.0,2.0,2,1.0,28,Normandie,76,2,11,Fécamp,18016,269,18285.0
201900037986,1.0,1,3,1,5.0,1.0,0.0,0,-1.0,1959.0,A01,22,7,2019,12:10,1,76.0,76319,1,1,1.0,2.0,A13,"49,3390300","1,0157660",,76.076319,76319,Seine-Maritime,28.0,Normandie,130.0,1.0,3.0,3,1.0,28,Normandie,76,3,9,Grand-Couronne,9726,177,9903.0
201900037986,1.0,1,1,1,4.0,1.0,0.0,0,-1.0,1972.0,B01,22,7,2019,12:10,1,76.0,76319,1,1,1.0,2.0,A13,"49,3390300","1,0157660",,76.076319,76319,Seine-Maritime,28.0,Normandie,130.0,1.0,3.0,3,1.0,28,Normandie,76,3,9,Grand-Couronne,9726,177,9903.0
201900038030,1.0,1,4,2,1.0,1.0,0.0,0,-1.0,1970.0,B01,11,12,2019,22:00,5,76.0,76540,2,2,1.0,3.0,RONDEAUX. AVENUE JEAN,"49,4388700","1,0799900",,76.076540,76540,Seine-Maritime,28.0,Normandie,50.0,2.0,2.0,5,1.0,28,Normandie,76,3,97,Rouen,114083,1556,115639.0
201900038030,1.0,1,4,1,1.0,1.0,0.0,0,-1.0,1996.0,A01,11,12,2019,22:00,5,76.0,76540,2,2,1.0,3.0,RONDEAUX. AVENUE JEAN,"49,4388700","1,0799900",,76.076540,76540,Seine-Maritime,28.0,Normandie,50.0,2.0,2.0,5,1.0,28,Normandie,76,3,97,Rouen,114083,1556,115639.0
201900038031,4.0,2,4,1,5.0,1.0,0.0,0,-1.0,1990.0,A01,28,6,2019,15:20,1,76.0,76497,1,1,1.0,2.0,RN 138,"49,3961125","1,0332476",,76.076497,76497,Seine-Maritime,28.0,Normandie,110.0,2.0,3.0,3,1.0,28,Normandie,76,3,13,Petit-Couronne,8688,175,8863.0
201900038031,3.0,2,4,1,5.0,1.0,0.0,0,-1.0,1996.0,A01,28,6,2019,15:20,1,76.0,76497,1,1,1.0,2.0,RN 138,"49,3961125","1,0332476",,76.076497,76497,Seine-Maritime,28.0,Normandie,110.0,2.0,3.0,3,1.0,28,Normandie,76,3,13,Petit-Couronne,8688,175,8863.0
201900038031,1.0,1,4,1,5.0,1.0,0.0,0,-1.0,1992.0,A01,28,6,2019,15:20,1,76.0,76497,1,1,1.0,2.0,RN 138,"49,3961125","1,0332476",,76.076497,76497,Seine-Maritime,28.0,Normandie,110.0,2.0,3.0,3,1.0,28,Normandie,76,3,13,Petit-Couronne,8688,175,8863.0
201900038031,2.0,2,4,1,5.0,1.0,0.0,0,-1.0,1994.0,A01,28,6,2019,15:20,1,76.0,76497,1,1,1.0,2.0,RN 138,"49,3961125","1,0332476",,76.076497,76497,Seine-Maritime,28.0,Normandie,110.0,2.0,3.0,3,1.0,28,Normandie,76,3,13,Petit-Couronne,8688,175,8863.0
201900038031,1.0,1,1,1,5.0,1.0,0.0,0,-1.0,1956.0,B01,28,6,2019,15:20,1,76.0,76497,1,1,1.0,2.0,RN 138,"49,3961125","1,0332476",,76.076497,76497,Seine-Maritime,28.0,Normandie,110.0,2.0,3.0,3,1.0,28,Normandie,76,3,13,Petit-Couronne,8688,175,8863.0
201900038032,1.0,1,1,2,5.0,1.0,-1.0,0,-1.0,1998.0,A01,6,12,2019,11:20,1,76.0,76707,1,1,3.0,4.0,RD 915,"49,8707400","1,1024600",,76.076707,76707,Seine-Maritime,28.0,Normandie,80.0,3.0,2.0,2,2.0,28,Normandie,76,1,7,Tourville-sur-Arques,1193,35,1228.0
201900038032,1.0,1,4,1,4.0,1.0,-1.0, -1,-1.0,1975.0,B01,6,12,2019,11:20,1,76.0,76707,1,1,3.0,4.0,RD 915,"49,8707400","1,1024600",,76.076707,76707,Seine-Maritime,28.0,Normandie,80.0,3.0,2.0,2,2.0,28,Normandie,76,1,7,Tourville-sur-Arques,1193,35,1228.0
201900038032,1.0,1,1,1,9.0,1.0,-1.0, -1,-1.0,1957.0,C01,6,12,2019,11:20,1,76.0,76707,1,1,3.0,4.0,RD 915,"49,8707400","1,1024600",,76.076707,76707,Seine-Maritime,28.0,Normandie,80.0,3.0,2.0,2,2.0,28,Normandie,76,1,7,Tourville-sur-Arques,1193,35,1228.0
201900038985,1.0,1,3,2,0.0,8.0,0.0,0,-1.0,1955.0,B01,18,1,2019,08:45,2,76.0,76719,1,1,1.0,1.0,rue André Fiquet RD 150,"49,7449460","0,4831870",,76.076719,76719,Seine-Maritime,28.0,Normandie,80.0,3.0,2.0,2,1.0,28,Normandie,76,2,11,Valmont,867,15,882.0
201900038985,1.0,1,4,1,4.0,8.0,0.0,0,-1.0,1988.0,A01,18,1,2019,08:45,2,76.0,76719,1,1,1.0,1.0,rue André Fiquet RD 150,"49,7449460","0,4831870",,76.076719,76719,Seine-Maritime,28.0,Normandie,80.0,3.0,2.0,2,1.0,28,Normandie,76,2,11,Valmont,867,15,882.0
201900039497,1.0,1,4,1,5.0,1.0,-1.0,0,-1.0,1990.0,A01,4,4,2019,22:40,5,76.0,76212,1,1,1.0,6.0,LYONS LA FORET. ROUTE DE,"49,4360300","1,1420600",,76.076212,76212,Seine-Maritime,28.0,Normandie,50.0,3.0,2.0,2,1.0,28,Normandie,76,3,6,Darnétal,9738,74,9812.0
201900039755,1.0,1,1,1,5.0,1.0,0.0,0,-1.0,1980.0,A01,19,7,2019,09:40,1,76.0,76540,2,2,1.0,3.0,BELGES. BOULEVARD DES,"49,4416900","1,0834800",,76.076540,76540,Seine-Maritime,28.0,Normandie,50.0,3.0,2.0,6,1.0,28,Normandie,76,3,97,Rouen,114083,1556,115639.0
201900039755,1.0,1,3,1,1.0,8.0,0.0,0,-1.0,1991.0,B01,19,7,2019,09:40,1,76.0,76540,2,2,1.0,3.0,BELGES. BOULEVARD DES,"49,4416900","1,0834800",,76.076540,76540,Seine-Maritime,28.0,Normandie,50.0,3.0,2.0,6,1.0,28,Normandie,76,3,97,Rouen,114083,1556,115639.0
201900039756,10.0,3,1,1,5.0,8.0,3.0,3,1.0,2002.0,Z01,17,7,2019,20:10,1,76.0,76103,2,1,1.0,6.0,REQUIER. RUE ARMAND,"49,4251900","1,1265700",,76.076103,76103,Seine-Maritime,28.0,Normandie,30.0,4.0,2.0,2,1.0,28,Normandie,76,3,6,Bonsecours,6455,95,6550.0
201900039756,10.0,3,4,1,5.0,8.0,5.0,1,1.0,2001.0,Z01,17,7,2019,20:10,1,76.0,76103,2,1,1.0,6.0,REQUIER. RUE ARMAND,"49,4251900","1,1265700",,76.076103,76103,Seine-Maritime,28.0,Normandie,30.0,4.0,2.0,2,1.0,28,Normandie,76,3,6,Bonsecours,6455,95,6550.0
201900039757,1.0,1,4,1,0.0,1.0,0.0,0,-1.0,1984.0,A01,18,7,2019,09:00,1,76.0,76497,1,1,1.0,5.0,RN 138,"49,3819700","1,0516200",,76.076497,76497,Seine-Maritime,28.0,Normandie,90.0,2.0,1.0,2,1.0,28,Normandie,76,3,13,Petit-Couronne,8688,175,8863.0
201900039757,1.0,1,4,2,0.0,1.0,0.0,0,-1.0,1967.0,C01,18,7,2019,09:00,1,76.0,76497,1,1,1.0,5.0,RN 138,"49,3819700","1,0516200",,76.076497,76497,Seine-Maritime,28.0,Normandie,90.0,2.0,1.0,2,1.0,28,Normandie,76,3,13,Petit-Couronne,8688,175,8863.0
201900039757,1.0,1,4,1,0.0,2.0,0.0,0,-1.0,1974.0,B01,18,7,2019,09:00,1,76.0,76497,1,1,1.0,5.0,RN 138,"49,3819700","1,0516200",,76.076497,76497,Seine-Maritime,28.0,Normandie,90.0,2.0,1.0,2,1.0,28,Normandie,76,3,13,Petit-Couronne,8688,175,8863.0
201900039758,1.0,1,1,1,4.0,1.0,0.0,0,-1.0,1970.0,A01,17,7,2019,17:17,1,76.0,76575,1,2,1.0,2.0,A 13 - D 18 E (BRETELLE D'ACCES),"49,3811700","1,1097900",,76.076575,76575,Seine-Maritime,28.0,Normandie,70.0,3.0,2.0,4,1.0,28,Normandie,76,3,98,Saint-Étienne-du-Rouvray,28508,225,28733.0
201900039758,2.0,2,3,2,0.0,1.0,0.0,0,-1.0,1955.0,B01,17,7,2019,17:17,1,76.0,76575,1,2,1.0,2.0,A 13 - D 18 E (BRETELLE D'ACCES),"49,3811700","1,1097900",,76.076575,76575,Seine-Maritime,28.0,Normandie,70.0,3.0,2.0,4,1.0,28,Normandie,76,3,98,Saint-Étienne-du-Rouvray,28508,225,28733.0
201900039758,1.0,1,4,2,0.0,1.0,0.0,0,-1.0,1952.0,B01,17,7,2019,17:17,1,76.0,76575,1,2,1.0,2.0,A 13 - D 18 E (BRETELLE D'ACCES),"49,3811700","1,1097900",,76.076575,76575,Seine-Maritime,28.0,Normandie,70.0,3.0,2.0,4,1.0,28,Normandie,76,3,98,Saint-Étienne-du-Rouvray,28508,225,28733.0
201900039759,1.0,1,1,1,0.0,1.0,0.0,0,-1.0,1980.0,A01,17,7,2019,16:10,1,76.0,76351,2,3,1.0,3.0,PIERRE FARCIS,"49,5172900","0,0970600",,76.076351,76351,Seine-Maritime,28.0,Normandie,50.0,4.0,-1.0,2,1.0,28,Normandie,76,2,96,LeHavre,166058,1780,167838.0
201900039759,1.0,1,4,1,0.0,2.0,0.0,0,-1.0,1996.0,B01,17,7,2019,16:10,1,76.0,76351,2,3,1.0,3.0,PIERRE FARCIS,"49,5172900","0,0970600",,76.076351,76351,Seine-Maritime,28.0,Normandie,50.0,4.0,-1.0,2,1.0,28,Normandie,76,2,96,LeHavre,166058,1780,167838.0
201900040481,1.0,1,1,2,5.0,1.0,0.0,0,-1.0,1992.0,A01,31,10,2019,12:30,1,76.0,76198,2,1,1.0,1.0,Rue Charles Angrand,"49,6815440","0,8462390",,76.076198,76198,Seine-Maritime,28.0,Normandie,50.0,4.0,-1.0,2,2.0,28,Normandie,76,3,35,Criquetot-sur-OuvilLe788,19,807,
201900040481,1.0,1,4,2,5.0,1.0,0.0,0,-1.0,1981.0,B01,31,10,2019,12:30,1,76.0,76198,2,1,1.0,1.0,Rue Charles Angrand,"49,6815440","0,8462390",,76.076198,76198,Seine-Maritime,28.0,Normandie,50.0,4.0,-1.0,2,2.0,28,Normandie,76,3,35,Criquetot-sur-OuvilLe788,19,807,
201900040482,1.0,1,4,1,0.0,1.0,0.0,0,-1.0,1983.0,A01,31,10,2019,11:30,1,76.0,76115,1,2,8.0,3.0,720 Route de Yébleron,"49,6057030","0,5605620",,76.076115,76115,Seine-Maritime,28.0,Normandie,80.0,3.0,2.0,2,2.0,28,Normandie,76,2,25,BollevilLe585,9,594,
201900040482,1.0,1,4,1,5.0,1.0,0.0,0,-1.0,1955.0,B01,31,10,2019,11:30,1,76.0,76115,1,2,8.0,3.0,720 Route de Yébleron,"49,6057030","0,5605620",,76.076115,76115,Seine-Maritime,28.0,Normandie,80.0,3.0,2.0,2,2.0,28,Normandie,76,2,25,BollevilLe585,9,594,
201900040608,1.0,1,4,1,5.0,1.0,0.0,0,-1.0,1997.0,A01,19,1,2019,05:55,3,76.0,76303,1,1,1.0,1.0,D10,"49,5540070","0,3502740",,76.076303,76303,Seine-Maritime,28.0,Normandie,80.0,3.0,2.0,2,1.0,28,Normandie,76,2,32,GommervilLe729,8,737,
201900040608,1.0,1,3,2,5.0,1.0,0.0,0,-1.0,1954.0,B01,19,1,2019,05:55,3,76.0,76303,1,1,1.0,1.0,D10,"49,5540070","0,3502740",,76.076303,76303,Seine-Maritime,28.0,Normandie,80.0,3.0,2.0,2,1.0,28,Normandie,76,2,32,GommervilLe729,8,737,
201900040657,1.0,1,1,2,0.0,1.0,0.0,0,-1.0,1968.0,B01,14,1,2019,12:15,1,76.0,76351,2,3,1.0,3.0,PALFRAY,"49,4912300","0,1247300",,76.076351,76351,Seine-Maritime,28.0,Normandie,50.0,4.0,2.0,2,1.0,28,Normandie,76,2,96,LeHavre,166058,1780,167838.0
201900040657,1.0,1,4,1,0.0,2.0,0.0,0,-1.0,1955.0,A01,14,1,2019,12:15,1,76.0,76351,2,3,1.0,3.0,PALFRAY,"49,4912300","0,1247300",,76.076351,76351,Seine-Maritime,28.0,Normandie,50.0,4.0,2.0,2,1.0,28,Normandie,76,2,96,LeHavre,166058,1780,167838.0
201900040899,1.0,1,1,1,5.0,1.0,0.0,0,-1.0,1956.0,A01,29,9,2019,18:25,1,76.0,76681,2,2,2.0,3.0,RASPAIL. RUE FRANCOIS,"49,4156600","1,0946400",,76.076681,76681,Seine-Maritime,28.0,Normandie,30.0,4.0,2.0,2,2.0,28,Normandie,76,3,99,Sotteville-lès-Rouen,28965,475,29440.0
201900040899,1.0,1,4,1,4.0,1.0,0.0,0,-1.0,1960.0,B01,29,9,2019,18:25,1,76.0,76681,2,2,2.0,3.0,RASPAIL. RUE FRANCOIS,"49,4156600","1,0946400",,76.076681,76681,Seine-Maritime,28.0,Normandie,30.0,4.0,2.0,2,2.0,28,Normandie,76,3,99,Sotteville-lès-Rouen,28965,475,29440.0
201900040900,1.0,1,4,1,0.0,2.0,0.0,0,-1.0,2001.0,A01,27,9,2019,18:10,1,76.0,76351,2,1,2.0,7.0,LENINGRAD (BD DE),"49,4999900","0,1696500",,76.076351,76351,Seine-Maritime,28.0,Normandie,30.0,6.0,-1.0,-1,2.0,28,Normandie,76,2,96,LeHavre,166058,1780,167838.0
201900041058,2.0,2,1,2,5.0,8.0,0.0,0,-1.0,1939.0,A01,1,3,2019,09:20,1,76.0,76404,1,1,8.0,6.0,CD925,"49,5853701","0,2503091",,76.076404,76404,Seine-Maritime,28.0,Normandie,80.0,3.0,2.0,2,1.0,28,Normandie,76,2,26,Manéglise,1264,23,1287.0
201900041058,1.0,1,2,1,5.0,8.0,0.0,0,-1.0,1937.0,A01,1,3,2019,09:20,1,76.0,76404,1,1,8.0,6.0,CD925,"49,5853701","0,2503091",,76.076404,76404,Seine-Maritime,28.0,Normandie,80.0,3.0,2.0,2,1.0,28,Normandie,76,2,26,Manéglise,1264,23,1287.0
201900041107,1.0,1,3,1,1.0,2.0,0.0,0,-1.0,1993.0,B01,26,2,2019,14:42,1,76.0,76302,1,3,1.0,3.0,RD 910,"49,6397541","0,3703736",,76.076302,76302,Seine-Maritime,28.0,Normandie,80.0,3.0,2.0,2,1.0,28,Normandie,76,2,32,GodervilLe2839,39,2878,
201900041107,2.0,2,1,2,5.0,1.0,0.0,0,-1.0,1934.0,A01,26,2,2019,14:42,1,76.0,76302,1,3,1.0,3.0,RD 910,"49,6397541","0,3703736",,76.076302,76302,Seine-Maritime,28.0,Normandie,80.0,3.0,2.0,2,1.0,28,Normandie,76,2,32,GodervilLe2839,39,2878,
201900041107,1.0,1,1,1,5.0,1.0,0.0,0,-1.0,1935.0,A01,26,2,2019,14:42,1,76.0,76302,1,3,1.0,3.0,RD 910,"49,6397541","0,3703736",,76.076302,76302,Seine-Maritime,28.0,Normandie,80.0,3.0,2.0,2,1.0,28,Normandie,76,2,32,GodervilLe2839,39,2878,
201900041129,1.0,1,2,1,5.0,1.0,0.0,0,-1.0,1967.0,A01,3,3,2019,18:40,3,76.0,76618,1,9,8.0,6.0,route de mahomet - GLICOURT,"49,9294520","1,2553630",,76.076618,76618,Seine-Maritime,28.0,Normandie,80.0,4.0,2.0,2,2.0,28,Normandie,76,1,8,Petit-Caux,9625,210,9835.0
201900041310,1.0,1,3,2,5.0,1.0,0.0,0,-1.0,1983.0,A01,27,8,2019,09:30,1,76.0,76244,1,1,1.0,6.0,A28,"49,7204380","1,4308660",,76.076244,76244,Seine-Maritime,28.0,Normandie,130.0,1.0,3.0,4,1.0,28,Normandie,76,1,23,EsclavelLes386,6,392,
201900041795,10.0,3,4,2,0.0,0.0,4.0,3,1.0,1957.0,A01,10,12,2019,09:36,1,76.0,76540,2,1,1.0,7.0,BELGES. BOULEVARD DES,"49,4451800","1,0859500",,76.076540,76540,Seine-Maritime,28.0,Normandie,50.0,3.0,3.0,4,1.0,28,Normandie,76,3,97,Rouen,114083,1556,115639.0
201900041795,1.0,1,1,1,4.0,1.0,0.0,0,-1.0,1965.0,A01,10,12,2019,09:36,1,76.0,76540,2,1,1.0,7.0,BELGES. BOULEVARD DES,"49,4451800","1,0859500",,76.076540,76540,Seine-Maritime,28.0,Normandie,50.0,3.0,3.0,4,1.0,28,Normandie,76,3,97,Rouen,114083,1556,115639.0
201900041796,1.0,1,4,2,0.0,1.0,-1.0, -1,-1.0,1986.0,B01,9,12,2019,13:39,1,76.0,76575,2,1,1.0,2.0,CROIZAT. AVENUE AMBROISE,"49,3728900","1,1030100",,76.076575,76575,Seine-Maritime,28.0,Normandie,30.0,4.0,2.0,2,2.0,28,Normandie,76,3,98,Saint-Étienne-du-Rouvray,28508,225,28733.0
201900041796,4.0,2,4,1,0.0,1.0,-1.0, -1,-1.0,2018.0,B01,9,12,2019,13:39,1,76.0,76575,2,1,1.0,2.0,CROIZAT. AVENUE AMBROISE,"49,3728900","1,1030100",,76.076575,76575,Seine-Maritime,28.0,Normandie,30.0,4.0,2.0,2,2.0,28,Normandie,76,3,98,Saint-Étienne-du-Rouvray,28508,225,28733.0
201900041796,1.0,1,1,2,0.0,1.0,-1.0, -1,-1.0,1995.0,A01,9,12,2019,13:39,1,76.0,76575,2,1,1.0,2.0,CROIZAT. AVENUE AMBROISE,"49,3728900","1,1030100",,76.076575,76575,Seine-Maritime,28.0,Normandie,30.0,4.0,2.0,2,2.0,28,Normandie,76,3,98,Saint-Étienne-du-Rouvray,28508,225,28733.0
201900041797,1.0,1,4,2,0.0,1.0,0.0,0,-1.0,1995.0,A01,9,12,2019,17:40,2,76.0,76447,2,1,1.0,6.0,FONTAINE LA MALLET (DE),"49,5430800","0,1665700",,76.076447,76447,Seine-Maritime,28.0,Normandie,50.0,3.0,2.0,2,1.0,28,Normandie,76,2,15,Montivilliers,15457,203,15660.0
201900041798,4.0,2,4,1,5.0,1.0,0.0,0,-1.0,1999.0,B01,8,12,2019,06:33,5,76.0,76351,2,3,2.0,3.0,JEAN JACQUES ROUSSEAU (PONT),"49,4956800","0,1314700",,76.076351,76351,Seine-Maritime,28.0,Normandie,500.0,4.0,2.0,2,2.0,28,Normandie,76,2,96,LeHavre,166058,1780,167838.0
201900041798,2.0,2,1,2,5.0,1.0,0.0,0,-1.0,2001.0,B01,8,12,2019,06:33,5,76.0,76351,2,3,2.0,3.0,JEAN JACQUES ROUSSEAU (PONT),"49,4956800","0,1314700",,76.076351,76351,Seine-Maritime,28.0,Normandie,500.0,4.0,2.0,2,2.0,28,Normandie,76,2,96,LeHavre,166058,1780,167838.0
201900041798,3.0,2,1,2,5.0,1.0,0.0,0,-1.0,1997.0,B01,8,12,2019,06:33,5,76.0,76351,2,3,2.0,3.0,JEAN JACQUES ROUSSEAU (PONT),"49,4956800","0,1314700",,76.076351,76351,Seine-Maritime,28.0,Normandie,500.0,4.0,2.0,2,2.0,28,Normandie,76,2,96,LeHavre,166058,1780,167838.0
201900041798,1.0,1,4,2,5.0,1.0,0.0,0,-1.0,2000.0,B01,8,12,2019,06:33,5,76.0,76351,2,3,2.0,3.0,JEAN JACQUES ROUSSEAU (PONT),"49,4956800","0,1314700",,76.076351,76351,Seine-Maritime,28.0,Normandie,500.0,4.0,2.0,2,2.0,28,Normandie,76,2,96,LeHavre,166058,1780,167838.0
201900041799,1.0,1,1,2,2.0,1.0,0.0,0,-1.0,1994.0,B01,9,12,2019,16:30,1,76.0,76259,2,1,1.0,1.0,DUGLE ( RUE ROBERT),"49,7525300","0,3766100",,76.076259,76259,Seine-Maritime,28.0,Normandie,30.0,4.0,2.0,1,1.0,28,Normandie,76,2,11,Fécamp,18016,269,18285.0
201900041799,2.0,1,4,1,5.0,2.0,0.0,0,-1.0,2003.0,A01,9,12,2019,16:30,1,76.0,76259,2,1,1.0,1.0,DUGLE ( RUE ROBERT),"49,7525300","0,3766100",,76.076259,76259,Seine-Maritime,28.0,Normandie,30.0,4.0,2.0,1,1.0,28,Normandie,76,2,11,Fécamp,18016,269,18285.0
201900042302,1.0,1,4,2,4.0,1.0,-1.0, -1,-1.0,1978.0,B01,5,11,2019,15:07,1,76.0,76108,1,6,1.0,2.0,D1043,"49,4830287","1,1324394",,76.076108,76108,Seine-Maritime,28.0,Normandie,90.0,3.0,2.0,2,1.0,28,Normandie,76,3,2,Bois-Guillaume,14262,361,14623.0
201900042302,1.0,1,1,2,0.0,1.0,-1.0, -1,-1.0,1954.0,A01,5,11,2019,15:07,1,76.0,76108,1,6,1.0,2.0,D1043,"49,4830287","1,1324394",,76.076108,76108,Seine-Maritime,28.0,Normandie,90.0,3.0,2.0,2,1.0,28,Normandie,76,3,2,Bois-Guillaume,14262,361,14623.0
201900042303,1.0,1,4,1,1.0,2.0,-1.0,0,-1.0,1964.0,B01,5,11,2019,11:35,1,76.0,76216,2,3,1.0,3.0,REPUBLIQUE. RUE DE LA,"49,4724700","1,0425400",,76.076216,76216,Seine-Maritime,28.0,Normandie,50.0,3.0,2.0,2,1.0,28,Normandie,76,3,22,Déville-lès-Rouen,10745,62,10807.0
201900042303,1.0,1,4,2,5.0,1.0,-1.0,0,-1.0,1934.0,A01,5,11,2019,11:35,1,76.0,76216,2,3,1.0,3.0,REPUBLIQUE. RUE DE LA,"49,4724700","1,0425400",,76.076216,76216,Seine-Maritime,28.0,Normandie,50.0,3.0,2.0,2,1.0,28,Normandie,76,3,22,Déville-lès-Rouen,10745,62,10807.0
201900042304,1.0,1,4,2,5.0,1.0,0.0,0,-1.0,1959.0,B01,2,11,2019,09:25,1,76.0,76540,2,1,1.0,3.0,SAINT PAUL. PLACE,"49,4346700","1,1058900",,76.076540,76540,Seine-Maritime,28.0,Normandie,50.0,3.0,3.0,4,1.0,28,Normandie,76,3,97,Rouen,114083,1556,115639.0
201900042304,1.0,1,1,1,5.0,1.0,-1.0, -1,-1.0,1979.0,A01,2,11,2019,09:25,1,76.0,76540,2,1,1.0,3.0,SAINT PAUL. PLACE,"49,4346700","1,1058900",,76.076540,76540,Seine-Maritime,28.0,Normandie,50.0,3.0,3.0,4,1.0,28,Normandie,76,3,97,Rouen,114083,1556,115639.0
201900042305,1.0,1,3,1,3.0,1.0,-1.0,0,-1.0,1982.0,B01,30,10,2019,16:40,1,76.0,76576,1,1,1.0,1.0,D6015,"49,5597700","0,4692100",,76.076576,76576,Seine-Maritime,28.0,Normandie,80.0,3.0,2.0,2,1.0,28,Normandie,76,2,3,Saint-Eustache-la-Forêt,1233,16,1249.0
201900042305,1.0,1,4,1,1.0,1.0,-1.0, -1,-1.0,1996.0,A01,30,10,2019,16:40,1,76.0,76576,1,1,1.0,1.0,D6015,"49,5597700","0,4692100",,76.076576,76576,Seine-Maritime,28.0,Normandie,80.0,3.0,2.0,2,1.0,28,Normandie,76,2,3,Saint-Eustache-la-Forêt,1233,16,1249.0
201900042856,1.0,1,1,2,2.0,8.0,-1.0,0,-1.0,1986.0,A01,23,9,2019,08:15,1,76.0,76194,2,1,1.0,6.0,BOUT DE LA VILLE ( RUE DU),"49,7374000","0,3378000",,76.076194,76194,Seine-Maritime,28.0,Normandie,50.0,3.0,2.0,2,1.0,28,Normandie,76,2,11,Criquebeuf-en-Caux,403,6,409.0
201900042856,10.0,3,4,1,4.0,8.0,2.0,9,2.0,1998.0,A01,23,9,2019,08:15,1,76.0,76194,2,1,1.0,6.0,BOUT DE LA VILLE ( RUE DU),"49,7374000","0,3378000",,76.076194,76194,Seine-Maritime,28.0,Normandie,50.0,3.0,2.0,2,1.0,28,Normandie,76,2,11,Criquebeuf-en-Caux,403,6,409.0
201900042856,10.0,3,4,1,4.0,8.0,2.0,9,2.0,1997.0,A01,23,9,2019,08:15,1,76.0,76194,2,1,1.0,6.0,BOUT DE LA VILLE ( RUE DU),"49,7374000","0,3378000",,76.076194,76194,Seine-Maritime,28.0,Normandie,50.0,3.0,2.0,2,1.0,28,Normandie,76,2,11,Criquebeuf-en-Caux,403,6,409.0
201900042999,1.0,1,3,1,5.0,2.0,0.0,0,-1.0,2002.0,A01,31,8,2019,16:15,1,76.0,76636,1,1,1.0,6.0,route départemenale 43,"49,4956870","0,9079510",,76.076636,76636,Seine-Maritime,28.0,Normandie,50.0,3.0,2.0,2,1.0,28,Normandie,76,3,1,Saint-Pierre-de-VarengevilLe2299,33,2332,
201900043000,1.0,1,1,2,3.0,1.0,0.0,0,-1.0,1997.0,A01,29,8,2019,08:10,1,76.0,76115,1,2,8.0,3.0,RD 6015,"49,5924040","0,5720200",,76.076115,76115,Seine-Maritime,28.0,Normandie,80.0,3.0,2.0,2,1.0,28,Normandie,76,2,25,BollevilLe585,9,594,
201900043000,1.0,1,3,1,1.0,2.0,0.0,0,-1.0,1991.0,B01,29,8,2019,08:10,1,76.0,76115,1,2,8.0,3.0,RD 6015,"49,5924040","0,5720200",,76.076115,76115,Seine-Maritime,28.0,Normandie,80.0,3.0,2.0,2,1.0,28,Normandie,76,2,25,BollevilLe585,9,594,
201900043002,1.0,1,4,1,5.0,2.0,0.0,0,-1.0,1991.0,A01,31,8,2019,11:05,1,76.0,76572,1,1,1.0,2.0,Le Haut de St Denis,"49,8562980","0,9258360",,76.076572,76572,Seine-Maritime,28.0,Normandie,80.0,3.0,2.0,2,1.0,28,Normandie,76,1,7,Saint-Denis-d'Aclon,125,2,127.0
201900043002,2.0,2,1,2,5.0,2.0,0.0,0,-1.0,1989.0,A01,31,8,2019,11:05,1,76.0,76572,1,1,1.0,2.0,Le Haut de St Denis,"49,8562980","0,9258360",,76.076572,76572,Seine-Maritime,28.0,Normandie,80.0,3.0,2.0,2,1.0,28,Normandie,76,1,7,Saint-Denis-d'Aclon,125,2,127.0
201900043002,1.0,1,1,1,5.0,1.0,0.0,0,-1.0,1954.0,B01,31,8,2019,11:05,1,76.0,76572,1,1,1.0,2.0,Le Haut de St Denis,"49,8562980","0,9258360",,76.076572,76572,Seine-Maritime,28.0,Normandie,80.0,3.0,2.0,2,1.0,28,Normandie,76,1,7,Saint-Denis-d'Aclon,125,2,127.0
201900043176,1.0,1,2,1,5.0,2.0,0.0,0,-1.0,1989.0,A01,7,4,2019,08:00,1,76.0,76705,1,9,1.0,6.0,échangeur 21,"49,3264730","1,0904600",,76.076705,76705,Seine-Maritime,28.0,Normandie,50.0,1.0,3.0,1,2.0,28,Normandie,76,3,5,Tourville-la-Rivière,2568,19,2587.0
201900043213,1.0,1,4,1,5.0,2.0,0.0,0,-1.0,2001.0,A01,5,4,2019,18:00,1,76.0,76758,1,2,1.0,3.0,RD 131 E,"49,6143140","0,7835290",,76.076758,76758,Seine-Maritime,28.0,Normandie,80.0,3.0,2.0,2,1.0,28,Normandie,76,3,35,Yvetot,11385,208,11593.0
201900043213,2.0,2,1,2,5.0,2.0,0.0,0,-1.0,2002.0,A01,5,4,2019,18:00,1,76.0,76758,1,2,1.0,3.0,RD 131 E,"49,6143140","0,7835290",,76.076758,76758,Seine-Maritime,28.0,Normandie,80.0,3.0,2.0,2,1.0,28,Normandie,76,3,35,Yvetot,11385,208,11593.0