Num_Acc,place,catu,grav,sexe,trajet,secu,locp,actp,etatp,an_nais,num_veh,jour,mois,an,hrmn,lum,dep,com,agg,int,atm,col,adr,lat,long,gps,com_insee_temp,com_insee,departmentName,regionCode,regionName,vma,catr,circ,nbv,surf,Code,Region,Departement,Arrondissement,Code_Canton,Nom_Commune,Population_municipaLe,Population_comptee_a_part,Population_Totale
201900054776,1.0,1,1,1,1.0,1.0,0.0,0,-1.0,1981.0,A01,19,2,2019,09:50,1,76.0,76669,1,2,1.0,1.0,route des loges,"49,6849082","0,3172731",,76.076669,76669,Seine-Maritime,28.0,Normandie,80.0,3.0,2.0,2,2.0,28,Normandie,76,2,32,Sausseuzemare-en-Caux,431,7,438.0
201900055078,8.0,2,4,2,9.0,8.0,0.0,0,-1.0,1972.0,A01,13,2,2019,12:25,1,76.0,76540,2,2,1.0,3.0,LECLERC. RUE DU GENERAL,"49,4392163","1,0958031",,76.076540,76540,Seine-Maritime,28.0,Normandie,50.0,4.0,2.0,2,1.0,28,Normandie,76,3,97,Rouen,114083,1556,115639.0
201900055078,8.0,2,4,2,9.0,8.0,0.0,0,-1.0,2000.0,A01,13,2,2019,12:25,1,76.0,76540,2,2,1.0,3.0,LECLERC. RUE DU GENERAL,"49,4392163","1,0958031",,76.076540,76540,Seine-Maritime,28.0,Normandie,50.0,4.0,2.0,2,1.0,28,Normandie,76,3,97,Rouen,114083,1556,115639.0
201900055078,8.0,2,4,2,9.0,8.0,0.0,0,-1.0,1942.0,A01,13,2,2019,12:25,1,76.0,76540,2,2,1.0,3.0,LECLERC. RUE DU GENERAL,"49,4392163","1,0958031",,76.076540,76540,Seine-Maritime,28.0,Normandie,50.0,4.0,2.0,2,1.0,28,Normandie,76,3,97,Rouen,114083,1556,115639.0
201900055078,8.0,2,4,2,9.0,8.0,0.0,0,-1.0,2000.0,A01,13,2,2019,12:25,1,76.0,76540,2,2,1.0,3.0,LECLERC. RUE DU GENERAL,"49,4392163","1,0958031",,76.076540,76540,Seine-Maritime,28.0,Normandie,50.0,4.0,2.0,2,1.0,28,Normandie,76,3,97,Rouen,114083,1556,115639.0
201900055078,1.0,1,1,1,4.0,8.0,0.0,0,-1.0,1961.0,A01,13,2,2019,12:25,1,76.0,76540,2,2,1.0,3.0,LECLERC. RUE DU GENERAL,"49,4392163","1,0958031",,76.076540,76540,Seine-Maritime,28.0,Normandie,50.0,4.0,2.0,2,1.0,28,Normandie,76,3,97,Rouen,114083,1556,115639.0
201900055080,1.0,1,4,2,0.0,1.0,-1.0,0,-1.0,1978.0,A01,14,2,2019,18:00,1,76.0,76351,2,2,1.0,3.0,THIRE ET BONFAIT (AV.),"49,5079800","0,1540600",,76.076351,76351,Seine-Maritime,28.0,Normandie,50.0,4.0,2.0,2,1.0,28,Normandie,76,2,96,LeHavre,166058,1780,167838.0
201900055080,1.0,1,1,1,0.0,1.0,-1.0,0,-1.0,1975.0,B01,14,2,2019,18:00,1,76.0,76351,2,2,1.0,3.0,THIRE ET BONFAIT (AV.),"49,5079800","0,1540600",,76.076351,76351,Seine-Maritime,28.0,Normandie,50.0,4.0,2.0,2,1.0,28,Normandie,76,2,96,LeHavre,166058,1780,167838.0
201900055082,1.0,1,1,1,0.0,1.0,-1.0, -1,-1.0,1998.0,A01,13,2,2019,14:00,1,76.0,76351,2,3,1.0,3.0,ALGER,"49,4980000","0,0960400",,76.076351,76351,Seine-Maritime,28.0,Normandie,50.0,4.0,1.0,1,1.0,28,Normandie,76,2,96,LeHavre,166058,1780,167838.0
201900055082,1.0,1,4,2,0.0,2.0,-1.0,0,-1.0,1996.0,B01,13,2,2019,14:00,1,76.0,76351,2,3,1.0,3.0,ALGER,"49,4980000","0,0960400",,76.076351,76351,Seine-Maritime,28.0,Normandie,50.0,4.0,1.0,1,1.0,28,Normandie,76,2,96,LeHavre,166058,1780,167838.0
201900055422,1.0,1,3,1,5.0,2.0,-1.0,0,-1.0,1995.0,B01,24,10,2019,17:10,2,76.0,76351,2,2,2.0,3.0,FOCH (AVENUE),"49,4935700","0,1009600",,76.076351,76351,Seine-Maritime,28.0,Normandie,50.0,4.0,2.0,8,1.0,28,Normandie,76,2,96,LeHavre,166058,1780,167838.0
201900055422,3.0,2,1,2,0.0,1.0,-1.0, -1,-1.0,2014.0,A01,24,10,2019,17:10,2,76.0,76351,2,2,2.0,3.0,FOCH (AVENUE),"49,4935700","0,1009600",,76.076351,76351,Seine-Maritime,28.0,Normandie,50.0,4.0,2.0,8,1.0,28,Normandie,76,2,96,LeHavre,166058,1780,167838.0
201900055422,1.0,1,1,1,5.0,1.0,-1.0,0,-1.0,1995.0,A01,24,10,2019,17:10,2,76.0,76351,2,2,2.0,3.0,FOCH (AVENUE),"49,4935700","0,1009600",,76.076351,76351,Seine-Maritime,28.0,Normandie,50.0,4.0,2.0,8,1.0,28,Normandie,76,2,96,LeHavre,166058,1780,167838.0
201900055422,4.0,2,1,2,0.0,1.0,-1.0, -1,-1.0,2014.0,A01,24,10,2019,17:10,2,76.0,76351,2,2,2.0,3.0,FOCH (AVENUE),"49,4935700","0,1009600",,76.076351,76351,Seine-Maritime,28.0,Normandie,50.0,4.0,2.0,8,1.0,28,Normandie,76,2,96,LeHavre,166058,1780,167838.0
201900055557,8.0,2,1,1,4.0,1.0,0.0,0,-1.0,1976.0,B01,24,9,2019,13:10,1,76.0,76099,1,1,2.0,3.0,Route du Manoir,"49,5509950","0,8529400",,76.076099,76099,Seine-Maritime,28.0,Normandie,70.0,3.0,2.0,2,2.0,28,Normandie,76,3,1,BlacquevilLe707,9,716,
201900055557,1.0,1,1,1,4.0,1.0,0.0,0,-1.0,1975.0,B01,24,9,2019,13:10,1,76.0,76099,1,1,2.0,3.0,Route du Manoir,"49,5509950","0,8529400",,76.076099,76099,Seine-Maritime,28.0,Normandie,70.0,3.0,2.0,2,2.0,28,Normandie,76,3,1,BlacquevilLe707,9,716,
201900055557,2.0,2,1,1,4.0,1.0,0.0,0,-1.0,1986.0,B01,24,9,2019,13:10,1,76.0,76099,1,1,2.0,3.0,Route du Manoir,"49,5509950","0,8529400",,76.076099,76099,Seine-Maritime,28.0,Normandie,70.0,3.0,2.0,2,2.0,28,Normandie,76,3,1,BlacquevilLe707,9,716,
201900055557,1.0,1,3,2,0.0,1.0,0.0,0,-1.0,1974.0,A01,24,9,2019,13:10,1,76.0,76099,1,1,2.0,3.0,Route du Manoir,"49,5509950","0,8529400",,76.076099,76099,Seine-Maritime,28.0,Normandie,70.0,3.0,2.0,2,2.0,28,Normandie,76,3,1,BlacquevilLe707,9,716,
201900055622,5.0,2,4,2,5.0,1.0,0.0,0,-1.0,1952.0,B01,21,9,2019,11:00,1,76.0,76217,1,1,1.0,2.0,D485,"49,9245800","1,1135200",,76.076217,76217,Seine-Maritime,28.0,Normandie,50.0,3.0,1.0,4,1.0,28,Normandie,76,1,95,Dieppe,28358,455,28813.0
201900055622,4.0,2,4,1,5.0,1.0,0.0,0,-1.0,2016.0,B01,21,9,2019,11:00,1,76.0,76217,1,1,1.0,2.0,D485,"49,9245800","1,1135200",,76.076217,76217,Seine-Maritime,28.0,Normandie,50.0,3.0,1.0,4,1.0,28,Normandie,76,1,95,Dieppe,28358,455,28813.0
201900055622,2.0,2,1,2,5.0,1.0,0.0,0,-1.0,1955.0,B01,21,9,2019,11:00,1,76.0,76217,1,1,1.0,2.0,D485,"49,9245800","1,1135200",,76.076217,76217,Seine-Maritime,28.0,Normandie,50.0,3.0,1.0,4,1.0,28,Normandie,76,1,95,Dieppe,28358,455,28813.0
201900055622,3.0,2,4,1,0.0,1.0,0.0,0,-1.0,2013.0,B01,21,9,2019,11:00,1,76.0,76217,1,1,1.0,2.0,D485,"49,9245800","1,1135200",,76.076217,76217,Seine-Maritime,28.0,Normandie,50.0,3.0,1.0,4,1.0,28,Normandie,76,1,95,Dieppe,28358,455,28813.0
201900055622,1.0,1,1,1,5.0,1.0,0.0,0,-1.0,1950.0,B01,21,9,2019,11:00,1,76.0,76217,1,1,1.0,2.0,D485,"49,9245800","1,1135200",,76.076217,76217,Seine-Maritime,28.0,Normandie,50.0,3.0,1.0,4,1.0,28,Normandie,76,1,95,Dieppe,28358,455,28813.0
201900055622,2.0,2,4,2,0.0,1.0,0.0,0,-1.0,2002.0,A01,21,9,2019,11:00,1,76.0,76217,1,1,1.0,2.0,D485,"49,9245800","1,1135200",,76.076217,76217,Seine-Maritime,28.0,Normandie,50.0,3.0,1.0,4,1.0,28,Normandie,76,1,95,Dieppe,28358,455,28813.0
201900055622,3.0,2,4,2,0.0,1.0,0.0,0,-1.0,2007.0,A01,21,9,2019,11:00,1,76.0,76217,1,1,1.0,2.0,D485,"49,9245800","1,1135200",,76.076217,76217,Seine-Maritime,28.0,Normandie,50.0,3.0,1.0,4,1.0,28,Normandie,76,1,95,Dieppe,28358,455,28813.0
201900055622,1.0,1,1,1,5.0,1.0,0.0,0,-1.0,1975.0,A01,21,9,2019,11:00,1,76.0,76217,1,1,1.0,2.0,D485,"49,9245800","1,1135200",,76.076217,76217,Seine-Maritime,28.0,Normandie,50.0,3.0,1.0,4,1.0,28,Normandie,76,1,95,Dieppe,28358,455,28813.0
201900055679,1.0,1,4,2,5.0,2.0,0.0,0,-1.0,1977.0,A01,12,7,2019,16:00,1,76.0,76058,1,1,1.0,3.0,Route de Mesnil Reaume,"49,9793740","1,4212310",,76.076058,76058,Seine-Maritime,28.0,Normandie,80.0,3.0,2.0,2,1.0,28,Normandie,76,1,10,Baromesnil,214,5,219.0
201900055679,1.0,1,1,2,5.0,1.0,0.0,0,-1.0,1970.0,B01,12,7,2019,16:00,1,76.0,76058,1,1,1.0,3.0,Route de Mesnil Reaume,"49,9793740","1,4212310",,76.076058,76058,Seine-Maritime,28.0,Normandie,80.0,3.0,2.0,2,1.0,28,Normandie,76,1,10,Baromesnil,214,5,219.0
201900055941,1.0,1,1,1,1.0,1.0,0.0,0,-1.0,1968.0,A01,26,3,2019,08:50,1,76.0,76212,2,1,1.0,6.0,CARNOT. RUE SADI,"49,4407100","1,1454300",,76.076212,76212,Seine-Maritime,28.0,Normandie,50.0,3.0,2.0,2,1.0,28,Normandie,76,3,6,Darnétal,9738,74,9812.0
201900055941,10.0,3,4,2,5.0,8.0,3.0,3,1.0,1997.0,A01,26,3,2019,08:50,1,76.0,76212,2,1,1.0,6.0,CARNOT. RUE SADI,"49,4407100","1,1454300",,76.076212,76212,Seine-Maritime,28.0,Normandie,50.0,3.0,2.0,2,1.0,28,Normandie,76,3,6,Darnétal,9738,74,9812.0
201900056053,1.0,1,1,1,4.0,1.0,-1.0,0,-1.0,1987.0,A01,16,8,2019,11:25,1,76.0,76351,2,2,1.0,6.0,CASIMIR PERIER,"49,4964700","0,1103400",,76.076351,76351,Seine-Maritime,28.0,Normandie,50.0,4.0,1.0,1,1.0,28,Normandie,76,2,96,LeHavre,166058,1780,167838.0
201900056053,10.0,3,3,1,5.0,0.0,2.0,3,1.0,1947.0,A01,16,8,2019,11:25,1,76.0,76351,2,2,1.0,6.0,CASIMIR PERIER,"49,4964700","0,1103400",,76.076351,76351,Seine-Maritime,28.0,Normandie,50.0,4.0,1.0,1,1.0,28,Normandie,76,2,96,LeHavre,166058,1780,167838.0
201900056281,1.0,1,3,1,0.0,1.0,0.0,0,-1.0,1965.0,A01,2,12,2019,19:00,3,76.0,76420,1,3,1.0,2.0,Route de Rouen,"49,6023550","1,4815060",,76.076420,76420,Seine-Maritime,28.0,Normandie,70.0,3.0,2.0,2,1.0,28,Normandie,76,1,12,Mauquenchy,363,5,368.0
201900056281,1.0,1,1,1,4.0,0.0,0.0,0,-1.0,1987.0,B01,2,12,2019,19:00,3,76.0,76420,1,3,1.0,2.0,Route de Rouen,"49,6023550","1,4815060",,76.076420,76420,Seine-Maritime,28.0,Normandie,70.0,3.0,2.0,2,1.0,28,Normandie,76,1,12,Mauquenchy,363,5,368.0
201900057031,1.0,1,4,1,1.0,2.0,0.0,0,-1.0,1993.0,A01,9,7,2019,17:40,1,76.0,76212,2,1,1.0,7.0,CARNOT. RUE SADI,"49,4408800","1,1478400",,76.076212,76212,Seine-Maritime,28.0,Normandie,50.0,3.0,2.0,2,1.0,28,Normandie,76,3,6,Darnétal,9738,74,9812.0
201900057033,1.0,1,4,2,1.0,1.0,0.0,0,-1.0,1987.0,A01,9,7,2019,17:20,1,76.0,76540,1,1,1.0,3.0,A150,"49,4509200","1,0574500",,76.076540,76540,Seine-Maritime,28.0,Normandie,70.0,1.0,3.0,4,1.0,28,Normandie,76,3,97,Rouen,114083,1556,115639.0
201900057187,1.0,1,3,1,5.0,2.0,0.0,0,-1.0,2000.0,A01,22,9,2019,19:45,2,76.0,76206,1,2,1.0,3.0,CD74,"49,6772610","0,2548100",,76.076206,76206,Seine-Maritime,28.0,Normandie,80.0,3.0,2.0,2,1.0,28,Normandie,76,2,26,CuvervilLe342,8,350,
201900057187,1.0,1,1,2,1.0,1.0,0.0,0,-1.0,1963.0,B01,22,9,2019,19:45,2,76.0,76206,1,2,1.0,3.0,CD74,"49,6772610","0,2548100",,76.076206,76206,Seine-Maritime,28.0,Normandie,80.0,3.0,2.0,2,1.0,28,Normandie,76,2,26,CuvervilLe342,8,350,
201900057393,7.0,2,1,1,5.0,3.0,0.0,0,-1.0,2015.0,B01,22,9,2019,18:45,1,76.0,76566,1,2,1.0,3.0,Route de Clères,"49,5905180","0,9922750",,76.076566,76566,Seine-Maritime,28.0,Normandie,80.0,3.0,2.0,2,1.0,28,Normandie,76,3,24,Sainte-Austreberthe,665,6,671.0
201900057393,1.0,1,1,1,5.0,1.0,0.0,0,-1.0,1984.0,B01,22,9,2019,18:45,1,76.0,76566,1,2,1.0,3.0,Route de Clères,"49,5905180","0,9922750",,76.076566,76566,Seine-Maritime,28.0,Normandie,80.0,3.0,2.0,2,1.0,28,Normandie,76,3,24,Sainte-Austreberthe,665,6,671.0
201900057393,1.0,1,3,1,5.0,2.0,0.0,0,-1.0,1995.0,A01,22,9,2019,18:45,1,76.0,76566,1,2,1.0,3.0,Route de Clères,"49,5905180","0,9922750",,76.076566,76566,Seine-Maritime,28.0,Normandie,80.0,3.0,2.0,2,1.0,28,Normandie,76,3,24,Sainte-Austreberthe,665,6,671.0
201900057654,1.0,1,1,1,5.0,1.0,-1.0, -1,-1.0,1996.0,A01,20,9,2019,18:35,1,76.0,76474,2,5,1.0,3.0,CD 43 (AVENUE DU BOIS DES DAMES),"49,4805600","1,0512900",,76.076474,76474,Seine-Maritime,28.0,Normandie,50.0,3.0,2.0,4,1.0,28,Normandie,76,3,24,Notre-Dame-de-BondevilLe6957,82,7039,
201900057654,2.0,2,3,2,5.0,2.0,-1.0, -1,-1.0,2001.0,B01,20,9,2019,18:35,1,76.0,76474,2,5,1.0,3.0,CD 43 (AVENUE DU BOIS DES DAMES),"49,4805600","1,0512900",,76.076474,76474,Seine-Maritime,28.0,Normandie,50.0,3.0,2.0,4,1.0,28,Normandie,76,3,24,Notre-Dame-de-BondevilLe6957,82,7039,
201900057654,1.0,1,4,1,5.0,2.0,-1.0, -1,-1.0,1997.0,B01,20,9,2019,18:35,1,76.0,76474,2,5,1.0,3.0,CD 43 (AVENUE DU BOIS DES DAMES),"49,4805600","1,0512900",,76.076474,76474,Seine-Maritime,28.0,Normandie,50.0,3.0,2.0,4,1.0,28,Normandie,76,3,24,Notre-Dame-de-BondevilLe6957,82,7039,
201900057655,1.0,1,1,1,0.0,1.0,-1.0, -1,-1.0,1984.0,A01,20,9,2019,18:30,1,76.0,76540,2,1,1.0,6.0,SAINT JULIEN. RUE,"49,4279700","1,0802900",,76.076540,76540,Seine-Maritime,28.0,Normandie,50.0,4.0,2.0,2,1.0,28,Normandie,76,3,97,Rouen,114083,1556,115639.0
201900057655,10.0,3,4,2,0.0,8.0,2.0,3,1.0,2001.0,A01,20,9,2019,18:30,1,76.0,76540,2,1,1.0,6.0,SAINT JULIEN. RUE,"49,4279700","1,0802900",,76.076540,76540,Seine-Maritime,28.0,Normandie,50.0,4.0,2.0,2,1.0,28,Normandie,76,3,97,Rouen,114083,1556,115639.0
201900057929,2.0,2,4,2,5.0,2.0,0.0,0,-1.0,1994.0,B01,24,3,2019,17:10,1,76.0,76157,1,1,1.0,3.0,A150,"49,4712900","1,0316700",,76.076157,76157,Seine-Maritime,28.0,Normandie,110.0,1.0,3.0,4,1.0,28,Normandie,76,3,4,Canteleu,13966,360,14326.0
201900057929,1.0,1,3,1,5.0,2.0,0.0,0,-1.0,1997.0,B01,24,3,2019,17:10,1,76.0,76157,1,1,1.0,3.0,A150,"49,4712900","1,0316700",,76.076157,76157,Seine-Maritime,28.0,Normandie,110.0,1.0,3.0,4,1.0,28,Normandie,76,3,4,Canteleu,13966,360,14326.0
201900057929,1.0,1,1,1,5.0,2.0,0.0,0,-1.0,1986.0,A01,24,3,2019,17:10,1,76.0,76157,1,1,1.0,3.0,A150,"49,4712900","1,0316700",,76.076157,76157,Seine-Maritime,28.0,Normandie,110.0,1.0,3.0,4,1.0,28,Normandie,76,3,4,Canteleu,13966,360,14326.0
201900057937,1.0,1,4,1,0.0,2.0,0.0,0,-1.0,1981.0,B01,25,3,2019,21:55,5,76.0,76351,2,2,1.0,3.0,PARIS (DE),"49,4886000","0,1075100",,76.076351,76351,Seine-Maritime,28.0,Normandie,50.0,4.0,2.0,2,1.0,28,Normandie,76,2,96,LeHavre,166058,1780,167838.0
201900057937,1.0,1,1,1,1.0,1.0,0.0,0,-1.0,1990.0,A01,25,3,2019,21:55,5,76.0,76351,2,2,1.0,3.0,PARIS (DE),"49,4886000","0,1075100",,76.076351,76351,Seine-Maritime,28.0,Normandie,50.0,4.0,2.0,2,1.0,28,Normandie,76,2,96,LeHavre,166058,1780,167838.0
201900057949,1.0,1,4,1,0.0,1.0,0.0,0,-1.0,1993.0,B01,22,3,2019,23:45,5,76.0,76351,2,2,1.0,3.0,BALZAC (DE),"49,5045700","0,1571800",,76.076351,76351,Seine-Maritime,28.0,Normandie,50.0,4.0,2.0,2,1.0,28,Normandie,76,2,96,LeHavre,166058,1780,167838.0
201900058079,1.0,1,4,1,0.0,2.0,0.0,0,-1.0,1956.0,A01,2,8,2019,19:15,1,76.0,76497,1,1,1.0,3.0,RN 338 (VOIE RAPIDE SUD 3),"49,4017500","1,0328300",,76.076497,76497,Seine-Maritime,28.0,Normandie,90.0,2.0,1.0,2,1.0,28,Normandie,76,3,13,Petit-Couronne,8688,175,8863.0
201900058079,1.0,1,1,1,0.0,1.0,0.0,0,-1.0,1960.0,B01,2,8,2019,19:15,1,76.0,76497,1,1,1.0,3.0,RN 338 (VOIE RAPIDE SUD 3),"49,4017500","1,0328300",,76.076497,76497,Seine-Maritime,28.0,Normandie,90.0,2.0,1.0,2,1.0,28,Normandie,76,3,13,Petit-Couronne,8688,175,8863.0
201900058082,1.0,1,4,2,0.0,1.0,-1.0,0,-1.0,1986.0,C01,9,8,2019,20:00,1,76.0,76561,2,1,1.0,4.0,REPUBLIQUE. RUE DE LA,"49,2982800","1,0113800",,76.076561,76561,Seine-Maritime,28.0,Normandie,50.0,4.0,2.0,2,1.0,28,Normandie,76,3,5,Saint-Aubin-lès-Elbeuf,8428,75,8503.0
201900058082,1.0,1,1,1,0.0,1.0,-1.0,0,-1.0,1994.0,B01,9,8,2019,20:00,1,76.0,76561,2,1,1.0,4.0,REPUBLIQUE. RUE DE LA,"49,2982800","1,0113800",,76.076561,76561,Seine-Maritime,28.0,Normandie,50.0,4.0,2.0,2,1.0,28,Normandie,76,3,5,Saint-Aubin-lès-Elbeuf,8428,75,8503.0
201900058082,1.0,1,1,1,0.0,1.0,-1.0,0,-1.0,1987.0,A01,9,8,2019,20:00,1,76.0,76561,2,1,1.0,4.0,REPUBLIQUE. RUE DE LA,"49,2982800","1,0113800",,76.076561,76561,Seine-Maritime,28.0,Normandie,50.0,4.0,2.0,2,1.0,28,Normandie,76,3,5,Saint-Aubin-lès-Elbeuf,8428,75,8503.0
201900058085,1.0,1,1,1,0.0,1.0,-1.0,0,-1.0,1948.0,A01,7,8,2019,14:15,1,76.0,76322,2,2,1.0,3.0,BROSSOLETTE. BOULEVARD PIERRE,"49,4167500","1,0371900",,76.076322,76322,Seine-Maritime,28.0,Normandie,50.0,3.0,2.0,2,1.0,28,Normandie,76,3,13,LeGrand-Quevilly,25975,225,26200.0
201900058085,1.0,1,4,1,0.0,2.0,-1.0,0,-1.0,1960.0,B01,7,8,2019,14:15,1,76.0,76322,2,2,1.0,3.0,BROSSOLETTE. BOULEVARD PIERRE,"49,4167500","1,0371900",,76.076322,76322,Seine-Maritime,28.0,Normandie,50.0,3.0,2.0,2,1.0,28,Normandie,76,3,13,LeGrand-Quevilly,25975,225,26200.0
201900058103,1.0,1,3,1,1.0,1.0,0.0,0,-1.0,1990.0,A01,15,2,2019,07:28,2,76.0,76318,1,2,1.0,3.0,Route de Trouville,"49,5560600","0,6001510",,76.076318,76318,Seine-Maritime,28.0,Normandie,80.0,3.0,2.0,2,1.0,28,Normandie,76,2,25,Grand-Camp,763,28,791.0
201900058103,1.0,1,4,1,4.0,1.0,0.0,0,-1.0,1997.0,B01,15,2,2019,07:28,2,76.0,76318,1,2,1.0,3.0,Route de Trouville,"49,5560600","0,6001510",,76.076318,76318,Seine-Maritime,28.0,Normandie,80.0,3.0,2.0,2,1.0,28,Normandie,76,2,25,Grand-Camp,763,28,791.0
201900058103,2.0,2,1,1,4.0,1.0,0.0,0,-1.0,2003.0,B01,15,2,2019,07:28,2,76.0,76318,1,2,1.0,3.0,Route de Trouville,"49,5560600","0,6001510",,76.076318,76318,Seine-Maritime,28.0,Normandie,80.0,3.0,2.0,2,1.0,28,Normandie,76,2,25,Grand-Camp,763,28,791.0
201900058108,1.0,1,1,2,5.0,1.0,0.0,0,-1.0,1947.0,A01,16,2,2019,17:08,1,76.0,76334,2,1,1.0,6.0,rue des canadiens,"49,8429000","0,9665000",,76.076334,76334,Seine-Maritime,28.0,Normandie,50.0,3.0,2.0,2,1.0,28,Normandie,76,1,20,Gueures,526,17,543.0
201900058108,10.0,3,3,2,5.0,0.0,2.0,5,2.0,2014.0,A01,16,2,2019,17:08,1,76.0,76334,2,1,1.0,6.0,rue des canadiens,"49,8429000","0,9665000",,76.076334,76334,Seine-Maritime,28.0,Normandie,50.0,3.0,2.0,2,1.0,28,Normandie,76,1,20,Gueures,526,17,543.0
201900058415,1.0,1,3,1,5.0,2.0,0.0,0,-1.0,1988.0,A01,26,3,2019,19:20,2,76.0,76638,1,1,1.0,1.0,ROUTE DE SAINT PIERRE,"50,0287610","1,4334330",,76.076638,76638,Seine-Maritime,28.0,Normandie,70.0,4.0,2.0,2,1.0,28,Normandie,76,1,10,Saint-Pierre-en-Val,1090,16,1106.0
201900058415,1.0,1,1,2,5.0,1.0,0.0,0,-1.0,1970.0,B01,26,3,2019,19:20,2,76.0,76638,1,1,1.0,1.0,ROUTE DE SAINT PIERRE,"50,0287610","1,4334330",,76.076638,76638,Seine-Maritime,28.0,Normandie,70.0,4.0,2.0,2,1.0,28,Normandie,76,1,10,Saint-Pierre-en-Val,1090,16,1106.0
201900058415,2.0,2,1,1,5.0,1.0,0.0,0,-1.0,1968.0,B01,26,3,2019,19:20,2,76.0,76638,1,1,1.0,1.0,ROUTE DE SAINT PIERRE,"50,0287610","1,4334330",,76.076638,76638,Seine-Maritime,28.0,Normandie,70.0,4.0,2.0,2,1.0,28,Normandie,76,1,10,Saint-Pierre-en-Val,1090,16,1106.0
201900058447,1.0,1,3,1,0.0,2.0,-1.0,0,-1.0,2001.0,A01,14,8,2019,12:10,1,76.0,76351,2,2,1.0,2.0,IRENE JOLIOT CURIE (RUE),"49,5154900","0,1054100",,76.076351,76351,Seine-Maritime,28.0,Normandie,50.0,3.0,2.0,2,1.0,28,Normandie,76,2,96,LeHavre,166058,1780,167838.0
201900058447,1.0,1,1,2,5.0,1.0,-1.0,0,-1.0,1949.0,B01,14,8,2019,12:10,1,76.0,76351,2,2,1.0,2.0,IRENE JOLIOT CURIE (RUE),"49,5154900","0,1054100",,76.076351,76351,Seine-Maritime,28.0,Normandie,50.0,3.0,2.0,2,1.0,28,Normandie,76,2,96,LeHavre,166058,1780,167838.0
201900058450,1.0,1,1,1,0.0,1.0,0.0,0,-1.0,1985.0,A01,11,8,2019,14:35,1,76.0,76351,2,1,1.0,6.0,COCHET,"49,5010300","0,0917900",,76.076351,76351,Seine-Maritime,28.0,Normandie,50.0,3.0,2.0,2,1.0,28,Normandie,76,2,96,LeHavre,166058,1780,167838.0
201900058450,10.0,3,4,2,5.0,8.0,2.0,3,1.0,2000.0,A01,11,8,2019,14:35,1,76.0,76351,2,1,1.0,6.0,COCHET,"49,5010300","0,0917900",,76.076351,76351,Seine-Maritime,28.0,Normandie,50.0,3.0,2.0,2,1.0,28,Normandie,76,2,96,LeHavre,166058,1780,167838.0
201900058452,1.0,1,4,1,5.0,1.0,-1.0,0,-1.0,1998.0,A01,10,8,2019,14:15,1,76.0,76351,2,6,1.0,7.0,THEOPHILE GAUTIER,"49,5117200","0,0893600",,76.076351,76351,Seine-Maritime,28.0,Normandie,50.0,4.0,2.0,2,1.0,28,Normandie,76,2,96,LeHavre,166058,1780,167838.0
201900058626,1.0,1,2,1,0.0,1.0,0.0,0,-1.0,1968.0,B01,2,12,2019,15:00,1,76.0,76404,1,1,1.0,1.0,D925,"49,5821800","0,2428050",,76.076404,76404,Seine-Maritime,28.0,Normandie,80.0,3.0,2.0,2,1.0,28,Normandie,76,2,26,Manéglise,1264,23,1287.0
201900058626,2.0,2,3,2,0.0,1.0,0.0,0,-1.0,1969.0,B01,2,12,2019,15:00,1,76.0,76404,1,1,1.0,1.0,D925,"49,5821800","0,2428050",,76.076404,76404,Seine-Maritime,28.0,Normandie,80.0,3.0,2.0,2,1.0,28,Normandie,76,2,26,Manéglise,1264,23,1287.0
201900058626,2.0,2,3,1,0.0,1.0,0.0,0,-1.0,2005.0,A01,2,12,2019,15:00,1,76.0,76404,1,1,1.0,1.0,D925,"49,5821800","0,2428050",,76.076404,76404,Seine-Maritime,28.0,Normandie,80.0,3.0,2.0,2,1.0,28,Normandie,76,2,26,Manéglise,1264,23,1287.0
201900058626,1.0,1,2,1,0.0,1.0,0.0,0,-1.0,1972.0,A01,2,12,2019,15:00,1,76.0,76404,1,1,1.0,1.0,D925,"49,5821800","0,2428050",,76.076404,76404,Seine-Maritime,28.0,Normandie,80.0,3.0,2.0,2,1.0,28,Normandie,76,2,26,Manéglise,1264,23,1287.0
201900058736,1.0,1,1,2,5.0,1.0,0.0,0,-1.0,1982.0,A01,29,11,2019,15:50,1,76.0,76157,2,2,1.0,6.0,ALLENDE. AVENUE DU PRESIDENT,"49,4488400","1,0356000",,76.076157,76157,Seine-Maritime,28.0,Normandie,50.0,3.0,2.0,2,1.0,28,Normandie,76,3,4,Canteleu,13966,360,14326.0
201900058736,10.0,3,4,2,3.0,8.0,4.0,3,1.0,1996.0,A01,29,11,2019,15:50,1,76.0,76157,2,2,1.0,6.0,ALLENDE. AVENUE DU PRESIDENT,"49,4488400","1,0356000",,76.076157,76157,Seine-Maritime,28.0,Normandie,50.0,3.0,2.0,2,1.0,28,Normandie,76,3,4,Canteleu,13966,360,14326.0
201900058833,1.0,1,3,1,5.0,2.0,0.0,0,-1.0,1995.0,A01,1,12,2019,03:20,5,76.0,76462,2,1,1.0,6.0,Boulevard l'Alouette,"49,7300820","1,4459700",,76.076462,76462,Seine-Maritime,28.0,Normandie,50.0,3.0,2.0,2,1.0,28,Normandie,76,1,23,Neufchâtel-en-Bray,4680,213,4893.0